Web name,Team,Position,Cost,Total_Points,Points_per_Million,xGI_per90,Base_Form_Value,Tuned_Score
Roefs,Sunderland,GKP,4.5,80,17.77777777777778,0.0,1.0933333333333333,1.3452625932933118
Raya,Arsenal,GKP,5.5,77,14.0,0.0011111111111111111,0.7563636363636363,1.2563636363636363
