Web name,Team,Position,Cost,Total_Points,Points_per_Million,xGI_per90,Base_Form_Value,Tuned_Score
Mukiele,Sunderland,DEF,4.2,145,34.523809523809526,0.06048387096774194,1.1428571428571428,1.3480143479520583
Van Hecke,Brighton,DEF,4.6,145,31.521739130434785,0.0700990099009901,1.0695652173913044,1.2859374188613077
Matheus N.,Man City,DEF,5.4,152,28.148148148148145,0.04027426921688921,0.9777777777777777,1.2369422408401818
Gabriel,Arsenal,DEF,6.2,202,32.58064516129032,0.05196940726577438,0.5612903225806452,1.0612903225806452
Virgil,Liverpool,DEF,5.9,159,26.94915254237288,0.031111111111111114,0.7593220338983051,0.9267186234081121
Chalobah,Chelsea,DEF,5.5,134,24.363636363636363,0.0515881708652793,0.5454545454545454,0.6725960732510006
J.Timber,Arsenal,DEF,6.5,149,22.923076923076923,0.16774061990212075,0.1723076923076923,0.6723076923076923
James,Chelsea,DEF,5.6,135,24.107142857142858,0.09576874738165062,0.42857142857142866,0.5557129563678838
