Web name,Team,Position,Cost,Total_Points,Points_per_Million,xGI_per90,Base_Form_Value,Tuned_Score
Pope,Newcastle,GKP,5.0,32,6.4,0.0,1.224,1.724
Roefs,Sunderland,GKP,4.5,29,6.444444444444445,0.0,1.3333333333333333,1.6663241767053338
Vicario,Spurs,GKP,5.1,30,5.882352941176471,0.002,1.231372549019608,1.5035434364101583
Raya,Arsenal,GKP,5.5,26,4.7272727272727275,0.004,0.9090909090909091,1.3711564443376476
