Web name,Team,Position,Cost,Total_Points,Points_per_Million,xGI_per90,Base_Form_Value,Tuned_Score
Raya,Arsenal,GKP,6.0,162,27.0,0.001081081081081081,0.9066666666666666,1.4066666666666667
Donnarumma,Man City,GKP,5.7,135,23.684210526315788,0.0,0.856140350877193,1.1091102471046115
Roefs,Sunderland,GKP,4.8,134,27.916666666666668,0.0008823529411764705,0.675,0.87622489867732
Martinez,Aston Villa,GKP,5.0,165,33.0,0.0006794162053346753,0.5119999999999999,0.689946461613709
