Web name,Team,Position,Cost,Total_Points,Points_per_Million,xGI_per90,Base_Form_Value,Tuned_Score
Raya,Arsenal,GKP,5.5,99,18.0,0.0008333333333333334,0.7781818181818182,1.2781818181818183
Roefs,Sunderland,GKP,4.5,98,21.77777777777778,0.0,0.7733333333333333,1.0065185728534645
Martinez,Aston Villa,GKP,5.0,105,21.0,0.00039147455415398003,0.5519999999999999,0.7588147890425571
Neto,Bournemouth,GKP,4.5,96,21.333333333333332,0.0,0.19999999999999998,0.31073545356968074
