Web name,Team,Position,Cost,Total_Points,Points_per_Million,xGI_per90,Base_Form_Value,Tuned_Score
Haaland,Man City,FWD,14.2,120,8.450704225352114,0.44258649093904445,0.5211267605633804,1.3211267605633803
João Pedro,Chelsea,FWD,7.8,61,7.82051282051282,0.14206049149338373,0.8051282051282052,1.2357007743085195
Mateta,Crystal Palace,FWD,7.6,57,7.5,0.17626353790613716,0.4421052631578948,0.7952534840678281
