Web name,Team,Position,Cost,Total_Points,Points_per_Million,xGI_per90,Base_Form_Value,Tuned_Score
João Pedro,Chelsea,FWD,7.8,122,15.64102564102564,0.08363939899833056,1.1282051282051284,1.6167213577190283
Haaland,Man City,FWD,14.2,182,12.816901408450704,0.2561010486177312,0.4366197183098592,1.2366197183098593
Thiago,Brentford,FWD,6.0,131,21.833333333333332,0.05965909090909091,0.66,0.9972484458908553
