Web name,Team,Position,Cost,Total_Points,Points_per_Million,xGI_per90,Base_Form_Value,Tuned_Score
Ekitiké,Liverpool,FWD,8.8,121,13.749999999999998,0.07688172043010752,0.7954545454545454,1.2697307837354943
Haaland,Man City,FWD,14.1,193,13.687943262411348,0.16766681594267802,0.4567375886524823,1.2567375886524823
Thiago,Brentford,FWD,6.0,141,23.5,0.05176322418136021,0.6533333333333333,1.0424023672933225
