Web name,Team,Position,Cost,Total_Points,Points_per_Million,xGI_per90,Base_Form_Value,Tuned_Score
Haaland,Man City,FWD,14.1,83,5.886524822695035,0.5481698389458273,0.7290780141843972,1.4694671273262663
João Pedro,Chelsea,FWD,7.7,41,5.324675324675325,0.20059435364041606,0.6857142857142856,1.2003848909263097
Ekitiké,Liverpool,FWD,8.8,34,3.8636363636363633,0.31466992665036675,0.49545454545454537,1.0290085475691375
