Web name,Team,Position,Cost,Total_Points,Points_per_Million,xGI_per90,Base_Form_Value,Tuned_Score
Enzo,Chelsea,MID,6.6,29,4.3939393939393945,0.5637931034482759,1.162121212121212,1.7371532395300586
Caicedo,Chelsea,MID,5.5,29,5.2727272727272725,0.1075,1.2054545454545453,1.5951174995875297
Zubimendi,Arsenal,MID,5.5,25,4.545454545454546,0.025,0.9,1.26015625
Gakpo,Liverpool,MID,7.7,23,2.987012987012987,0.2075,0.7961038961038961,1.221248525218997
P.M.Sarr,Spurs,MID,5.0,19,3.8,0.06782608695652174,0.866,1.2207625756430696
Szoboszlai,Liverpool,MID,6.5,20,3.076923076923077,0.0625,0.8123076923076924,1.1785460714227933
M.Salah,Liverpool,MID,14.5,25,1.7241379310344827,0.165,0.4048275862068966,0.8127065903219974
