Web name,Team,Position,Cost,Total_Points,Points_per_Million,xGI_per90,Base_Form_Value,Tuned_Score
Raya,Arsenal,GKP,5.9,162,27.457627118644066,0.001081081081081081,0.8338983050847457,1.3338983050847457
Martinez,Aston Villa,GKP,5.1,171,33.529411764705884,0.0006643700787401574,0.8,0.9797100393486482
Donnarumma,Man City,GKP,5.7,135,23.684210526315788,0.0,0.5473684210526316,0.7924931927106234
Roefs,Sunderland,GKP,4.7,136,28.936170212765955,0.0008571428571428571,0.5446808510638298,0.7477678867003515
