Web name,Team,Position,Cost,Total_Points,Points_per_Million,xGI_per90,Base_Form_Value,Tuned_Score
João Pedro,Chelsea,FWD,7.8,60,7.6923076923076925,0.1497011952191235,0.8512820512820514,1.3309227848302707
Haaland,Man City,FWD,14.2,104,7.323943661971831,0.51963249516441,0.5126760563380283,1.2633313416840097
Welbeck,Brighton,FWD,6.3,53,8.412698412698413,0.21852315394242802,0.7492063492063493,1.1877564279802688
Mateta,Crystal Palace,FWD,7.6,51,6.710526315789474,0.1918467583497053,0.6473684210526316,1.0242664224280964
