Web name,Team,Position,Cost,Total_Points,Points_per_Million,xGI_per90,Base_Form_Value,Tuned_Score
Raya,Arsenal,GKP,5.5,129,23.454545454545453,0.0006451612903225806,0.8727272727272729,1.372727272727273
Kelleher,Brentford,GKP,4.5,114,25.333333333333332,0.0003333333333333333,0.6844444444444444,0.82100649354868
