Web name,Team,Position,Cost,Total_Points,Points_per_Million,xGI_per90,Base_Form_Value,Tuned_Score
Roefs,Sunderland,GKP,4.5,41,9.11111111111111,0.0,1.36,1.671245631758373
Pope,Newcastle,GKP,5.0,41,8.2,0.0,1.152,1.6014061722715855
Raya,Arsenal,GKP,5.5,34,6.181818181818182,0.002857142857142857,0.8290909090909092,1.329090909090909
Vicario,Spurs,GKP,5.0,35,7.0,0.0014285714285714286,0.968,1.2192346965873249
