Web name,Team,Position,Cost,Total_Points,Points_per_Million,xGI_per90,Base_Form_Value,Tuned_Score
Roefs,Sunderland,GKP,4.5,98,21.77777777777778,0.0,0.9600000000000001,1.1940791942239934
Raya,Arsenal,GKP,5.5,93,16.90909090909091,0.0008695652173913044,0.6909090909090909,1.190909090909091
Sánchez,Chelsea,GKP,5.0,88,17.6,0.0,0.7280000000000001,0.8973292471399892
Martinez,Aston Villa,GKP,5.0,105,21.0,0.00039147455415398003,0.588,0.7924552455198929
Neto,Bournemouth,GKP,4.5,94,20.88888888888889,0.0,0.18666666666666665,0.29940899523149006
