Web name,Team,Position,Cost,Total_Points,Points_per_Million,xGI_per90,Base_Form_Value,Tuned_Score
Raya,Arsenal,GKP,5.5,99,18.0,0.0008333333333333334,0.7563636363636363,1.2563636363636363
Roefs,Sunderland,GKP,4.5,104,23.11111111111111,0.0,0.8533333333333333,1.0919974942114155
Martinez,Aston Villa,GKP,5.0,108,21.6,0.00036304961678096007,0.504,0.7099985395237325
