Web name,Team,Position,Cost,Total_Points,Points_per_Million,xGI_per90,Base_Form_Value,Tuned_Score
Roefs,Sunderland,GKP,4.5,93,20.666666666666668,0.0,1.0933333333333333,1.3626803059808519
Raya,Arsenal,GKP,5.5,80,14.545454545454545,0.001,0.6036363636363636,1.1036363636363635
Neto,Bournemouth,GKP,4.5,83,18.444444444444443,0.0,0.09333333333333332,0.1981176113964483
