Web name,Team,Position,Cost,Total_Points,Points_per_Million,xGI_per90,Base_Form_Value,Tuned_Score
Roefs,Sunderland,GKP,4.5,48,10.666666666666666,0.0,1.3333333333333333,1.626143273086271
Pope,Newcastle,GKP,5.0,43,8.6,0.0,1.08,1.4437036240226475
Raya,Arsenal,GKP,5.5,40,7.2727272727272725,0.0025,0.9163636363636365,1.4163636363636365
Vicario,Spurs,GKP,5.0,36,7.2,0.00125,0.9199999999999999,1.115657985106845
