Web name,Team,Position,Cost,Total_Points,Points_per_Million,xGI_per90,Base_Form_Value,Tuned_Score
Haaland,Man City,FWD,15.1,239,15.827814569536423,0.521469691838808,0.5668874172185431,1.366887417218543
Watkins,Aston Villa,FWD,8.5,154,18.11764705882353,0.1794750273423259,0.8517647058823529,1.1569443036860652
João Pedro,Chelsea,FWD,7.2,176,24.444444444444443,0.21413551401869158,0.3,0.7316657993102856
