Web name,Team,Position,Cost,Total_Points,Points_per_Million,xGI_per90,Base_Form_Value,Tuned_Score
Haaland,Man City,FWD,14.2,98,6.901408450704226,0.6291569086651053,0.6647887323943663,1.4434988834588003
João Pedro,Chelsea,FWD,7.8,52,6.666666666666667,0.17744982290436834,0.7897435897435898,1.209454220780535
