Web name,Team,Position,Cost,Total_Points,Points_per_Million,xGI_per90,Base_Form_Value,Tuned_Score
Roefs,Sunderland,GKP,4.5,73,16.22222222222222,0.0,1.0133333333333334,1.2576788636875764
Raya,Arsenal,GKP,5.5,68,12.363636363636363,0.00125,0.6690909090909091,1.169090909090909
