Web name,Team,Position,Cost,Total_Points,Points_per_Million,xGI_per90,Base_Form_Value,Tuned_Score
Roefs,Sunderland,GKP,4.5,39,8.666666666666666,0.0,1.3599999999999999,1.7561793001658028
Pope,Newcastle,GKP,5.0,34,6.8,0.0,0.9600000000000002,1.4061079390858668
Vicario,Spurs,GKP,5.1,32,6.274509803921569,0.0016666666666666668,0.8549019607843138,1.1538642901003056
Raya,Arsenal,GKP,5.5,28,5.090909090909091,0.0033333333333333335,0.6036363636363636,1.1036363636363635
