Web name,Team,Position,Cost,Total_Points,Points_per_Million,xGI_per90,Base_Form_Value,Tuned_Score
Haaland,Man City,FWD,14.2,155,10.91549295774648,0.32722289890377587,0.504225352112676,1.2770320857428938
Watkins,Aston Villa,FWD,8.8,79,8.977272727272727,0.07953772943575799,0.5545454545454545,0.8853758035673276
Mateta,Crystal Palace,FWD,7.6,76,10.0,0.12567567567567567,0.39473684210526316,0.6690445755317849
