Web name,Team,Position,Cost,Total_Points,Points_per_Million,xGI_per90,Base_Form_Value,Tuned_Score
Enzo,Chelsea,MID,6.7,92,13.731343283582088,0.12441176470588236,0.9313432835820895,1.383570088822922
Rice,Arsenal,MID,6.5,122,18.76923076923077,0.04407079646017699,0.8923076923076925,1.2513687077438305
Bruno G.,Newcastle,MID,6.5,117,18.0,0.0241852487135506,0.8738461538461539,1.150063506453884
Casemiro,Man Utd,MID,5.5,87,15.818181818181818,0.04693251533742332,0.5818181818181819,0.9426233802891999
Xhaka,Sunderland,MID,5.0,88,17.6,0.017307692307692305,0.8240000000000001,0.897446143907686
B.Fernandes,Man Utd,MID,9.0,106,11.777777777777779,0.16534201954397393,0.31555555555555553,0.8570492939464522
Foden,Man City,MID,8.0,100,12.5,0.029291640076579452,0.395,0.7896979633329378
Saka,Arsenal,MID,9.8,98,10.0,0.02408450704225352,0.3632653061224489,0.6918279804200137
