Web name,Team,Position,Cost,Total_Points,Points_per_Million,xGI_per90,Base_Form_Value,Tuned_Score
Raya,Arsenal,GKP,5.5,129,23.454545454545453,0.0006451612903225806,0.9381818181818182,1.4381818181818182
Roefs,Sunderland,GKP,4.5,110,24.444444444444443,0.0,0.6400000000000001,0.8633491532942855
Martinez,Aston Villa,GKP,5.0,136,27.2,0.0002894821486008363,0.236,0.4417631718344154
