Web name,Team,Position,Cost,Total_Points,Points_per_Million,xGI_per90,Base_Form_Value,Tuned_Score
Pope,Newcastle,GKP,5.0,32,6.4,0.0,1.248,1.748
Roefs,Sunderland,GKP,4.5,29,6.444444444444445,0.0,1.28,1.6129908433720006
Vicario,Spurs,GKP,5.0,30,6.0,0.002,1.28,1.5521708873905504
Raya,Arsenal,GKP,5.5,26,4.7272727272727275,0.004,1.0036363636363637,1.4657018988831023
