Web name,Team,Position,Cost,Total_Points,Points_per_Million,xGI_per90,Base_Form_Value,Tuned_Score
Haaland,Man City,FWD,14.2,164,11.549295774647888,0.29489571899012074,0.4704225352112676,1.2704225352112677
João Pedro,Chelsea,FWD,7.8,84,10.76923076923077,0.09881656804733728,0.8051282051282052,1.2182081659108757
