Web name,Team,Position,Cost,Total_Points,Points_per_Million,xGI_per90,Base_Form_Value,Tuned_Score
João Pedro,Chelsea,FWD,7.7,141,18.31168831168831,0.06566147859922179,0.8727272727272728,1.2992185770967235
Haaland,Man City,FWD,14.1,193,13.687943262411348,0.16766681594267802,0.41418439716312055,1.2141843971631205
Ekitiké,Liverpool,FWD,8.8,123,13.977272727272727,0.07295918367346937,0.6454545454545454,1.119510507465676
