Web name,Team,Position,Cost,Total_Points,Points_per_Million,xGI_per90,Base_Form_Value,Tuned_Score
João Pedro,Chelsea,FWD,7.7,164,21.2987012987013,0.05851755526657997,0.9506493506493506,1.3591028029736079
Haaland,Man City,FWD,14.1,197,13.97163120567376,0.15515955242436802,0.3120567375886525,1.1120567375886523
Thiago,Brentford,FWD,6.0,153,25.5,0.046493212669683266,0.7133333333333334,1.05971771269958
