Web name,Team,Position,Cost,Total_Points,Points_per_Million,xGI_per90,Base_Form_Value,Tuned_Score
João Pedro,Chelsea,FWD,7.7,166,21.558441558441558,0.05653266331658291,0.8415584415584416,1.282257375967918
Haaland,Man City,FWD,14.1,212,15.035460992907801,0.1395452851285874,0.3886524822695036,1.1886524822695037
Ekitiké,Liverpool,FWD,8.8,125,14.204545454545453,0.07161936560934892,0.3863636363636363,0.8362531445765972
