Web name,Team,Position,Cost,Total_Points,Points_per_Million,xGI_per90,Base_Form_Value,Tuned_Score
João Pedro,Chelsea,FWD,7.7,139,18.051948051948052,0.0686673448626653,1.1844155844155844,1.6992156465674526
Haaland,Man City,FWD,14.1,193,13.687943262411348,0.16766681594267802,0.46524822695035467,1.2652482269503547
