Web name,Team,Position,Cost,Total_Points,Points_per_Million,xGI_per90,Base_Form_Value,Tuned_Score
J.Timber,Arsenal,DEF,5.7,121,21.228070175438596,0.05942971485742871,1.2771929824561403,1.7771929824561403
Gabriel,Arsenal,DEF,6.1,135,22.13114754098361,0.01606153846153846,0.9442622950819672,1.4442622950819672
Mukiele,Sunderland,DEF,4.0,112,28.0,0.0052376333656644035,1.16,1.3783021509330555
Chalobah,Chelsea,DEF,5.1,121,23.725490196078432,0.04671428571428572,1.1450980392156864,1.300796799284129
Cash,Aston Villa,DEF,4.5,99,22.0,0.020694509619896762,0.6844444444444444,0.8846054345430877
Matheus N.,Man City,DEF,5.3,111,20.943396226415096,0.000975609756097561,0.48301886792452825,0.7020405330654186
Rúben,Man City,DEF,5.5,96,17.454545454545453,0.005190311418685122,0.21818181818181823,0.4372034833227086
James,Chelsea,DEF,5.4,111,20.555555555555554,0.01995776135163675,0.2518518518518518,0.4075506119202944
