Web name,Team,Position,Cost,Total_Points,Points_per_Million,xGI_per90,Base_Form_Value,Tuned_Score
Raya,Arsenal,GKP,5.5,53,9.636363636363637,0.0018181818181818182,0.8872727272727272,1.3872727272727272
Roefs,Sunderland,GKP,4.5,56,12.444444444444445,0.0,1.0133333333333334,1.2821157754468453
Pope,Newcastle,GKP,5.0,52,10.4,0.0,0.8880000000000001,1.1584706582011752
Vicario,Spurs,GKP,5.1,47,9.215686274509805,0.0009090909090909091,0.8784313725490197,1.0715583890184237
