Web name,Team,Position,Cost,Total_Points,Points_per_Million,xGI_per90,Base_Form_Value,Tuned_Score
Van Hecke,Brighton,DEF,4.6,147,31.956521739130437,0.06807692307692308,0.9913043478260871,1.2029772196547377
Matheus N.,Man City,DEF,5.4,152,28.148148148148145,0.04027426921688921,0.8444444444444444,1.1061246331426722
Virgil,Liverpool,DEF,5.9,173,29.322033898305083,0.030270270270270273,0.8610169491525423,1.0107531910323833
Mukiele,Sunderland,DEF,4.2,147,35.0,0.05846325167037862,0.8,0.9998340688451749
Gabriel,Arsenal,DEF,6.2,202,32.58064516129032,0.05196940726577438,0.48387096774193544,0.9838709677419355
Chalobah,Chelsea,DEF,5.5,134,24.363636363636363,0.0515881708652793,0.5454545454545454,0.6735033100438328
J.Timber,Arsenal,DEF,6.5,149,22.923076923076923,0.16774061990212075,0.1723076923076923,0.6723076923076923
James,Chelsea,DEF,5.6,136,24.28571428571429,0.09345870809484874,0.43928571428571433,0.5673344788750017
