Web name,Team,Position,Cost,Total_Points,Points_per_Million,xGI_per90,Base_Form_Value,Tuned_Score
Roefs,Sunderland,GKP,4.5,97,21.555555555555557,0.0,1.0133333333333334,1.2436947031992065
Raya,Arsenal,GKP,5.5,92,16.727272727272727,0.0009090909090909091,0.7127272727272728,1.2127272727272729
Sánchez,Chelsea,GKP,5.0,85,17.0,0.0,0.7280000000000001,0.8825843060342449
Martinez,Aston Villa,GKP,5.0,94,18.8,0.00044356826022671266,0.6,0.7856279986466799
