Web name,Team,Position,Cost,Total_Points,Points_per_Million,xGI_per90,Base_Form_Value,Tuned_Score
Raya,Arsenal,GKP,5.5,108,19.636363636363637,0.0007692307692307692,0.9163636363636365,1.4163636363636365
Roefs,Sunderland,GKP,4.5,107,23.77777777777778,0.0,0.8266666666666667,1.0473135164871612
Martinez,Aston Villa,GKP,5.0,131,26.2,0.0003170130327580134,0.5959999999999999,0.8084527694360161
