Web name,Team,Position,Cost,Total_Points,Points_per_Million,xGI_per90,Base_Form_Value,Tuned_Score
Haaland,Man City,FWD,14.2,155,10.91549295774648,0.32722289890377587,0.5211267605633804,1.3211267605633803
João Pedro,Chelsea,FWD,7.8,81,10.384615384615385,0.10401384083044982,0.8051282051282052,1.2576536913955607
Ekitiké,Liverpool,FWD,8.8,84,9.545454545454545,0.12686170212765957,0.7681818181818181,1.2005882971594215
Mateta,Crystal Palace,FWD,7.6,76,10.0,0.12567567567567567,0.42631578947368426,0.7535753589571025
