Web name,Team,Position,Cost,Total_Points,Points_per_Million,xGI_per90,Base_Form_Value,Tuned_Score
Enzo,Chelsea,MID,6.6,30,4.545454545454546,0.4479452054794521,1.0484848484848486,1.613203259070277
Caicedo,Chelsea,MID,5.5,33,6.0,0.086,1.1345454545454545,1.519596353276299
Reijnders,Man City,MID,5.7,26,4.56140350877193,0.11200000000000002,0.8771929824561403,1.2030673227764164
Gakpo,Liverpool,MID,7.7,25,3.2467532467532467,0.17785714285714282,0.7376623376623376,1.175949597277722
Gravenberch,Liverpool,MID,5.5,27,4.909090909090909,0.015,0.8072727272727274,1.1647186407342658
Kudus,Spurs,MID,6.6,25,3.787878787878788,0.16605922551252847,0.7575757575757576,1.1388042251587227
Zubimendi,Arsenal,MID,5.5,27,4.909090909090909,0.02,0.8072727272727274,1.1358259533149653
M.Salah,Liverpool,MID,14.5,30,2.0689655172413794,0.132,0.39448275862068966,0.8100067970822281
