Web name,Team,Position,Cost,Total_Points,Points_per_Million,xGI_per90,Base_Form_Value,Tuned_Score
Van Hecke,Brighton,DEF,4.6,145,31.521739130434785,0.0700990099009901,0.9391304347826088,1.1566484180385164
Matheus N.,Man City,DEF,5.4,152,28.148148148148145,0.04027426921688921,0.8444444444444444,1.1061246331426722
Gabriel,Arsenal,DEF,6.2,202,32.58064516129032,0.05196940726577438,0.48387096774193544,0.9838709677419355
Virgil,Liverpool,DEF,5.9,171,28.983050847457626,0.030270270270270273,0.8203389830508474,0.9700551795462002
Mukiele,Sunderland,DEF,4.2,145,34.523809523809526,0.06048387096774194,0.7428571428571429,0.9478532002591828
Chalobah,Chelsea,DEF,5.5,134,24.363636363636363,0.0515881708652793,0.5454545454545454,0.6735033100438328
J.Timber,Arsenal,DEF,6.5,149,22.923076923076923,0.16774061990212075,0.1723076923076923,0.6723076923076923
James,Chelsea,DEF,5.6,135,24.107142857142858,0.09576874738165062,0.42857142857142866,0.556620193160716
