Web name,Team,Position,Cost,Total_Points,Points_per_Million,xGI_per90,Base_Form_Value,Tuned_Score
Haaland,Man City,FWD,14.2,120,8.450704225352114,0.44258649093904445,0.5211267605633804,1.3211267605633803
João Pedro,Chelsea,FWD,7.8,63,8.076923076923077,0.13092334494773517,0.8358974358974358,1.2728320221061422
Mateta,Crystal Palace,FWD,7.6,59,7.7631578947368425,0.16678052946199828,0.4736842105263158,0.8338414454755645
