Web name,Team,Position,Cost,Total_Points,Points_per_Million,xGI_per90,Base_Form_Value,Tuned_Score
Raya,Arsenal,GKP,5.5,109,19.818181818181817,0.0007407407407407407,0.7127272727272728,1.2127272727272729
Roefs,Sunderland,GKP,4.5,107,23.77777777777778,0.0,0.8266666666666667,1.0636747171482495
Martinez,Aston Villa,GKP,5.0,134,26.8,0.0003072721065209969,0.6719999999999999,0.8942701309769922
Neto,Bournemouth,GKP,4.5,107,23.77777777777778,0.0,0.21333333333333332,0.34077504312906187
