Web name,Team,Position,Cost,Total_Points,Points_per_Million,xGI_per90,Base_Form_Value,Tuned_Score
João Pedro,Chelsea,FWD,7.8,114,14.615384615384615,0.08723157283807312,1.035897435897436,1.5203199897402446
Haaland,Man City,FWD,14.2,171,12.042253521126762,0.2675796812749004,0.36056338028169016,1.1605633802816901
