Web name,Team,Position,Cost,Total_Points,Points_per_Million,xGI_per90,Base_Form_Value,Tuned_Score
J.Timber,Arsenal,DEF,5.6,127,22.67857142857143,0.04026845637583893,0.9857142857142857,1.4857142857142858
Ballard,Sunderland,DEF,4.6,105,22.826086956521742,0.017504051863857374,1.0956521739130438,1.3160327348181609
Virgil,Liverpool,DEF,6.0,129,21.5,0.0075,1.0933333333333333,1.2655043286837182
Gabriel,Arsenal,DEF,6.1,144,23.60655737704918,0.0037994722955145117,0.760655737704918,1.260655737704918
Konaté,Liverpool,DEF,5.5,109,19.818181818181817,0.0003869303525365434,0.7781818181818181,0.950352813532203
Mukiele,Sunderland,DEF,4.0,115,28.75,0.002912621359223301,0.5900000000000001,0.810380560905117
Rúben,Man City,DEF,5.5,111,20.181818181818183,0.004134762633996938,0.5454545454545454,0.796200640307363
Matheus N.,Man City,DEF,5.4,125,23.148148148148145,0.0008637236084452976,0.5185185185185185,0.7692646133713361
