Web name,Team,Position,Cost,Total_Points,Points_per_Million,xGI_per90,Base_Form_Value,Tuned_Score
Haaland,Man City,FWD,14.2,163,11.47887323943662,0.29489571899012074,0.46197183098591554,1.2619718309859156
João Pedro,Chelsea,FWD,7.8,84,10.76923076923077,0.09881656804733728,0.8051282051282052,1.2098032545783552
