Web name,Team,Position,Cost,Total_Points,Points_per_Million,xGI_per90,Base_Form_Value,Tuned_Score
João Pedro,Chelsea,FWD,7.7,166,21.558441558441558,0.05653266331658291,0.8727272727272728,1.278198925899786
Haaland,Man City,FWD,14.1,199,14.113475177304965,0.1495805033959249,0.27801418439716313,1.0780141843971631
Ekitiké,Liverpool,FWD,8.8,125,14.204545454545453,0.07161936560934892,0.5909090909090908,1.0558244280331337
