Web name,Team,Position,Cost,Total_Points,Points_per_Million,xGI_per90,Base_Form_Value,Tuned_Score
João Pedro,Chelsea,FWD,7.7,132,17.142857142857142,0.07154213036565979,1.2,1.69717698189171
Haaland,Man City,FWD,14.1,187,13.26241134751773,0.17470835277648158,0.43120567375886526,1.2312056737588652
Ekitiké,Liverpool,FWD,8.8,104,11.818181818181817,0.0852882703777336,0.6045454545454545,1.0365587624467134
