Web name,Team,Position,Cost,Total_Points,Points_per_Million,xGI_per90,Base_Form_Value,Tuned_Score
Haaland,Man City,FWD,14.2,166,11.690140845070424,0.28013555787278416,0.3352112676056338,1.1352112676056336
João Pedro,Chelsea,FWD,7.8,92,11.794871794871796,0.09429109159347553,0.712820512820513,1.079659828040289
Ekitiké,Liverpool,FWD,8.8,87,9.886363636363635,0.11457165732586069,0.2636363636363636,0.6798526846371246
