Web name,Team,Position,Cost,Total_Points,Points_per_Million,xGI_per90,Base_Form_Value,Tuned_Score
Raya,Arsenal,GKP,5.5,92,16.727272727272727,0.0009090909090909091,0.6690909090909091,1.169090909090909
Roefs,Sunderland,GKP,4.5,98,21.77777777777778,0.0,0.9600000000000001,1.1682855905510021
Sánchez,Chelsea,GKP,5.0,85,17.0,0.0,0.656,0.8153838215803099
Martinez,Aston Villa,GKP,5.0,96,19.2,0.0004247286455875413,0.4800000000000001,0.6631685424211905
Neto,Bournemouth,GKP,4.5,91,20.22222222222222,0.0,0.14666666666666667,0.24651884082476316
