Web name,Team,Position,Cost,Total_Points,Points_per_Million,xGI_per90,Base_Form_Value,Tuned_Score
Raya,Arsenal,GKP,6.0,162,27.0,0.0016216216216216215,0.6866666666666666,1.1866666666666665
Roefs,Sunderland,GKP,4.8,136,28.333333333333336,0.002857142857142857,0.8083333333333333,1.011420368969855
Martinez,Aston Villa,GKP,5.1,171,33.529411764705884,0.0013287401574803147,0.5647058823529412,0.7444159217015893
