Web name,Team,Position,Cost,Total_Points,Points_per_Million,xGI_per90,Base_Form_Value,Tuned_Score
João Pedro,Chelsea,FWD,7.8,59,7.564102564102564,0.16178686759956942,0.8666666666666667,1.3445785619882693
Haaland,Man City,FWD,14.2,102,7.183098591549296,0.5691737288135593,0.5633802816901409,1.3322284581118595
Mateta,Crystal Palace,FWD,7.6,50,6.578947368421053,0.20364963503649636,0.6631578947368422,0.9801512549201967
