Web name,Team,Position,Cost,Total_Points,Points_per_Million,xGI_per90,Base_Form_Value,Tuned_Score
Raya,Arsenal,GKP,5.5,106,19.272727272727273,0.0008,0.7781818181818182,1.2781818181818183
Roefs,Sunderland,GKP,4.5,107,23.77777777777778,0.0,0.88,1.0924840124931072
Martinez,Aston Villa,GKP,5.0,131,26.2,0.0003170130327580134,0.756,0.9602464181191247
