Web name,Team,Position,Cost,Total_Points,Points_per_Million,xGI_per90,Base_Form_Value,Tuned_Score
Raya,Arsenal,GKP,5.5,122,22.181818181818183,0.0006666666666666666,0.9381818181818182,1.4381818181818182
Roefs,Sunderland,GKP,4.5,110,24.444444444444443,0.0,0.6666666666666666,0.8964158908213539
Martinez,Aston Villa,GKP,5.0,136,27.2,0.0002894821486008363,0.392,0.5959348518772721
