Web name,Team,Position,Cost,Total_Points,Points_per_Million,xGI_per90,Base_Form_Value,Tuned_Score
Raya,Arsenal,GKP,5.5,66,12.0,0.0013333333333333333,0.6472727272727273,1.1472727272727274
Roefs,Sunderland,GKP,4.5,64,14.222222222222221,0.0,0.8266666666666667,1.0594477765807178
