Web name,Team,Position,Cost,Total_Points,Points_per_Million,xGI_per90,Base_Form_Value,Tuned_Score
Raya,Arsenal,GKP,5.5,99,18.0,0.0008333333333333334,0.7781818181818182,1.2781818181818183
Roefs,Sunderland,GKP,4.5,98,21.77777777777778,0.0,0.7733333333333333,1.0065185728534645
Martinez,Aston Villa,GKP,5.0,108,21.6,0.00036304961678096007,0.588,0.7860324366783531
Neto,Bournemouth,GKP,4.5,96,21.333333333333332,0.0,0.19999999999999998,0.3107797902942255
