Web name,Team,Position,Cost,Total_Points,Points_per_Million,xGI_per90,Base_Form_Value,Tuned_Score
Raya,Arsenal,GKP,5.5,112,20.363636363636363,0.0007142857142857143,0.7781818181818182,1.2781818181818183
Roefs,Sunderland,GKP,4.5,108,24.0,0.0,0.8533333333333333,1.0759411587838876
Martinez,Aston Villa,GKP,5.0,134,26.8,0.0003072721065209969,0.6719999999999999,0.9016455080417752
Neto,Bournemouth,GKP,4.5,107,23.77777777777778,0.0,0.21333333333333332,0.3450038194355889
