Web name,Team,Position,Cost,Total_Points,Points_per_Million,xGI_per90,Base_Form_Value,Tuned_Score
Watkins,Aston Villa,FWD,8.5,167,19.647058823529413,0.37899752912107304,0.8235294117647058,1.1811443486836637
Haaland,Man City,FWD,14.5,239,16.482758620689655,0.7186589908567558,0.2786206896551724,1.0786206896551724
João Pedro,Chelsea,FWD,7.7,177,22.987012987012985,0.5275395033860045,0.2753246753246753,0.8355652515356246
