Web name,Team,Position,Cost,Total_Points,Points_per_Million,xGI_per90,Base_Form_Value,Tuned_Score
João Pedro,Chelsea,FWD,7.7,33,4.285714285714286,0.4090909090909091,1.0948051948051947,1.6069894557563607
Haaland,Man City,FWD,14.1,37,2.624113475177305,1.1076923076923078,0.6205673758865249,1.380118263456443
Richarlison,Spurs,FWD,6.7,20,2.9850746268656714,0.35369649805447473,0.8238805970149253,1.2947780271665383
Ekitiké,Liverpool,FWD,8.8,24,2.727272727272727,0.4304347826086956,0.7409090909090909,1.2566209754589743
Gyökeres,Arsenal,FWD,9.0,20,2.2222222222222223,0.45,0.5422222222222222,1.075034722222222
