Web name,Team,Position,Cost,Total_Points,Points_per_Million,xGI_per90,Base_Form_Value,Tuned_Score
João Pedro,Chelsea,FWD,7.8,59,7.564102564102564,0.16178686759956942,0.8666666666666667,1.3323835719682013
Haaland,Man City,FWD,14.2,98,6.901408450704226,0.6291569086651053,0.5295774647887325,1.2291650013047017
Mateta,Crystal Palace,FWD,7.6,48,6.315789473684211,0.22474108170310703,0.631578947368421,0.9480358117017619
