Web name,Team,Position,Cost,Total_Points,Points_per_Million,xGI_per90,Base_Form_Value,Tuned_Score
Haaland,Man City,FWD,14.2,157,11.056338028169014,0.31021939953810623,0.4112676056338028,1.211267605633803
João Pedro,Chelsea,FWD,7.8,83,10.64102564102564,0.09980079681274899,0.7897435897435898,1.1965605190683515
Mateta,Crystal Palace,FWD,7.6,78,10.263157894736842,0.11908536585365853,0.39473684210526316,0.6835503574912234
