Web name,Team,Position,Cost,Total_Points,Points_per_Million,xGI_per90,Base_Form_Value,Tuned_Score
João Pedro,Chelsea,FWD,7.7,164,21.2987012987013,0.05851755526657997,0.8415584415584416,1.2654679182454283
Haaland,Man City,FWD,14.1,197,13.97163120567376,0.15515955242436802,0.2609929078014185,1.0547600135333712
Ekitiké,Liverpool,FWD,8.8,125,14.204545454545453,0.07161936560934892,0.5909090909090908,1.0458569123180492
