Web name,Team,Position,Cost,Total_Points,Points_per_Million,xGI_per90,Base_Form_Value,Tuned_Score
Raya,Arsenal,GKP,5.8,131,22.586206896551726,0.0012121212121212121,0.7448275862068966,1.2448275862068967
Roefs,Sunderland,GKP,4.7,122,25.95744680851064,0.0003333333333333333,0.6723404255319149,0.9034505753839757
