Web name,Team,Position,Cost,Total_Points,Points_per_Million,xGI_per90,Base_Form_Value,Tuned_Score
Haaland,Man City,FWD,14.1,70,4.964539007092199,0.6313659359190557,0.6950354609929079,1.442783045345009
João Pedro,Chelsea,FWD,7.7,39,5.064935064935065,0.2315608919382504,0.7948051948051948,1.2358085980659244
Richarlison,Spurs,FWD,6.7,32,4.776119402985074,0.20066225165562915,0.6447761194029851,1.0356825347712018
Ekitiké,Liverpool,FWD,8.8,33,3.7499999999999996,0.33779527559055117,0.5090909090909091,1.0197983676527982
