Web name,Team,Position,Cost,Total_Points,Points_per_Million,xGI_per90,Base_Form_Value,Tuned_Score
Roefs,Sunderland,GKP,4.5,90,20.0,0.0,1.2533333333333334,1.5343994026853933
Raya,Arsenal,GKP,5.5,80,14.545454545454545,0.001,0.6472727272727273,1.1472727272727274
Martinez,Aston Villa,GKP,5.0,80,16.0,0.0005250875145857643,0.492,0.668614680232522
