Web name,Team,Position,Cost,Total_Points,Points_per_Million,xGI_per90,Base_Form_Value,Tuned_Score
Roefs,Sunderland,GKP,4.5,90,20.0,0.0,1.28,1.5339276062886742
Raya,Arsenal,GKP,5.5,79,14.363636363636363,0.0010526315789473684,0.6690909090909091,1.169090909090909
