Web name,Team,Position,Cost,Total_Points,Points_per_Million,xGI_per90,Base_Form_Value,Tuned_Score
Haaland,Man City,FWD,14.8,212,14.324324324324323,0.3169959001118151,0.3459459459459459,1.1459459459459458
João Pedro,Chelsea,FWD,7.4,166,22.43243243243243,0.07650753768844219,0.2054054054054054,0.5705999334859615
Ekitiké,Liverpool,FWD,8.6,125,14.534883720930234,0.1282136894824708,0.08837209302325581,0.5153408454618724
