Web name,Team,Position,Cost,Total_Points,Points_per_Million,xGI_per90,Base_Form_Value,Tuned_Score
Haaland,Man City,FWD,15.1,230,15.2317880794702,0.5378623821166608,0.49536423841059607,1.295364238410596
João Pedro,Chelsea,FWD,7.2,176,24.444444444444443,0.21413551401869158,0.3,0.7191215955736816
