Web name,Team,Position,Cost,Total_Points,Points_per_Million,xGI_per90,Base_Form_Value,Tuned_Score
Roefs,Sunderland,GKP,4.5,59,13.11111111111111,0.0,1.04,1.308500585511546
Raya,Arsenal,GKP,5.5,55,10.0,0.0016666666666666668,0.8,1.3
Pope,Newcastle,GKP,5.0,55,11.0,0.0,0.792,1.0478384702103092
Neto,Bournemouth,GKP,4.5,60,13.333333333333334,0.0,0.5333333333333333,0.6820825533509657
