Web name,Team,Position,Cost,Total_Points,Points_per_Million,xGI_per90,Base_Form_Value,Tuned_Score
Foden,Man City,MID,8.0,93,11.625,0.03490494296577947,0.8899999999999999,1.2853705791313983
Gravenberch,Liverpool,MID,5.5,84,15.272727272727273,0.0184975194897236,0.9018181818181819,1.179441295343938
B.Fernandes,Man Utd,MID,9.0,99,11.0,0.17206779661016947,0.6888888888888889,1.138569059215928
Rice,Arsenal,MID,6.5,102,15.692307692307692,0.04930693069306931,0.7261538461538463,1.0267738519170617
Rogers,Aston Villa,MID,7.0,92,13.142857142857142,0.025217932752179328,0.7999999999999999,1.0047974668984718
Xhaka,Sunderland,MID,5.0,77,15.4,0.020224719101123594,0.776,0.8939053667722724
Mbeumo,Man Utd,MID,8.1,74,9.135802469135802,0.18896797153024913,0.4098765432098766,0.8815241100829492
Bruno G.,Newcastle,MID,6.5,86,13.23076923076923,0.028600405679513184,0.6338461538461538,0.8264293381435206
Saka,Arsenal,MID,9.8,85,8.673469387755102,0.02762520193861066,0.4612244897959183,0.7336618799586985
