Web name,Team,Position,Cost,Total_Points,Points_per_Million,xGI_per90,Base_Form_Value,Tuned_Score
João Pedro,Chelsea,FWD,7.8,132,16.923076923076923,0.07965023847376788,1.2666666666666666,1.722130284326997
Haaland,Man City,FWD,14.2,187,13.169014084507042,0.25072328511432573,0.4281690140845071,1.2281690140845072
Ekitiké,Liverpool,FWD,8.8,104,11.818181818181817,0.094831013916501,0.46818181818181814,0.8514602747469512
