Web name,Team,Position,Cost,Total_Points,Points_per_Million,xGI_per90,Base_Form_Value,Tuned_Score
Haaland,Man City,FWD,14.2,151,10.63380281690141,0.36751025991792063,0.6056338028169014,1.4056338028169013
Ekitiké,Liverpool,FWD,8.8,77,8.75,0.15015739769150055,0.6863636363636363,1.120051684618576
Woltemade,Newcastle,FWD,7.0,71,10.142857142857142,0.02168674698795181,0.8914285714285715,1.092333561755265
João Pedro,Chelsea,FWD,7.8,72,9.230769230769232,0.11133333333333333,0.6974358974358975,1.0618418914727725
