Web name,Team,Position,Cost,Total_Points,Points_per_Million,xGI_per90,Base_Form_Value,Tuned_Score
Raya,Arsenal,GKP,5.5,112,20.363636363636363,0.0007142857142857143,0.8727272727272729,1.372727272727273
Roefs,Sunderland,GKP,4.5,108,24.0,0.0,0.8000000000000002,1.0226078254505546
Martinez,Aston Villa,GKP,5.0,134,26.8,0.0003072721065209969,0.5119999999999999,0.7416455080417752
Neto,Bournemouth,GKP,4.5,107,23.77777777777778,0.0,0.21333333333333332,0.3450038194355889
