Web name,Team,Position,Cost,Total_Points,Points_per_Million,xGI_per90,Base_Form_Value,Tuned_Score
Roefs,Sunderland,GKP,4.5,48,10.666666666666666,0.0,1.12,1.4053424181663927
Pope,Newcastle,GKP,5.0,43,8.6,0.0,0.8640000000000001,1.2094221270430185
Raya,Arsenal,GKP,5.5,40,7.2727272727272725,0.0025,0.6909090909090909,1.190909090909091
Vicario,Spurs,GKP,5.1,36,7.058823529411765,0.00125,0.6901960784313727,0.8906501494771943
