Web name,Team,Position,Cost,Total_Points,Points_per_Million,xGI_per90,Base_Form_Value,Tuned_Score
Roefs,Sunderland,GKP,4.5,52,11.555555555555555,0.0,1.2266666666666666,1.4824651899783916
Pope,Newcastle,GKP,5.0,46,9.2,0.0,0.9359999999999999,1.2482504742269924
Raya,Arsenal,GKP,5.5,40,7.2727272727272725,0.0025,0.6909090909090909,1.190909090909091
