Web name,Team,Position,Cost,Total_Points,Points_per_Million,xGI_per90,Base_Form_Value,Tuned_Score
Raya,Arsenal,GKP,5.5,131,23.818181818181817,0.0006060606060606061,0.7854545454545455,1.2854545454545456
Roefs,Sunderland,GKP,4.5,122,27.11111111111111,0.0,0.8266666666666667,1.0562347881423912
