Web name,Team,Position,Cost,Total_Points,Points_per_Million,xGI_per90,Base_Form_Value,Tuned_Score
João Pedro,Chelsea,FWD,7.7,162,21.038961038961038,0.06053811659192825,0.9194805194805195,1.3336515668531088
Haaland,Man City,FWD,14.1,197,13.97163120567376,0.15515955242436802,0.3120567375886525,1.1120567375886523
Thiago,Brentford,FWD,6.0,149,24.833333333333332,0.0481264637002342,0.6333333333333333,0.990336753365818
