Web name,Team,Position,Cost,Total_Points,Points_per_Million,xGI_per90,Base_Form_Value,Tuned_Score
João Pedro,Chelsea,FWD,7.8,114,14.615384615384615,0.08723157283807312,1.005128205128205,1.4809652266525821
Haaland,Man City,FWD,14.2,171,12.042253521126762,0.2675796812749004,0.3436619718309859,1.1436619718309857
Ekitiké,Liverpool,FWD,8.8,100,11.363636363636363,0.10743243243243243,0.4136363636363636,0.8187367820058085
