Web name,Team,Position,Cost,Total_Points,Points_per_Million,xGI_per90,Base_Form_Value,Tuned_Score
João Pedro,Chelsea,FWD,7.8,122,15.64102564102564,0.08363939899833056,1.1282051282051284,1.6188650219979657
Haaland,Man City,FWD,14.2,171,12.042253521126762,0.2675796812749004,0.3436619718309859,1.1285305138248969
Thiago,Brentford,FWD,6.0,131,21.833333333333332,0.05965909090909091,0.66,0.9985551351320465
Watkins,Aston Villa,FWD,8.8,93,10.568181818181817,0.06407447973713035,0.2818181818181818,0.5901660221890476
