Web name,Team,Position,Cost,Total_Points,Points_per_Million,xGI_per90,Base_Form_Value,Tuned_Score
Thiago,Brentford,FWD,6.0,77,12.833333333333334,0.11444141689373297,0.9400000000000001,1.3250439592618994
João Pedro,Chelsea,FWD,7.8,61,7.82051282051282,0.14206049149338373,0.8358974358974358,1.2298500061545867
Haaland,Man City,FWD,14.2,106,7.464788732394367,0.47802491103202843,0.4197183098591549,1.219718309859155
Mateta,Crystal Palace,FWD,7.6,57,7.5,0.17626353790613716,0.4736842105263158,0.8249019580345001
