Web name,Team,Position,Cost,Total_Points,Points_per_Million,xGI_per90,Base_Form_Value,Tuned_Score
Roefs,Sunderland,GKP,4.5,39,8.666666666666666,0.0,1.3866666666666667,1.7999015649039571
Pope,Newcastle,GKP,5.0,34,6.8,0.0,1.056,1.542565970161233
Vicario,Spurs,GKP,5.1,32,6.274509803921569,0.0016666666666666668,1.0666666666666667,1.366217916273935
Raya,Arsenal,GKP,5.5,28,5.090909090909091,0.0033333333333333335,0.7345454545454545,1.2345454545454544
