Web name,Team,Position,Cost,Total_Points,Points_per_Million,xGI_per90,Base_Form_Value,Tuned_Score
Haaland,Man City,FWD,14.8,212,14.324324324324323,0.3169959001118151,0.3621621621621621,1.1621621621621623
João Pedro,Chelsea,FWD,7.4,166,22.43243243243243,0.07650753768844219,0.5135135135135135,0.8801796358010281
Ekitiké,Liverpool,FWD,8.6,125,14.534883720930234,0.1282136894824708,0.11627906976744186,0.5169580581423545
