Web name,Team,Position,Cost,Total_Points,Points_per_Million,xGI_per90,Base_Form_Value,Tuned_Score
Roefs,Sunderland,GKP,4.5,59,13.11111111111111,0.0,1.04,1.2846585728413311
Raya,Arsenal,GKP,5.5,53,9.636363636363637,0.0018181818181818182,0.7563636363636363,1.2563636363636363
Pope,Newcastle,GKP,5.0,55,11.0,0.0,0.792,1.0275018394483462
Neto,Bournemouth,GKP,4.5,60,13.333333333333334,0.0,0.5333333333333333,0.6687353882996856
