Web name,Team,Position,Cost,Total_Points,Points_per_Million,xGI_per90,Base_Form_Value,Tuned_Score
Roefs,Sunderland,GKP,4.5,80,17.77777777777778,0.0,1.12,1.3612089946260424
Raya,Arsenal,GKP,5.5,74,13.454545454545455,0.0011764705882352942,0.7563636363636363,1.2563636363636363
Neto,Bournemouth,GKP,4.5,78,17.333333333333332,0.0,0.24000000000000002,0.37082341071487646
