Web name,Team,Position,Cost,Total_Points,Points_per_Million,xGI_per90,Base_Form_Value,Tuned_Score
João Pedro,Chelsea,FWD,7.8,139,17.82051282051282,0.0764496439471007,1.2512820512820513,1.7234828150562411
Haaland,Man City,FWD,14.2,192,13.521126760563382,0.2406180026869682,0.45352112676056344,1.2535211267605635
