Web name,Team,Position,Cost,Total_Points,Points_per_Million,xGI_per90,Base_Form_Value,Tuned_Score
O.Dango,Brentford,MID,6.0,56,9.333333333333334,0.0986146095717884,1.0333333333333334,1.4034188979375526
Enzo,Chelsea,MID,6.7,59,8.805970149253731,0.21804123711340206,0.8417910447761194,1.2904119934448308
Caicedo,Chelsea,MID,5.6,60,10.714285714285715,0.054285714285714284,0.8714285714285714,1.1658944048055566
Rice,Arsenal,MID,6.5,71,10.923076923076923,0.07599186164801627,0.7446153846153846,1.0922878146881574
Xhaka,Sunderland,MID,5.0,59,11.8,0.02769230769230769,0.8720000000000001,1.0640468222731958
Eze,Arsenal,MID,7.5,61,8.133333333333333,0.08772151898734176,0.6986666666666667,1.0573810857255381
Henderson,Brentford,MID,5.0,90,18.0,0.003015797032072762,0.776,1.0560913725651568
Bruno G.,Newcastle,MID,6.5,64,9.846153846153847,0.039385474860335196,0.8184615384615385,1.0342933046820875
M.Salah,Liverpool,MID,14.5,56,3.8620689655172415,0.1340782122905028,0.32275862068965516,0.6766850214403862
