Web name,Team,Position,Cost,Total_Points,Points_per_Million,xGI_per90,Base_Form_Value,Tuned_Score
Haaland,Man City,FWD,14.2,85,5.985915492957747,0.6950840879689522,0.6309859154929578,1.3701111864972388
João Pedro,Chelsea,FWD,7.8,43,5.512820512820513,0.1985468956406869,0.6820512820512821,1.1433885870848859
