Web name,Team,Position,Cost,Total_Points,Points_per_Million,xGI_per90,Base_Form_Value,Tuned_Score
Raya,Arsenal,GKP,5.5,141,25.636363636363637,0.0005882352941176471,0.8509090909090908,1.3509090909090908
Roefs,Sunderland,GKP,4.5,122,27.11111111111111,0.0,0.8266666666666667,1.0311133159404053
