Web name,Team,Position,Cost,Total_Points,Points_per_Million,xGI_per90,Base_Form_Value,Tuned_Score
Haaland,Man City,FWD,14.2,153,10.774647887323944,0.3461984536082474,0.504225352112676,1.304225352112676
João Pedro,Chelsea,FWD,7.8,81,10.384615384615385,0.10401384083044982,0.8051282051282052,1.2502561264550653
Ekitiké,Liverpool,FWD,8.8,82,9.318181818181817,0.13786127167630058,0.7409090909090909,1.1779657788403908
