Web name,Team,Position,Cost,Total_Points,Points_per_Million,xGI_per90,Base_Form_Value,Tuned_Score
Haaland,Man City,FWD,14.2,83,5.845070422535212,0.7866764275256223,0.7239436619718311,1.4682184872576136
João Pedro,Chelsea,FWD,7.8,41,5.256410256410256,0.22332838038632985,0.7589743589743589,1.2367241779055678
Ekitiké,Liverpool,FWD,8.8,34,3.8636363636363633,0.349877750611247,0.35909090909090907,0.8360117736540162
