Web name,Team,Position,Cost,Total_Points,Points_per_Million,xGI_per90,Base_Form_Value,Tuned_Score
Raya,Arsenal,GKP,5.5,156,28.363636363636363,0.0005555555555555556,1.0254545454545456,1.5254545454545456
Roefs,Sunderland,GKP,4.5,131,29.11111111111111,0.0,1.0666666666666669,1.2718238717615824
