Web name,Team,Position,Cost,Total_Points,Points_per_Million,xGI_per90,Base_Form_Value,Tuned_Score
Haaland,Man City,FWD,14.2,122,8.591549295774648,0.4191107644305772,0.39436619718309857,1.1682555376353867
João Pedro,Chelsea,FWD,7.8,66,8.461538461538462,0.11928571428571429,0.6358974358974359,1.0451328927014094
Ekitiké,Liverpool,FWD,8.8,68,7.727272727272727,0.16581691772885285,0.5909090909090908,1.031523327753163
