Web name,Team,Position,Cost,Total_Points,Points_per_Million,xGI_per90,Base_Form_Value,Tuned_Score
Haaland,Man City,FWD,14.2,83,5.845070422535212,0.7866764275256223,0.6140845070422535,1.363274627158222
Welbeck,Brighton,FWD,6.3,37,5.8730158730158735,0.3209558823529412,0.692063492063492,1.165617294553452
João Pedro,Chelsea,FWD,7.8,43,5.512820512820513,0.1985468956406869,0.6820512820512821,1.1366398866844256
Isidor,Sunderland,FWD,5.5,37,6.7272727272727275,0.0667300380228137,0.7272727272727273,0.9182033300696159
