Web name,Team,Position,Cost,Total_Points,Points_per_Million,xGI_per90,Base_Form_Value,Tuned_Score
Raya,Arsenal,GKP,5.5,68,12.363636363636363,0.00125,0.6690909090909091,1.169090909090909
Roefs,Sunderland,GKP,4.5,64,14.222222222222221,0.0,0.7733333333333333,1.0181308889897882
