Web name,Team,Position,Cost,Total_Points,Points_per_Million,xGI_per90,Base_Form_Value,Tuned_Score
Haaland,Man City,FWD,14.1,212,15.035460992907801,0.1395452851285874,0.3716312056737589,1.171631205673759
João Pedro,Chelsea,FWD,7.7,166,21.558441558441558,0.05653266331658291,0.5454545454545454,0.9846744783612171
Ekitiké,Liverpool,FWD,8.8,125,14.204545454545453,0.07161936560934892,0.35909090909090907,0.8352653242752898
