Web name,Team,Position,Cost,Total_Points,Points_per_Million,xGI_per90,Base_Form_Value,Tuned_Score
Raya,Arsenal,GKP,5.5,115,20.90909090909091,0.0006896551724137932,0.7854545454545455,1.2854545454545456
Roefs,Sunderland,GKP,4.5,110,24.444444444444443,0.0,0.6666666666666666,0.895866565234988
Martinez,Aston Villa,GKP,5.0,135,27.0,0.0002981119576018549,0.38,0.6145235333023475
