Web name,Team,Position,Cost,Total_Points,Points_per_Million,xGI_per90,Base_Form_Value,Tuned_Score
Van Hecke,Brighton,DEF,4.6,147,31.956521739130437,0.06807692307692308,0.9913043478260871,1.204310903229411
Saliba,Arsenal,DEF,5.9,137,23.220338983050848,0.019625095638867635,0.6983050847457627,1.1983050847457628
Matheus N.,Man City,DEF,5.4,154,28.518518518518515,0.039007340090877314,0.888888888888889,1.1418587851163073
Gabriel,Arsenal,DEF,6.2,208,33.54838709677419,0.050240295748613675,0.6,1.1
Virgil,Liverpool,DEF,5.9,173,29.322033898305083,0.030270270270270273,0.8610169491525423,1.0123427465763772
Mukiele,Sunderland,DEF,4.2,147,35.0,0.05846325167037862,0.8,1.00122489867732
Chalobah,Chelsea,DEF,5.5,135,24.545454545454547,0.051288566243194195,0.5672727272727273,0.692447022611127
J.Timber,Arsenal,DEF,6.5,149,22.923076923076923,0.16774061990212075,0.1723076923076923,0.6723076923076923
James,Chelsea,DEF,5.6,136,24.28571428571429,0.09345870809484874,0.43928571428571433,0.564460009624114
