Web name,Team,Position,Cost,Total_Points,Points_per_Million,xGI_per90,Base_Form_Value,Tuned_Score
Roefs,Sunderland,GKP,4.5,80,17.77777777777778,0.0,1.12,1.3613606708420314
Raya,Arsenal,GKP,5.5,75,13.636363636363637,0.0011764705882352942,0.7781818181818182,1.2781818181818183
Neto,Bournemouth,GKP,4.5,78,17.333333333333332,0.0,0.24000000000000002,0.3706842675937551
