Web name,Team,Position,Cost,Total_Points,Points_per_Million,xGI_per90,Base_Form_Value,Tuned_Score
Enzo,Chelsea,MID,6.7,59,8.805970149253731,0.21804123711340206,0.8417910447761194,1.38061402565992
Tavernier,Bournemouth,MID,5.5,54,9.818181818181818,0.12272727272727273,0.9745454545454546,1.3448776314012165
Caicedo,Chelsea,MID,5.6,60,10.714285714285715,0.054285714285714284,0.8928571428571429,1.289868389566882
Minteh,Brighton,MID,5.9,61,10.338983050847457,0.10935390549662488,0.8813559322033897,1.2253658075493692
Xhaka,Sunderland,MID,5.0,54,10.8,0.03,0.8720000000000001,1.019758758942218
Rice,Arsenal,MID,6.5,65,10.0,0.08365061590145575,0.6892307692307693,1.0079126890412806
Semenyo,Bournemouth,MID,7.6,75,9.868421052631579,0.2618181818181818,0.5105263157894737,1.0013107539517683
Sarr,Crystal Palace,MID,6.5,49,7.538461538461538,0.2091836734693877,0.5476923076923077,0.9396040194812997
Bruno G.,Newcastle,MID,6.5,60,9.23076923076923,0.04294416243654822,0.7815384615384615,0.9384215472191547
