Web name,Team,Position,Cost,Total_Points,Points_per_Million,xGI_per90,Base_Form_Value,Tuned_Score
Raya,Arsenal,GKP,5.5,58,10.545454545454545,0.0015384615384615385,0.6036363636363636,1.1036363636363635
Roefs,Sunderland,GKP,4.5,60,13.333333333333334,0.0,0.7733333333333333,1.021801004861415
