Web name,Team,Position,Cost,Total_Points,Points_per_Million,xGI_per90,Base_Form_Value,Tuned_Score
Haaland,Man City,FWD,14.1,212,15.035460992907801,0.1395452851285874,0.3546099290780142,1.1546099290780143
João Pedro,Chelsea,FWD,7.7,166,21.558441558441558,0.05653266331658291,0.5142857142857142,0.9621339122974816
