Web name,Team,Position,Cost,Total_Points,Points_per_Million,xGI_per90,Base_Form_Value,Tuned_Score
Mukiele,Sunderland,DEF,4.0,89,22.25,0.006666666666666666,1.46,1.7281383452975172
J.Timber,Arsenal,DEF,5.7,98,17.19298245614035,0.07669464170432537,1.2140350877192982,1.7140350877192982
Gabriel,Arsenal,DEF,6.1,106,17.37704918032787,0.022212765957446808,0.8655737704918034,1.3655737704918034
Matheus N.,Man City,DEF,5.3,92,17.358490566037737,0.0011976047904191617,0.8452830188679247,1.0932571136711955
Rúben,Man City,DEF,5.5,95,17.272727272727273,0.00527859237536657,0.8072727272727271,1.055246822075998
Guéhi,Crystal Palace,DEF,4.7,99,21.06382978723404,0.011578947368421053,0.8595744680851064,1.0445555776892634
Lacroix,Crystal Palace,DEF,5.1,90,17.647058823529413,0.012,0.7607843137254903,0.9457654233296473
Mitchell,Crystal Palace,DEF,5.0,79,15.8,0.012040133779264214,0.5599999999999999,0.744981109604157
Muñoz,Crystal Palace,DEF,5.6,89,15.892857142857144,0.08499999999999999,0.45,0.6349811096041571
