Web name,Team,Position,Cost,Total_Points,Points_per_Million,xGI_per90,Base_Form_Value,Tuned_Score
Roefs,Sunderland,GKP,4.5,39,8.666666666666666,0.0,1.3866666666666667,1.7034437607124424
Pope,Newcastle,GKP,5.0,32,6.4,0.0,1.008,1.508
Vicario,Spurs,GKP,5.1,32,6.274509803921569,0.0016666666666666668,1.0666666666666667,1.297516302863051
Raya,Arsenal,GKP,5.5,26,4.7272727272727275,0.004,0.6909090909090909,1.174846748364425
