Web name,Team,Position,Cost,Total_Points,Points_per_Million,xGI_per90,Base_Form_Value,Tuned_Score
Haaland,Man City,FWD,14.2,135,9.507042253521128,0.3916180758017493,0.504225352112676,1.304225352112676
João Pedro,Chelsea,FWD,7.8,66,8.461538461538462,0.11928571428571429,0.6358974358974359,1.0368334742253218
Ekitiké,Liverpool,FWD,8.8,68,7.727272727272727,0.16581691772885285,0.5909090909090908,1.027874042769215
