Web name,Team,Position,Cost,Total_Points,Points_per_Million,xGI_per90,Base_Form_Value,Tuned_Score
Raya,Arsenal,GKP,5.5,58,10.545454545454545,0.0015384615384615385,0.7345454545454545,1.2345454545454544
Roefs,Sunderland,GKP,4.5,60,13.333333333333334,0.0,0.88,1.1364259356717286
Pope,Newcastle,GKP,5.0,55,11.0,0.0,0.744,0.9921624194358283
