Web name,Team,Position,Cost,Total_Points,Points_per_Million,xGI_per90,Base_Form_Value,Tuned_Score
João Pedro,Chelsea,FWD,7.7,35,4.545454545454545,0.3214285714285714,0.9974025974025973,1.4993188807488262
Haaland,Man City,FWD,14.1,46,3.2624113475177308,0.9065375302663439,0.6184397163120566,1.3387179027861789
Richarlison,Spurs,FWD,6.7,29,4.3283582089552235,0.26195965417867434,0.8955223880597015,1.3243552751608376
Ekitiké,Liverpool,FWD,8.8,32,3.6363636363636362,0.3526027397260274,0.7681818181818181,1.2932117839352428
Isidor,Sunderland,FWD,5.5,25,4.545454545454546,0.1072340425531915,0.8872727272727272,1.1124990642736847
