Web name,Team,Position,Cost,Total_Points,Points_per_Million,xGI_per90,Base_Form_Value,Tuned_Score
Raya,Arsenal,GKP,6.0,156,26.0,0.0011111111111111111,0.8066666666666666,1.3066666666666666
Donnarumma,Man City,GKP,5.7,134,23.50877192982456,0.0,0.9824561403508771,1.2416206034132813
Roefs,Sunderland,GKP,4.8,131,27.291666666666668,0.0009090909090909091,0.8750000000000001,1.0801572050949158
Martinez,Aston Villa,GKP,5.0,160,32.0,0.0007116499736425935,0.41600000000000004,0.6018956980417023
