Web name,Team,Position,Cost,Total_Points,Points_per_Million,xGI_per90,Base_Form_Value,Tuned_Score
Haaland,Man City,FWD,15.1,230,15.2317880794702,0.5378623821166608,0.49536423841059607,1.295364238410596
Watkins,Aston Villa,FWD,8.5,154,18.11764705882353,0.1794750273423259,0.8517647058823529,1.1556087928330014
João Pedro,Chelsea,FWD,7.2,176,24.444444444444443,0.21413551401869158,0.3,0.7171359207109157
