Web name,Team,Position,Cost,Total_Points,Points_per_Million,xGI_per90,Base_Form_Value,Tuned_Score
Haaland,Man City,FWD,15.0,239,15.933333333333334,0.4455807653233999,0.3626666666666667,1.1626666666666665
Watkins,Aston Villa,FWD,8.5,167,19.647058823529413,0.1416872573243911,0.776470588235294,1.0398837647889347
João Pedro,Chelsea,FWD,7.4,177,23.91891891891892,0.1845372460496614,0.3297297297297297,0.7459118185863148
