Web name,Team,Position,Cost,Total_Points,Points_per_Million,xGI_per90,Base_Form_Value,Tuned_Score
Haaland,Man City,FWD,14.2,62,4.366197183098592,1.0681908548707755,0.6225352112676057,1.4049521201918596
João Pedro,Chelsea,FWD,7.8,37,4.743589743589744,0.29470588235294115,0.8358974358974358,1.2197457387470019
Ekitiké,Liverpool,FWD,8.8,32,3.6363636363636362,0.392054794520548,0.35909090909090907,0.8194256537900602
Richarlison,Spurs,FWD,6.7,31,4.626865671641791,0.20800915331807782,0.38805970149253727,0.7018461033014183
