Web name,Team,Position,Cost,Total_Points,Points_per_Million,xGI_per90,Base_Form_Value,Tuned_Score
Haaland,Man City,FWD,14.2,157,11.056338028169014,0.31021939953810623,0.5211267605633804,1.3097117789827948
Ekitiké,Liverpool,FWD,8.8,84,9.545454545454545,0.12686170212765957,0.5909090909090908,1.0067128362338877
Mateta,Crystal Palace,FWD,7.6,78,10.263157894736842,0.11908536585365853,0.42631578947368426,0.7006271927148642
