Web name,Team,Position,Cost,Total_Points,Points_per_Million,xGI_per90,Base_Form_Value,Tuned_Score
João Pedro,Chelsea,FWD,7.7,35,4.545454545454545,0.3214285714285714,0.9974025974025973,1.4692164820134854
Richarlison,Spurs,FWD,6.7,29,4.3283582089552235,0.26195965417867434,0.8955223880597015,1.3036947374251953
Ekitiké,Liverpool,FWD,8.8,32,3.6363636363636362,0.3526027397260274,0.7681818181818181,1.2614266811955166
Haaland,Man City,FWD,14.1,37,2.624113475177305,1.1076923076923078,0.5418439716312057,1.2361104423220595
