Web name,Team,Position,Cost,Total_Points,Points_per_Million,xGI_per90,Base_Form_Value,Tuned_Score
Raya,Arsenal,GKP,5.6,129,23.03571428571429,0.0012903225806451613,0.6642857142857143,1.1642857142857141
Kelleher,Brentford,GKP,4.5,114,25.333333333333332,0.0003333333333333333,0.808888888888889,0.9454509379931246
