Web name,Team,Position,Cost,Total_Points,Points_per_Million,xGI_per90,Base_Form_Value,Tuned_Score
Raya,Arsenal,GKP,5.5,112,20.363636363636363,0.0007142857142857143,0.8509090909090908,1.3509090909090908
Roefs,Sunderland,GKP,4.5,108,24.0,0.0,0.7733333333333334,0.9950075614667802
Martinez,Aston Villa,GKP,5.0,135,27.0,0.0002981119576018549,0.4159999999999999,0.6312252583109351
