Web name,Team,Position,Cost,Total_Points,Points_per_Million,xGI_per90,Base_Form_Value,Tuned_Score
Raya,Arsenal,GKP,6.0,156,26.0,0.0011111111111111111,0.7866666666666667,1.2866666666666666
Donnarumma,Man City,GKP,5.7,134,23.50877192982456,0.0,0.8350877192982455,1.0967679079964734
Roefs,Sunderland,GKP,4.8,131,27.291666666666668,0.0009090909090909091,0.6,0.8049960574020399
