Web name,Team,Position,Cost,Total_Points,Points_per_Million,xGI_per90,Base_Form_Value,Tuned_Score
Haaland,Man City,FWD,14.2,83,5.845070422535212,0.7866764275256223,0.6140845070422535,1.4024711543361168
João Pedro,Chelsea,FWD,7.8,41,5.256410256410256,0.22332838038632985,0.6512820512820513,1.12903187021326
