Web name,Team,Position,Cost,Total_Points,Points_per_Million,xGI_per90,Base_Form_Value,Tuned_Score
Haaland,Man City,FWD,15.1,230,15.2317880794702,0.5378623821166608,0.5112582781456954,1.3112582781456954
Watkins,Aston Villa,FWD,8.5,139,16.352941176470587,0.18556351300414625,0.668235294117647,0.9938123959378471
João Pedro,Chelsea,FWD,7.2,176,24.444444444444443,0.21413551401869158,0.3333333333333333,0.7452823785854986
