Web name,Team,Position,Cost,Total_Points,Points_per_Million,xGI_per90,Base_Form_Value,Tuned_Score
Enzo,Chelsea,MID,6.7,92,13.731343283582088,0.12441176470588236,0.9313432835820895,1.3834805712591227
Rice,Arsenal,MID,6.5,119,18.307692307692307,0.04654205607476636,0.8369230769230769,1.1996753105754585
Bruno G.,Newcastle,MID,6.5,117,18.0,0.0241852487135506,0.8738461538461539,1.150154390299237
Casemiro,Man Utd,MID,5.5,87,15.818181818181818,0.04693251533742332,0.5818181818181819,0.9426059713474056
Xhaka,Sunderland,MID,5.0,88,17.6,0.017307692307692305,0.8240000000000001,0.8974442377868388
B.Fernandes,Man Utd,MID,9.0,106,11.777777777777779,0.16534201954397393,0.31555555555555553,0.857031885004658
Foden,Man City,MID,8.0,100,12.5,0.029291640076579452,0.395,0.7896979633329378
Saka,Arsenal,MID,9.8,95,9.693877551020407,0.02546537602382725,0.32653061224489793,0.6571206088346238
