Web name,Team,Position,Cost,Total_Points,Points_per_Million,xGI_per90,Base_Form_Value,Tuned_Score
Roefs,Sunderland,GKP,4.5,41,9.11111111111111,0.0,1.413333333333333,1.724578965091706
Pope,Newcastle,GKP,5.0,41,8.2,0.0,1.1280000000000001,1.5774061722715857
Raya,Arsenal,GKP,5.5,34,6.181818181818182,0.002857142857142857,0.7345454545454545,1.2345454545454544
Vicario,Spurs,GKP,5.1,35,6.862745098039216,0.0014285714285714286,0.9254901960784315,1.1767248926657565
