Web name,Team,Position,Cost,Total_Points,Points_per_Million,xGI_per90,Base_Form_Value,Tuned_Score
J.Timber,Arsenal,DEF,5.7,109,19.12280701754386,0.06871023713128976,1.2771929824561403,1.7771929824561403
Gabriel,Arsenal,DEF,6.1,119,19.508196721311478,0.0192619926199262,1.1213114754098361,1.6213114754098361
Mukiele,Sunderland,DEF,4.0,98,24.5,0.006,1.31,1.5403613698658731
Chalobah,Chelsea,DEF,5.1,111,21.764705882352942,0.05360655737704919,1.027450980392157,1.1820352864264017
Rúben,Man City,DEF,5.5,95,17.272727272727273,0.00527859237536657,0.5018181818181818,0.7202773283471108
Cash,Aston Villa,DEF,4.5,87,19.333333333333332,0.02490118577075099,0.5244444444444444,0.7100724430911243
Matheus N.,Man City,DEF,5.3,94,17.735849056603776,0.001142857142857143,0.46037735849056605,0.678836505019495
James,Chelsea,DEF,5.4,103,19.074074074074073,0.021081985499163413,0.2518518518518518,0.40643615788609655
