Web name,Team,Position,Cost,Total_Points,Points_per_Million,xGI_per90,Base_Form_Value,Tuned_Score
Raya,Arsenal,GKP,5.5,106,19.272727272727273,0.0008,0.7781818181818182,1.2781818181818183
Roefs,Sunderland,GKP,4.5,105,23.333333333333332,0.0,0.8266666666666667,1.043955946738715
Martinez,Aston Villa,GKP,5.0,123,24.6,0.000327391778828665,0.66,0.8612509624386843
Neto,Bournemouth,GKP,4.5,99,22.0,0.0,0.14666666666666667,0.2580092850061141
