Web name,Team,Position,Cost,Total_Points,Points_per_Million,xGI_per90,Base_Form_Value,Tuned_Score
João Pedro,Chelsea,FWD,7.7,162,21.038961038961038,0.06053811659192825,1.0753246753246752,1.5167577481797028
Haaland,Man City,FWD,14.1,197,13.97163120567376,0.15515955242436802,0.3546099290780142,1.1546099290780143
Ekitiké,Liverpool,FWD,8.8,123,13.977272727272727,0.07295918367346937,0.618181818181818,1.0484245877609164
