Web name,Team,Position,Cost,Total_Points,Points_per_Million,xGI_per90,Base_Form_Value,Tuned_Score
Raya,Arsenal,GKP,5.5,99,18.0,0.0008333333333333334,0.7781818181818182,1.2781818181818183
Roefs,Sunderland,GKP,4.5,104,23.11111111111111,0.0,0.9333333333333333,1.1712453132004645
Martinez,Aston Villa,GKP,5.0,108,21.6,0.00036304961678096007,0.588,0.7917397174280609
Neto,Bournemouth,GKP,4.5,96,21.333333333333332,0.0,0.19999999999999998,0.3177436786345985
