Web name,Team,Position,Cost,Total_Points,Points_per_Million,xGI_per90,Base_Form_Value,Tuned_Score
Enzo,Chelsea,MID,6.6,30,4.545454545454546,0.4479452054794521,1.0484848484848486,1.5716961156789067
Caicedo,Chelsea,MID,5.5,33,6.0,0.086,1.1345454545454545,1.5107164820134855
Gravenberch,Liverpool,MID,5.5,27,4.909090909090909,0.015,0.8072727272727274,1.1633664772727275
Gakpo,Liverpool,MID,7.7,25,3.2467532467532467,0.17785714285714282,0.7376623376623376,1.159916801948052
Kudus,Spurs,MID,6.6,25,3.787878787878788,0.16605922551252847,0.7575757575757576,1.1267885577956296
Zubimendi,Arsenal,MID,5.5,25,4.545454545454546,0.025,0.7636363636363637,1.0583961105098205
M.Salah,Liverpool,MID,14.5,30,2.0689655172413794,0.132,0.39448275862068966,0.7981077586206896
