Web name,Team,Position,Cost,Total_Points,Points_per_Million,xGI_per90,Base_Form_Value,Tuned_Score
João Pedro,Chelsea,FWD,7.8,132,16.923076923076923,0.07965023847376788,1.2666666666666666,1.7513847173793424
Haaland,Man City,FWD,14.2,182,12.816901408450704,0.2561010486177312,0.3859154929577465,1.1859154929577467
