Web name,Team,Position,Cost,Total_Points,Points_per_Million,xGI_per90,Base_Form_Value,Tuned_Score
Mukiele,Sunderland,DEF,4.2,151,35.95238095238095,0.056573275862068964,0.9428571428571428,1.1459441784936646
Saliba,Arsenal,DEF,5.9,137,23.220338983050848,0.019625095638867635,0.6372881355932204,1.1372881355932205
Gabriel,Arsenal,DEF,6.2,209,33.70967741935484,0.04941818181818181,0.6193548387096773,1.1193548387096772
Van Hecke,Brighton,DEF,4.6,148,32.173913043478265,0.06616822429906542,0.7043478260869567,0.9090137747828932
Virgil,Liverpool,DEF,5.9,175,29.66101694915254,0.02947368421052632,0.7389830508474575,0.8910620638225661
Matheus N.,Man City,DEF,5.4,154,28.518518518518515,0.039007340090877314,0.6444444444444445,0.8895692161024362
J.Timber,Arsenal,DEF,6.5,149,22.923076923076923,0.16774061990212075,0.1723076923076923,0.6723076923076923
Chalobah,Chelsea,DEF,5.5,136,24.727272727272727,0.050827338129496406,0.5454545454545454,0.6678533738325725
James,Chelsea,DEF,5.6,138,24.642857142857146,0.09129392971246006,0.46071428571428574,0.5831131140923128
