Web name,Team,Position,Cost,Total_Points,Points_per_Million,xGI_per90,Base_Form_Value,Tuned_Score
Roefs,Sunderland,GKP,4.5,52,11.555555555555555,0.0,1.2266666666666666,1.487744238377088
Raya,Arsenal,GKP,5.5,46,8.363636363636363,0.0022222222222222222,0.8218181818181819,1.3218181818181818
Pope,Newcastle,GKP,5.0,46,9.2,0.0,0.9359999999999999,1.2532640553187113
Vicario,Spurs,GKP,5.1,42,8.23529411764706,0.0011111111111111111,0.831372549019608,1.0300714793072276
Neto,Bournemouth,GKP,4.5,40,8.88888888888889,0.0,0.3333333333333333,0.5118734243187191
