Web name,Team,Position,Cost,Total_Points,Points_per_Million,xGI_per90,Base_Form_Value,Tuned_Score
Haaland,Man City,FWD,14.4,197,13.680555555555555,0.2950269374222959,0.4361111111111111,1.2361111111111112
Thiago,Brentford,FWD,6.0,153,25.5,0.075,0.7533333333333333,1.0788929460052272
João Pedro,Chelsea,FWD,7.8,164,21.025641025641026,0.06749024707412224,0.6820512820512821,1.0233148406694832
