Web name,Team,Position,Cost,Total_Points,Points_per_Million,xGI_per90,Base_Form_Value,Tuned_Score
Raya,Arsenal,GKP,5.5,147,26.727272727272727,0.0005714285714285715,0.8290909090909092,1.329090909090909
Martinez,Aston Villa,GKP,5.0,146,29.2,0.0002553916004540295,0.152,0.35574709298064805
