Web name,Team,Position,Cost,Total_Points,Points_per_Million,xGI_per90,Base_Form_Value,Tuned_Score
Haaland,Man City,FWD,14.2,153,10.774647887323944,0.3461984536082474,0.6225352112676057,1.4225352112676055
Ekitiké,Liverpool,FWD,8.8,82,9.318181818181817,0.13786127167630058,0.7545454545454543,1.1873299501711114
João Pedro,Chelsea,FWD,7.8,80,10.256410256410257,0.10599435825105782,0.8205128205128206,1.1779120108319179
Woltemade,Newcastle,FWD,7.0,71,10.142857142857142,0.02168674698795181,0.8914285714285715,1.0750303656500189
