Web name,Team,Position,Cost,Total_Points,Points_per_Million,xGI_per90,Base_Form_Value,Tuned_Score
João Pedro,Chelsea,FWD,7.8,114,14.615384615384615,0.08723157283807312,1.035897435897436,1.5260231952805383
Haaland,Man City,FWD,14.2,166,11.690140845070424,0.28013555787278416,0.31830985915492965,1.1047969837474851
Watkins,Aston Villa,FWD,8.8,91,10.34090909090909,0.0672027570361861,0.35,0.6359783225532896
