Web name,Team,Position,Cost,Total_Points,Points_per_Million,xGI_per90,Base_Form_Value,Tuned_Score
Roefs,Sunderland,GKP,4.5,27,6.0,0.0,1.2266666666666668,1.5114354909902223
Pope,Newcastle,GKP,5.0,26,5.2,0.0,1.104,1.4789441573592355
Vicario,Spurs,GKP,5.0,30,6.0,0.002,1.28,1.476791988726637
Raya,Arsenal,GKP,5.5,24,4.363636363636363,0.005,0.9600000000000001,1.46
