Web name,Team,Position,Cost,Total_Points,Points_per_Million,xGI_per90,Base_Form_Value,Tuned_Score
Raya,Arsenal,GKP,5.5,115,20.90909090909091,0.0006896551724137932,0.9163636363636365,1.4163636363636365
Roefs,Sunderland,GKP,4.5,110,24.444444444444443,0.0,0.8266666666666667,1.0542827226047575
Martinez,Aston Villa,GKP,5.0,135,27.0,0.0002981119576018549,0.4159999999999999,0.6446910496103806
