Web name,Team,Position,Cost,Total_Points,Points_per_Million,xGI_per90,Base_Form_Value,Tuned_Score
J.Timber,Arsenal,DEF,5.7,109,19.12280701754386,0.06871023713128976,1.2771929824561403,1.7771929824561403
Gabriel,Arsenal,DEF,6.1,120,19.672131147540984,0.0192619926199262,1.140983606557377,1.640983606557377
Mukiele,Sunderland,DEF,4.0,98,24.5,0.006,1.31,1.5404094699101885
Chalobah,Chelsea,DEF,5.1,110,21.568627450980394,0.05360655737704919,1.003921568627451,1.1585837638042085
Thiaw,Newcastle,DEF,4.9,84,17.142857142857142,0.0,0.7836734693877551,0.9939499936888507
Cash,Aston Villa,DEF,4.5,89,19.77777777777778,0.02369693713057496,0.5777777777777777,0.7554961559055393
Rúben,Man City,DEF,5.5,95,17.272727272727273,0.00527859237536657,0.5018181818181818,0.7182106486331471
Matheus N.,Man City,DEF,5.3,94,17.735849056603776,0.001142857142857143,0.46037735849056605,0.6767698253055313
James,Chelsea,DEF,5.4,103,19.074074074074073,0.021081985499163413,0.2518518518518518,0.4065140470286094
