Web name,Team,Position,Cost,Total_Points,Points_per_Million,xGI_per90,Base_Form_Value,Tuned_Score
Raya,Arsenal,GKP,6.0,162,27.0,0.001081081081081081,0.8866666666666667,1.3866666666666667
Donnarumma,Man City,GKP,5.7,135,23.684210526315788,0.0,0.687719298245614,0.9328440699036056
Roefs,Sunderland,GKP,4.8,136,28.333333333333336,0.0008571428571428571,0.7000000000000001,0.9030870356365218
Martinez,Aston Villa,GKP,5.0,171,34.2,0.0006643700787401574,0.5599999999999999,0.7397100393486481
