Web name,Team,Position,Cost,Total_Points,Points_per_Million,xGI_per90,Base_Form_Value,Tuned_Score
Raya,Arsenal,GKP,5.5,109,19.818181818181817,0.0007407407407407407,0.8436363636363636,1.3436363636363637
Roefs,Sunderland,GKP,4.5,107,23.77777777777778,0.0,0.88,1.1156060463624917
Martinez,Aston Villa,GKP,5.0,131,26.2,0.0003170130327580134,0.756,0.9828564318335105
