Web name,Team,Position,Cost,Total_Points,Points_per_Million,xGI_per90,Base_Form_Value,Tuned_Score
Roefs,Sunderland,GKP,4.5,80,17.77777777777778,0.0,1.0933333333333333,1.3313575590210593
Raya,Arsenal,GKP,5.5,75,13.636363636363637,0.0011764705882352942,0.7127272727272728,1.2127272727272729
