Web name,Team,Position,Cost,Total_Points,Points_per_Million,xGI_per90,Base_Form_Value,Tuned_Score
Gabriel,Arsenal,DEF,6.3,209,33.17460317460318,0.04941818181818181,0.6222222222222222,1.1222222222222222
Saliba,Arsenal,DEF,6.0,137,22.833333333333332,0.018247895944912013,0.5733333333333334,1.0733333333333333
Mukiele,Sunderland,DEF,4.2,151,35.95238095238095,0.0449353448275862,0.8476190476190475,1.0507060832555692
Van Hecke,Brighton,DEF,4.5,148,32.888888888888886,0.056915887850467285,0.8444444444444446,1.0491103931403811
Virgil,Liverpool,DEF,6.0,175,29.166666666666668,0.02236842105263158,0.6933333333333334,0.845412346308442
Matheus N.,Man City,DEF,5.3,154,29.056603773584907,0.03208668297797973,0.5660377358490566,0.8111625075070483
J.Timber,Arsenal,DEF,6.4,149,23.28125,0.1317699836867863,0.1375,0.6375
Chalobah,Chelsea,DEF,5.2,136,26.153846153846153,0.04856115107913669,0.4923076923076923,0.6147065206857194
James,Chelsea,DEF,5.6,138,24.642857142857146,0.07763578274760384,0.25357142857142856,0.37597025694945563
