Web name,Team,Position,Cost,Total_Points,Points_per_Million,xGI_per90,Base_Form_Value,Tuned_Score
Raya,Arsenal,GKP,5.5,109,19.818181818181817,0.0007407407407407407,0.9381818181818182,1.4381818181818182
Roefs,Sunderland,GKP,4.5,107,23.77777777777778,0.0,0.8266666666666667,1.0622727130291585
Martinez,Aston Villa,GKP,5.0,131,26.2,0.0003170130327580134,0.5959999999999999,0.8228564318335103
