Web name,Team,Position,Cost,Total_Points,Points_per_Million,xGI_per90,Base_Form_Value,Tuned_Score
Haaland,Man City,FWD,14.2,122,8.591549295774648,0.4191107644305772,0.4281690140845071,1.2281690140845072
João Pedro,Chelsea,FWD,7.8,64,8.205128205128206,0.1273728813559322,0.712820512820513,1.1318824248858381
