Web name,Team,Position,Cost,Total_Points,Points_per_Million,xGI_per90,Base_Form_Value,Tuned_Score
Haaland,Man City,FWD,14.2,85,5.985915492957747,0.6950840879689522,0.5549295774647888,1.2440539407964262
João Pedro,Chelsea,FWD,7.8,52,6.666666666666667,0.17744982290436834,0.7897435897435898,1.1970736775207544
