Web name,Team,Position,Cost,Total_Points,Points_per_Million,xGI_per90,Base_Form_Value,Tuned_Score
Raya,Arsenal,GKP,5.5,130,23.636363636363637,0.000625,0.8290909090909092,1.329090909090909
Roefs,Sunderland,GKP,4.5,121,26.88888888888889,0.0,0.8533333333333334,1.090390207765224
