Web name,Team,Position,Cost,Total_Points,Points_per_Million,xGI_per90,Base_Form_Value,Tuned_Score
Caicedo,Chelsea,MID,5.6,33,5.892857142857143,0.11399999999999999,1.2785714285714287,1.6603645842601393
Enzo,Chelsea,MID,6.7,30,4.477611940298507,0.48287671232876717,1.0567164179104478,1.5661026072606166
Zubimendi,Arsenal,MID,5.4,27,5.0,0.057999999999999996,1.096296296296296,1.434983614272563
Gravenberch,Liverpool,MID,5.5,27,4.909090909090909,0.0725,0.88,1.2550774706867671
Gakpo,Liverpool,MID,7.7,25,3.2467532467532467,0.2914285714285714,0.6649350649350649,1.1157390850355675
Reijnders,Man City,MID,5.7,26,4.56140350877193,0.186,0.7087719298245614,1.0433867997157689
Kudus,Spurs,MID,6.6,25,3.787878787878788,0.2849658314350797,0.6181818181818183,1.0155480274894395
M.Salah,Liverpool,MID,14.5,30,2.0689655172413794,0.32,0.40551724137931033,0.8662040085484896
