Web name,Team,Position,Cost,Total_Points,Points_per_Million,xGI_per90,Base_Form_Value,Tuned_Score
Roefs,Sunderland,GKP,4.5,95,21.11111111111111,0.0,1.1466666666666667,1.3857027047450594
Raya,Arsenal,GKP,5.5,80,14.545454545454545,0.001,0.6036363636363636,1.1036363636363635
