Web name,Team,Position,Cost,Total_Points,Points_per_Million,xGI_per90,Base_Form_Value,Tuned_Score
Thiago,Brentford,FWD,6.0,77,12.833333333333334,0.11444141689373297,0.9400000000000001,1.32498450215017
Haaland,Man City,FWD,14.2,106,7.464788732394367,0.47802491103202843,0.4197183098591549,1.219718309859155
João Pedro,Chelsea,FWD,7.8,60,7.6923076923076925,0.1497011952191235,0.8205128205128206,1.2048002624066836
