Web name,Team,Position,Cost,Total_Points,Points_per_Million,xGI_per90,Base_Form_Value,Tuned_Score
João Pedro,Chelsea,FWD,7.7,160,20.77922077922078,0.0630841121495327,1.1688311688311688,1.619582875856845
Haaland,Man City,FWD,14.1,195,13.829787234042554,0.16117089969866552,0.43120567375886526,1.2312056737588652
Ekitiké,Liverpool,FWD,8.8,123,13.977272727272727,0.07295918367346937,0.6454545454545454,1.1105064724040985
