Web name,Team,Position,Cost,Total_Points,Points_per_Million,xGI_per90,Base_Form_Value,Tuned_Score
J.Timber,Arsenal,DEF,5.7,115,20.175438596491226,0.06223153483499214,1.2140350877192982,1.7140350877192982
Gabriel,Arsenal,DEF,6.1,129,21.147540983606557,0.017003257328990225,1.0032786885245903,1.5032786885245903
Senesi,Bournemouth,DEF,4.7,102,21.70212765957447,0.011538461538461537,1.276595744680851,1.3873311982505316
Chalobah,Chelsea,DEF,5.1,117,22.941176470588236,0.04880597014925374,1.1450980392156864,1.2985835358879425
Mukiele,Sunderland,DEF,4.0,102,25.5,0.005738575982996812,0.98,1.213185239520131
Cash,Aston Villa,DEF,4.5,95,21.11111111111111,0.022603792926704256,0.711111111111111,0.9179259001536682
Matheus N.,Man City,DEF,5.3,105,19.81132075471698,0.001081081081081081,0.369811320754717,0.6150294985686087
Rúben,Man City,DEF,5.5,95,17.272727272727273,0.00527859237536657,0.3054545454545455,0.5506727232684372
James,Chelsea,DEF,5.4,110,20.37037037037037,0.02008501594048884,0.2518518518518518,0.40533734852410797
