Web name,Team,Position,Cost,Total_Points,Points_per_Million,xGI_per90,Base_Form_Value,Tuned_Score
Roefs,Sunderland,GKP,4.5,54,12.0,0.0,1.2266666666666666,1.464282448946275
Raya,Arsenal,GKP,5.5,52,9.454545454545455,0.002,0.9090909090909091,1.4090909090909092
Pope,Newcastle,GKP,5.0,49,9.8,0.0,0.8640000000000001,1.1174685353329818
Vicario,Spurs,GKP,5.1,46,9.019607843137255,0.001,0.9019607843137255,1.0755360923412778
