Web name,Team,Position,Cost,Total_Points,Points_per_Million,xGI_per90,Base_Form_Value,Tuned_Score
João Pedro,Chelsea,FWD,7.8,35,4.487179487179487,0.3578571428571428,1.0666666666666667,1.5328090685865332
Haaland,Man City,FWD,14.2,46,3.23943661971831,1.3009685230024213,0.6140845070422535,1.3343626935163757
Ekitiké,Liverpool,FWD,8.8,32,3.6363636363636362,0.392054794520548,0.6318181818181817,1.1174284248139825
Richarlison,Spurs,FWD,6.7,29,4.3283582089552235,0.26195965417867434,0.6567164179104478,1.0461248791385922
Isidor,Sunderland,FWD,5.5,25,4.545454545454546,0.1493617021276596,0.8145454545454546,1.03820506881656
