Web name,Team,Position,Cost,Total_Points,Points_per_Million,xGI_per90,Base_Form_Value,Tuned_Score
Roefs,Sunderland,GKP,4.5,93,20.666666666666668,0.0,1.3333333333333333,1.6014716786308505
Raya,Arsenal,GKP,5.5,80,14.545454545454545,0.001,0.6472727272727273,1.1472727272727274
