Web name,Team,Position,Cost,Total_Points,Points_per_Million,xGI_per90,Base_Form_Value,Tuned_Score
Roefs,Sunderland,GKP,4.5,52,11.555555555555555,0.0,1.1733333333333331,1.4337621512135188
Raya,Arsenal,GKP,5.5,52,9.454545454545455,0.002,0.9090909090909091,1.4090909090909092
Pope,Newcastle,GKP,5.0,46,9.2,0.0,0.792,1.0955099431966882
Vicario,Spurs,GKP,5.1,46,9.019607843137255,0.001,0.9019607843137255,1.078039974319236
