Web name,Team,Position,Cost,Total_Points,Points_per_Million,xGI_per90,Base_Form_Value,Tuned_Score
Raya,Arsenal,GKP,5.5,55,10.0,0.0016666666666666668,0.6690909090909091,1.169090909090909
Roefs,Sunderland,GKP,4.5,60,13.333333333333334,0.0,0.88,1.1149751500736038
Pope,Newcastle,GKP,5.0,55,11.0,0.0,0.744,0.9717609399473293
