Web name,Team,Position,Cost,Total_Points,Points_per_Million,xGI_per90,Base_Form_Value,Tuned_Score
Raya,Arsenal,GKP,5.5,147,26.727272727272727,0.0005714285714285715,0.8290909090909092,1.329090909090909
Roefs,Sunderland,GKP,4.5,131,29.11111111111111,0.0,1.0666666666666669,1.268843988670637
