Web name,Team,Position,Cost,Total_Points,Points_per_Million,xGI_per90,Base_Form_Value,Tuned_Score
J.Timber,Arsenal,DEF,5.6,135,24.107142857142858,0.03870967741935484,1.1571428571428573,1.6571428571428573
Gabriel,Arsenal,DEF,6.1,153,25.081967213114755,0.0036272040302267002,0.9377049180327869,1.4377049180327868
Ballard,Sunderland,DEF,4.6,105,22.826086956521742,0.017504051863857374,1.0956521739130438,1.3232682298511347
Virgil,Liverpool,DEF,6.0,129,21.5,0.0075,1.0933333333333333,1.2711637596487502
Konaté,Liverpool,DEF,5.5,109,19.818181818181817,0.0003869303525365434,0.7781818181818181,0.956012244497235
Van Hecke,Brighton,DEF,4.5,105,23.333333333333332,0.017142857142857144,0.6488888888888888,0.8496667336345317
Mukiele,Sunderland,DEF,4.0,115,28.75,0.002912621359223301,0.5900000000000001,0.817616055938091
Rúben,Man City,DEF,5.5,111,20.181818181818183,0.004134762633996938,0.5454545454545454,0.8044095106814688
Matheus N.,Man City,DEF,5.4,125,23.148148148148145,0.0008637236084452976,0.5185185185185185,0.7774734837454419
