Web name,Team,Position,Cost,Total_Points,Points_per_Million,xGI_per90,Base_Form_Value,Tuned_Score
Roefs,Sunderland,GKP,4.5,95,21.11111111111111,0.0,1.1466666666666667,1.3859397765015564
Raya,Arsenal,GKP,5.5,86,15.636363636363637,0.0009523809523809524,0.7345454545454545,1.2345454545454544
