Web name,Team,Position,Cost,Total_Points,Points_per_Million,xGI_per90,Base_Form_Value,Tuned_Score
Haaland,Man City,FWD,14.2,151,10.63380281690141,0.36751025991792063,0.6225352112676057,1.4225352112676055
Woltemade,Newcastle,FWD,7.0,69,9.857142857142858,0.02301369863013699,0.9771428571428571,1.1450697462098194
Ekitiké,Liverpool,FWD,8.8,77,8.75,0.15015739769150055,0.7,1.0824580506142354
João Pedro,Chelsea,FWD,7.8,72,9.230769230769232,0.11133333333333333,0.712820512820513,1.0686662733127297
