Web name,Team,Position,Cost,Total_Points,Points_per_Million,xGI_per90,Base_Form_Value,Tuned_Score
João Pedro,Chelsea,FWD,7.7,162,21.038961038961038,0.06053811659192825,1.0753246753246752,1.5167609824658776
Haaland,Man City,FWD,14.1,197,13.97163120567376,0.15515955242436802,0.3546099290780142,1.1546099290780143
Ekitiké,Liverpool,FWD,8.8,124,14.09090909090909,0.07189944134078212,0.6318181818181818,1.0681080009105377
