Web name,Team,Position,Cost,Total_Points,Points_per_Million,xGI_per90,Base_Form_Value,Tuned_Score
Raya,Arsenal,GKP,5.5,131,23.818181818181817,0.0006060606060606061,0.6327272727272728,1.1327272727272728
Martinez,Aston Villa,GKP,5.0,143,28.6,0.000262085032032615,0.13999999999999999,0.3440797407323928
