Web name,Team,Position,Cost,Total_Points,Points_per_Million,xGI_per90,Base_Form_Value,Tuned_Score
Raya,Arsenal,GKP,5.5,106,19.272727272727273,0.0008,0.9090909090909091,1.4090909090909092
Roefs,Sunderland,GKP,4.5,105,23.333333333333332,0.0,0.88,1.0983021509330555
Kelleher,Brentford,GKP,4.5,94,20.88888888888889,0.0004,0.9333333333333333,1.0647580562933752
Martinez,Aston Villa,GKP,5.0,120,24.0,0.0003384731101918014,0.648,0.8480067133786062
