Web name,Team,Position,Cost,Total_Points,Points_per_Million,xGI_per90,Base_Form_Value,Tuned_Score
João Pedro,Chelsea,FWD,7.8,104,13.333333333333334,0.08957091775923717,0.8974358974358975,1.285102622219503
Haaland,Man City,FWD,14.2,166,11.690140845070424,0.28013555787278416,0.3352112676056338,1.1352112676056336
Watkins,Aston Villa,FWD,8.8,91,10.34090909090909,0.0672027570361861,0.4181818181818181,0.696675329308569
