Web name,Team,Position,Cost,Total_Points,Points_per_Million,xGI_per90,Base_Form_Value,Tuned_Score
Foden,Man City,MID,8.0,93,11.625,0.03490494296577947,0.8899999999999999,1.2853705791313983
Gravenberch,Liverpool,MID,5.5,84,15.272727272727273,0.0184975194897236,0.9018181818181819,1.1794497935296282
B.Fernandes,Man Utd,MID,9.0,99,11.0,0.17206779661016947,0.6888888888888889,1.1385766338333214
Enzo,Chelsea,MID,6.7,71,10.597014925373134,0.14526098901098902,0.698507462686567,1.1069466956684895
Rice,Arsenal,MID,6.5,102,15.692307692307692,0.04930693069306931,0.7261538461538463,1.0267215996308936
Mbeumo,Man Utd,MID,8.1,74,9.135802469135802,0.18896797153024913,0.4098765432098766,0.8815316847003425
Bruno G.,Newcastle,MID,6.5,86,13.23076923076923,0.028600405679513184,0.6338461538461538,0.8264345462998486
Xhaka,Sunderland,MID,5.0,71,14.2,0.021428571428571425,0.632,0.7396641463907352
Saka,Arsenal,MID,9.8,85,8.673469387755102,0.02762520193861066,0.4612244897959183,0.7336096276725302
