Web name,Team,Position,Cost,Total_Points,Points_per_Million,xGI_per90,Base_Form_Value,Tuned_Score
Haaland,Man City,FWD,14.2,70,4.929577464788733,0.906070826306914,0.6901408450704226,1.4378884294225238
João Pedro,Chelsea,FWD,7.8,39,5.0,0.25780445969125215,0.8666666666666667,1.2706658340594432
Ekitiké,Liverpool,FWD,8.8,33,3.7499999999999996,0.37559055118110235,0.37272727272727274,0.8292114124310918
Richarlison,Spurs,FWD,6.7,32,4.776119402985074,0.20066225165562915,0.4059701492537313,0.7535153646780102
