Web name,Team,Position,Cost,Total_Points,Points_per_Million,xGI_per90,Base_Form_Value,Tuned_Score
João Pedro,Chelsea,FWD,7.8,92,11.794871794871796,0.09429109159347553,0.8358974358974358,1.2491266461428991
Haaland,Man City,FWD,14.2,165,11.619718309859156,0.2826407154129405,0.3436619718309859,1.1436619718309857
Ekitiké,Liverpool,FWD,8.8,86,9.772727272727272,0.11748768472906404,0.3181818181818181,0.7516337565076611
