Web name,Team,Position,Cost,Total_Points,Points_per_Million,xGI_per90,Base_Form_Value,Tuned_Score
Roefs,Sunderland,GKP,4.5,83,18.444444444444443,0.0,1.1733333333333331,1.4126379726089047
Raya,Arsenal,GKP,5.5,77,14.0,0.0011111111111111111,0.7563636363636363,1.2563636363636363
Martinez,Aston Villa,GKP,5.0,74,14.8,0.0006232686980609418,0.492,0.6749347613539278
