Web name,Team,Position,Cost,Total_Points,Points_per_Million,xGI_per90,Base_Form_Value,Tuned_Score
João Pedro,Chelsea,FWD,7.7,166,21.558441558441558,0.05653266331658291,0.8415584415584416,1.2818505826062283
Haaland,Man City,FWD,14.1,205,14.539007092198583,0.14438873891245663,0.3290780141843972,1.129078014184397
Ekitiké,Liverpool,FWD,8.8,125,14.204545454545453,0.07161936560934892,0.3863636363636363,0.8341414228963083
