Web name,Team,Position,Cost,Total_Points,Points_per_Million,xGI_per90,Base_Form_Value,Tuned_Score
Haaland,Man City,FWD,15.1,239,15.827814569536423,0.521469691838808,0.4635761589403974,1.2635761589403973
Watkins,Aston Villa,FWD,8.5,167,19.647058823529413,0.1737733851041299,0.8094117647058824,1.079750854461207
João Pedro,Chelsea,FWD,7.2,177,24.583333333333332,0.20688487584650112,0.3166666666666667,0.7250502018292024
