Web name,Team,Position,Cost,Total_Points,Points_per_Million,xGI_per90,Base_Form_Value,Tuned_Score
Haaland,Man City,FWD,14.1,230,16.31205673758865,0.1307719175689836,0.5078014184397164,1.3078014184397162
João Pedro,Chelsea,FWD,7.7,176,22.857142857142858,0.052570093457943924,0.638961038961039,1.0526538782875028
Watkins,Aston Villa,FWD,8.9,139,15.617977528089886,0.042744063324538256,0.49438202247191004,0.8117951379376234
