Web name,Team,Position,Cost,Total_Points,Points_per_Million,xGI_per90,Base_Form_Value,Tuned_Score
Haaland,Man City,FWD,14.9,239,16.040268456375838,0.6665424991534034,0.34630872483221475,1.1463087248322146
João Pedro,Chelsea,FWD,7.6,177,23.289473684210527,0.3132054176072235,0.6736842105263159,1.1152720727702392
Watkins,Aston Villa,FWD,8.7,167,19.195402298850578,0.330074126367808,0.6896551724137931,1.0331901546676872
