Web name,Team,Position,Cost,Total_Points,Points_per_Million,xGI_per90,Base_Form_Value,Tuned_Score
Roefs,Sunderland,GKP,4.5,48,10.666666666666666,0.0,1.3866666666666667,1.6794766064196045
Pope,Newcastle,GKP,5.0,43,8.6,0.0,1.056,1.4197036240226475
Raya,Arsenal,GKP,5.5,40,7.2727272727272725,0.0025,0.8218181818181819,1.3218181818181818
Vicario,Spurs,GKP,5.1,36,7.058823529411765,0.00125,0.8784313725490197,1.0744308974008543
