Web name,Team,Position,Cost,Total_Points,Points_per_Million,xGI_per90,Base_Form_Value,Tuned_Score
Haaland,Man City,FWD,14.1,219,15.53191489361702,0.13501622791200865,0.41418439716312055,1.2141843971631205
João Pedro,Chelsea,FWD,7.7,174,22.597402597402596,0.05447941888619855,0.638961038961039,1.0749062100649638
