Web name,Team,Position,Cost,Total_Points,Points_per_Million,xGI_per90,Base_Form_Value,Tuned_Score
Raya,Arsenal,GKP,5.5,64,11.636363636363637,0.0014285714285714286,0.7345454545454545,1.2345454545454544
Roefs,Sunderland,GKP,4.5,63,14.0,0.0,0.8533333333333333,1.0897943282791533
