Web name,Team,Position,Cost,Total_Points,Points_per_Million,xGI_per90,Base_Form_Value,Tuned_Score
Haaland,Man City,FWD,14.1,212,15.035460992907801,0.1395452851285874,0.3716312056737589,1.171631205673759
João Pedro,Chelsea,FWD,7.7,166,21.558441558441558,0.05653266331658291,0.5454545454545454,0.9844534084079416
Ekitiké,Liverpool,FWD,8.8,125,14.204545454545453,0.07161936560934892,0.35909090909090907,0.8087575093384621
Watkins,Aston Villa,FWD,8.9,127,14.269662921348313,0.04621026894865526,0.45393258426966293,0.746038273593022
