Web name,Team,Position,Cost,Total_Points,Points_per_Million,xGI_per90,Base_Form_Value,Tuned_Score
Haaland,Man City,FWD,14.2,62,4.366197183098592,1.0681908548707755,0.6225352112676057,1.3340481531968582
João Pedro,Chelsea,FWD,7.8,39,5.0,0.25780445969125215,0.8666666666666667,1.2516577614485789
Ekitiké,Liverpool,FWD,8.8,33,3.7499999999999996,0.37559055118110235,0.37272727272727274,0.8014258514943327
Richarlison,Spurs,FWD,6.7,32,4.776119402985074,0.20066225165562915,0.4059701492537313,0.7390637108729603
