Web name,Team,Position,Cost,Total_Points,Points_per_Million,xGI_per90,Base_Form_Value,Tuned_Score
Vicario,Spurs,GKP,5.0,29,5.8,0.0025,1.4300000000000002,1.856254903394953
Roefs,Sunderland,GKP,4.5,27,6.0,0.0,1.4066666666666667,1.713805232494271
Pope,Newcastle,GKP,5.0,26,5.2,0.0,1.2600000000000002,1.6613850518139273
Raya,Arsenal,GKP,5.5,24,4.363636363636363,0.005,1.0909090909090908,1.5909090909090908
Sánchez,Chelsea,GKP,5.0,19,3.8,0.0,1.0260000000000002,1.2953263667953057
