Web name,Position,Team,Cost,Selected,Form,Status,Minutes,Goals,Assist,Saves,GC,Season Goals,Season Assists,xA,xG,xGI,xGC,CS,OGs,Pens Missed,Pens Saved,Yellow cards,Red cards,Starts,Was home,Team H Score,Team A Score,Opponent Team,Influence,Creativity,Threat,ICT Index,Bps,Bonus,GW Points,Transfers In,Transfers Out,Next Fixture
Raya,GKP,Arsenal,6.0,41.5,5.8,a,0,0,0,0,0,0,0,0.01,0.00,0.01,2.72,0,0,0,0,0,0,0,False,,,Brighton,0.0,0.0,0.0,0.0,0,0,0,279598,67028,Brighton (Home)
Arrizabalaga,GKP,Arsenal,4.9,0.1,0.0,a,0,0,0,0,0,0,0,0.00,0.00,0.00,0.00,0,0,0,0,0,0,0,False,,,Brighton,0.0,0.0,0.0,0.0,0,0,0,181,559,Brighton (Home)
Meslier,GKP,Arsenal,4.9,0.0,0.0,a,0,0,0,0,0,0,0,0.00,0.00,0.00,0.00,0,0,0,0,0,0,0,False,,,Brighton,0.0,0.0,0.0,0.0,0,0,0,86,201,Brighton (Home)
Gabriel,DEF,Arsenal,8.0,23.1,4.8,a,0,0,0,0,0,0,0,0.06,0.51,0.57,2.72,0,0,0,0,0,0,0,False,,,Brighton,0.0,0.0,0.0,0.0,0,0,0,48033,118812,Brighton (Home)
J.Timber,DEF,Arsenal,6.5,0.3,0.2,a,0,0,0,0,0,0,0,0.01,0.00,0.01,1.57,0,0,0,0,0,0,0,False,,,Brighton,0.0,0.0,0.0,0.0,0,0,0,20088,3818,Brighton (Home)
Saliba,DEF,Arsenal,5.9,0.2,0.0,i,0,0,0,0,0,0,0,0.00,0.00,0.00,0.00,0,0,0,0,0,0,0,False,,,Brighton,0.0,0.0,0.0,0.0,0,0,0,399,2004,Brighton (Home)
Lewis-Skelly,MID,Arsenal,5.5,0.6,1.8,a,0,0,0,0,0,0,0,0.23,0.16,0.39,1.02,0,0,0,0,0,0,0,False,,,Brighton,0.0,0.0,0.0,0.0,0,0,0,3227,11143,Brighton (Home)
Calafiori,DEF,Arsenal,5.8,50.7,5.6,a,0,0,0,0,0,0,2,0.59,0.60,1.19,2.45,0,0,0,0,0,0,0,False,,,Brighton,0.0,0.0,0.0,0.0,0,0,0,266900,83603,Brighton (Home)
Hincapie,DEF,Arsenal,5.3,0.9,0.4,a,0,0,0,0,0,0,0,0.00,0.00,0.00,0.28,0,0,0,0,0,0,0,False,,,Brighton,0.0,0.0,0.0,0.0,0,0,0,2559,15648,Brighton (Home)
White,DEF,Arsenal,5.5,5.5,4.2,a,0,0,0,0,0,0,1,0.29,0.18,0.47,1.15,0,0,0,0,0,0,0,False,,,Brighton,0.0,0.0,0.0,0.0,0,0,0,21167,239394,Brighton (Home)
Mosquera,DEF,Arsenal,5.3,1.7,2.4,a,0,0,0,0,0,0,0,0.01,0.00,0.01,0.53,0,0,0,0,0,0,0,False,,,Brighton,0.0,0.0,0.0,0.0,0,0,0,476,81877,Brighton (Home)
Saka,MID,Arsenal,9.5,13.1,6.0,a,0,0,0,0,0,3,0,0.43,2.88,3.31,2.58,0,0,0,0,0,0,0,False,,,Brighton,0.0,0.0,0.0,0.0,0,0,0,221246,64929,Brighton (Home)
Rice,MID,Arsenal,7.4,12.4,3.8,a,0,0,0,0,0,0,2,0.63,0.10,0.73,2.19,0,0,0,0,0,0,0,False,,,Brighton,0.0,0.0,0.0,0.0,0,0,0,28685,83505,Brighton (Home)
Eze,MID,Arsenal,6.3,1.0,0.6,a,0,0,0,0,0,0,0,0.07,0.04,0.11,0.79,0,0,0,0,0,0,0,False,,,Brighton,0.0,0.0,0.0,0.0,0,0,0,3026,18041,Brighton (Home)
Ødegaard,MID,Arsenal,6.8,20.1,5.4,a,0,0,0,0,0,2,0,1.30,1.01,2.31,2.46,0,0,0,0,0,0,0,False,,,Brighton,0.0,0.0,0.0,0.0,0,0,0,326276,132028,Brighton (Home)
Madueke,MID,Arsenal,6.2,0.2,0.4,a,0,0,0,0,0,0,0,0.05,0.00,0.05,0.15,0,0,0,0,0,0,0,False,,,Brighton,0.0,0.0,0.0,0.0,0,0,0,1193,3636,Brighton (Home)
Merino,MID,Arsenal,5.8,0.4,0.6,a,0,0,0,0,0,0,0,0.02,0.14,0.16,0.26,0,0,0,0,0,0,0,False,,,Brighton,0.0,0.0,0.0,0.0,0,0,0,1345,6314,Brighton (Home)
Martinelli,MID,Arsenal,6.3,0.1,0.0,u,0,0,0,0,0,0,0,0.00,0.00,0.00,0.00,0,0,0,0,0,0,0,False,,,Brighton,0.0,0.0,0.0,0.0,0,0,0,0,1499,Brighton (Home)
Zubimendi,MID,Arsenal,5.3,0.6,0.8,a,0,0,0,0,0,0,0,0.04,0.08,0.12,0.68,0,0,0,0,0,0,0,False,,,Brighton,0.0,0.0,0.0,0.0,0,0,0,1444,9362,Brighton (Home)
Dowman,MID,Arsenal,5.3,0.1,0.0,a,0,0,0,0,0,0,0,0.00,0.00,0.00,0.00,0,0,0,0,0,0,0,False,,,Brighton,0.0,0.0,0.0,0.0,0,0,0,878,1050,Brighton (Home)
Nwaneri,MID,Arsenal,5.4,0.0,0.0,u,0,0,0,0,0,0,0,0.00,0.00,0.00,0.00,0,0,0,0,0,0,0,False,,,Brighton,0.0,0.0,0.0,0.0,0,0,0,0,116,Brighton (Home)
Fábio Vieira,MID,Arsenal,5.5,0.0,0.0,u,0,0,0,0,0,0,0,0.00,0.00,0.00,0.00,0,0,0,0,0,0,0,False,,,Brighton,0.0,0.0,0.0,0.0,0,0,0,0,88,Brighton (Home)
Nelson,MID,Arsenal,5.5,0.0,0.0,u,0,0,0,0,0,0,0,0.00,0.00,0.00,0.00,0,0,0,0,0,0,0,False,,,Brighton,0.0,0.0,0.0,0.0,0,0,0,0,66,Brighton (Home)
Gyökeres,FWD,Arsenal,7.2,3.2,0.2,a,0,0,0,0,0,0,0,0.00,0.00,0.00,0.11,0,0,0,0,0,0,0,False,,,Brighton,0.0,0.0,0.0,0.0,0,0,0,5156,57026,Brighton (Home)
Havertz,FWD,Arsenal,7.6,8.5,3.4,a,0,0,0,0,0,2,0,0.35,0.89,1.24,2.60,0,0,0,0,0,0,0,False,,,Brighton,0.0,0.0,0.0,0.0,0,0,0,147342,102971,Brighton (Home)
G.Jesus,FWD,Arsenal,5.9,0.2,0.0,u,0,0,0,0,0,0,0,0.00,0.00,0.00,0.00,0,0,0,0,0,0,0,False,,,Brighton,0.0,0.0,0.0,0.0,0,0,0,0,2292,Brighton (Home)
Konsa,DEF,Arsenal,4.6,19.4,2.2,a,0,0,0,0,0,0,0,0.01,0.00,0.01,2.19,0,0,0,0,0,0,0,False,,,Brighton,0.0,0.0,0.0,0.0,0,0,0,343094,65530,Brighton (Home)
Bruno G.,MID,Arsenal,6.7,1.8,1.6,a,0,0,0,0,0,1,0,0.15,0.09,0.24,1.57,0,0,0,0,0,0,0,False,,,Brighton,0.0,0.0,0.0,0.0,0,0,0,16199,9883,Brighton (Home)
Tzolis,MID,Arsenal,6.4,13.4,2.8,a,0,0,0,0,0,0,2,0.48,0.19,0.67,1.96,0,0,0,0,0,0,0,False,,,Brighton,0.0,0.0,0.0,0.0,0,0,0,39605,302938,Brighton (Home)
M.Bizot,GKP,Aston Villa,4.5,0.1,0.2,i,0,0,0,0,0,0,0,0.00,0.00,0.00,3.77,0,0,0,0,0,0,0,False,,,Spurs,0.0,0.0,0.0,0.0,0,0,0,416,1492,Spurs (Home)
Digne,DEF,Aston Villa,4.5,0.1,0.0,u,0,0,0,0,0,0,0,0.00,0.00,0.00,0.00,0,0,0,0,0,0,0,False,,,Spurs,0.0,0.0,0.0,0.0,0,0,0,0,431,Spurs (Home)
Cash,DEF,Aston Villa,4.4,5.1,1.4,a,0,0,0,0,0,0,0,0.04,0.15,0.19,5.03,0,0,0,0,0,0,0,False,,,Spurs,0.0,0.0,0.0,0.0,0,0,0,5264,110692,Spurs (Home)
Mings,DEF,Aston Villa,4.5,0.4,1.4,a,0,0,0,0,0,0,0,0.02,0.20,0.22,2.87,0,0,0,0,0,0,0,False,,,Spurs,0.0,0.0,0.0,0.0,0,0,0,3533,5157,Spurs (Home)
Pau,DEF,Aston Villa,4.5,0.3,0.6,i,0,0,0,0,0,0,0,0.01,0.00,0.01,4.79,0,0,0,0,0,0,0,False,,,Spurs,0.0,0.0,0.0,0.0,0,0,0,237,9375,Spurs (Home)
Bogarde,MID,Aston Villa,5.0,0.1,0.2,a,0,0,0,0,0,0,0,0.00,0.00,0.00,0.22,0,0,0,0,0,0,0,False,,,Spurs,0.0,0.0,0.0,0.0,0,0,0,474,961,Spurs (Home)
Maatsen,DEF,Aston Villa,4.5,0.6,1.8,i,0,0,0,0,0,0,0,0.45,0.28,0.73,6.54,0,0,0,0,0,0,0,False,,,Spurs,0.0,0.0,0.0,0.0,0,0,0,548,31243,Spurs (Home)
Lindelöf,DEF,Aston Villa,4.5,0.3,1.4,a,0,0,0,0,0,0,0,0.17,0.44,0.61,7.66,0,0,0,0,0,0,0,False,,,Spurs,0.0,0.0,0.0,0.0,0,0,0,3502,3917,Spurs (Home)
A.García,DEF,Aston Villa,4.0,1.6,0.0,a,0,0,0,0,0,0,0,0.00,0.00,0.00,0.00,0,0,0,0,0,0,0,False,,,Spurs,0.0,0.0,0.0,0.0,0,0,0,7152,14173,Spurs (Home)
Nedeljkovic,DEF,Aston Villa,4.0,0.1,0.0,u,0,0,0,0,0,0,0,0.00,0.00,0.00,0.00,0,0,0,0,0,0,0,False,,,Spurs,0.0,0.0,0.0,0.0,0,0,0,0,1273,Spurs (Home)
Buendía,MID,Aston Villa,5.9,0.9,1.8,a,0,0,0,0,0,0,0,0.17,0.78,0.95,6.30,0,0,0,0,0,0,0,False,,,Spurs,0.0,0.0,0.0,0.0,0,0,0,6405,23281,Spurs (Home)
Bailey,MID,Aston Villa,5.4,0.1,0.0,u,0,0,0,0,0,0,0,0.00,0.00,0.00,0.00,0,0,0,0,0,0,0,False,,,Spurs,0.0,0.0,0.0,0.0,0,0,0,0,1648,Spurs (Home)
McGinn,MID,Aston Villa,5.4,2.2,2.2,a,0,0,0,0,0,0,1,0.20,0.77,0.97,7.51,0,0,0,0,0,0,0,False,,,Spurs,0.0,0.0,0.0,0.0,0,0,0,18814,24586,Spurs (Home)
Barkley,MID,Aston Villa,5.0,0.3,1.8,a,0,0,0,0,0,0,0,0.14,0.38,0.52,6.58,0,0,0,0,0,0,0,False,,,Spurs,0.0,0.0,0.0,0.0,0,0,0,2694,4004,Spurs (Home)
Kamara,MID,Aston Villa,5.0,0.3,1.8,a,0,0,0,0,0,0,0,0.15,0.00,0.15,7.66,0,0,0,0,0,0,0,False,,,Spurs,0.0,0.0,0.0,0.0,0,0,0,1988,4734,Spurs (Home)
Onana,MID,Aston Villa,4.9,0.0,0.0,i,0,0,0,0,0,0,0,0.00,0.00,0.00,0.00,0,0,0,0,0,0,0,False,,,Spurs,0.0,0.0,0.0,0.0,0,0,0,66,203,Spurs (Home)
Iling Jr,MID,Aston Villa,5.0,0.0,0.0,u,0,0,0,0,0,0,0,0.00,0.00,0.00,0.00,0,0,0,0,0,0,0,False,,,Spurs,0.0,0.0,0.0,0.0,0,0,0,0,20,Spurs (Home)
Burrowes,MID,Aston Villa,4.5,0.6,0.0,a,0,0,0,0,0,0,0,0.00,0.00,0.00,0.00,0,0,0,0,0,0,0,False,,,Spurs,0.0,0.0,0.0,0.0,0,0,0,1961,7230,Spurs (Home)
George Hemmings,MID,Aston Villa,4.5,1.2,1.6,a,0,0,0,0,0,0,0,0.16,0.07,0.23,5.39,0,0,0,0,0,0,0,False,,,Spurs,0.0,0.0,0.0,0.0,0,0,0,14076,17274,Spurs (Home)
Alysson,MID,Aston Villa,5.0,0.1,1.6,a,0,0,0,0,0,1,0,0.00,0.06,0.06,2.40,0,0,0,0,0,0,0,False,,,Spurs,0.0,0.0,0.0,0.0,0,0,0,1608,625,Spurs (Home)
Manzambi,MID,Aston Villa,5.9,0.1,0.2,a,0,0,0,0,0,0,0,0.08,0.00,0.08,0.86,0,0,0,0,0,0,0,False,,,Spurs,0.0,0.0,0.0,0.0,0,0,0,1843,990,Spurs (Home)
Gomes,MID,Aston Villa,5.5,0.0,-0.4,a,0,0,0,0,0,0,0,0.01,0.00,0.01,2.58,0,0,0,0,0,0,0,False,,,Spurs,0.0,0.0,0.0,0.0,0,0,0,464,327,Spurs (Home)
Watkins,FWD,Aston Villa,7.8,2.6,0.0,u,0,0,0,0,0,0,0,0.00,0.00,0.00,0.00,0,0,0,0,0,0,0,False,,,Spurs,0.0,0.0,0.0,0.0,0,0,0,0,35250,Spurs (Home)
Abraham,FWD,Aston Villa,5.5,0.2,0.6,a,0,0,0,0,0,0,0,0.00,0.00,0.00,2.26,0,0,0,0,0,0,0,False,,,Spurs,0.0,0.0,0.0,0.0,0,0,0,4340,2925,Spurs (Home)
Garnacho,MID,Aston Villa,5.8,0.3,0.6,a,0,0,0,0,0,0,0,0.00,0.00,0.00,0.49,0,0,0,0,0,0,0,False,,,Spurs,0.0,0.0,0.0,0.0,0,0,0,839,7041,Spurs (Home)
N.Jackson,FWD,Aston Villa,6.5,1.2,0.8,a,0,0,0,0,0,0,0,0.58,0.24,0.82,1.62,0,0,0,0,0,0,0,False,,,Spurs,0.0,0.0,0.0,0.0,0,0,0,18834,36139,Spurs (Home)
Madjo,FWD,Aston Villa,5.4,0.2,0.0,i,0,0,0,0,0,0,0,0.00,0.00,0.00,0.00,0,0,0,0,0,0,0,False,,,Spurs,0.0,0.0,0.0,0.0,0,0,0,268,4645,Spurs (Home)
Ruggeri,DEF,Aston Villa,4.5,0.1,0.4,a,0,0,0,0,0,0,0,0.01,0.00,0.01,0.49,0,0,0,0,0,0,0,False,,,Spurs,0.0,0.0,0.0,0.0,0,0,0,779,1174,Spurs (Home)
Suzuki,GKP,Aston Villa,5.0,1.8,2.8,a,0,0,0,0,0,0,0,0.01,0.00,0.01,3.89,0,0,0,0,0,0,0,False,,,Spurs,0.0,0.0,0.0,0.0,0,0,0,16586,18810,Spurs (Home)
Rowe,DEF,Aston Villa,4.0,0.2,0.0,a,0,0,0,0,0,0,0,0.00,0.00,0.00,0.00,0,0,0,0,0,0,0,False,,,Spurs,0.0,0.0,0.0,0.0,0,0,0,1822,1599,Spurs (Home)
Lynch,MID,Aston Villa,4.5,0.1,0.0,u,0,0,0,0,0,0,0,0.00,0.00,0.00,0.00,0,0,0,0,0,0,0,False,,,Spurs,0.0,0.0,0.0,0.0,0,0,0,0,1367,Spurs (Home)
Wan-Bissaka,DEF,Aston Villa,4.5,0.2,1.2,a,0,0,0,0,0,0,0,0.06,0.00,0.06,2.63,0,0,0,0,0,0,0,False,,,Spurs,0.0,0.0,0.0,0.0,0,0,0,4595,2312,Spurs (Home)
Goretzka,MID,Aston Villa,5.9,0.0,0.0,i,0,0,0,0,0,0,0,0.00,0.00,0.00,0.00,0,0,0,0,0,0,0,False,,,Spurs,0.0,0.0,0.0,0.0,0,0,0,47,1364,Spurs (Home)
Harwood-Bellis,DEF,Aston Villa,4.5,0.0,0.0,a,0,0,0,0,0,0,0,0.00,0.00,0.00,0.00,0,0,0,0,0,0,0,False,,,Spurs,0.0,0.0,0.0,0.0,0,0,0,379,351,Spurs (Home)
Mbaye,MID,Aston Villa,6.0,0.1,0.3,a,0,0,0,0,0,0,0,0.13,0.02,0.15,0.86,0,0,0,0,0,0,0,False,,,Spurs,0.0,0.0,0.0,0.0,0,0,0,2665,1471,Spurs (Home)
Petrović,GKP,Bournemouth,4.5,3.0,1.4,a,0,0,0,0,0,0,0,0.00,0.00,0.00,5.30,0,0,0,0,0,0,0,True,,,Liverpool,0.0,0.0,0.0,0.0,0,0,0,7119,26540,Liverpool (Away)
Forster,GKP,Bournemouth,4.0,3.5,0.0,a,0,0,0,0,0,0,0,0.00,0.00,0.00,0.00,0,0,0,0,0,0,0,True,,,Liverpool,0.0,0.0,0.0,0.0,0,0,0,22505,15619,Liverpool (Away)
Dennis,GKP,Bournemouth,4.0,0.1,0.0,u,0,0,0,0,0,0,0,0.00,0.00,0.00,0.00,0,0,0,0,0,0,0,True,,,Liverpool,0.0,0.0,0.0,0.0,0,0,0,0,1059,Liverpool (Away)
Hill,DEF,Bournemouth,5.5,0.8,1.6,a,0,0,0,0,0,0,0,0.77,0.00,0.77,5.30,0,0,0,0,0,0,0,True,,,Liverpool,0.0,0.0,0.0,0.0,0,0,0,3321,11630,Liverpool (Away)
Truffert,DEF,Bournemouth,5.5,3.1,1.6,a,0,0,0,0,0,0,0,0.23,0.09,0.32,5.30,0,0,0,0,0,0,0,True,,,Liverpool,0.0,0.0,0.0,0.0,0,0,0,6520,34498,Liverpool (Away)
Diakité,DEF,Bournemouth,5.0,0.2,0.0,a,0,0,0,0,0,0,0,0.00,0.00,0.00,0.00,0,0,0,0,0,0,0,True,,,Liverpool,0.0,0.0,0.0,0.0,0,0,0,916,2228,Liverpool (Away)
Milosavljević,DEF,Bournemouth,4.9,0.0,0.0,i,0,0,0,0,0,0,0,0.00,0.00,0.00,0.00,0,0,0,0,0,0,0,True,,,Liverpool,0.0,0.0,0.0,0.0,0,0,0,74,95,Liverpool (Away)
Smith,DEF,Bournemouth,4.5,0.1,0.4,a,0,0,0,0,0,0,0,0.07,0.01,0.08,5.30,0,0,0,0,0,0,0,True,,,Liverpool,0.0,0.0,0.0,0.0,0,0,0,818,1981,Liverpool (Away)
J.Araujo,DEF,Bournemouth,4.4,0.0,0.0,i,0,0,0,0,0,0,0,0.00,0.00,0.00,0.00,0,0,0,0,0,0,0,True,,,Liverpool,0.0,0.0,0.0,0.0,0,0,0,101,151,Liverpool (Away)
Soler,DEF,Bournemouth,4.0,0.3,0.0,a,0,0,0,0,0,0,0,0.00,0.00,0.00,0.00,0,0,0,0,0,0,0,True,,,Liverpool,0.0,0.0,0.0,0.0,0,0,0,2347,2404,Liverpool (Away)
Rayan,MID,Bournemouth,6.3,1.6,1.6,a,0,0,0,0,0,0,0,0.08,0.87,0.95,4.95,0,0,0,0,0,0,0,True,,,Liverpool,0.0,0.0,0.0,0.0,0,0,0,4733,35360,Liverpool (Away)
Tavernier,MID,Bournemouth,6.1,6.5,5.8,a,0,0,0,0,0,3,0,0.81,1.70,2.51,5.14,0,0,0,0,0,0,0,True,,,Liverpool,0.0,0.0,0.0,0.0,0,0,0,318303,60985,Liverpool (Away)
Scott,MID,Bournemouth,6.1,5.8,5.6,a,0,0,0,0,0,1,2,0.35,0.52,0.87,5.17,0,0,0,0,0,0,0,True,,,Liverpool,0.0,0.0,0.0,0.0,0,0,0,72063,77120,Liverpool (Away)
Kluivert,MID,Bournemouth,6.0,1.0,3.0,a,0,0,0,0,0,1,0,0.08,0.99,1.07,4.48,0,0,0,0,0,0,0,True,,,Liverpool,0.0,0.0,0.0,0.0,0,0,0,14541,11079,Liverpool (Away)
Cook,MID,Bournemouth,5.0,0.2,1.4,a,0,0,0,0,0,0,0,0.01,0.00,0.01,3.95,0,0,0,0,0,0,0,True,,,Liverpool,0.0,0.0,0.0,0.0,0,0,0,841,3739,Liverpool (Away)
Gannon-Doak,MID,Bournemouth,4.9,0.1,0.6,a,0,0,0,0,0,0,0,0.03,0.12,0.15,0.35,0,0,0,0,0,0,0,True,,,Liverpool,0.0,0.0,0.0,0.0,0,0,0,338,853,Liverpool (Away)
Adams,MID,Bournemouth,5.0,0.3,1.6,a,0,0,0,0,0,0,0,0.03,0.03,0.06,1.34,0,0,0,0,0,0,0,True,,,Liverpool,0.0,0.0,0.0,0.0,0,0,0,2995,3866,Liverpool (Away)
Brooks,MID,Bournemouth,5.0,0.1,0.4,a,0,0,0,0,0,0,0,0.01,0.00,0.01,0.50,0,0,0,0,0,0,0,True,,,Liverpool,0.0,0.0,0.0,0.0,0,0,0,503,897,Liverpool (Away)
Christie,MID,Bournemouth,5.0,0.0,0.6,a,0,0,0,0,0,0,0,0.12,0.00,0.12,0.24,0,0,0,0,0,0,0,True,,,Liverpool,0.0,0.0,0.0,0.0,0,0,0,541,659,Liverpool (Away)
Tóth.A,MID,Bournemouth,4.9,0.0,0.2,a,0,0,0,0,0,0,0,0.00,0.00,0.00,0.31,0,0,0,0,0,0,0,True,,,Liverpool,0.0,0.0,0.0,0.0,0,0,0,62,142,Liverpool (Away)
Adli,MID,Bournemouth,4.9,0.0,0.0,i,0,0,0,0,0,0,0,0.00,0.00,0.00,0.00,0,0,0,0,0,0,0,True,,,Liverpool,0.0,0.0,0.0,0.0,0,0,0,25,209,Liverpool (Away)
Kroupi.Jr,MID,Bournemouth,7.4,0.2,0.0,i,0,0,0,0,0,0,0,0.00,0.00,0.00,0.00,0,0,0,0,0,0,0,True,,,Liverpool,0.0,0.0,0.0,0.0,0,0,0,141,1829,Liverpool (Away)
Evanilson,FWD,Bournemouth,6.0,3.3,3.2,a,0,0,0,0,0,0,3,0.51,0.71,1.22,4.80,0,0,0,0,0,0,0,True,,,Liverpool,0.0,0.0,0.0,0.0,0,0,0,44404,46982,Liverpool (Away)
Enes Ünal,FWD,Bournemouth,5.5,0.0,0.0,u,0,0,0,0,0,0,0,0.00,0.00,0.00,0.00,0,0,0,0,0,0,0,True,,,Liverpool,0.0,0.0,0.0,0.0,0,0,0,0,121,Liverpool (Away)
Rodríguez,FWD,Bournemouth,6.0,0.1,0.4,a,0,0,0,0,0,0,0,0.00,0.00,0.00,0.18,0,0,0,0,0,0,0,True,,,Liverpool,0.0,0.0,0.0,0.0,0,0,0,939,1374,Liverpool (Away)
Silva,DEF,Bournemouth,5.0,0.4,2.0,a,0,0,0,0,0,0,0,0.27,0.85,1.12,5.30,0,0,0,0,0,0,0,True,,,Liverpool,0.0,0.0,0.0,0.0,0,0,0,2672,6575,Liverpool (Away)
Sanchez,DEF,Bournemouth,4.4,0.2,0.0,a,0,0,0,0,0,0,0,0.00,0.00,0.00,0.00,0,0,0,0,0,0,0,True,,,Liverpool,0.0,0.0,0.0,0.0,0,0,0,314,1296,Liverpool (Away)
Jebbison,FWD,Bournemouth,5.0,0.1,0.4,a,0,0,0,0,0,0,0,0.00,0.10,0.10,0.36,0,0,0,0,0,0,0,True,,,Liverpool,0.0,0.0,0.0,0.0,0,0,0,1986,2048,Liverpool (Away)
Di Gregorio,GKP,Bournemouth,4.5,0.0,0.0,a,0,0,0,0,0,0,0,0.00,0.00,0.00,0.00,0,0,0,0,0,0,0,True,,,Liverpool,0.0,0.0,0.0,0.0,0,0,0,343,541,Liverpool (Away)
Kelleher,GKP,Brentford,5.0,6.1,4.0,a,90,0,0,2,0,0,0,0.01,0.00,0.01,6.32,1,0,0,0,0,0,1,True,3.0,0.0,Chelsea,0.0,0.0,0.0,0.0,27,0,6,9126,63050,Chelsea (Away)
Valdimarsson,GKP,Brentford,4.5,0.1,0.0,a,0,0,0,0,0,0,0,0.00,0.00,0.00,0.00,0,0,0,0,0,0,0,True,3.0,0.0,Chelsea,0.0,0.0,0.0,0.0,0,0,0,317,884,Chelsea (Away)
Collins,DEF,Brentford,5.4,1.0,2.0,i,0,0,0,0,0,0,0,0.05,0.51,0.56,2.13,0,0,0,0,0,0,0,True,3.0,0.0,Chelsea,0.0,0.0,0.0,0.0,0,0,0,104,39392,Chelsea (Away)
Van den Berg,DEF,Brentford,4.9,0.1,0.0,i,0,0,0,0,0,0,0,0.00,0.00,0.00,0.00,0,0,0,0,0,0,0,True,3.0,0.0,Chelsea,0.0,0.0,0.0,0.0,0,0,0,37,766,Chelsea (Away)
Lewis-Potter,MID,Brentford,5.5,1.8,4.4,a,80,0,0,0,0,1,1,0.79,1.21,2.00,5.69,1,0,0,0,0,0,1,True,3.0,0.0,Chelsea,0.0,0.0,0.0,0.0,15,0,3,6251,42502,Chelsea (Away)
Ajer,DEF,Brentford,4.5,4.0,4.2,a,90,0,0,0,0,0,0,0.08,0.13,0.21,6.32,1,0,0,0,0,0,1,True,3.0,0.0,Chelsea,0.0,0.0,0.0,0.0,29,1,7,8947,73970,Chelsea (Away)
Kayode,DEF,Brentford,4.6,7.7,4.6,a,68,0,0,0,0,1,0,0.43,0.55,0.98,3.24,1,0,0,0,0,0,1,True,3.0,0.0,Chelsea,0.0,0.0,0.0,0.0,20,0,6,18236,134611,Chelsea (Away)
Henry,DEF,Brentford,4.4,0.2,0.2,a,0,0,0,0,0,0,0,0.00,0.00,0.00,0.00,0,0,0,0,0,0,0,True,3.0,0.0,Chelsea,0.0,0.0,0.0,0.0,0,0,0,410,1648,Chelsea (Away)
Hickey,DEF,Brentford,4.5,0.1,1.0,a,21,0,0,0,0,0,0,0.06,0.03,0.09,3.07,0,0,0,0,0,0,0,True,3.0,0.0,Chelsea,0.0,0.0,0.0,0.0,5,0,1,329,590,Chelsea (Away)
Ji-soo,DEF,Brentford,4.5,0.0,0.0,a,0,0,0,0,0,0,0,0.00,0.00,0.00,0.00,0,0,0,0,0,0,0,True,3.0,0.0,Chelsea,0.0,0.0,0.0,0.0,0,0,0,69,163,Chelsea (Away)
Schuster,DEF,Brentford,4.5,0.2,4.2,a,90,0,1,0,0,0,1,0.54,0.10,0.64,4.19,1,0,0,0,0,0,1,True,3.0,0.0,Chelsea,0.0,0.0,0.0,0.0,43,3,14,349,1075,Chelsea (Away)
Schade,MID,Brentford,6.1,7.8,7.8,a,90,0,2,0,0,3,2,0.32,1.52,1.84,6.32,1,0,0,0,0,0,1,True,3.0,0.0,Chelsea,0.0,0.0,0.0,0.0,27,0,9,425579,58558,Chelsea (Away)
O.Dango,MID,Brentford,6.3,0.5,1.4,a,9,0,0,0,0,0,0,0.39,0.09,0.48,2.81,0,0,0,0,0,0,0,True,3.0,0.0,Chelsea,0.0,0.0,0.0,0.0,2,0,1,1029,14648,Chelsea (Away)
Damsgaard,MID,Brentford,5.4,0.4,3.2,a,86,0,0,0,0,0,1,0.73,0.17,0.90,3.06,1,0,0,0,0,0,1,True,3.0,0.0,Chelsea,0.0,0.0,0.0,0.0,15,0,3,1526,7978,Chelsea (Away)
Jensen,MID,Brentford,5.4,0.1,1.2,i,0,0,0,0,0,0,1,0.34,0.08,0.42,0.47,0,0,0,0,0,0,0,True,3.0,0.0,Chelsea,0.0,0.0,0.0,0.0,0,0,0,16,1897,Chelsea (Away)
Janelt,MID,Brentford,5.0,2.5,5.6,a,90,0,0,0,0,2,0,0.44,0.53,0.97,6.32,1,0,0,0,0,0,1,True,3.0,0.0,Chelsea,0.0,0.0,0.0,0.0,13,0,3,47235,33762,Chelsea (Away)
Milambo,MID,Brentford,5.0,0.0,0.0,i,0,0,0,0,0,0,0,0.00,0.00,0.00,0.00,0,0,0,0,0,0,0,True,3.0,0.0,Chelsea,0.0,0.0,0.0,0.0,0,0,0,20,33,Chelsea (Away)
Carvalho,MID,Brentford,5.0,0.0,1.2,a,3,1,0,0,0,1,0,0.00,0.43,0.43,0.13,0,0,0,0,0,0,0,True,3.0,0.0,Chelsea,0.0,0.0,0.0,0.0,23,0,6,265,342,Chelsea (Away)
Yarmoliuk,MID,Brentford,4.8,0.7,1.8,a,68,0,0,0,0,0,1,0.30,0.10,0.40,4.58,1,0,0,0,0,0,1,True,3.0,0.0,Chelsea,0.0,0.0,0.0,0.0,19,0,3,1926,9450,Chelsea (Away)
Dasilva,MID,Brentford,4.9,0.0,0.0,i,0,0,0,0,0,0,0,0.00,0.00,0.00,0.00,0,0,0,0,0,0,0,True,3.0,0.0,Chelsea,0.0,0.0,0.0,0.0,0,0,0,11,293,Chelsea (Away)
Anthony,MID,Brentford,5.9,0.1,3.0,a,80,1,0,0,0,1,0,0.54,1.15,1.69,3.50,1,0,0,0,0,0,1,True,3.0,0.0,Chelsea,0.0,0.0,0.0,0.0,31,2,10,635,2097,Chelsea (Away)
Thiago,FWD,Brentford,7.8,8.9,2.0,a,90,1,0,0,0,1,0,0.16,3.13,3.29,6.25,1,0,0,0,1,0,1,True,3.0,0.0,Chelsea,0.0,0.0,0.0,0.0,26,0,5,32439,221931,Chelsea (Away)
Furo,FWD,Brentford,4.5,1.0,0.0,i,0,0,0,0,0,0,0,0.00,0.00,0.00,0.00,0,0,0,0,0,0,0,True,3.0,0.0,Chelsea,0.0,0.0,0.0,0.0,0,0,0,6535,20393,Chelsea (Away)
Wilson,FWD,Brentford,5.4,0.3,0.6,a,0,0,0,0,0,0,0,0.04,0.07,0.11,0.15,0,0,0,0,0,0,0,True,3.0,0.0,Chelsea,0.0,0.0,0.0,0.0,0,0,0,1671,6042,Chelsea (Away)
M.Sangaré,MID,Brentford,5.6,11.0,4.4,a,21,0,0,0,0,0,2,0.65,0.41,1.06,4.31,0,0,0,0,1,0,0,True,3.0,0.0,Chelsea,0.0,0.0,0.0,0.0,0,0,0,29169,213906,Chelsea (Away)
Diouf,DEF,Brentford,4.5,0.1,0.5,a,9,0,0,0,0,0,0,0.01,0.00,0.01,0.63,0,0,0,0,0,0,0,True,3.0,0.0,Chelsea,0.0,0.0,0.0,0.0,3,0,1,1079,1672,Chelsea (Away)
Nunes,MID,Brentford,4.5,0.0,0.0,a,0,0,0,0,0,0,0,0.00,0.00,0.00,0.00,0,0,0,0,0,0,0,True,3.0,0.0,Chelsea,0.0,0.0,0.0,0.0,0,0,0,1742,393,Chelsea (Away)
Fredrick,DEF,Brentford,4.0,0.0,0.0,a,0,0,0,0,0,0,0,0.00,0.00,0.00,0.00,0,0,0,0,0,0,0,True,3.0,0.0,Chelsea,0.0,0.0,0.0,0.0,0,0,0,0,0,Chelsea (Away)
Balcombe,GKP,Brentford,4.0,0.0,0.0,a,0,0,0,0,0,0,0,0.00,0.00,0.00,0.00,0,0,0,0,0,0,0,True,3.0,0.0,Chelsea,0.0,0.0,0.0,0.0,0,0,0,0,0,Chelsea (Away)
Verbruggen,GKP,Brighton,4.5,21.7,3.4,a,0,0,0,0,0,0,0,0.20,0.00,0.20,7.04,0,0,0,0,0,0,0,True,,,Arsenal,0.0,0.0,0.0,0.0,0,0,0,89072,136504,Arsenal (Away)
Steele,GKP,Brighton,4.0,4.2,0.0,a,0,0,0,0,0,0,0,0.00,0.00,0.00,0.00,0,0,0,0,0,0,0,True,,,Arsenal,0.0,0.0,0.0,0.0,0,0,0,20424,21412,Arsenal (Away)
F.Kadıoğlu,DEF,Brighton,4.4,1.6,1.6,a,0,0,0,0,0,0,0,0.11,0.08,0.19,6.66,0,0,0,0,0,0,0,True,,,Arsenal,0.0,0.0,0.0,0.0,0,0,0,4277,18260,Arsenal (Away)
Boscagli,DEF,Brighton,4.5,0.3,2.6,a,0,0,0,0,0,0,0,0.51,0.06,0.57,6.82,0,0,0,0,0,0,0,True,,,Arsenal,0.0,0.0,0.0,0.0,0,0,0,1382,2499,Arsenal (Away)
De Cuyper,DEF,Brighton,4.9,25.1,6.4,a,0,0,0,0,0,1,3,0.44,1.53,1.97,6.95,0,0,0,0,0,0,0,True,,,Arsenal,0.0,0.0,0.0,0.0,0,0,0,410558,122995,Arsenal (Away)
Dunk,DEF,Brighton,4.5,1.5,4.4,a,0,0,0,0,0,1,0,0.09,0.03,0.12,7.04,0,0,0,0,0,0,0,True,,,Arsenal,0.0,0.0,0.0,0.0,0,0,0,28113,11621,Arsenal (Away)
Coppola,DEF,Brighton,4.5,0.0,0.0,a,0,0,0,0,0,0,0,0.00,0.00,0.00,0.00,0,0,0,0,0,0,0,True,,,Arsenal,0.0,0.0,0.0,0.0,0,0,0,180,213,Arsenal (Away)
Igor,DEF,Brighton,4.5,0.0,0.0,u,0,0,0,0,0,0,0,0.00,0.00,0.00,0.00,0,0,0,0,0,0,0,True,,,Arsenal,0.0,0.0,0.0,0.0,0,0,0,0,883,Arsenal (Away)
Costinha,DEF,Brighton,4.5,0.0,0.6,a,0,0,0,0,0,0,0,0.16,0.12,0.28,0.28,0,0,0,0,0,0,0,True,,,Arsenal,0.0,0.0,0.0,0.0,0,0,0,216,306,Arsenal (Away)
Svoboda,DEF,Brighton,5.0,0.1,0.0,a,0,0,0,0,0,0,0,0.00,0.00,0.00,0.00,0,0,0,0,0,0,0,True,,,Arsenal,0.0,0.0,0.0,0.0,0,0,0,647,957,Arsenal (Away)
Mitoma,MID,Brighton,5.9,0.0,0.0,i,0,0,0,0,0,0,0,0.00,0.00,0.00,0.00,0,0,0,0,0,0,0,True,,,Arsenal,0.0,0.0,0.0,0.0,0,0,0,63,292,Arsenal (Away)
Minteh,MID,Brighton,5.9,0.0,0.0,i,0,0,0,0,0,0,0,0.00,0.00,0.00,0.00,0,0,0,0,0,0,0,True,,,Arsenal,0.0,0.0,0.0,0.0,0,0,0,28,476,Arsenal (Away)
Hinshelwood,MID,Brighton,5.9,0.6,3.2,i,0,0,0,0,0,2,0,0.02,1.41,1.43,0.19,0,0,0,0,0,0,0,True,,,Arsenal,0.0,0.0,0.0,0.0,0,0,0,128,26669,Arsenal (Away)
Groß,MID,Brighton,5.7,21.4,6.6,a,0,0,0,0,0,2,3,0.61,1.66,2.27,7.04,0,0,0,0,0,0,0,True,,,Arsenal,0.0,0.0,0.0,0.0,0,0,0,604409,105358,Arsenal (Away)
Georginio,FWD,Brighton,5.4,0.5,1.0,a,0,0,0,0,0,0,1,0.44,0.08,0.52,0.29,0,0,0,0,0,0,0,True,,,Arsenal,0.0,0.0,0.0,0.0,0,0,0,2315,12484,Arsenal (Away)
O'Riley,MID,Brighton,5.4,0.1,0.2,a,0,0,0,0,0,0,0,0.01,0.00,0.01,0.04,0,0,0,0,0,0,0,True,,,Arsenal,0.0,0.0,0.0,0.0,0,0,0,577,1239,Arsenal (Away)
Gomez,MID,Brighton,5.0,4.2,3.2,a,0,0,0,0,0,0,2,0.76,0.79,1.55,7.01,0,0,0,0,0,0,0,True,,,Arsenal,0.0,0.0,0.0,0.0,0,0,0,13377,82046,Arsenal (Away)
Buonanotte,MID,Brighton,5.0,0.0,0.0,u,0,0,0,0,0,0,0,0.00,0.00,0.00,0.00,0,0,0,0,0,0,0,True,,,Arsenal,0.0,0.0,0.0,0.0,0,0,0,0,17,Arsenal (Away)
Ayari,MID,Brighton,5.4,0.4,2.4,a,0,0,0,0,0,1,0,0.10,0.59,0.69,4.01,0,0,0,0,0,0,0,True,,,Arsenal,0.0,0.0,0.0,0.0,0,0,0,3453,4392,Arsenal (Away)
Wieffer,DEF,Brighton,4.9,0.2,1.4,i,0,0,0,0,0,0,0,0.13,0.12,0.25,3.18,0,0,0,0,0,0,0,True,,,Arsenal,0.0,0.0,0.0,0.0,0,0,0,57,6959,Arsenal (Away)
Howell,MID,Brighton,4.5,0.0,0.0,u,0,0,0,0,0,0,0,0.00,0.00,0.00,0.00,0,0,0,0,0,0,0,True,,,Arsenal,0.0,0.0,0.0,0.0,0,0,0,0,395,Arsenal (Away)
Watson,MID,Brighton,5.0,0.0,0.0,u,0,0,0,0,0,0,0,0.00,0.00,0.00,0.00,0,0,0,0,0,0,0,True,,,Arsenal,0.0,0.0,0.0,0.0,0,0,0,0,10,Arsenal (Away)
Oriola,MID,Brighton,4.5,0.2,0.0,a,0,0,0,0,0,0,0,0.00,0.00,0.00,0.00,0,0,0,0,0,0,0,True,,,Arsenal,0.0,0.0,0.0,0.0,0,0,0,890,3042,Arsenal (Away)
Yohanna,MID,Brighton,4.9,0.0,0.2,i,0,0,0,0,0,0,0,0.03,0.00,0.03,0.00,0,0,0,0,0,0,0,True,,,Arsenal,0.0,0.0,0.0,0.0,0,0,0,35,1196,Arsenal (Away)
Tzimas,FWD,Brighton,5.4,0.0,0.0,i,0,0,0,0,0,0,0,0.00,0.00,0.00,0.00,0,0,0,0,0,0,0,True,,,Arsenal,0.0,0.0,0.0,0.0,0,0,0,63,84,Arsenal (Away)
Kostoulas,FWD,Brighton,5.5,1.0,3.6,a,0,0,0,0,0,1,2,0.05,1.17,1.22,6.78,0,0,0,0,0,0,0,True,,,Arsenal,0.0,0.0,0.0,0.0,0,0,0,57158,15079,Arsenal (Away)
Ferguson,FWD,Brighton,5.0,0.0,0.0,i,0,0,0,0,0,0,0,0.00,0.00,0.00,0.00,0,0,0,0,0,0,0,True,,,Arsenal,0.0,0.0,0.0,0.0,0,0,0,242,404,Arsenal (Away)
Struijk,DEF,Brighton,4.9,0.2,0.4,a,0,0,0,0,0,0,0,0.01,0.00,0.01,0.22,0,0,0,0,0,0,0,True,,,Arsenal,0.0,0.0,0.0,0.0,0,0,0,571,2520,Arsenal (Away)
Vuskovic,DEF,Brighton,5.0,3.2,4.8,a,0,0,0,0,0,1,0,0.07,0.46,0.53,6.82,0,0,0,0,0,0,0,True,,,Arsenal,0.0,0.0,0.0,0.0,0,0,0,27688,34940,Arsenal (Away)
David,FWD,Brighton,5.9,0.2,0.2,a,0,0,0,0,0,0,0,0.00,0.42,0.42,0.14,0,0,0,0,0,0,0,True,,,Arsenal,0.0,0.0,0.0,0.0,0,0,0,2100,5196,Arsenal (Away)
Osman,MID,Brighton,5.0,0.0,0.6,a,0,0,0,0,0,0,0,0.07,0.05,0.12,0.32,0,0,0,0,0,0,0,True,,,Arsenal,0.0,0.0,0.0,0.0,0,0,0,148,241,Arsenal (Away)
Yalcouyé,MID,Brighton,4.5,4.1,3.8,a,0,0,0,0,0,2,0,0.27,1.42,1.69,6.43,0,0,0,0,0,0,0,True,,,Arsenal,0.0,0.0,0.0,0.0,0,0,0,130693,43065,Arsenal (Away)
Hadjam,DEF,Brighton,4.5,0.0,0.0,a,0,0,0,0,0,0,0,0.00,0.00,0.00,0.00,0,0,0,0,0,0,0,True,,,Arsenal,0.0,0.0,0.0,0.0,0,0,0,513,606,Arsenal (Away)
Cozier-Duberry,MID,Brighton,5.0,0.0,0.0,u,0,0,0,0,0,0,0,0.00,0.00,0.00,0.00,0,0,0,0,0,0,0,True,,,Arsenal,0.0,0.0,0.0,0.0,0,0,0,0,12,Arsenal (Away)
Andrés,MID,Brighton,5.5,0.0,1.3,a,0,0,0,0,0,0,1,0.01,0.24,0.25,0.22,0,0,0,0,0,0,0,True,,,Arsenal,0.0,0.0,0.0,0.0,0,0,0,470,231,Arsenal (Away)
Azeez,MID,Brighton,5.5,0.0,0.0,i,0,0,0,0,0,0,0,0.00,0.00,0.00,0.00,0,0,0,0,0,0,0,True,,,Arsenal,0.0,0.0,0.0,0.0,0,0,0,54,64,Arsenal (Away)
Ibrahim,MID,Brighton,4.5,0.0,0.0,a,0,0,0,0,0,0,0,0.00,0.00,0.00,0.00,0,0,0,0,0,0,0,True,,,Arsenal,0.0,0.0,0.0,0.0,0,0,0,1163,268,Arsenal (Away)
Martinez,GKP,Chelsea,5.0,4.9,1.8,a,90,0,0,3,3,0,0,0.01,0.00,0.01,7.49,0,0,0,0,0,0,1,False,3.0,0.0,Brentford,0.0,0.0,0.0,0.0,7,0,2,20981,53784,Brentford (Home)
Rogers,MID,Chelsea,7.7,40.0,5.8,a,90,0,0,0,3,3,1,1.23,1.72,2.95,8.73,0,0,0,0,0,0,1,False,3.0,0.0,Brentford,0.0,0.0,0.0,0.0,17,0,2,697514,69384,Brentford (Home)
Henderson,MID,Chelsea,4.9,0.0,0.4,a,90,0,0,0,3,0,0,0.08,0.00,0.08,2.65,0,0,0,0,0,0,1,False,3.0,0.0,Brentford,0.0,0.0,0.0,0.0,16,0,2,45,428,Brentford (Home)
Welbeck,FWD,Chelsea,5.9,1.0,0.8,a,70,0,0,0,1,0,0,0.14,0.00,0.14,1.99,0,0,0,0,0,0,1,False,3.0,0.0,Brentford,0.0,0.0,0.0,0.0,8,0,2,34909,13973,Brentford (Home)
Sánchez,GKP,Chelsea,4.9,0.7,0.4,u,0,0,0,0,0,0,0,0.01,0.00,0.01,1.33,0,0,0,0,0,0,0,False,3.0,0.0,Brentford,0.0,0.0,0.0,0.0,0,0,0,0,15548,Brentford (Home)
Jörgensen,GKP,Chelsea,5.0,0.0,0.0,u,0,0,0,0,0,0,0,0.00,0.00,0.00,0.00,0,0,0,0,0,0,0,False,3.0,0.0,Brentford,0.0,0.0,0.0,0.0,0,0,0,0,52,Brentford (Home)
James,DEF,Chelsea,5.4,6.5,0.6,d,0,0,0,0,0,0,0,0.26,0.33,0.59,4.90,0,0,0,0,0,0,0,False,3.0,0.0,Brentford,0.0,0.0,0.0,0.0,0,0,0,18198,138832,Brentford (Home)
Chalobah,DEF,Chelsea,5.5,0.1,0.0,u,0,0,0,0,0,0,0,0.00,0.00,0.00,0.00,0,0,0,0,0,0,0,False,3.0,0.0,Brentford,0.0,0.0,0.0,0.0,0,0,0,0,705,Brentford (Home)
Gusto,DEF,Chelsea,5.0,1.0,0.8,a,0,0,0,0,0,0,0,0.12,0.08,0.20,3.50,0,0,0,0,0,0,0,False,3.0,0.0,Brentford,0.0,0.0,0.0,0.0,0,0,0,4607,13888,Brentford (Home)
Fofana,DEF,Chelsea,5.0,0.2,1.6,a,70,0,0,0,1,0,0,0.08,0.00,0.08,5.65,0,0,0,0,0,0,1,False,3.0,0.0,Brentford,0.0,0.0,0.0,0.0,11,0,4,3337,3449,Brentford (Home)
B.Badiashile,DEF,Chelsea,4.5,0.0,0.0,u,0,0,0,0,0,0,0,0.00,0.00,0.00,0.00,0,0,0,0,0,0,0,False,3.0,0.0,Brentford,0.0,0.0,0.0,0.0,0,0,0,0,128,Brentford (Home)
Hato,DEF,Chelsea,4.5,0.9,1.6,a,0,0,0,0,0,0,2,0.21,0.01,0.22,4.81,0,0,0,0,0,0,0,False,3.0,0.0,Brentford,0.0,0.0,0.0,0.0,0,0,0,4867,21725,Brentford (Home)
Colwill,DEF,Chelsea,4.8,0.9,0.6,a,90,0,0,0,3,0,0,0.05,0.01,0.06,6.67,0,0,0,0,0,0,1,False,3.0,0.0,Brentford,0.0,0.0,0.0,0.0,1,0,1,2003,18955,Brentford (Home)
M.Sarr,DEF,Chelsea,4.5,0.0,0.0,u,0,0,0,0,0,0,0,0.00,0.00,0.00,0.00,0,0,0,0,0,0,0,False,3.0,0.0,Brentford,0.0,0.0,0.0,0.0,0,0,0,0,455,Brentford (Home)
Acheampong,DEF,Chelsea,4.5,0.4,1.0,a,19,0,0,0,2,0,0,0.03,0.00,0.03,4.72,0,0,0,0,0,0,0,False,3.0,0.0,Brentford,0.0,0.0,0.0,0.0,-4,0,0,1529,6034,Brentford (Home)
Palestra,DEF,Chelsea,5.3,0.6,0.0,d,0,0,0,0,0,0,0,0.00,0.00,0.00,0.00,0,0,0,0,0,0,0,False,3.0,0.0,Brentford,0.0,0.0,0.0,0.0,0,0,0,260,20925,Brentford (Home)
Palmer,MID,Chelsea,9.7,27.0,5.6,a,90,0,0,0,3,2,2,0.79,1.31,2.10,8.73,0,0,0,0,0,0,1,False,3.0,0.0,Brentford,0.0,0.0,0.0,0.0,21,0,2,192540,166587,Brentford (Home)
Neto,MID,Chelsea,6.5,1.4,2.8,a,86,0,0,0,2,1,0,0.58,0.68,1.26,6.64,0,0,0,0,0,0,1,False,3.0,0.0,Brentford,0.0,0.0,0.0,0.0,13,0,2,15985,22206,Brentford (Home)
Estêvão,MID,Chelsea,6.3,0.7,0.8,a,3,0,0,0,1,0,0,0.07,0.07,0.14,1.01,0,0,0,0,0,0,0,False,3.0,0.0,Brentford,0.0,0.0,0.0,0.0,3,0,1,2997,10149,Brentford (Home)
Gittens,MID,Chelsea,5.9,0.0,0.0,a,0,0,0,0,0,0,0,0.00,0.00,0.00,0.00,0,0,0,0,0,0,0,False,3.0,0.0,Brentford,0.0,0.0,0.0,0.0,0,0,0,198,407,Brentford (Home)
Caicedo,MID,Chelsea,5.3,1.1,0.2,d,0,0,0,0,0,0,0,0.00,0.00,0.00,0.07,0,0,0,0,0,0,0,False,3.0,0.0,Brentford,0.0,0.0,0.0,0.0,0,0,0,584,31719,Brentford (Home)
Lavia,MID,Chelsea,5.0,0.2,2.2,a,0,0,0,0,0,1,0,0.11,0.75,0.86,5.06,0,0,0,0,0,0,0,False,3.0,0.0,Brentford,0.0,0.0,0.0,0.0,0,0,0,2931,4413,Brentford (Home)
D.Essugo,MID,Chelsea,4.5,0.1,0.0,u,0,0,0,0,0,0,0,0.00,0.00,0.00,0.00,0,0,0,0,0,0,0,False,3.0,0.0,Brentford,0.0,0.0,0.0,0.0,0,0,0,0,2058,Brentford (Home)
Quenda,MID,Chelsea,5.3,0.0,0.4,a,19,0,0,0,2,0,0,0.01,0.03,0.04,1.29,0,0,0,0,0,0,0,False,3.0,0.0,Brentford,0.0,0.0,0.0,0.0,3,0,1,155,533,Brentford (Home)
João Pedro,FWD,Chelsea,7.8,68.6,6.6,d,0,0,0,0,0,3,3,0.19,2.17,2.36,6.17,0,0,0,0,0,0,0,False,3.0,0.0,Brentford,0.0,0.0,0.0,0.0,0,0,0,261391,748803,Brentford (Home)
Marc Guiu,FWD,Chelsea,5.0,0.2,0.0,u,0,0,0,0,0,0,0,0.00,0.00,0.00,0.00,0,0,0,0,0,0,0,False,3.0,0.0,Brentford,0.0,0.0,0.0,0.0,0,0,0,0,4081,Brentford (Home)
Mheuka,FWD,Chelsea,4.5,0.5,0.0,a,0,0,0,0,0,0,0,0.00,0.00,0.00,0.00,0,0,0,0,0,0,0,False,3.0,0.0,Brentford,0.0,0.0,0.0,0.0,0,0,0,9469,5890,Brentford (Home)
Emegha,FWD,Chelsea,5.0,0.1,0.0,i,0,0,0,0,0,0,0,0.00,0.00,0.00,0.00,0,0,0,0,0,0,0,False,3.0,0.0,Brentford,0.0,0.0,0.0,0.0,0,0,0,122,2781,Brentford (Home)
Lacroix,DEF,Chelsea,5.9,7.0,2.6,a,90,0,0,0,3,0,1,0.22,0.15,0.37,7.93,0,0,0,0,0,0,1,False,3.0,0.0,Brentford,0.0,0.0,0.0,0.0,-1,0,3,9497,120680,Brentford (Home)
Penders,GKP,Chelsea,4.4,0.1,0.0,a,0,0,0,0,0,0,0,0.00,0.00,0.00,0.00,0,0,0,0,0,0,0,False,3.0,0.0,Brentford,0.0,0.0,0.0,0.0,0,0,0,696,620,Brentford (Home)
Anselmino,DEF,Chelsea,4.5,0.0,0.0,a,0,0,0,0,0,0,0,0.00,0.00,0.00,0.00,0,0,0,0,0,0,0,False,3.0,0.0,Brentford,0.0,0.0,0.0,0.0,0,0,0,188,216,Brentford (Home)
Barco,MID,Chelsea,5.4,0.1,0.6,a,86,0,0,0,2,0,0,0.11,0.07,0.18,2.83,0,0,0,0,0,0,1,False,3.0,0.0,Brentford,0.0,0.0,0.0,0.0,21,0,2,477,1379,Brentford (Home)
Chavarria,DEF,Chelsea,4.9,0.1,1.0,a,90,0,0,0,3,0,0,0.07,0.04,0.11,4.10,0,0,0,0,0,0,1,False,3.0,0.0,Brentford,0.0,0.0,0.0,0.0,7,0,1,529,1674,Brentford (Home)
Nicoll-Jazuli,MID,Chelsea,4.5,0.0,1.0,a,3,0,0,0,1,0,0,0.00,0.00,0.00,0.43,0,0,0,0,0,0,0,False,3.0,0.0,Brentford,0.0,0.0,0.0,0.0,5,0,1,0,0,Brentford (Home)
Pinnock,DEF,Coventry City,4.5,0.1,1.2,a,0,0,0,0,0,0,0,0.00,0.12,0.12,5.47,0,0,0,0,0,0,0,False,,,Nott'm Forest,0.0,0.0,0.0,0.0,0,0,0,402,714,Nott'm Forest (Home)
Onyeka,MID,Coventry City,4.9,0.1,1.2,a,0,0,0,0,0,0,0,0.02,0.03,0.05,5.21,0,0,0,0,0,0,0,False,,,Nott'm Forest,0.0,0.0,0.0,0.0,0,0,0,346,1609,Nott'm Forest (Home)
Rushworth,GKP,Coventry City,4.5,0.8,1.0,a,0,0,0,0,0,0,0,0.02,0.00,0.02,7.53,0,0,0,0,0,0,0,False,,,Nott'm Forest,0.0,0.0,0.0,0.0,0,0,0,928,12852,Nott'm Forest (Home)
Dovin,GKP,Coventry City,4.0,1.0,0.0,u,0,0,0,0,0,0,0,0.00,0.00,0.00,0.00,0,0,0,0,0,0,0,False,,,Nott'm Forest,0.0,0.0,0.0,0.0,0,0,0,0,10379,Nott'm Forest (Home)
Wilson,GKP,Coventry City,4.4,0.4,0.0,a,0,0,0,0,0,0,0,0.00,0.00,0.00,0.00,0,0,0,0,0,0,0,False,,,Nott'm Forest,0.0,0.0,0.0,0.0,0,0,0,436,1736,Nott'm Forest (Home)
Thomas,DEF,Coventry City,4.0,8.6,3.0,a,0,0,0,0,0,0,0,0.26,0.43,0.69,6.99,0,0,0,0,0,0,0,False,,,Nott'm Forest,0.0,0.0,0.0,0.0,0,0,0,30974,76201,Nott'm Forest (Home)
Kitching,DEF,Coventry City,4.0,0.4,0.0,u,0,0,0,0,0,0,0,0.00,0.00,0.00,0.00,0,0,0,0,0,0,0,False,,,Nott'm Forest,0.0,0.0,0.0,0.0,0,0,0,0,5337,Nott'm Forest (Home)
van Ewijk,DEF,Coventry City,4.0,9.5,1.2,a,0,0,0,0,0,0,0,0.30,0.00,0.30,7.53,0,0,0,0,0,0,0,False,,,Nott'm Forest,0.0,0.0,0.0,0.0,0,0,0,13159,113940,Nott'm Forest (Home)
Dasilva,DEF,Coventry City,4.0,0.7,1.0,a,0,0,0,0,0,0,0,0.48,0.18,0.66,7.53,0,0,0,0,0,0,0,False,,,Nott'm Forest,0.0,0.0,0.0,0.0,0,0,0,903,4913,Nott'm Forest (Home)
Kesler-Hayden,DEF,Coventry City,3.9,0.0,0.0,i,0,0,0,0,0,0,0,0.00,0.00,0.00,0.00,0,0,0,0,0,0,0,False,,,Nott'm Forest,0.0,0.0,0.0,0.0,0,0,0,186,503,Nott'm Forest (Home)
Bidwell,DEF,Coventry City,4.0,0.1,0.0,a,0,0,0,0,0,0,0,0.00,0.00,0.00,0.00,0,0,0,0,0,0,0,False,,,Nott'm Forest,0.0,0.0,0.0,0.0,0,0,0,493,704,Nott'm Forest (Home)
Latibeaudiere,DEF,Coventry City,4.0,0.0,0.0,a,0,0,0,0,0,0,0,0.00,0.00,0.00,0.00,0,0,0,0,0,0,0,False,,,Nott'm Forest,0.0,0.0,0.0,0.0,0,0,0,155,325,Nott'm Forest (Home)
Woolfenden,DEF,Coventry City,4.0,0.1,0.0,i,0,0,0,0,0,0,0,0.00,0.00,0.00,0.00,0,0,0,0,0,0,0,False,,,Nott'm Forest,0.0,0.0,0.0,0.0,0,0,0,255,1278,Nott'm Forest (Home)
Brau,DEF,Coventry City,4.0,0.0,0.0,u,0,0,0,0,0,0,0,0.00,0.00,0.00,0.00,0,0,0,0,0,0,0,False,,,Nott'm Forest,0.0,0.0,0.0,0.0,0,0,0,0,280,Nott'm Forest (Home)
Amenda,DEF,Coventry City,4.0,0.7,0.8,d,0,0,0,0,0,0,0,0.39,0.02,0.41,7.53,0,0,0,0,0,0,0,False,,,Nott'm Forest,0.0,0.0,0.0,0.0,0,0,0,1397,8683,Nott'm Forest (Home)
Rudoni,MID,Coventry City,4.9,0.1,1.6,a,0,0,0,0,0,0,0,0.91,0.83,1.74,3.64,0,0,0,0,0,0,0,False,,,Nott'm Forest,0.0,0.0,0.0,0.0,0,0,0,549,1744,Nott'm Forest (Home)
Grimes,MID,Coventry City,4.9,0.1,1.6,a,0,0,0,0,0,0,0,0.07,0.10,0.17,7.32,0,0,0,0,0,0,0,False,,,Nott'm Forest,0.0,0.0,0.0,0.0,0,0,0,594,2218,Nott'm Forest (Home)
Sakamoto,MID,Coventry City,4.8,0.1,0.2,a,0,0,0,0,0,0,0,0.02,0.02,0.04,0.69,0,0,0,0,0,0,0,False,,,Nott'm Forest,0.0,0.0,0.0,0.0,0,0,0,142,992,Nott'm Forest (Home)
Mason-Clark,MID,Coventry City,5.4,0.1,0.8,a,0,0,0,0,0,0,0,0.07,0.49,0.56,2.56,0,0,0,0,0,0,0,False,,,Nott'm Forest,0.0,0.0,0.0,0.0,0,0,0,100,936,Nott'm Forest (Home)
Eccles,MID,Coventry City,4.9,0.0,0.0,i,0,0,0,0,0,0,0,0.00,0.00,0.00,0.00,0,0,0,0,0,0,0,False,,,Nott'm Forest,0.0,0.0,0.0,0.0,0,0,0,17,331,Nott'm Forest (Home)
Torp,MID,Coventry City,5.3,0.1,0.6,a,0,0,0,0,0,0,0,0.12,0.00,0.12,1.22,0,0,0,0,0,0,0,False,,,Nott'm Forest,0.0,0.0,0.0,0.0,0,0,0,52,1142,Nott'm Forest (Home)
Shepherd,MID,Coventry City,4.4,0.2,0.0,a,0,0,0,0,0,0,0,0.00,0.00,0.00,0.00,0,0,0,0,0,0,0,False,,,Nott'm Forest,0.0,0.0,0.0,0.0,0,0,0,2708,2959,Nott'm Forest (Home)
Tchaouna,MID,Coventry City,5.4,0.1,0.8,a,0,0,0,0,0,0,0,0.18,0.19,0.37,2.73,0,0,0,0,0,0,0,False,,,Nott'm Forest,0.0,0.0,0.0,0.0,0,0,0,39,1097,Nott'm Forest (Home)
Borges Rodrigues,MID,Coventry City,4.5,0.1,0.0,u,0,0,0,0,0,0,0,0.00,0.00,0.00,0.00,0,0,0,0,0,0,0,False,,,Nott'm Forest,0.0,0.0,0.0,0.0,0,0,0,0,1935,Nott'm Forest (Home)
Andrews,MID,Coventry City,4.5,0.3,0.0,u,0,0,0,0,0,0,0,0.00,0.00,0.00,0.00,0,0,0,0,0,0,0,False,,,Nott'm Forest,0.0,0.0,0.0,0.0,0,0,0,0,5803,Nott'm Forest (Home)
Wright,FWD,Coventry City,5.4,0.1,0.0,i,0,0,0,0,0,0,0,0.00,0.00,0.00,0.00,0,0,0,0,0,0,0,False,,,Nott'm Forest,0.0,0.0,0.0,0.0,0,0,0,97,1247,Nott'm Forest (Home)
Thomas-Asante,FWD,Coventry City,5.0,0.7,1.0,a,0,0,0,0,0,0,0,0.05,0.21,0.26,3.88,0,0,0,0,0,0,0,False,,,Nott'm Forest,0.0,0.0,0.0,0.0,0,0,0,8488,12964,Nott'm Forest (Home)
Simms,FWD,Coventry City,5.0,0.7,0.6,a,0,0,0,0,0,0,0,0.01,0.30,0.31,2.55,0,0,0,0,0,0,0,False,,,Nott'm Forest,0.0,0.0,0.0,0.0,0,0,0,2905,13425,Nott'm Forest (Home)
Markelo,FWD,Coventry City,5.0,0.0,0.0,u,0,0,0,0,0,0,0,0.00,0.00,0.00,0.00,0,0,0,0,0,0,0,False,,,Nott'm Forest,0.0,0.0,0.0,0.0,0,0,0,0,105,Nott'm Forest (Home)
Bassette,FWD,Coventry City,4.5,0.0,0.0,u,0,0,0,0,0,0,0,0.00,0.00,0.00,0.00,0,0,0,0,0,0,0,False,,,Nott'm Forest,0.0,0.0,0.0,0.0,0,0,0,0,273,Nott'm Forest (Home)
Awoniyi,FWD,Coventry City,5.4,0.4,0.6,s,0,0,0,0,0,0,0,0.04,1.30,1.34,3.55,0,0,0,0,0,0,0,False,,,Nott'm Forest,0.0,0.0,0.0,0.0,0,0,0,586,22047,Nott'm Forest (Home)
Yirenkyi,MID,Coventry City,4.9,0.1,1.2,a,0,0,0,0,0,0,0,0.14,0.03,0.17,3.17,0,0,0,0,0,0,0,False,,,Nott'm Forest,0.0,0.0,0.0,0.0,0,0,0,236,2746,Nott'm Forest (Home)
Hamer,MID,Coventry City,5.4,0.1,0.6,a,0,0,0,0,0,0,0,0.02,0.00,0.02,0.82,0,0,0,0,0,0,0,False,,,Nott'm Forest,0.0,0.0,0.0,0.0,0,0,0,64,1011,Nott'm Forest (Home)
Cherif,FWD,Coventry City,5.0,0.1,0.2,a,0,0,0,0,0,0,0,0.00,0.00,0.00,1.43,0,0,0,0,0,0,0,False,,,Nott'm Forest,0.0,0.0,0.0,0.0,0,0,0,1653,1480,Nott'm Forest (Home)
Bentley,GKP,Coventry City,4.0,0.6,0.0,a,0,0,0,0,0,0,0,0.00,0.00,0.00,0.00,0,0,0,0,0,0,0,False,,,Nott'm Forest,0.0,0.0,0.0,0.0,0,0,0,13315,2971,Nott'm Forest (Home)
Gboho,MID,Coventry City,5.5,0.0,0.0,a,0,0,0,0,0,0,0,0.00,0.00,0.00,0.00,0,0,0,0,0,0,0,False,,,Nott'm Forest,0.0,0.0,0.0,0.0,0,0,0,133,42,Nott'm Forest (Home)
Mfuni,DEF,Coventry City,4.0,0.1,0.0,a,0,0,0,0,0,0,0,0.00,0.00,0.00,0.00,0,0,0,0,0,0,0,False,,,Nott'm Forest,0.0,0.0,0.0,0.0,0,0,0,5501,1534,Nott'm Forest (Home)
Guessand,MID,Crystal Palace,5.4,0.0,0.4,a,0,0,0,0,0,0,0,0.03,0.03,0.06,0.34,0,0,0,0,0,0,0,False,,,Leeds,0.0,0.0,0.0,0.0,0,0,0,319,802,Leeds (Home)
Disasi,DEF,Crystal Palace,4.5,0.1,0.2,s,0,0,0,0,0,0,0,0.04,0.00,0.04,3.72,0,0,0,0,0,0,0,False,,,Leeds,0.0,0.0,0.0,0.0,0,0,0,157,5238,Leeds (Home)
Henderson,GKP,Crystal Palace,5.0,1.4,1.0,i,0,0,0,0,0,0,0,0.00,0.00,0.00,6.47,0,0,0,0,0,0,0,False,,,Leeds,0.0,0.0,0.0,0.0,0,0,0,210,59922,Leeds (Home)
Benitez,GKP,Crystal Palace,4.5,0.1,0.4,a,0,0,0,0,0,0,0,0.00,0.00,0.00,1.68,0,0,0,0,0,0,0,False,,,Leeds,0.0,0.0,0.0,0.0,0,0,0,1413,795,Leeds (Home)
Richards,DEF,Crystal Palace,5.0,0.6,1.2,a,0,0,0,0,0,0,0,0.06,0.08,0.14,8.15,0,0,0,0,0,0,0,False,,,Leeds,0.0,0.0,0.0,0.0,0,0,0,1854,9498,Leeds (Home)
Canvot,DEF,Crystal Palace,4.8,0.2,0.4,a,0,0,0,0,0,0,0,0.01,0.05,0.06,6.47,0,0,0,0,0,0,0,False,,,Leeds,0.0,0.0,0.0,0.0,0,0,0,259,4716,Leeds (Home)
Mitchell,DEF,Crystal Palace,4.5,6.1,3.4,a,0,0,0,0,0,2,0,0.24,0.77,1.01,7.03,0,0,0,0,0,0,0,False,,,Leeds,0.0,0.0,0.0,0.0,0,0,0,21781,73720,Leeds (Home)
Sosa,DEF,Crystal Palace,4.5,0.0,0.0,u,0,0,0,0,0,0,0,0.00,0.00,0.00,0.00,0,0,0,0,0,0,0,False,,,Leeds,0.0,0.0,0.0,0.0,0,0,0,0,274,Leeds (Home)
Chadi Riad,DEF,Crystal Palace,4.3,0.0,0.2,i,0,0,0,0,0,0,0,0.01,0.00,0.01,0.98,0,0,0,0,0,0,0,False,,,Leeds,0.0,0.0,0.0,0.0,0,0,0,53,383,Leeds (Home)
Mingueza,DEF,Crystal Palace,4.4,0.1,0.4,a,0,0,0,0,0,0,0,0.00,0.00,0.00,0.33,0,0,0,0,0,0,0,False,,,Leeds,0.0,0.0,0.0,0.0,0,0,0,250,958,Leeds (Home)
Sarr,MID,Crystal Palace,6.2,0.6,0.0,a,0,0,0,0,0,0,0,0.00,0.00,0.00,0.00,0,0,0,0,0,0,0,False,,,Leeds,0.0,0.0,0.0,0.0,0,0,0,1443,12388,Leeds (Home)
Wharton,MID,Crystal Palace,5.5,0.8,2.0,a,0,0,0,0,0,0,0,0.36,0.08,0.44,7.60,0,0,0,0,0,0,0,False,,,Leeds,0.0,0.0,0.0,0.0,0,0,0,2827,11875,Leeds (Home)
Yeremy,MID,Crystal Palace,5.5,0.4,2.4,a,0,0,0,0,0,0,2,0.40,0.36,0.76,5.67,0,0,0,0,0,0,0,False,,,Leeds,0.0,0.0,0.0,0.0,0,0,0,1928,14161,Leeds (Home)
Hughes,MID,Crystal Palace,4.4,7.7,0.4,a,0,0,0,0,0,0,0,0.04,0.00,0.04,1.12,0,0,0,0,0,0,0,False,,,Leeds,0.0,0.0,0.0,0.0,0,0,0,29011,100935,Leeds (Home)
Lerma,MID,Crystal Palace,4.9,0.1,0.2,a,0,0,0,0,0,0,0,0.00,0.00,0.00,0.48,0,0,0,0,0,0,0,False,,,Leeds,0.0,0.0,0.0,0.0,0,0,0,179,856,Leeds (Home)
Kamada,MID,Crystal Palace,5.0,0.5,3.6,a,0,0,0,0,0,0,3,0.35,0.05,0.40,7.54,0,0,0,0,0,0,0,False,,,Leeds,0.0,0.0,0.0,0.0,0,0,0,22401,7847,Leeds (Home)
Devenny,MID,Crystal Palace,5.0,0.0,0.0,u,0,0,0,0,0,0,0,0.00,0.00,0.00,0.00,0,0,0,0,0,0,0,False,,,Leeds,0.0,0.0,0.0,0.0,0,0,0,0,124,Leeds (Home)
Esse,MID,Crystal Palace,5.0,0.0,0.0,u,0,0,0,0,0,0,0,0.00,0.00,0.00,0.00,0,0,0,0,0,0,0,False,,,Leeds,0.0,0.0,0.0,0.0,0,0,0,0,405,Leeds (Home)
M.França,MID,Crystal Palace,4.9,0.0,0.0,u,0,0,0,0,0,0,0,0.00,0.00,0.00,0.00,0,0,0,0,0,0,0,False,,,Leeds,0.0,0.0,0.0,0.0,0,0,0,0,675,Leeds (Home)
Doucouré,MID,Crystal Palace,4.9,0.0,0.0,a,0,0,0,0,0,0,0,0.00,0.00,0.00,0.00,0,0,0,0,0,0,0,False,,,Leeds,0.0,0.0,0.0,0.0,0,0,0,272,848,Leeds (Home)
J.Rak-Sakyi,MID,Crystal Palace,4.9,0.0,0.0,u,0,0,0,0,0,0,0,0.00,0.00,0.00,0.00,0,0,0,0,0,0,0,False,,,Leeds,0.0,0.0,0.0,0.0,0,0,0,0,101,Leeds (Home)
Cardines,DEF,Crystal Palace,4.5,0.0,0.0,u,0,0,0,0,0,0,0,0.00,0.00,0.00,0.00,0,0,0,0,0,0,0,False,,,Leeds,0.0,0.0,0.0,0.0,0,0,0,0,8,Leeds (Home)
Drakes-Thomas,MID,Crystal Palace,4.5,0.1,0.0,a,0,0,0,0,0,0,0,0.00,0.00,0.00,0.00,0,0,0,0,0,0,0,False,,,Leeds,0.0,0.0,0.0,0.0,0,0,0,360,990,Leeds (Home)
Strand Larsen,FWD,Crystal Palace,6.0,0.6,2.4,a,0,0,0,0,0,1,0,0.03,0.39,0.42,4.89,0,0,0,0,0,0,0,False,,,Leeds,0.0,0.0,0.0,0.0,0,0,0,15191,11138,Leeds (Home)
Mateta,FWD,Crystal Palace,6.3,1.4,0.4,i,0,0,0,0,0,0,0,0.02,0.70,0.72,0.98,0,0,0,0,0,0,0,False,,,Leeds,0.0,0.0,0.0,0.0,0,0,0,232,29534,Leeds (Home)
Nketiah,FWD,Crystal Palace,5.5,0.5,1.4,a,0,0,0,0,0,0,1,0.58,1.10,1.68,4.45,0,0,0,0,0,0,0,False,,,Leeds,0.0,0.0,0.0,0.0,0,0,0,1026,22979,Leeds (Home)
Uche,FWD,Crystal Palace,5.0,0.0,0.0,u,0,0,0,0,0,0,0,0.00,0.00,0.00,0.00,0,0,0,0,0,0,0,False,,,Leeds,0.0,0.0,0.0,0.0,0,0,0,0,0,Leeds (Home)
McNeil,MID,Crystal Palace,5.4,0.1,0.6,a,0,0,0,0,0,0,0,0.02,0.05,0.07,1.18,0,0,0,0,0,0,0,False,,,Leeds,0.0,0.0,0.0,0.0,0,0,0,185,1559,Leeds (Home)
Matthews,GKP,Crystal Palace,4.0,1.7,0.0,a,0,0,0,0,0,0,0,0.00,0.00,0.00,0.00,0,0,0,0,0,0,0,False,,,Leeds,0.0,0.0,0.0,0.0,0,0,0,3461,5793,Leeds (Home)
Tomiyasu,DEF,Crystal Palace,4.4,0.3,0.4,a,0,0,0,0,0,0,0,0.02,0.00,0.02,3.44,0,0,0,0,0,0,0,False,,,Leeds,0.0,0.0,0.0,0.0,0,0,0,497,2824,Leeds (Home)
Khalaili,DEF,Crystal Palace,5.0,0.3,2.6,a,0,0,0,0,0,1,0,0.31,0.96,1.27,7.10,0,0,0,0,0,0,0,False,,,Leeds,0.0,0.0,0.0,0.0,0,0,0,5814,6531,Leeds (Home)
Gozo,MID,Crystal Palace,5.0,0.0,0.4,a,0,0,0,0,0,0,0,0.00,0.00,0.00,0.68,0,0,0,0,0,0,0,False,,,Leeds,0.0,0.0,0.0,0.0,0,0,0,81,198,Leeds (Home)
Ahanor,DEF,Crystal Palace,4.5,0.0,1.0,a,0,0,0,0,0,0,0,0.01,0.00,0.01,1.68,0,0,0,0,0,0,0,False,,,Leeds,0.0,0.0,0.0,0.0,0,0,0,710,240,Leeds (Home)
Chilwell,DEF,Crystal Palace,4.5,0.5,2.7,a,0,0,0,0,0,1,0,0.01,0.27,0.28,1.12,0,0,0,0,0,0,0,False,,,Leeds,0.0,0.0,0.0,0.0,0,0,0,3269,9457,Leeds (Home)
Timber,MID,Crystal Palace,5.0,0.0,2.0,a,0,0,0,0,0,0,0,0.03,0.12,0.15,4.25,0,0,0,0,0,0,0,False,,,Leeds,0.0,0.0,0.0,0.0,0,0,0,1410,628,Leeds (Home)
Osorio,MID,Crystal Palace,5.5,0.0,0.3,a,0,0,0,0,0,0,0,0.00,0.00,0.00,0.13,0,0,0,0,0,0,0,False,,,Leeds,0.0,0.0,0.0,0.0,0,0,0,80,171,Leeds (Home)
Nørgaard,MID,Everton,4.9,0.0,0.0,i,0,0,0,0,0,0,0,0.00,0.00,0.00,0.00,0,0,0,0,0,0,0,True,,,Ipswich Town,0.0,0.0,0.0,0.0,0,0,0,46,783,Ipswich Town (Away)
Johnson,MID,Everton,5.9,0.1,1.2,a,0,0,0,0,0,0,0,0.22,0.21,0.43,2.67,0,0,0,0,0,0,0,True,,,Ipswich Town,0.0,0.0,0.0,0.0,0,0,0,2308,1461,Ipswich Town (Away)
Pickford,GKP,Everton,5.5,9.0,3.4,a,0,0,0,0,0,0,0,0.02,0.00,0.02,5.50,0,0,0,0,0,0,0,True,,,Ipswich Town,0.0,0.0,0.0,0.0,0,0,0,77729,41026,Ipswich Town (Away)
Travers,GKP,Everton,5.0,0.0,0.0,a,0,0,0,0,0,0,0,0.00,0.00,0.00,0.00,0,0,0,0,0,0,0,True,,,Ipswich Town,0.0,0.0,0.0,0.0,0,0,0,576,462,Ipswich Town (Away)
King,GKP,Everton,4.5,0.0,0.0,a,0,0,0,0,0,0,0,0.00,0.00,0.00,0.00,0,0,0,0,0,0,0,True,,,Ipswich Town,0.0,0.0,0.0,0.0,0,0,0,243,296,Ipswich Town (Away)
Tarkowski,DEF,Everton,6.1,14.1,5.8,a,0,0,0,0,0,1,0,0.03,0.17,0.20,5.50,0,0,0,0,0,0,0,True,,,Ipswich Town,0.0,0.0,0.0,0.0,0,0,0,292865,49201,Ipswich Town (Away)
Branthwaite,DEF,Everton,5.5,2.3,3.8,a,0,0,0,0,0,0,0,0.02,0.17,0.19,5.50,0,0,0,0,0,0,0,True,,,Ipswich Town,0.0,0.0,0.0,0.0,0,0,0,50096,13193,Ipswich Town (Away)
Keane,DEF,Everton,4.8,0.8,0.0,a,0,0,0,0,0,0,0,0.00,0.00,0.00,0.00,0,0,0,0,0,0,0,True,,,Ipswich Town,0.0,0.0,0.0,0.0,0,0,0,2083,12209,Ipswich Town (Away)
O'Brien,DEF,Everton,4.9,0.3,0.2,a,0,0,0,0,0,0,0,0.00,0.00,0.00,0.26,0,0,0,0,0,0,0,True,,,Ipswich Town,0.0,0.0,0.0,0.0,0,0,0,1257,2773,Ipswich Town (Away)
Mykolenko,DEF,Everton,4.6,4.2,4.4,a,0,0,0,0,0,0,0,0.14,0.00,0.14,5.50,0,0,0,0,0,0,0,True,,,Ipswich Town,0.0,0.0,0.0,0.0,0,0,0,238606,24122,Ipswich Town (Away)
Patterson,DEF,Everton,4.5,0.0,0.0,u,0,0,0,0,0,0,0,0.00,0.00,0.00,0.00,0,0,0,0,0,0,0,True,,,Ipswich Town,0.0,0.0,0.0,0.0,0,0,0,0,321,Ipswich Town (Away)
Aznou,DEF,Everton,4.0,0.1,0.0,u,0,0,0,0,0,0,0,0.00,0.00,0.00,0.00,0,0,0,0,0,0,0,True,,,Ipswich Town,0.0,0.0,0.0,0.0,0,0,0,0,1647,Ipswich Town (Away)
Dewsbury-Hall,MID,Everton,6.6,6.2,3.4,a,0,0,0,0,0,1,0,0.49,0.62,1.11,5.46,0,0,0,0,0,0,0,True,,,Ipswich Town,0.0,0.0,0.0,0.0,0,0,0,216116,59560,Ipswich Town (Away)
Grealish,MID,Everton,6.5,0.4,0.6,a,0,0,0,0,0,0,0,0.14,0.02,0.16,0.61,0,0,0,0,0,0,0,True,,,Ipswich Town,0.0,0.0,0.0,0.0,0,0,0,10313,6038,Ipswich Town (Away)
Garner,MID,Everton,6.0,0.2,1.6,a,0,0,0,0,0,0,0,0.13,0.04,0.17,2.01,0,0,0,0,0,0,0,True,,,Ipswich Town,0.0,0.0,0.0,0.0,0,0,0,12252,3224,Ipswich Town (Away)
George,MID,Everton,5.5,1.0,3.6,a,0,0,0,0,0,1,0,0.31,0.32,0.63,3.33,0,0,0,0,0,0,0,True,,,Ipswich Town,0.0,0.0,0.0,0.0,0,0,0,50560,10957,Ipswich Town (Away)
Alcaraz,MID,Everton,4.9,0.1,0.2,a,0,0,0,0,0,0,0,0.02,0.05,0.07,0.04,0,0,0,0,0,0,0,True,,,Ipswich Town,0.0,0.0,0.0,0.0,0,0,0,539,1031,Ipswich Town (Away)
Armstrong,MID,Everton,5.0,0.4,2.8,d,0,0,0,0,0,0,1,0.12,0.09,0.21,5.50,0,0,0,0,0,0,0,True,,,Ipswich Town,0.0,0.0,0.0,0.0,0,0,0,5950,8858,Ipswich Town (Away)
Dibling,MID,Everton,5.4,0.0,0.0,a,0,0,0,0,0,0,0,0.00,0.00,0.00,0.00,0,0,0,0,0,0,0,True,,,Ipswich Town,0.0,0.0,0.0,0.0,0,0,0,288,375,Ipswich Town (Away)
Röhl,MID,Everton,4.9,0.0,1.2,i,0,0,0,0,0,0,0,0.20,0.00,0.20,4.52,0,0,0,0,0,0,0,True,,,Ipswich Town,0.0,0.0,0.0,0.0,0,0,0,285,1256,Ipswich Town (Away)
Hackney,MID,Everton,5.5,0.2,1.8,a,0,0,0,0,0,0,1,0.13,0.05,0.18,3.75,0,0,0,0,0,0,0,True,,,Ipswich Town,0.0,0.0,0.0,0.0,0,0,0,726,1962,Ipswich Town (Away)
Beto,FWD,Everton,5.4,0.7,0.4,u,0,0,0,0,0,0,0,0.00,0.09,0.09,1.92,0,0,0,0,0,0,0,True,,,Ipswich Town,0.0,0.0,0.0,0.0,0,0,0,0,25316,Ipswich Town (Away)
Barry,FWD,Everton,5.6,7.9,2.8,a,0,0,0,0,0,1,0,0.14,2.98,3.12,3.58,0,0,0,0,0,0,0,True,,,Ipswich Town,0.0,0.0,0.0,0.0,0,0,0,262211,84330,Ipswich Town (Away)
Maitland-Niles,DEF,Everton,4.5,1.0,4.3,a,0,0,0,0,0,1,0,0.14,0.06,0.20,0.72,0,0,0,0,0,0,0,True,,,Ipswich Town,0.0,0.0,0.0,0.0,0,0,0,54068,6062,Ipswich Town (Away)
Graham,MID,Everton,4.5,0.1,0.0,a,0,0,0,0,0,0,0,0.00,0.00,0.00,0.00,0,0,0,0,0,0,0,True,,,Ipswich Town,0.0,0.0,0.0,0.0,0,0,0,1585,2244,Ipswich Town (Away)
Leno,GKP,Fulham,4.5,3.1,3.0,a,0,0,0,0,0,0,0,0.00,0.00,0.00,7.51,0,0,0,0,0,0,0,True,,,Man Utd,0.0,0.0,0.0,0.0,0,0,0,37373,17412,Man Utd (Away)
Lecomte,GKP,Fulham,4.0,1.1,0.0,a,0,0,0,0,0,0,0,0.00,0.00,0.00,0.00,0,0,0,0,0,0,0,True,,,Man Utd,0.0,0.0,0.0,0.0,0,0,0,3635,4286,Man Utd (Away)
McNally,GKP,Fulham,4.0,0.1,0.0,u,0,0,0,0,0,0,0,0.00,0.00,0.00,0.00,0,0,0,0,0,0,0,True,,,Man Utd,0.0,0.0,0.0,0.0,0,0,0,0,908,Man Utd (Away)
Andersen,DEF,Fulham,5.0,0.1,0.4,a,0,0,0,0,0,0,0,0.10,0.00,0.10,3.99,0,0,0,0,0,0,0,True,,,Man Utd,0.0,0.0,0.0,0.0,0,0,0,1831,2077,Man Utd (Away)
Robinson,DEF,Fulham,4.5,1.4,2.0,a,0,0,0,0,0,0,0,0.21,0.26,0.47,7.48,0,0,0,0,0,0,0,True,,,Man Utd,0.0,0.0,0.0,0.0,0,0,0,11569,11279,Man Utd (Away)
J.Cuenca,DEF,Fulham,4.5,0.0,0.6,a,0,0,0,0,0,0,0,0.03,0.00,0.03,2.24,0,0,0,0,0,0,0,True,,,Man Utd,0.0,0.0,0.0,0.0,0,0,0,89,332,Man Utd (Away)
Tete,DEF,Fulham,4.4,0.2,0.0,i,0,0,0,0,0,0,0,0.00,0.00,0.00,0.65,0,0,0,0,0,0,0,True,,,Man Utd,0.0,0.0,0.0,0.0,0,0,0,326,2073,Man Utd (Away)
Bassey,DEF,Fulham,4.5,0.7,1.8,a,0,0,0,0,0,0,0,0.07,0.07,0.14,7.51,0,0,0,0,0,0,0,True,,,Man Utd,0.0,0.0,0.0,0.0,0,0,0,3658,3913,Man Utd (Away)
Castagne,DEF,Fulham,4.5,0.9,3.8,a,0,0,0,0,0,0,2,0.38,0.67,1.05,5.21,0,0,0,0,0,0,0,True,,,Man Utd,0.0,0.0,0.0,0.0,0,0,0,14129,7614,Man Utd (Away)
Iwobi,MID,Fulham,5.4,0.7,1.8,a,0,0,0,0,0,0,0,0.81,0.20,1.01,7.04,0,0,0,0,0,0,0,True,,,Man Utd,0.0,0.0,0.0,0.0,0,0,0,3075,9579,Man Utd (Away)
Smith Rowe,MID,Fulham,5.4,0.2,0.6,a,0,0,0,0,0,0,0,0.02,0.06,0.08,0.87,0,0,0,0,0,0,0,True,,,Man Utd,0.0,0.0,0.0,0.0,0,0,0,582,3491,Man Utd (Away)
Kevin,MID,Fulham,5.3,0.0,0.6,a,0,0,0,0,0,0,0,0.12,0.03,0.15,0.74,0,0,0,0,0,0,0,True,,,Man Utd,0.0,0.0,0.0,0.0,0,0,0,596,671,Man Utd (Away)
Bobb,MID,Fulham,5.5,0.3,2.0,a,0,0,0,0,0,0,0,1.05,0.32,1.37,5.07,0,0,0,0,0,0,0,True,,,Man Utd,0.0,0.0,0.0,0.0,0,0,0,2742,3876,Man Utd (Away)
Berge,MID,Fulham,4.9,0.3,1.6,a,0,0,0,0,0,0,0,0.34,0.03,0.37,6.18,0,0,0,0,0,0,0,True,,,Man Utd,0.0,0.0,0.0,0.0,0,0,0,1643,3196,Man Utd (Away)
Cairney,MID,Fulham,4.9,0.0,0.0,i,0,0,0,0,0,0,0,0.00,0.00,0.00,0.00,0,0,0,0,0,0,0,True,,,Man Utd,0.0,0.0,0.0,0.0,0,0,0,15,61,Man Utd (Away)
King,MID,Fulham,5.5,2.0,4.4,a,0,0,0,0,0,2,0,0.43,1.16,1.59,7.04,0,0,0,0,0,0,0,True,,,Man Utd,0.0,0.0,0.0,0.0,0,0,0,104721,26450,Man Utd (Away)
Sessegnon,DEF,Fulham,4.4,0.3,0.6,d,0,0,0,0,0,0,0,0.44,0.13,0.57,1.80,0,0,0,0,0,0,0,True,,,Man Utd,0.0,0.0,0.0,0.0,0,0,0,228,5290,Man Utd (Away)
Reed,MID,Fulham,4.4,1.2,0.0,a,0,0,0,0,0,0,0,0.00,0.00,0.00,0.00,0,0,0,0,0,0,0,True,,,Man Utd,0.0,0.0,0.0,0.0,0,0,0,16215,16645,Man Utd (Away)
Muniz,FWD,Fulham,5.4,0.4,0.6,a,0,0,0,0,0,0,0,0.00,0.40,0.40,0.49,0,0,0,0,0,0,0,True,,,Man Utd,0.0,0.0,0.0,0.0,0,0,0,3484,6327,Man Utd (Away)
Kusi-Asare,FWD,Fulham,4.5,5.6,0.0,a,0,0,0,0,0,0,0,0.00,0.00,0.00,0.00,0,0,0,0,0,0,0,True,,,Man Utd,0.0,0.0,0.0,0.0,0,0,0,30186,70844,Man Utd (Away)
Gonzalo,FWD,Fulham,6.0,3.7,2.4,a,0,0,0,0,0,1,0,0.25,1.64,1.89,7.04,0,0,0,0,0,0,0,True,,,Man Utd,0.0,0.0,0.0,0.0,0,0,0,42871,74168,Man Utd (Away)
Palacios,MID,Fulham,5.4,0.2,2.2,a,0,0,0,0,0,1,0,0.03,0.98,1.01,4.97,0,0,0,0,0,0,0,True,,,Man Utd,0.0,0.0,0.0,0.0,0,0,0,1918,2374,Man Utd (Away)
Charles,MID,Fulham,5.0,0.1,1.8,a,0,0,0,0,0,0,0,0.14,0.09,0.23,5.05,0,0,0,0,0,0,0,True,,,Man Utd,0.0,0.0,0.0,0.0,0,0,0,742,693,Man Utd (Away)
De Fougerolles,DEF,Fulham,4.0,0.1,0.0,u,0,0,0,0,0,0,0,0.00,0.00,0.00,0.00,0,0,0,0,0,0,0,True,,,Man Utd,0.0,0.0,0.0,0.0,0,0,0,0,1168,Man Utd (Away)
Zepa,MID,Fulham,4.5,0.3,0.0,a,0,0,0,0,0,0,0,0.00,0.00,0.00,0.00,0,0,0,0,0,0,0,True,,,Man Utd,0.0,0.0,0.0,0.0,0,0,0,996,4857,Man Utd (Away)
Larsson,MID,Fulham,5.0,0.0,0.7,a,0,0,0,0,0,0,0,0.23,0.13,0.36,0.46,0,0,0,0,0,0,0,True,,,Man Utd,0.0,0.0,0.0,0.0,0,0,0,191,125,Man Utd (Away)
Ángel,MID,Fulham,5.0,0.0,0.0,a,0,0,0,0,0,0,0,0.00,0.00,0.00,0.00,0,0,0,0,0,0,0,True,,,Man Utd,0.0,0.0,0.0,0.0,0,0,0,84,74,Man Utd (Away)
Affengruber,DEF,Fulham,4.5,0.0,2.7,a,0,0,0,0,0,0,0,0.00,0.00,0.00,1.28,0,0,0,0,0,0,0,True,,,Man Utd,0.0,0.0,0.0,0.0,0,0,0,2400,493,Man Utd (Away)
Iroegbunam,MID,Hull City,5.0,0.0,0.2,a,0,0,0,0,0,0,0,0.00,0.00,0.00,0.35,0,0,0,0,0,0,0,False,,,Newcastle,0.0,0.0,0.0,0.0,0,0,0,374,273,Newcastle (Home)
Phillips,GKP,Hull City,4.0,1.4,0.0,a,0,0,0,0,0,0,0,0.00,0.00,0.00,0.00,0,0,0,0,0,0,0,False,,,Newcastle,0.0,0.0,0.0,0.0,0,0,0,5096,6736,Newcastle (Home)
Butland,GKP,Hull City,4.5,0.1,0.0,i,0,0,0,0,0,0,0,0.00,0.00,0.00,0.00,0,0,0,0,0,0,0,False,,,Newcastle,0.0,0.0,0.0,0.0,0,0,0,109,569,Newcastle (Home)
Cartwright,GKP,Hull City,4.0,0.0,0.0,u,0,0,0,0,0,0,0,0.00,0.00,0.00,0.00,0,0,0,0,0,0,0,False,,,Newcastle,0.0,0.0,0.0,0.0,0,0,0,0,41,Newcastle (Home)
Lo-Tutala,GKP,Hull City,4.0,0.0,0.0,u,0,0,0,0,0,0,0,0.00,0.00,0.00,0.00,0,0,0,0,0,0,0,False,,,Newcastle,0.0,0.0,0.0,0.0,0,0,0,0,135,Newcastle (Home)
Egan,DEF,Hull City,4.1,7.1,5.0,a,0,0,0,0,0,0,0,0.00,0.04,0.04,5.96,0,0,0,0,0,0,0,False,,,Newcastle,0.0,0.0,0.0,0.0,0,0,0,120781,44497,Newcastle (Home)
Hughes,DEF,Hull City,3.9,0.2,0.0,i,0,0,0,0,0,0,0,0.00,0.00,0.00,0.00,0,0,0,0,0,0,0,False,,,Newcastle,0.0,0.0,0.0,0.0,0,0,0,15378,5637,Newcastle (Home)
Ajayi,DEF,Hull City,4.2,14.3,5.2,a,0,0,0,0,0,1,0,0.00,0.65,0.65,4.99,0,0,0,0,0,0,0,False,,,Newcastle,0.0,0.0,0.0,0.0,0,0,0,250066,87117,Newcastle (Home)
Coyle,DEF,Hull City,4.0,0.7,2.6,a,0,0,0,0,0,0,0,0.03,0.13,0.16,4.78,0,0,0,0,0,0,0,False,,,Newcastle,0.0,0.0,0.0,0.0,0,0,0,11929,4413,Newcastle (Home)
Drameh,DEF,Hull City,4.0,0.0,0.4,u,0,0,0,0,0,0,0,0.00,0.05,0.05,0.87,0,0,0,0,0,0,0,False,,,Newcastle,0.0,0.0,0.0,0.0,0,0,0,0,664,Newcastle (Home)
Giles,DEF,Hull City,4.0,2.8,4.8,a,0,0,0,0,0,0,1,0.35,0.02,0.37,5.89,0,0,0,0,0,0,0,False,,,Newcastle,0.0,0.0,0.0,0.0,0,0,0,141201,22835,Newcastle (Home)
Jacob,DEF,Hull City,4.0,0.0,0.0,u,0,0,0,0,0,0,0,0.00,0.00,0.00,0.00,0,0,0,0,0,0,0,False,,,Newcastle,0.0,0.0,0.0,0.0,0,0,0,0,94,Newcastle (Home)
McCarthy,DEF,Hull City,4.0,0.1,0.0,a,0,0,0,0,0,0,0,0.00,0.00,0.00,0.00,0,0,0,0,0,0,0,False,,,Newcastle,0.0,0.0,0.0,0.0,0,0,0,1366,941,Newcastle (Home)
McNair,DEF,Hull City,4.0,0.1,0.2,a,0,0,0,0,0,0,0,0.00,0.00,0.00,0.96,0,0,0,0,0,0,0,False,,,Newcastle,0.0,0.0,0.0,0.0,0,0,0,725,917,Newcastle (Home)
Belloumi,MID,Hull City,5.1,4.4,5.4,a,0,0,0,0,0,2,1,0.12,0.37,0.49,5.13,0,0,0,0,0,0,0,False,,,Newcastle,0.0,0.0,0.0,0.0,0,0,0,362918,33910,Newcastle (Home)
Millar,MID,Hull City,5.0,0.0,1.2,u,0,0,0,0,0,1,0,0.00,0.58,0.58,0.87,0,0,0,0,0,0,0,False,,,Newcastle,0.0,0.0,0.0,0.0,0,0,0,0,1008,Newcastle (Home)
Dowell,MID,Hull City,4.5,0.3,0.0,a,0,0,0,0,0,0,0,0.00,0.00,0.00,0.00,0,0,0,0,0,0,0,False,,,Newcastle,0.0,0.0,0.0,0.0,0,0,0,1553,4474,Newcastle (Home)
Crooks,MID,Hull City,4.4,0.5,0.6,a,0,0,0,0,0,0,0,0.00,0.00,0.00,2.38,0,0,0,0,0,0,0,False,,,Newcastle,0.0,0.0,0.0,0.0,0,0,0,4076,6306,Newcastle (Home)
Slater,MID,Hull City,4.5,5.5,2.6,a,0,0,0,0,0,0,1,0.56,0.08,0.64,5.96,0,0,0,0,0,0,0,False,,,Newcastle,0.0,0.0,0.0,0.0,0,0,0,62686,63572,Newcastle (Home)
Matazo,MID,Hull City,4.5,0.0,0.0,i,0,0,0,0,0,0,0,0.00,0.00,0.00,0.00,0,0,0,0,0,0,0,False,,,Newcastle,0.0,0.0,0.0,0.0,0,0,0,67,90,Newcastle (Home)
Ömür,MID,Hull City,4.9,0.0,0.0,a,0,0,0,0,0,0,0,0.00,0.00,0.00,0.00,0,0,0,0,0,0,0,False,,,Newcastle,0.0,0.0,0.0,0.0,0,0,0,288,312,Newcastle (Home)
Kamara,MID,Hull City,5.0,0.0,0.0,u,0,0,0,0,0,0,0,0.00,0.00,0.00,0.00,0,0,0,0,0,0,0,False,,,Newcastle,0.0,0.0,0.0,0.0,0,0,0,0,22,Newcastle (Home)
Zambrano,MID,Hull City,4.5,0.1,0.0,a,0,0,0,0,0,0,0,0.00,0.00,0.00,0.00,0,0,0,0,0,0,0,False,,,Newcastle,0.0,0.0,0.0,0.0,0,0,0,1214,1151,Newcastle (Home)
McBurnie,FWD,Hull City,5.5,2.0,2.4,a,0,0,0,0,0,0,2,0.11,0.87,0.98,5.77,0,0,0,0,0,0,0,False,,,Newcastle,0.0,0.0,0.0,0.0,0,0,0,35498,28675,Newcastle (Home)
Akintola,MID,Hull City,5.0,0.0,0.0,u,0,0,0,0,0,0,0,0.00,0.00,0.00,0.00,0,0,0,0,0,0,0,False,,,Newcastle,0.0,0.0,0.0,0.0,0,0,0,0,1213,Newcastle (Home)
Gyabi,MID,Hull City,4.5,0.0,0.0,i,0,0,0,0,0,0,0,0.00,0.00,0.00,0.00,0,0,0,0,0,0,0,False,,,Newcastle,0.0,0.0,0.0,0.0,0,0,0,61,217,Newcastle (Home)
Destan,FWD,Hull City,4.5,0.2,0.0,u,0,0,0,0,0,0,0,0.00,0.00,0.00,0.00,0,0,0,0,0,0,0,False,,,Newcastle,0.0,0.0,0.0,0.0,0,0,0,0,2761,Newcastle (Home)
Burstow,FWD,Hull City,4.5,0.0,0.0,u,0,0,0,0,0,0,0,0.00,0.00,0.00,0.00,0,0,0,0,0,0,0,False,,,Newcastle,0.0,0.0,0.0,0.0,0,0,0,0,365,Newcastle (Home)
Gelhardt,MID,Hull City,5.0,0.0,0.0,a,0,0,0,0,0,0,0,0.00,0.00,0.00,0.00,0,0,0,0,0,0,0,False,,,Newcastle,0.0,0.0,0.0,0.0,0,0,0,281,233,Newcastle (Home)
Targett,DEF,Hull City,4.0,1.7,0.2,d,0,0,0,0,0,0,0,0.00,0.00,0.00,0.07,0,0,0,0,0,0,0,False,,,Newcastle,0.0,0.0,0.0,0.0,0,0,0,3674,19477,Newcastle (Home)
Morita,MID,Hull City,5.0,0.0,0.2,i,0,0,0,0,0,0,0,0.00,0.00,0.00,1.09,0,0,0,0,0,0,0,False,,,Newcastle,0.0,0.0,0.0,0.0,0,0,0,23,441,Newcastle (Home)
Tzolakis,GKP,Hull City,4.6,11.5,5.6,a,0,0,0,0,0,0,0,0.00,0.00,0.00,5.96,0,0,0,0,0,0,0,False,,,Newcastle,0.0,0.0,0.0,0.0,0,0,0,162718,54614,Newcastle (Home)
Hjertø-Dahl,MID,Hull City,4.9,0.1,0.2,a,0,0,0,0,0,0,0,0.00,0.00,0.00,0.00,0,0,0,0,0,0,0,False,,,Newcastle,0.0,0.0,0.0,0.0,0,0,0,289,826,Newcastle (Home)
Stroud,MID,Hull City,5.0,0.1,1.4,a,0,0,0,0,0,0,0,0.05,0.06,0.11,4.32,0,0,0,0,0,0,0,False,,,Newcastle,0.0,0.0,0.0,0.0,0,0,0,701,909,Newcastle (Home)
Herrington,DEF,Hull City,4.0,0.6,0.8,a,0,0,0,0,0,0,0,0.01,0.00,0.01,1.92,0,0,0,0,0,0,0,False,,,Newcastle,0.0,0.0,0.0,0.0,0,0,0,3458,3594,Newcastle (Home)
Mendy,DEF,Hull City,4.1,6.5,5.0,i,0,0,0,0,0,1,0,0.00,0.32,0.32,4.02,0,0,0,0,0,0,0,False,,,Newcastle,0.0,0.0,0.0,0.0,0,0,0,13422,166297,Newcastle (Home)
Gourna-Douath,MID,Hull City,5.0,0.0,0.6,a,0,0,0,0,0,0,0,0.02,0.00,0.02,2.13,0,0,0,0,0,0,0,False,,,Newcastle,0.0,0.0,0.0,0.0,0,0,0,149,292,Newcastle (Home)
Cho,MID,Hull City,5.0,0.0,0.8,a,0,0,0,0,0,0,0,0.16,0.52,0.68,0.82,0,0,0,0,0,0,0,False,,,Newcastle,0.0,0.0,0.0,0.0,0,0,0,401,229,Newcastle (Home)
Ansah,FWD,Hull City,5.0,0.0,0.0,i,0,0,0,0,0,0,0,0.00,0.00,0.00,0.00,0,0,0,0,0,0,0,False,,,Newcastle,0.0,0.0,0.0,0.0,0,0,0,151,1318,Newcastle (Home)
Vaz,FWD,Hull City,5.0,0.1,0.3,a,0,0,0,0,0,0,0,0.00,0.00,0.00,0.18,0,0,0,0,0,0,0,False,,,Newcastle,0.0,0.0,0.0,0.0,0,0,0,5586,1718,Newcastle (Home)
Norton-Cuffy,DEF,Hull City,4.0,0.3,0.3,a,0,0,0,0,0,0,0,0.00,0.05,0.05,0.30,0,0,0,0,0,0,0,False,,,Newcastle,0.0,0.0,0.0,0.0,0,0,0,5014,3577,Newcastle (Home)
Thomas,MID,Hull City,5.5,0.0,0.7,a,0,0,0,0,0,0,0,0.07,0.02,0.09,0.76,0,0,0,0,0,0,0,False,,,Newcastle,0.0,0.0,0.0,0.0,0,0,0,1275,514,Newcastle (Home)
Mouzakitis,MID,Hull City,5.0,0.0,0.0,a,0,0,0,0,0,0,0,0.00,0.00,0.00,0.00,0,0,0,0,0,0,0,False,,,Newcastle,0.0,0.0,0.0,0.0,0,0,0,212,112,Newcastle (Home)
Diop,DEF,Ipswich Town,4.0,13.2,1.6,a,0,0,0,0,0,0,0,0.15,0.00,0.15,6.74,0,0,0,0,0,0,0,False,,,Everton,0.0,0.0,0.0,0.0,0,0,0,19674,112946,Everton (Home)
Lukić,MID,Ipswich Town,5.0,0.1,1.8,a,0,0,0,0,0,0,1,0.16,0.02,0.18,5.61,0,0,0,0,0,0,0,False,,,Everton,0.0,0.0,0.0,0.0,0,0,0,469,1385,Everton (Home)
Walton,GKP,Ipswich Town,4.4,0.4,0.0,a,0,0,0,0,0,0,0,0.00,0.00,0.00,0.00,0,0,0,0,0,0,0,False,,,Everton,0.0,0.0,0.0,0.0,0,0,0,763,2106,Everton (Home)
Palmer,GKP,Ipswich Town,4.0,4.0,0.0,a,0,0,0,0,0,0,0,0.00,0.00,0.00,0.00,0,0,0,0,0,0,0,False,,,Everton,0.0,0.0,0.0,0.0,0,0,0,9183,20140,Everton (Home)
Button,GKP,Ipswich Town,4.0,0.6,0.0,a,0,0,0,0,0,0,0,0.00,0.00,0.00,0.00,0,0,0,0,0,0,0,False,,,Everton,0.0,0.0,0.0,0.0,0,0,0,2951,2340,Everton (Home)
Kipré,DEF,Ipswich Town,3.9,0.9,0.0,a,0,0,0,0,0,0,0,0.00,0.00,0.00,0.00,0,0,0,0,0,0,0,False,,,Everton,0.0,0.0,0.0,0.0,0,0,0,43068,10246,Everton (Home)
O'Shea,DEF,Ipswich Town,4.0,2.8,1.6,a,0,0,0,0,0,0,0,0.26,0.07,0.33,6.74,0,0,0,0,0,0,0,False,,,Everton,0.0,0.0,0.0,0.0,0,0,0,7422,21615,Everton (Home)
Davis,DEF,Ipswich Town,4.0,6.8,4.6,a,0,0,0,0,0,2,2,0.44,1.17,1.61,6.74,0,0,0,0,0,0,0,False,,,Everton,0.0,0.0,0.0,0.0,0,0,0,204377,35843,Everton (Home)
Greaves,DEF,Ipswich Town,4.0,1.1,0.6,a,0,0,0,0,0,0,0,0.06,0.00,0.06,6.74,0,0,0,0,0,0,0,False,,,Everton,0.0,0.0,0.0,0.0,0,0,0,1426,7695,Everton (Home)
Johnson,DEF,Ipswich Town,4.0,0.1,0.0,u,0,0,0,0,0,0,0,0.00,0.00,0.00,0.00,0,0,0,0,0,0,0,False,,,Everton,0.0,0.0,0.0,0.0,0,0,0,0,1177,Everton (Home)
Furlong,DEF,Ipswich Town,3.9,0.6,0.2,a,0,0,0,0,0,0,0,0.00,0.00,0.00,0.86,0,0,0,0,0,0,0,False,,,Everton,0.0,0.0,0.0,0.0,0,0,0,11325,4097,Everton (Home)
Núñez,MID,Ipswich Town,4.9,0.1,1.2,a,0,0,0,0,0,0,0,0.05,0.03,0.08,3.48,0,0,0,0,0,0,0,False,,,Everton,0.0,0.0,0.0,0.0,0,0,0,337,1767,Everton (Home)
Matusiwa,MID,Ipswich Town,4.9,0.0,0.0,a,0,0,0,0,0,0,0,0.00,0.00,0.00,0.00,0,0,0,0,0,0,0,False,,,Everton,0.0,0.0,0.0,0.0,0,0,0,51,36,Everton (Home)
Burns,MID,Ipswich Town,5.0,0.0,0.0,u,0,0,0,0,0,0,0,0.00,0.00,0.00,0.00,0,0,0,0,0,0,0,False,,,Everton,0.0,0.0,0.0,0.0,0,0,0,0,21,Everton (Home)
Taylor,MID,Ipswich Town,4.5,0.0,0.0,i,0,0,0,0,0,0,0,0.00,0.00,0.00,0.00,0,0,0,0,0,0,0,False,,,Everton,0.0,0.0,0.0,0.0,0,0,0,99,349,Everton (Home)
Clarke,MID,Ipswich Town,5.4,0.2,1.8,a,0,0,0,0,0,1,0,0.04,0.30,0.34,0.29,0,0,0,0,0,0,0,False,,,Everton,0.0,0.0,0.0,0.0,0,0,0,514,2903,Everton (Home)
Ogbene,MID,Ipswich Town,4.9,0.0,0.0,u,0,0,0,0,0,0,0,0.00,0.00,0.00,0.00,0,0,0,0,0,0,0,False,,,Everton,0.0,0.0,0.0,0.0,0,0,0,0,155,Everton (Home)
Fatawu,MID,Ipswich Town,5.4,0.2,1.8,a,0,0,0,0,0,0,1,0.83,0.03,0.86,6.11,0,0,0,0,0,0,0,False,,,Everton,0.0,0.0,0.0,0.0,0,0,0,636,2667,Everton (Home)
Emersonn,FWD,Ipswich Town,5.5,3.3,4.8,a,0,0,0,0,0,2,1,0.11,1.48,1.59,2.22,0,0,0,0,0,0,0,False,,,Everton,0.0,0.0,0.0,0.0,0,0,0,160060,26867,Everton (Home)
Hirst,FWD,Ipswich Town,5.0,0.1,0.0,u,0,0,0,0,0,0,0,0.00,0.00,0.00,0.00,0,0,0,0,0,0,0,False,,,Everton,0.0,0.0,0.0,0.0,0,0,0,0,1398,Everton (Home)
Philogene,MID,Ipswich Town,5.4,0.1,0.2,a,0,0,0,0,0,0,0,0.00,0.02,0.01,0.41,0,0,0,0,0,0,0,False,,,Everton,0.0,0.0,0.0,0.0,0,0,0,83,405,Everton (Home)
Szmodics,MID,Ipswich Town,5.0,0.0,0.0,u,0,0,0,0,0,0,0,0.00,0.00,0.00,0.00,0,0,0,0,0,0,0,False,,,Everton,0.0,0.0,0.0,0.0,0,0,0,0,60,Everton (Home)
Akpom,FWD,Ipswich Town,5.0,1.2,1.2,a,0,0,0,0,0,1,0,0.00,0.97,0.97,4.04,0,0,0,0,0,0,0,False,,,Everton,0.0,0.0,0.0,0.0,0,0,0,22206,21609,Everton (Home)
Walle Egeli,FWD,Ipswich Town,4.5,3.6,0.2,a,0,0,0,0,0,0,0,0.00,0.00,0.00,0.03,0,0,0,0,0,0,0,False,,,Everton,0.0,0.0,0.0,0.0,0,0,0,62123,49386,Everton (Home)
Al-Hamadi,FWD,Ipswich Town,5.0,0.1,0.0,u,0,0,0,0,0,0,0,0.00,0.00,0.00,0.00,0,0,0,0,0,0,0,False,,,Everton,0.0,0.0,0.0,0.0,0,0,0,0,988,Everton (Home)
McAteer,MID,Ipswich Town,4.5,1.1,0.6,a,0,0,0,0,0,0,0,0.00,0.05,0.05,0.21,0,0,0,0,0,0,0,False,,,Everton,0.0,0.0,0.0,0.0,0,0,0,2383,14025,Everton (Home)
Mehmeti,MID,Ipswich Town,4.9,0.0,0.0,a,0,0,0,0,0,0,0,0.00,0.00,0.00,0.00,0,0,0,0,0,0,0,False,,,Everton,0.0,0.0,0.0,0.0,0,0,0,80,342,Everton (Home)
Van Oevelen,GKP,Ipswich Town,4.5,0.0,0.0,u,0,0,0,0,0,0,0,0.00,0.00,0.00,0.00,0,0,0,0,0,0,0,False,,,Everton,0.0,0.0,0.0,0.0,0,0,0,0,237,Everton (Home)
Maeda,MID,Ipswich Town,5.4,0.2,1.4,a,0,0,0,0,0,0,0,0.01,0.71,0.72,5.57,0,0,0,0,0,0,0,False,,,Everton,0.0,0.0,0.0,0.0,0,0,0,224,4371,Everton (Home)
Scherpen,GKP,Ipswich Town,4.5,0.6,1.4,a,0,0,0,0,0,0,0,0.01,0.00,0.01,6.74,0,0,0,0,0,0,0,False,,,Everton,0.0,0.0,0.0,0.0,0,0,0,2903,4238,Everton (Home)
Florentino,MID,Ipswich Town,4.9,0.1,0.2,a,0,0,0,0,0,0,0,0.01,0.00,0.01,0.27,0,0,0,0,0,0,0,False,,,Everton,0.0,0.0,0.0,0.0,0,0,0,181,940,Everton (Home)
Enciso,MID,Ipswich Town,5.5,0.8,2.6,a,0,0,0,0,0,0,2,0.84,0.92,1.76,6.71,0,0,0,0,0,0,0,False,,,Everton,0.0,0.0,0.0,0.0,0,0,0,9464,15468,Everton (Home)
Ouattara,DEF,Ipswich Town,4.0,0.9,0.8,a,0,0,0,0,0,0,0,0.02,0.00,0.02,0.89,0,0,0,0,0,0,0,False,,,Everton,0.0,0.0,0.0,0.0,0,0,0,2569,5478,Everton (Home)
Humphreys,MID,Ipswich Town,4.5,0.0,0.0,u,0,0,0,0,0,0,0,0.00,0.00,0.00,0.00,0,0,0,0,0,0,0,False,,,Everton,0.0,0.0,0.0,0.0,0,0,0,0,489,Everton (Home)
Palacios,MID,Ipswich Town,5.0,0.1,2.2,a,0,0,0,0,0,0,0,0.07,0.00,0.07,3.23,0,0,0,0,0,0,0,False,,,Everton,0.0,0.0,0.0,0.0,0,0,0,4756,1349,Everton (Home)
Flemming,FWD,Ipswich Town,5.5,0.1,2.0,a,0,0,0,0,0,1,0,0.01,0.54,0.55,0.47,0,0,0,0,0,0,0,False,,,Everton,0.0,0.0,0.0,0.0,0,0,0,4077,1300,Everton (Home)
Wilson,MID,Leeds,6.2,2.0,1.0,i,0,0,0,0,0,0,0,0.09,0.01,0.10,3.28,0,0,0,0,0,0,0,True,,,Crystal Palace,0.0,0.0,0.0,0.0,0,0,0,3457,78547,Crystal Palace (Away)
Perri,GKP,Leeds,4.5,0.3,0.0,u,0,0,0,0,0,0,0,0.00,0.00,0.00,0.00,0,0,0,0,0,0,0,True,,,Crystal Palace,0.0,0.0,0.0,0.0,0,0,0,0,3459,Crystal Palace (Away)
Bijol,DEF,Leeds,5.0,0.7,2.4,a,0,0,0,0,0,0,0,0.00,0.11,0.11,3.16,0,0,0,0,0,0,0,True,,,Crystal Palace,0.0,0.0,0.0,0.0,0,0,0,3804,13065,Crystal Palace (Away)
Rodon,DEF,Leeds,4.3,0.8,1.4,i,0,0,0,0,0,0,0,0.06,0.03,0.09,1.01,0,0,0,0,0,0,0,True,,,Crystal Palace,0.0,0.0,0.0,0.0,0,0,0,56,34960,Crystal Palace (Away)
Bogle,DEF,Leeds,4.6,5.9,7.4,a,0,0,0,0,0,2,0,0.08,1.31,1.39,2.23,0,0,0,0,0,0,0,True,,,Crystal Palace,0.0,0.0,0.0,0.0,0,0,0,393603,26630,Crystal Palace (Away)
Gudmundsson,DEF,Leeds,4.5,0.1,1.6,a,0,0,0,0,0,0,0,0.18,0.00,0.18,2.77,0,0,0,0,0,0,0,True,,,Crystal Palace,0.0,0.0,0.0,0.0,0,0,0,1740,520,Crystal Palace (Away)
Justin,DEF,Leeds,4.5,1.5,3.6,a,0,0,0,0,0,0,0,0.30,0.17,0.47,5.40,0,0,0,0,0,0,0,True,,,Crystal Palace,0.0,0.0,0.0,0.0,0,0,0,10354,11968,Crystal Palace (Away)
Bornauw,DEF,Leeds,4.5,0.0,0.0,u,0,0,0,0,0,0,0,0.00,0.00,0.00,0.00,0,0,0,0,0,0,0,True,,,Crystal Palace,0.0,0.0,0.0,0.0,0,0,0,0,22,Crystal Palace (Away)
Muharemović,DEF,Leeds,5.0,4.3,4.2,a,0,0,0,0,0,0,1,0.04,0.09,0.13,5.40,0,0,0,0,0,0,0,True,,,Crystal Palace,0.0,0.0,0.0,0.0,0,0,0,74089,25942,Crystal Palace (Away)
Stach,MID,Leeds,6.0,2.6,4.4,a,0,0,0,0,0,1,0,0.23,0.92,1.15,5.11,0,0,0,0,0,0,0,True,,,Crystal Palace,0.0,0.0,0.0,0.0,0,0,0,24102,32411,Crystal Palace (Away)
Okafor,MID,Leeds,5.8,0.4,3.0,a,0,0,0,0,0,1,0,0.26,0.15,0.41,1.69,0,0,0,0,0,0,0,True,,,Crystal Palace,0.0,0.0,0.0,0.0,0,0,0,19172,5061,Crystal Palace (Away)
Aaronson,MID,Leeds,5.4,0.5,1.2,a,0,0,0,0,0,0,0,0.02,0.01,0.03,3.38,0,0,0,0,0,0,0,True,,,Crystal Palace,0.0,0.0,0.0,0.0,0,0,0,849,8790,Crystal Palace (Away)
Ampadu,MID,Leeds,5.4,0.9,3.2,a,0,0,0,0,0,0,1,0.16,0.08,0.24,5.40,0,0,0,0,0,0,0,True,,,Crystal Palace,0.0,0.0,0.0,0.0,0,0,0,5751,9951,Crystal Palace (Away)
Longstaff,MID,Leeds,4.9,0.1,0.4,a,0,0,0,0,0,0,0,0.00,0.00,0.00,0.35,0,0,0,0,0,0,0,True,,,Crystal Palace,0.0,0.0,0.0,0.0,0,0,0,466,1443,Crystal Palace (Away)
Gnonto,MID,Leeds,5.0,0.0,0.0,u,0,0,0,0,0,0,0,0.00,0.00,0.00,0.00,0,0,0,0,0,0,0,True,,,Crystal Palace,0.0,0.0,0.0,0.0,0,0,0,0,179,Crystal Palace (Away)
Harrison,MID,Leeds,5.0,0.0,0.0,u,0,0,0,0,0,0,0,0.00,0.00,0.00,0.00,0,0,0,0,0,0,0,True,,,Crystal Palace,0.0,0.0,0.0,0.0,0,0,0,0,10,Crystal Palace (Away)
James,MID,Leeds,4.9,0.1,0.4,a,0,0,0,0,0,0,0,0.01,0.35,0.36,1.21,0,0,0,0,0,0,0,True,,,Crystal Palace,0.0,0.0,0.0,0.0,0,0,0,721,1430,Crystal Palace (Away)
Gruev,MID,Leeds,5.0,0.0,0.0,a,0,0,0,0,0,0,0,0.00,0.00,0.00,0.00,0,0,0,0,0,0,0,True,,,Crystal Palace,0.0,0.0,0.0,0.0,0,0,0,24,37,Crystal Palace (Away)
Tanaka,MID,Leeds,4.9,0.3,2.4,a,0,0,0,0,0,0,2,0.05,0.59,0.64,2.58,0,0,0,0,0,0,0,True,,,Crystal Palace,0.0,0.0,0.0,0.0,0,0,0,10406,3333,Crystal Palace (Away)
Calvert-Lewin,FWD,Leeds,6.0,25.7,4.0,a,0,0,0,0,0,2,1,0.08,2.48,2.56,3.79,0,0,0,0,0,0,0,True,,,Crystal Palace,0.0,0.0,0.0,0.0,0,0,0,533433,142974,Crystal Palace (Away)
Nmecha,FWD,Leeds,5.4,0.5,1.2,a,0,0,0,0,0,0,1,0.15,0.27,0.42,2.53,0,0,0,0,0,0,0,True,,,Crystal Palace,0.0,0.0,0.0,0.0,0,0,0,6227,7661,Crystal Palace (Away)
Piroe,FWD,Leeds,5.0,0.1,0.0,u,0,0,0,0,0,0,0,0.00,0.00,0.00,0.00,0,0,0,0,0,0,0,True,,,Crystal Palace,0.0,0.0,0.0,0.0,0,0,0,0,983,Crystal Palace (Away)
Mateo Joseph,FWD,Leeds,4.5,0.1,0.0,i,0,0,0,0,0,0,0,0.00,0.00,0.00,0.00,0,0,0,0,0,0,0,True,,,Crystal Palace,0.0,0.0,0.0,0.0,0,0,0,739,809,Crystal Palace (Away)
Trafford,GKP,Leeds,5.0,5.4,3.6,a,0,0,0,0,0,0,0,0.00,0.00,0.00,5.40,0,0,0,0,0,0,0,True,,,Crystal Palace,0.0,0.0,0.0,0.0,0,0,0,32312,31298,Crystal Palace (Away)
Elvedi,DEF,Leeds,4.5,0.1,1.4,a,0,0,0,0,0,0,0,0.57,0.05,0.62,4.39,0,0,0,0,0,0,0,True,,,Crystal Palace,0.0,0.0,0.0,0.0,0,0,0,1258,476,Crystal Palace (Away)
Lienou,DEF,Leeds,4.0,0.1,0.0,a,0,0,0,0,0,0,0,0.00,0.00,0.00,0.00,0,0,0,0,0,0,0,True,,,Crystal Palace,0.0,0.0,0.0,0.0,0,0,0,1223,974,Crystal Palace (Away)
Cresswell,MID,Leeds,4.5,0.1,0.0,a,0,0,0,0,0,0,0,0.00,0.00,0.00,0.00,0,0,0,0,0,0,0,True,,,Crystal Palace,0.0,0.0,0.0,0.0,0,0,0,1362,1933,Crystal Palace (Away)
Cairns,GKP,Leeds,4.0,0.2,0.0,a,0,0,0,0,0,0,0,0.00,0.00,0.00,0.00,0,0,0,0,0,0,0,True,,,Crystal Palace,0.0,0.0,0.0,0.0,0,0,0,3467,1461,Crystal Palace (Away)
Zetterer,GKP,Leeds,4.0,0.7,0.0,a,0,0,0,0,0,0,0,0.00,0.00,0.00,0.00,0,0,0,0,0,0,0,True,,,Crystal Palace,0.0,0.0,0.0,0.0,0,0,0,18956,4970,Crystal Palace (Away)
Bard,DEF,Leeds,4.5,0.0,0.3,a,0,0,0,0,0,0,0,0.00,0.00,0.00,0.30,0,0,0,0,0,0,0,True,,,Crystal Palace,0.0,0.0,0.0,0.0,0,0,0,363,143,Crystal Palace (Away)
Bahoya,MID,Leeds,5.0,0.0,0.0,a,0,0,0,0,0,0,0,0.00,0.00,0.00,0.00,0,0,0,0,0,0,0,True,,,Crystal Palace,0.0,0.0,0.0,0.0,0,0,0,363,410,Crystal Palace (Away)
A.Becker,GKP,Liverpool,5.5,3.9,3.8,a,0,0,0,0,0,0,0,0.00,0.00,0.00,5.33,0,0,0,0,0,0,0,False,,,Bournemouth,0.0,0.0,0.0,0.0,0,0,0,20069,24482,Bournemouth (Home)
Mamardashvili,GKP,Liverpool,4.9,0.1,0.0,a,0,0,0,0,0,0,0,0.00,0.00,0.00,0.00,0,0,0,0,0,0,0,False,,,Bournemouth,0.0,0.0,0.0,0.0,0,0,0,439,1285,Bournemouth (Home)
Woodman,GKP,Liverpool,4.0,1.0,0.0,a,0,0,0,0,0,0,0,0.00,0.00,0.00,0.00,0,0,0,0,0,0,0,False,,,Bournemouth,0.0,0.0,0.0,0.0,0,0,0,2495,4456,Bournemouth (Home)
Pecsi,GKP,Liverpool,4.0,0.0,0.0,u,0,0,0,0,0,0,0,0.00,0.00,0.00,0.00,0,0,0,0,0,0,0,False,,,Bournemouth,0.0,0.0,0.0,0.0,0,0,0,0,109,Bournemouth (Home)
Jaros,GKP,Liverpool,4.0,0.0,0.0,i,0,0,0,0,0,0,0,0.00,0.00,0.00,0.00,0,0,0,0,0,0,0,False,,,Bournemouth,0.0,0.0,0.0,0.0,0,0,0,268,161,Bournemouth (Home)
Davies,GKP,Liverpool,4.0,0.2,0.0,a,0,0,0,0,0,0,0,0.00,0.00,0.00,0.00,0,0,0,0,0,0,0,False,,,Bournemouth,0.0,0.0,0.0,0.0,0,0,0,896,800,Bournemouth (Home)
Virgil,DEF,Liverpool,6.5,16.4,3.4,a,0,0,0,0,0,0,0,0.07,0.25,0.32,5.33,0,0,0,0,0,0,0,False,,,Bournemouth,0.0,0.0,0.0,0.0,0,0,0,34977,91998,Bournemouth (Home)
Frimpong,DEF,Liverpool,5.3,1.9,0.4,a,0,0,0,0,0,0,0,0.23,0.01,0.24,3.91,0,0,0,0,0,0,0,False,,,Bournemouth,0.0,0.0,0.0,0.0,0,0,0,3000,42805,Bournemouth (Home)
Kerkez,DEF,Liverpool,5.4,2.3,1.4,a,0,0,0,0,0,0,0,0.07,0.02,0.09,4.86,0,0,0,0,0,0,0,False,,,Bournemouth,0.0,0.0,0.0,0.0,0,0,0,3035,43472,Bournemouth (Home)
Gomez,DEF,Liverpool,4.9,0.0,0.0,a,0,0,0,0,0,0,0,0.00,0.00,0.00,0.00,0,0,0,0,0,0,0,False,,,Bournemouth,0.0,0.0,0.0,0.0,0,0,0,197,119,Bournemouth (Home)
Bradley,DEF,Liverpool,5.0,0.0,0.0,i,0,0,0,0,0,0,0,0.00,0.00,0.00,0.00,0,0,0,0,0,0,0,False,,,Bournemouth,0.0,0.0,0.0,0.0,0,0,0,57,114,Bournemouth (Home)
Lucky,DEF,Liverpool,4.0,0.1,0.0,a,0,0,0,0,0,0,0,0.00,0.00,0.00,0.00,0,0,0,0,0,0,0,False,,,Bournemouth,0.0,0.0,0.0,0.0,0,0,0,717,1183,Bournemouth (Home)
Jacquet,DEF,Liverpool,5.0,3.3,3.6,a,0,0,0,0,0,0,0,0.12,0.00,0.12,4.72,0,0,0,0,0,0,0,False,,,Bournemouth,0.0,0.0,0.0,0.0,0,0,0,69754,19011,Bournemouth (Home)
Leoni,DEF,Liverpool,4.0,0.0,0.0,i,0,0,0,0,0,0,0,0.00,0.00,0.00,0.00,0,0,0,0,0,0,0,False,,,Bournemouth,0.0,0.0,0.0,0.0,0,0,0,126,337,Bournemouth (Home)
Tsimikas,DEF,Liverpool,4.9,0.1,0.4,a,0,0,0,0,0,0,0,0.02,0.04,0.06,0.47,0,0,0,0,0,0,0,False,,,Bournemouth,0.0,0.0,0.0,0.0,0,0,0,299,661,Bournemouth (Home)
Ramsay,DEF,Liverpool,4.0,0.1,0.0,u,0,0,0,0,0,0,0,0.00,0.00,0.00,0.00,0,0,0,0,0,0,0,False,,,Bournemouth,0.0,0.0,0.0,0.0,0,0,0,0,1195,Bournemouth (Home)
Wirtz,MID,Liverpool,7.3,6.1,2.4,a,0,0,0,0,0,0,1,0.35,0.78,1.13,4.16,0,0,0,0,0,0,0,False,,,Bournemouth,0.0,0.0,0.0,0.0,0,0,0,5737,179586,Bournemouth (Home)
Gakpo,MID,Liverpool,7.2,12.8,5.8,a,0,0,0,0,0,1,3,1.22,0.44,1.66,4.72,0,0,0,0,0,0,0,False,,,Bournemouth,0.0,0.0,0.0,0.0,0,0,0,175676,156133,Bournemouth (Home)
Szoboszlai,MID,Liverpool,7.0,34.5,3.6,a,0,0,0,0,0,1,0,0.80,1.29,2.09,5.33,0,0,0,0,0,0,0,False,,,Bournemouth,0.0,0.0,0.0,0.0,0,0,0,91695,497521,Bournemouth (Home)
Ngumoha,MID,Liverpool,5.7,0.5,0.8,a,0,0,0,0,0,0,0,0.05,0.15,0.20,0.68,0,0,0,0,0,0,0,False,,,Bournemouth,0.0,0.0,0.0,0.0,0,0,0,1736,11327,Bournemouth (Home)
Chiesa,MID,Liverpool,5.3,0.0,0.0,i,0,0,0,0,0,0,0,0.00,0.00,0.00,0.00,0,0,0,0,0,0,0,False,,,Bournemouth,0.0,0.0,0.0,0.0,0,0,0,16,657,Bournemouth (Home)
Gravenberch,MID,Liverpool,5.8,1.2,1.6,a,0,0,0,0,0,0,1,0.07,0.10,0.17,1.88,0,0,0,0,0,0,0,False,,,Bournemouth,0.0,0.0,0.0,0.0,0,0,0,3604,22928,Bournemouth (Home)
Mac Allister,MID,Liverpool,5.4,1.3,1.2,a,0,0,0,0,0,0,0,0.44,0.10,0.54,4.06,0,0,0,0,0,0,0,False,,,Bournemouth,0.0,0.0,0.0,0.0,0,0,0,11435,19335,Bournemouth (Home)
C.Jones,MID,Liverpool,5.5,0.0,0.0,u,0,0,0,0,0,0,0,0.00,0.00,0.00,0.00,0,0,0,0,0,0,0,False,,,Bournemouth,0.0,0.0,0.0,0.0,0,0,0,0,157,Bournemouth (Home)
Endo,MID,Liverpool,4.9,0.1,0.0,a,0,0,0,0,0,0,0,0.00,0.00,0.00,0.00,0,0,0,0,0,0,0,False,,,Bournemouth,0.0,0.0,0.0,0.0,0,0,0,349,836,Bournemouth (Home)
Nyoni,MID,Liverpool,4.9,0.0,0.4,a,0,0,0,0,0,0,0,0.00,0.00,0.00,0.22,0,0,0,0,0,0,0,False,,,Bournemouth,0.0,0.0,0.0,0.0,0,0,0,188,538,Bournemouth (Home)
Bajcetic,MID,Liverpool,5.0,0.0,0.0,u,0,0,0,0,0,0,0,0.00,0.00,0.00,0.00,0,0,0,0,0,0,0,False,,,Bournemouth,0.0,0.0,0.0,0.0,0,0,0,0,9,Bournemouth (Home)
Munoz,MID,Liverpool,6.5,1.0,2.8,a,0,0,0,0,0,1,1,0.25,0.52,0.77,4.49,0,0,0,0,0,0,0,False,,,Bournemouth,0.0,0.0,0.0,0.0,0,0,0,5622,30611,Bournemouth (Home)
McConnell,MID,Liverpool,4.4,0.2,0.0,a,0,0,0,0,0,0,0,0.00,0.00,0.00,0.00,0,0,0,0,0,0,0,False,,,Bournemouth,0.0,0.0,0.0,0.0,0,0,0,2718,2620,Bournemouth (Home)
Isak,FWD,Liverpool,9.1,21.9,5.0,a,0,0,0,0,0,3,0,0.06,2.79,2.85,5.16,0,0,0,0,0,0,0,False,,,Bournemouth,0.0,0.0,0.0,0.0,0,0,0,139899,242932,Bournemouth (Home)
Ekitiké,FWD,Liverpool,7.4,0.1,0.0,i,0,0,0,0,0,0,0,0.00,0.00,0.00,0.00,0,0,0,0,0,0,0,False,,,Bournemouth,0.0,0.0,0.0,0.0,0,0,0,393,1183,Bournemouth (Home)
Koumas,MID,Liverpool,5.0,0.0,0.4,a,0,0,0,0,0,0,0,0.00,0.03,0.03,0.58,0,0,0,0,0,0,0,False,,,Bournemouth,0.0,0.0,0.0,0.0,0,0,0,207,295,Bournemouth (Home)
Danns,FWD,Liverpool,4.5,0.2,0.0,a,0,0,0,0,0,0,0,0.00,0.00,0.00,0.00,0,0,0,0,0,0,0,False,,,Bournemouth,0.0,0.0,0.0,0.0,0,0,0,9567,3341,Bournemouth (Home)
Elliott,MID,Liverpool,5.4,0.0,0.0,u,0,0,0,0,0,0,0,0.00,0.00,0.00,0.00,0,0,0,0,0,0,0,False,,,Bournemouth,0.0,0.0,0.0,0.0,0,0,0,0,576,Bournemouth (Home)
Araujo,DEF,Liverpool,5.4,2.9,3.0,a,0,0,0,0,0,0,0,0.05,0.00,0.05,1.96,0,0,0,0,0,0,0,False,,,Bournemouth,0.0,0.0,0.0,0.0,0,0,0,36773,17488,Bournemouth (Home)
Barcola,MID,Liverpool,8.0,1.9,1.3,a,0,0,0,0,0,0,0,0.10,0.21,0.31,0.77,0,0,0,0,0,0,0,False,,,Bournemouth,0.0,0.0,0.0,0.0,0,0,0,24870,45767,Bournemouth (Home)
Enzo,MID,Man City,6.9,3.5,1.2,a,0,0,0,0,0,0,0,0.27,0.31,0.58,1.78,0,0,0,0,0,0,0,True,,,Sunderland,0.0,0.0,0.0,0.0,0,0,0,56551,32926,Sunderland (Away)
Ndiaye,MID,Man City,5.8,7.3,3.4,a,0,0,0,0,0,0,1,0.44,0.28,0.72,6.27,0,0,0,0,0,0,0,True,,,Sunderland,0.0,0.0,0.0,0.0,0,0,0,43488,191140,Sunderland (Away)
Donnarumma,GKP,Man City,5.5,7.8,3.4,a,0,0,0,0,0,0,0,0.00,0.00,0.00,3.68,0,0,0,0,0,0,0,True,,,Sunderland,0.0,0.0,0.0,0.0,0,0,0,58809,42423,Sunderland (Away)
Bettinelli,GKP,Man City,4.5,0.0,0.0,a,0,0,0,0,0,0,0,0.00,0.00,0.00,0.00,0,0,0,0,0,0,0,True,,,Sunderland,0.0,0.0,0.0,0.0,0,0,0,80,186,Sunderland (Away)
O'Reilly,DEF,Man City,6.4,11.5,1.0,a,0,0,0,0,0,0,0,0.43,0.09,0.52,1.71,0,0,0,0,0,0,0,True,,,Sunderland,0.0,0.0,0.0,0.0,0,0,0,12818,191061,Sunderland (Away)
Guéhi,DEF,Man City,6.0,18.6,5.2,a,0,0,0,0,0,1,0,0.38,0.89,1.27,3.68,0,0,0,0,0,0,0,True,,,Sunderland,0.0,0.0,0.0,0.0,0,0,0,86049,72712,Sunderland (Away)
Matheus N.,DEF,Man City,5.9,1.0,2.0,a,0,0,0,0,0,0,0,0.05,0.00,0.05,1.10,0,0,0,0,0,0,0,True,,,Sunderland,0.0,0.0,0.0,0.0,0,0,0,7244,4222,Sunderland (Away)
Rúben,DEF,Man City,5.5,1.9,3.2,a,0,0,0,0,0,0,0,0.74,0.09,0.83,3.68,0,0,0,0,0,0,0,True,,,Sunderland,0.0,0.0,0.0,0.0,0,0,0,21282,10748,Sunderland (Away)
Gvardiol,DEF,Man City,5.7,25.9,6.6,a,0,0,0,0,0,1,2,0.11,0.22,0.33,3.68,0,0,0,0,0,0,0,True,,,Sunderland,0.0,0.0,0.0,0.0,0,0,0,589540,41089,Sunderland (Away)
Aït-Nouri,DEF,Man City,5.3,0.4,0.0,a,0,0,0,0,0,0,0,0.00,0.00,0.00,0.00,0,0,0,0,0,0,0,True,,,Sunderland,0.0,0.0,0.0,0.0,0,0,0,1361,6230,Sunderland (Away)
Khusanov,DEF,Man City,5.4,1.4,1.8,a,0,0,0,0,0,0,0,0.06,0.00,0.06,2.68,0,0,0,0,0,0,0,True,,,Sunderland,0.0,0.0,0.0,0.0,0,0,0,3443,18656,Sunderland (Away)
Alleyne,DEF,Man City,5.0,0.0,0.0,u,0,0,0,0,0,0,0,0.00,0.00,0.00,0.00,0,0,0,0,0,0,0,True,,,Sunderland,0.0,0.0,0.0,0.0,0,0,0,0,39,Sunderland (Away)
Lewis,DEF,Man City,4.4,0.2,0.2,a,0,0,0,0,0,0,0,0.02,0.17,0.19,0.55,0,0,0,0,0,0,0,True,,,Sunderland,0.0,0.0,0.0,0.0,0,0,0,1147,2731,Sunderland (Away)
Vitor Reis,DEF,Man City,4.5,0.0,0.2,a,0,0,0,0,0,0,0,0.00,0.00,0.00,0.00,0,0,0,0,0,0,0,True,,,Sunderland,0.0,0.0,0.0,0.0,0,0,0,156,238,Sunderland (Away)
Semenyo,MID,Man City,8.4,14.7,3.2,a,0,0,0,0,0,0,2,0.99,0.17,1.16,3.68,0,0,0,0,0,0,0,True,,,Sunderland,0.0,0.0,0.0,0.0,0,0,0,37411,176837,Sunderland (Away)
Foden,MID,Man City,6.9,2.0,1.8,s,0,0,0,0,0,0,2,0.88,1.61,2.49,1.91,0,0,0,0,0,0,0,True,,,Sunderland,0.0,0.0,0.0,0.0,0,0,0,2056,206635,Sunderland (Away)
Cherki,MID,Man City,7.8,28.0,5.2,a,0,0,0,0,0,2,2,1.41,0.59,2.00,1.82,0,0,0,0,0,0,0,True,,,Sunderland,0.0,0.0,0.0,0.0,0,0,0,163004,289238,Sunderland (Away)
Doku,MID,Man City,7.4,0.7,0.0,d,0,0,0,0,0,0,0,0.00,0.00,0.00,0.00,0,0,0,0,0,0,0,True,,,Sunderland,0.0,0.0,0.0,0.0,0,0,0,271,6971,Sunderland (Away)
Rodrigo,MID,Man City,6.5,0.0,0.0,u,0,0,0,0,0,0,0,0.00,0.00,0.00,0.00,0,0,0,0,0,0,0,True,,,Sunderland,0.0,0.0,0.0,0.0,0,0,0,0,52,Sunderland (Away)
Reijnders,MID,Man City,6.0,0.0,0.0,u,0,0,0,0,0,0,0,0.00,0.00,0.00,0.00,0,0,0,0,0,0,0,True,,,Sunderland,0.0,0.0,0.0,0.0,0,0,0,0,224,Sunderland (Away)
Kovačić,MID,Man City,5.4,0.1,0.4,a,0,0,0,0,0,0,0,0.02,0.00,0.02,0.10,0,0,0,0,0,0,0,True,,,Sunderland,0.0,0.0,0.0,0.0,0,0,0,241,972,Sunderland (Away)
Echeverri,MID,Man City,4.9,0.0,0.0,u,0,0,0,0,0,0,0,0.00,0.00,0.00,0.00,0,0,0,0,0,0,0,True,,,Sunderland,0.0,0.0,0.0,0.0,0,0,0,0,136,Sunderland (Away)
Phillips,MID,Man City,5.0,0.0,0.0,u,0,0,0,0,0,0,0,0.00,0.00,0.00,0.00,0,0,0,0,0,0,0,True,,,Sunderland,0.0,0.0,0.0,0.0,0,0,0,0,39,Sunderland (Away)
Mukasa,MID,Man City,4.5,0.1,0.0,u,0,0,0,0,0,0,0,0.00,0.00,0.00,0.00,0,0,0,0,0,0,0,True,,,Sunderland,0.0,0.0,0.0,0.0,0,0,0,0,1698,Sunderland (Away)
Monga,MID,Man City,4.9,0.0,0.0,u,0,0,0,0,0,0,0,0.00,0.00,0.00,0.00,0,0,0,0,0,0,0,True,,,Sunderland,0.0,0.0,0.0,0.0,0,0,0,0,122,Sunderland (Away)
Haaland,FWD,Man City,15.6,73.3,6.6,a,0,0,0,0,0,4,0,0.51,3.33,3.84,3.68,0,0,0,0,0,0,0,True,,,Sunderland,0.0,0.0,0.0,0.0,0,0,0,196912,24421,Sunderland (Away)
Anderson,MID,Man City,6.3,4.2,2.6,a,0,0,0,0,0,0,0,0.65,0.09,0.74,3.58,0,0,0,0,0,0,0,True,,,Sunderland,0.0,0.0,0.0,0.0,0,0,0,29694,38511,Sunderland (Away)
Rulli,GKP,Man City,5.0,0.0,0.0,a,0,0,0,0,0,0,0,0.00,0.00,0.00,0.00,0,0,0,0,0,0,0,True,,,Sunderland,0.0,0.0,0.0,0.0,0,0,0,162,191,Sunderland (Away)
Bouaddi,MID,Man City,5.5,0.2,0.5,a,0,0,0,0,0,0,0,0.12,0.00,0.12,0.37,0,0,0,0,0,0,0,True,,,Sunderland,0.0,0.0,0.0,0.0,0,0,0,2946,3870,Sunderland (Away)
McAidoo,MID,Man City,4.5,0.1,0.5,a,0,0,0,0,0,0,0,0.00,0.10,0.10,0.02,0,0,0,0,0,0,0,True,,,Sunderland,0.0,0.0,0.0,0.0,0,0,0,905,1872,Sunderland (Away)
Braithwaite,DEF,Man City,4.0,0.2,0.2,a,0,0,0,0,0,0,0,0.00,0.00,0.00,0.00,0,0,0,0,0,0,0,True,,,Sunderland,0.0,0.0,0.0,0.0,0,0,0,2303,2625,Sunderland (Away)
Allan,MID,Man City,6.0,0.0,0.0,a,0,0,0,0,0,0,0,0.00,0.00,0.00,0.00,0,0,0,0,0,0,0,True,,,Sunderland,0.0,0.0,0.0,0.0,0,0,0,354,242,Sunderland (Away)
Samba,MID,Man City,4.5,0.0,0.0,a,0,0,0,0,0,0,0,0.00,0.00,0.00,0.00,0,0,0,0,0,0,0,True,,,Sunderland,0.0,0.0,0.0,0.0,0,0,0,751,875,Sunderland (Away)
Tielemans,MID,Man Utd,5.8,1.5,2.0,a,0,0,0,0,0,0,0,0.32,0.56,0.88,4.54,0,0,0,0,0,0,0,False,,,Fulham,0.0,0.0,0.0,0.0,0,0,0,8170,25177,Fulham (Home)
Baleba,MID,Man Utd,4.9,0.1,0.0,d,0,0,0,0,0,0,0,0.00,0.00,0.00,0.00,0,0,0,0,0,0,0,False,,,Fulham,0.0,0.0,0.0,0.0,0,0,0,636,1716,Fulham (Home)
Andrey Santos,MID,Man Utd,4.8,0.6,0.8,a,0,0,0,0,0,0,0,0.24,0.00,0.24,2.03,0,0,0,0,0,0,0,False,,,Fulham,0.0,0.0,0.0,0.0,0,0,0,2868,12461,Fulham (Home)
Darlow,GKP,Man Utd,4.5,0.0,0.0,a,0,0,0,0,0,0,0,0.00,0.00,0.00,0.00,0,0,0,0,0,0,0,False,,,Fulham,0.0,0.0,0.0,0.0,0,0,0,169,317,Fulham (Home)
Lammens,GKP,Man Utd,4.9,10.3,1.4,a,0,0,0,0,0,0,0,0.00,0.00,0.00,5.18,0,0,0,0,0,0,0,False,,,Fulham,0.0,0.0,0.0,0.0,0,0,0,13915,120164,Fulham (Home)
Bayindir,GKP,Man Utd,4.5,0.0,0.0,u,0,0,0,0,0,0,0,0.00,0.00,0.00,0.00,0,0,0,0,0,0,0,False,,,Fulham,0.0,0.0,0.0,0.0,0,0,0,0,93,Fulham (Home)
Heaton,GKP,Man Utd,4.0,0.1,0.0,i,0,0,0,0,0,0,0,0.00,0.00,0.00,0.00,0,0,0,0,0,0,0,False,,,Fulham,0.0,0.0,0.0,0.0,0,0,0,373,491,Fulham (Home)
Dorgu,MID,Man Utd,5.8,0.5,1.2,a,0,0,0,0,0,0,0,0.08,0.65,0.73,3.38,0,0,0,0,0,0,0,False,,,Fulham,0.0,0.0,0.0,0.0,0,0,0,2869,9145,Fulham (Home)
De Ligt,DEF,Man Utd,5.0,0.0,0.0,i,0,0,0,0,0,0,0,0.00,0.00,0.00,0.00,0,0,0,0,0,0,0,False,,,Fulham,0.0,0.0,0.0,0.0,0,0,0,79,198,Fulham (Home)
Dalot,DEF,Man Utd,4.9,1.7,1.2,a,0,0,0,0,0,0,0,0.18,0.18,0.36,3.08,0,0,0,0,0,0,0,False,,,Fulham,0.0,0.0,0.0,0.0,0,0,0,3696,20176,Fulham (Home)
Maguire,DEF,Man Utd,4.9,9.2,1.6,a,0,0,0,0,0,0,1,0.43,0.19,0.62,5.18,0,0,0,0,0,0,0,False,,,Fulham,0.0,0.0,0.0,0.0,0,0,0,13938,156456,Fulham (Home)
Martinez,DEF,Man Utd,5.0,1.3,1.2,a,0,0,0,0,0,0,0,0.14,0.06,0.20,4.17,0,0,0,0,0,0,0,False,,,Fulham,0.0,0.0,0.0,0.0,0,0,0,10516,9693,Fulham (Home)
Yoro,DEF,Man Utd,4.8,0.5,0.4,a,0,0,0,0,0,0,0,0.02,0.00,0.02,1.09,0,0,0,0,0,0,0,False,,,Fulham,0.0,0.0,0.0,0.0,0,0,0,617,4939,Fulham (Home)
Heaven,DEF,Man Utd,4.4,0.3,0.2,a,0,0,0,0,0,0,0,0.04,0.12,0.16,1.01,0,0,0,0,0,0,0,False,,,Fulham,0.0,0.0,0.0,0.0,0,0,0,613,3636,Fulham (Home)
Mazraoui,DEF,Man Utd,4.4,0.5,0.6,a,0,0,0,0,0,0,0,0.06,0.22,0.28,2.08,0,0,0,0,0,0,0,False,,,Fulham,0.0,0.0,0.0,0.0,0,0,0,2584,7916,Fulham (Home)
Shaw,DEF,Man Utd,4.3,8.3,1.4,d,0,0,0,0,0,0,1,0.51,0.02,0.53,3.01,0,0,0,0,0,0,0,False,,,Fulham,0.0,0.0,0.0,0.0,0,0,0,2227,362910,Fulham (Home)
Amass,DEF,Man Utd,4.0,0.2,0.0,a,0,0,0,0,0,0,0,0.00,0.00,0.00,0.00,0,0,0,0,0,0,0,False,,,Fulham,0.0,0.0,0.0,0.0,0,0,0,1392,1713,Fulham (Home)
Fredricson,DEF,Man Utd,4.0,0.0,0.0,u,0,0,0,0,0,0,0,0.00,0.00,0.00,0.00,0,0,0,0,0,0,0,False,,,Fulham,0.0,0.0,0.0,0.0,0,0,0,0,107,Fulham (Home)
B.Fernandes,MID,Man Utd,12.0,39.9,5.8,a,0,0,0,0,0,3,1,1.13,2.28,3.41,5.18,0,0,0,0,0,0,0,False,,,Fulham,0.0,0.0,0.0,0.0,0,0,0,68228,350459,Fulham (Home)
Mbeumo,MID,Man Utd,7.9,21.5,4.6,a,0,0,0,0,0,2,1,0.55,2.80,3.35,5.18,0,0,0,0,0,0,0,False,,,Fulham,0.0,0.0,0.0,0.0,0,0,0,95476,302004,Fulham (Home)
Cunha,MID,Man Utd,7.9,5.7,3.2,a,0,0,0,0,0,0,2,0.44,0.58,1.02,3.82,0,0,0,0,0,0,0,False,,,Fulham,0.0,0.0,0.0,0.0,0,0,0,11557,87051,Fulham (Home)
Rashford,MID,Man Utd,7.0,1.6,1.6,a,0,0,0,0,0,0,0,0.29,0.38,0.67,2.88,0,0,0,0,0,0,0,False,,,Fulham,0.0,0.0,0.0,0.0,0,0,0,18390,22905,Fulham (Home)
Mount,MID,Man Utd,5.4,0.0,0.0,a,0,0,0,0,0,0,0,0.00,0.00,0.00,0.00,0,0,0,0,0,0,0,False,,,Fulham,0.0,0.0,0.0,0.0,0,0,0,361,273,Fulham (Home)
Amad,MID,Man Utd,5.7,0.3,0.0,i,0,0,0,0,0,0,0,0.00,0.00,0.00,0.00,0,0,0,0,0,0,0,False,,,Fulham,0.0,0.0,0.0,0.0,0,0,0,75,5879,Fulham (Home)
Mainoo,MID,Man Utd,5.5,1.6,3.6,a,0,0,0,0,0,0,1,0.42,0.24,0.66,3.15,0,0,0,0,0,0,0,False,,,Fulham,0.0,0.0,0.0,0.0,0,0,0,33995,13265,Fulham (Home)
Ugarte,MID,Man Utd,5.0,0.0,0.0,i,0,0,0,0,0,0,0,0.00,0.00,0.00,0.00,0,0,0,0,0,0,0,False,,,Fulham,0.0,0.0,0.0,0.0,0,0,0,15,36,Fulham (Home)
J.Fletcher,MID,Man Utd,4.9,0.0,0.0,a,0,0,0,0,0,0,0,0.00,0.00,0.00,0.00,0,0,0,0,0,0,0,False,,,Fulham,0.0,0.0,0.0,0.0,0,0,0,54,125,Fulham (Home)
Lacey,MID,Man Utd,4.9,0.1,0.2,a,0,0,0,0,0,0,0,0.00,0.00,0.00,0.00,0,0,0,0,0,0,0,False,,,Fulham,0.0,0.0,0.0,0.0,0,0,0,531,563,Fulham (Home)
Collyer,MID,Man Utd,5.0,0.0,0.0,u,0,0,0,0,0,0,0,0.00,0.00,0.00,0.00,0,0,0,0,0,0,0,False,,,Fulham,0.0,0.0,0.0,0.0,0,0,0,0,135,Fulham (Home)
Bendito Mantato,MID,Man Utd,4.5,0.2,0.0,a,0,0,0,0,0,0,0,0.00,0.00,0.00,0.00,0,0,0,0,0,0,0,False,,,Fulham,0.0,0.0,0.0,0.0,0,0,0,624,1703,Fulham (Home)
Fletcher,MID,Man Utd,4.4,0.3,0.0,a,0,0,0,0,0,0,0,0.00,0.00,0.00,0.00,0,0,0,0,0,0,0,False,,,Fulham,0.0,0.0,0.0,0.0,0,0,0,3537,3287,Fulham (Home)
Šeško,FWD,Man Utd,7.0,1.8,1.6,a,0,0,0,0,0,1,0,0.01,0.39,0.40,2.00,0,0,0,0,0,0,0,False,,,Fulham,0.0,0.0,0.0,0.0,0,0,0,24959,23329,Fulham (Home)
Zirkzee,FWD,Man Utd,5.3,0.4,0.2,a,0,0,0,0,0,0,0,0.01,0.00,0.01,0.02,0,0,0,0,0,0,0,False,,,Fulham,0.0,0.0,0.0,0.0,0,0,0,2606,6053,Fulham (Home)
Obi,FWD,Man Utd,4.5,1.0,0.0,u,0,0,0,0,0,0,0,0.00,0.00,0.00,0.00,0,0,0,0,0,0,0,False,,,Fulham,0.0,0.0,0.0,0.0,0,0,0,5061,21262,Fulham (Home)
N.Gonzalez,MID,Newcastle,5.5,0.2,1.0,i,0,0,0,0,0,0,0,0.21,0.00,0.21,2.34,0,0,0,0,0,0,0,True,,,Hull City,0.0,0.0,0.0,0.0,0,0,0,1106,6835,Hull City (Away)
Pope,GKP,Newcastle,4.9,1.0,0.0,a,0,0,0,0,0,0,0,0.00,0.00,0.00,0.00,0,0,0,0,0,0,0,True,,,Hull City,0.0,0.0,0.0,0.0,0,0,0,1831,7235,Hull City (Away)
Gillespie,GKP,Newcastle,4.5,0.0,0.0,a,0,0,0,0,0,0,0,0.00,0.00,0.00,0.00,0,0,0,0,0,0,0,True,,,Hull City,0.0,0.0,0.0,0.0,0,0,0,183,216,Hull City (Away)
Jaouen,GKP,Newcastle,4.4,0.0,0.0,d,0,0,0,0,0,0,0,0.00,0.00,0.00,0.00,0,0,0,0,0,0,0,True,,,Hull City,0.0,0.0,0.0,0.0,0,0,0,30,255,Hull City (Away)
Thiaw,DEF,Newcastle,5.0,2.2,2.0,a,0,0,0,0,0,0,0,0.07,0.00,0.07,7.55,0,0,0,0,0,0,0,True,,,Hull City,0.0,0.0,0.0,0.0,0,0,0,28969,24848,Hull City (Away)
Schär,DEF,Newcastle,4.9,0.2,0.2,a,0,0,0,0,0,0,0,0.00,0.00,0.00,0.79,0,0,0,0,0,0,0,True,,,Hull City,0.0,0.0,0.0,0.0,0,0,0,1121,2512,Hull City (Away)
Botman,DEF,Newcastle,5.0,0.7,2.2,a,0,0,0,0,0,0,0,0.17,0.01,0.18,7.55,0,0,0,0,0,0,0,True,,,Hull City,0.0,0.0,0.0,0.0,0,0,0,8365,6407,Hull City (Away)
Burn,DEF,Newcastle,4.9,0.8,0.0,i,0,0,0,0,0,0,0,0.00,0.00,0.00,0.00,0,0,0,0,0,0,0,True,,,Hull City,0.0,0.0,0.0,0.0,0,0,0,180,12073,Hull City (Away)
Hall,DEF,Newcastle,5.2,14.9,3.6,a,0,0,0,0,0,0,1,0.68,0.06,0.74,7.53,0,0,0,0,0,0,0,True,,,Hull City,0.0,0.0,0.0,0.0,0,0,0,220393,112705,Hull City (Away)
Livramento,DEF,Newcastle,4.9,0.1,0.8,a,0,0,0,0,0,0,1,0.01,0.00,0.01,0.18,0,0,0,0,0,0,0,True,,,Hull City,0.0,0.0,0.0,0.0,0,0,0,6097,1311,Hull City (Away)
A.Murphy,DEF,Newcastle,4.0,0.1,0.0,u,0,0,0,0,0,0,0,0.00,0.00,0.00,0.00,0,0,0,0,0,0,0,True,,,Hull City,0.0,0.0,0.0,0.0,0,0,0,0,592,Hull City (Away)
Barnes,MID,Newcastle,6.1,4.5,3.8,a,0,0,0,0,0,1,1,0.37,0.51,0.88,7.55,0,0,0,0,0,0,0,True,,,Hull City,0.0,0.0,0.0,0.0,0,0,0,220394,40978,Hull City (Away)
Elanga,MID,Newcastle,6.1,5.9,3.6,i,0,0,0,0,0,2,0,0.34,0.42,0.76,4.01,0,0,0,0,0,0,0,True,,,Hull City,0.0,0.0,0.0,0.0,0,0,0,53653,618276,Hull City (Away)
J.Ramsey,MID,Newcastle,4.9,0.3,1.4,i,0,0,0,0,0,1,0,0.16,0.17,0.33,1.92,0,0,0,0,0,0,0,True,,,Hull City,0.0,0.0,0.0,0.0,0,0,0,1789,9995,Hull City (Away)
J.Murphy,MID,Newcastle,5.9,0.1,0.4,a,0,0,0,0,0,0,0,0.34,0.00,0.34,3.37,0,0,0,0,0,0,0,True,,,Hull City,0.0,0.0,0.0,0.0,0,0,0,2209,1860,Hull City (Away)
Joelinton,MID,Newcastle,5.4,0.0,0.0,i,0,0,0,0,0,0,0,0.00,0.00,0.00,0.00,0,0,0,0,0,0,0,True,,,Hull City,0.0,0.0,0.0,0.0,0,0,0,44,180,Hull City (Away)
L.Miley,MID,Newcastle,5.5,0.1,1.6,a,0,0,0,0,0,0,0,0.10,0.05,0.15,6.36,0,0,0,0,0,0,0,True,,,Hull City,0.0,0.0,0.0,0.0,0,0,0,1217,1318,Hull City (Away)
Willock,MID,Newcastle,5.0,0.5,2.4,a,0,0,0,0,0,1,0,0.26,0.64,0.90,3.73,0,0,0,0,0,0,0,True,,,Hull City,0.0,0.0,0.0,0.0,0,0,0,7299,8420,Hull City (Away)
Touré,MID,Newcastle,5.8,0.1,1.4,a,0,0,0,0,0,1,0,0.01,0.28,0.29,0.16,0,0,0,0,0,0,0,True,,,Hull City,0.0,0.0,0.0,0.0,0,0,0,1837,1512,Hull City (Away)
Steur,MID,Newcastle,4.9,0.1,1.0,a,0,0,0,0,0,0,0,0.03,0.00,0.03,3.71,0,0,0,0,0,0,0,True,,,Hull City,0.0,0.0,0.0,0.0,0,0,0,420,996,Hull City (Away)
Woltemade,FWD,Newcastle,5.9,0.5,0.8,u,0,0,0,0,0,0,1,0.01,0.02,0.03,0.38,0,0,0,0,0,0,0,True,,,Hull City,0.0,0.0,0.0,0.0,0,0,0,0,11535,Hull City (Away)
Wissa,FWD,Newcastle,6.2,19.3,3.0,a,0,0,0,0,0,1,1,0.05,1.51,1.56,6.38,0,0,0,0,0,0,0,True,,,Hull City,0.0,0.0,0.0,0.0,0,0,0,338910,214424,Hull City (Away)
Osula,FWD,Newcastle,5.8,0.3,0.8,i,0,0,0,0,0,0,1,0.14,0.06,0.20,1.48,0,0,0,0,0,0,0,True,,,Hull City,0.0,0.0,0.0,0.0,0,0,0,188,6663,Hull City (Away)
Neave,FWD,Newcastle,4.5,0.5,0.0,u,0,0,0,0,0,0,0,0.00,0.00,0.00,0.00,0,0,0,0,0,0,0,True,,,Hull City,0.0,0.0,0.0,0.0,0,0,0,0,9244,Hull City (Away)
Bamba,MID,Newcastle,4.9,0.1,0.4,a,0,0,0,0,0,0,0,0.00,0.00,0.00,1.15,0,0,0,0,0,0,0,True,,,Hull City,0.0,0.0,0.0,0.0,0,0,0,377,1158,Hull City (Away)
Horníček,GKP,Newcastle,5.0,1.5,2.2,a,0,0,0,0,0,0,0,0.00,0.00,0.00,7.55,0,0,0,0,0,0,0,True,,,Hull City,0.0,0.0,0.0,0.0,0,0,0,22769,14571,Hull City (Away)
Dedić,DEF,Newcastle,4.5,2.1,2.6,i,0,0,0,0,0,0,1,0.08,0.14,0.22,7.38,0,0,0,0,0,0,0,True,,,Hull City,0.0,0.0,0.0,0.0,0,0,0,11096,103620,Hull City (Away)
Shahar,DEF,Newcastle,4.0,0.2,0.0,u,0,0,0,0,0,0,0,0.00,0.00,0.00,0.00,0,0,0,0,0,0,0,True,,,Hull City,0.0,0.0,0.0,0.0,0,0,0,0,5521,Hull City (Away)
Fernandez-Pardo,FWD,Newcastle,6.0,0.1,0.7,a,0,0,0,0,0,0,0,0.01,0.00,0.01,1.95,0,0,0,0,0,0,0,True,,,Hull City,0.0,0.0,0.0,0.0,0,0,0,3570,2365,Hull City (Away)
Miley,MID,Newcastle,4.5,0.0,0.0,a,0,0,0,0,0,0,0,0.00,0.00,0.00,0.00,0,0,0,0,0,0,0,True,,,Hull City,0.0,0.0,0.0,0.0,0,0,0,3438,602,Hull City (Away)
Delap,FWD,Nott'm Forest,5.6,2.9,1.6,a,0,0,0,0,0,1,0,0.14,0.76,0.90,1.95,0,0,0,0,0,0,0,True,,,Coventry City,0.0,0.0,0.0,0.0,0,0,0,222393,21605,Coventry City (Away)
Muñoz,DEF,Nott'm Forest,5.4,6.0,0.6,a,0,0,0,0,0,0,0,0.19,0.48,0.67,1.92,0,0,0,0,0,0,0,True,,,Coventry City,0.0,0.0,0.0,0.0,0,0,0,100431,52336,Coventry City (Away)
Sels,GKP,Nott'm Forest,5.0,1.6,2.4,a,0,0,0,0,0,0,0,0.01,0.00,0.01,4.10,0,0,0,0,0,0,0,True,,,Coventry City,0.0,0.0,0.0,0.0,0,0,0,39386,13191,Coventry City (Away)
John,GKP,Nott'm Forest,4.5,0.1,0.0,a,0,0,0,0,0,0,0,0.00,0.00,0.00,0.00,0,0,0,0,0,0,0,True,,,Coventry City,0.0,0.0,0.0,0.0,0,0,0,197,332,Coventry City (Away)
N.Williams,DEF,Nott'm Forest,5.0,9.1,3.4,a,0,0,0,0,0,0,1,0.40,0.32,0.72,4.10,0,0,0,0,0,0,0,True,,,Coventry City,0.0,0.0,0.0,0.0,0,0,0,154932,49932,Coventry City (Away)
Morato,DEF,Nott'm Forest,5.0,0.0,0.0,u,0,0,0,0,0,0,0,0.00,0.00,0.00,0.00,0,0,0,0,0,0,0,True,,,Coventry City,0.0,0.0,0.0,0.0,0,0,0,0,425,Coventry City (Away)
Milenković,DEF,Nott'm Forest,5.4,1.1,2.4,i,0,0,0,0,0,0,0,0.03,0.11,0.14,3.28,0,0,0,0,0,0,0,True,,,Coventry City,0.0,0.0,0.0,0.0,0,0,0,256,50464,Coventry City (Away)
Murillo,DEF,Nott'm Forest,5.5,2.1,3.8,a,0,0,0,0,0,0,1,0.29,0.35,0.64,4.10,0,0,0,0,0,0,0,True,,,Coventry City,0.0,0.0,0.0,0.0,0,0,0,61530,11413,Coventry City (Away)
Aina,DEF,Nott'm Forest,4.5,2.6,1.6,a,0,0,0,0,0,0,0,0.53,0.04,0.57,3.72,0,0,0,0,0,0,0,True,,,Coventry City,0.0,0.0,0.0,0.0,0,0,0,21418,24617,Coventry City (Away)
Jair Cunha,DEF,Nott'm Forest,4.5,0.2,2.0,d,0,0,0,0,0,0,0,0.01,0.03,0.04,3.28,0,0,0,0,0,0,0,True,,,Coventry City,0.0,0.0,0.0,0.0,0,0,0,225,4760,Coventry City (Away)
Savona,DEF,Nott'm Forest,4.5,0.0,0.0,i,0,0,0,0,0,0,0,0.00,0.00,0.00,0.00,0,0,0,0,0,0,0,True,,,Coventry City,0.0,0.0,0.0,0.0,0,0,0,17,39,Coventry City (Away)
O.Richards,DEF,Nott'm Forest,4.0,0.2,0.0,a,0,0,0,0,0,0,0,0.00,0.00,0.00,0.00,0,0,0,0,0,0,0,True,,,Coventry City,0.0,0.0,0.0,0.0,0,0,0,1022,1671,Coventry City (Away)
Abbott,DEF,Nott'm Forest,4.0,0.1,0.0,u,0,0,0,0,0,0,0,0.00,0.00,0.00,0.00,0,0,0,0,0,0,0,True,,,Coventry City,0.0,0.0,0.0,0.0,0,0,0,0,2263,Coventry City (Away)
Netz,DEF,Nott'm Forest,4.4,0.0,0.4,a,0,0,0,0,0,0,0,0.00,0.00,0.00,0.13,0,0,0,0,0,0,0,True,,,Coventry City,0.0,0.0,0.0,0.0,0,0,0,246,343,Coventry City (Away)
Bindon,DEF,Nott'm Forest,4.0,0.1,0.0,u,0,0,0,0,0,0,0,0.00,0.00,0.00,0.00,0,0,0,0,0,0,0,True,,,Coventry City,0.0,0.0,0.0,0.0,0,0,0,0,1397,Coventry City (Away)
Gibbs-White,MID,Nott'm Forest,8.0,16.0,5.2,a,0,0,0,0,0,1,2,1.02,1.56,2.58,4.10,0,0,0,0,0,0,0,True,,,Coventry City,0.0,0.0,0.0,0.0,0,0,0,744604,38690,Coventry City (Away)
Hudson-Odoi,MID,Nott'm Forest,5.8,0.2,0.2,a,0,0,0,0,0,0,0,0.00,0.00,0.00,0.00,0,0,0,0,0,0,0,True,,,Coventry City,0.0,0.0,0.0,0.0,0,0,0,1902,2632,Coventry City (Away)
Ndoye,MID,Nott'm Forest,5.5,0.8,2.8,a,0,0,0,0,0,1,0,0.88,1.05,1.93,3.21,0,0,0,0,0,0,0,True,,,Coventry City,0.0,0.0,0.0,0.0,0,0,0,26545,11590,Coventry City (Away)
Hutchinson,MID,Nott'm Forest,5.4,0.1,0.0,u,0,0,0,0,0,0,0,0.00,0.00,0.00,0.00,0,0,0,0,0,0,0,True,,,Coventry City,0.0,0.0,0.0,0.0,0,0,0,0,1093,Coventry City (Away)
Bakwa,MID,Nott'm Forest,5.5,0.0,0.0,u,0,0,0,0,0,0,0,0.00,0.00,0.00,0.00,0,0,0,0,0,0,0,True,,,Coventry City,0.0,0.0,0.0,0.0,0,0,0,0,60,Coventry City (Away)
McAtee,MID,Nott'm Forest,5.5,0.1,2.0,a,0,0,0,0,0,0,0,0.92,0.16,1.08,3.88,0,0,0,0,0,0,0,True,,,Coventry City,0.0,0.0,0.0,0.0,0,0,0,3622,1633,Coventry City (Away)
Dominguez,MID,Nott'm Forest,4.9,0.1,0.2,a,0,0,0,0,0,0,0,0.00,0.00,0.00,0.00,0,0,0,0,0,0,0,True,,,Coventry City,0.0,0.0,0.0,0.0,0,0,0,254,713,Coventry City (Away)
I.Sangaré,MID,Nott'm Forest,4.9,0.4,0.6,a,0,0,0,0,0,0,0,0.02,0.09,0.11,0.56,0,0,0,0,0,0,0,True,,,Coventry City,0.0,0.0,0.0,0.0,0,0,0,1567,7005,Coventry City (Away)
Yates,MID,Nott'm Forest,4.5,1.2,0.0,a,0,0,0,0,0,0,0,0.00,0.00,0.00,0.00,0,0,0,0,0,0,0,True,,,Coventry City,0.0,0.0,0.0,0.0,0,0,0,2939,15096,Coventry City (Away)
Wood,FWD,Nott'm Forest,5.8,0.9,0.6,a,0,0,0,0,0,0,0,0.01,0.12,0.13,0.49,0,0,0,0,0,0,0,True,,,Coventry City,0.0,0.0,0.0,0.0,0,0,0,5666,15594,Coventry City (Away)
Igor Jesus,FWD,Nott'm Forest,5.8,2.8,2.2,a,0,0,0,0,0,1,0,0.07,1.09,1.16,2.57,0,0,0,0,0,0,0,True,,,Coventry City,0.0,0.0,0.0,0.0,0,0,0,70541,32852,Coventry City (Away)
Kalimuendo,FWD,Nott'm Forest,5.4,0.1,0.2,a,0,0,0,0,0,0,0,0.00,0.00,0.00,0.00,0,0,0,0,0,0,0,True,,,Coventry City,0.0,0.0,0.0,0.0,0,0,0,483,825,Coventry City (Away)
Schlager,MID,Nott'm Forest,5.0,0.1,2.2,a,0,0,0,0,0,0,0,0.08,0.14,0.22,3.76,0,0,0,0,0,0,0,True,,,Coventry City,0.0,0.0,0.0,0.0,0,0,0,3063,1289,Coventry City (Away)
Diomande,DEF,Nott'm Forest,5.4,0.5,1.0,a,0,0,0,0,0,0,0,0.00,0.11,0.11,0.82,0,0,0,0,0,0,0,True,,,Coventry City,0.0,0.0,0.0,0.0,0,0,0,4010,3391,Coventry City (Away)
Benda,GKP,Nott'm Forest,4.5,0.1,0.0,a,0,0,0,0,0,0,0,0.00,0.00,0.00,0.00,0,0,0,0,0,0,0,True,,,Coventry City,0.0,0.0,0.0,0.0,0,0,0,422,563,Coventry City (Away)
Van Hecke,DEF,Spurs,4.9,6.7,3.6,a,0,0,0,0,0,0,0,0.12,0.34,0.46,6.62,0,0,0,0,0,0,0,True,,,Aston Villa,0.0,0.0,0.0,0.0,0,0,0,40803,43952,Aston Villa (Away)
Tosin,DEF,Spurs,4.4,0.2,0.2,a,0,0,0,0,0,0,0,0.00,0.00,0.00,0.03,0,0,0,0,0,0,0,True,,,Aston Villa,0.0,0.0,0.0,0.0,0,0,0,437,1037,Aston Villa (Away)
Marmoush,FWD,Spurs,7.0,2.2,1.2,a,0,0,0,0,0,0,0,0.11,0.36,0.47,2.68,0,0,0,0,0,0,0,True,,,Aston Villa,0.0,0.0,0.0,0.0,0,0,0,35220,45341,Aston Villa (Away)
Sávio,MID,Spurs,6.5,0.7,1.2,a,0,0,0,0,0,0,0,0.53,0.12,0.65,1.60,0,0,0,0,0,0,0,True,,,Aston Villa,0.0,0.0,0.0,0.0,0,0,0,12804,13285,Aston Villa (Away)
Tonali,MID,Spurs,5.3,2.0,2.4,a,0,0,0,0,0,0,0,0.40,0.18,0.58,6.62,0,0,0,0,0,0,0,True,,,Aston Villa,0.0,0.0,0.0,0.0,0,0,0,4540,60910,Aston Villa (Away)
Vicario,GKP,Spurs,4.5,0.1,0.0,u,0,0,0,0,0,0,0,0.00,0.00,0.00,0.00,0,0,0,0,0,0,0,True,,,Aston Villa,0.0,0.0,0.0,0.0,0,0,0,0,1689,Aston Villa (Away)
Austin,GKP,Spurs,4.0,1.0,0.0,a,0,0,0,0,0,0,0,0.00,0.00,0.00,0.00,0,0,0,0,0,0,0,True,,,Aston Villa,0.0,0.0,0.0,0.0,0,0,0,6139,4580,Aston Villa (Away)
Kinsky,GKP,Spurs,4.5,18.2,3.2,a,0,0,0,0,0,0,0,0.00,0.00,0.00,6.62,0,0,0,0,0,0,0,True,,,Aston Villa,0.0,0.0,0.0,0.0,0,0,0,95710,97025,Aston Villa (Away)
Dubravka,GKP,Spurs,4.0,17.5,0.0,a,0,0,0,0,0,0,0,0.00,0.00,0.00,0.00,0,0,0,0,0,0,0,True,,,Aston Villa,0.0,0.0,0.0,0.0,0,0,0,59833,84839,Aston Villa (Away)
Senesi,DEF,Spurs,5.8,3.7,0.6,a,0,0,0,0,0,0,0,0.02,0.00,0.02,3.87,0,0,0,0,0,0,0,True,,,Aston Villa,0.0,0.0,0.0,0.0,0,0,0,2509,72698,Aston Villa (Away)
Pedro Porro,DEF,Spurs,5.4,8.4,1.6,a,0,0,0,0,0,0,0,0.16,0.36,0.52,1.64,0,0,0,0,0,0,0,True,,,Aston Villa,0.0,0.0,0.0,0.0,0,0,0,5333,242865,Aston Villa (Away)
Romero,DEF,Spurs,5.0,0.1,0.0,u,0,0,0,0,0,0,0,0.00,0.00,0.00,0.00,0,0,0,0,0,0,0,True,,,Aston Villa,0.0,0.0,0.0,0.0,0,0,0,0,610,Aston Villa (Away)
Robertson,DEF,Spurs,4.4,2.6,2.6,a,0,0,0,0,0,0,0,0.17,0.13,0.30,5.89,0,0,0,0,0,0,0,True,,,Aston Villa,0.0,0.0,0.0,0.0,0,0,0,20149,22707,Aston Villa (Away)
Van de Ven,DEF,Spurs,5.0,4.0,3.0,a,0,0,0,0,0,0,0,0.04,0.57,0.61,2.75,0,0,0,0,0,0,0,True,,,Aston Villa,0.0,0.0,0.0,0.0,0,0,0,29652,20769,Aston Villa (Away)
Spence,DEF,Spurs,4.5,0.2,0.0,u,0,0,0,0,0,0,0,0.00,0.00,0.00,0.00,0,0,0,0,0,0,0,True,,,Aston Villa,0.0,0.0,0.0,0.0,0,0,0,0,2653,Aston Villa (Away)
Udogie,DEF,Spurs,4.4,0.3,1.4,a,0,0,0,0,0,0,0,0.23,0.00,0.23,1.17,0,0,0,0,0,0,0,True,,,Aston Villa,0.0,0.0,0.0,0.0,0,0,0,949,4959,Aston Villa (Away)
Phillips,DEF,Spurs,4.5,0.0,0.0,u,0,0,0,0,0,0,0,0.00,0.00,0.00,0.00,0,0,0,0,0,0,0,True,,,Aston Villa,0.0,0.0,0.0,0.0,0,0,0,0,106,Aston Villa (Away)
Davies,DEF,Spurs,3.9,0.8,0.0,a,0,0,0,0,0,0,0,0.00,0.00,0.00,0.00,0,0,0,0,0,0,0,True,,,Aston Villa,0.0,0.0,0.0,0.0,0,0,0,2044,7738,Aston Villa (Away)
Byfield,DEF,Spurs,4.0,0.1,0.0,a,0,0,0,0,0,0,0,0.00,0.00,0.00,0.00,0,0,0,0,0,0,0,True,,,Aston Villa,0.0,0.0,0.0,0.0,0,0,0,556,573,Aston Villa (Away)
Rowswell,DEF,Spurs,4.0,0.1,0.0,a,0,0,0,0,0,0,0,0.00,0.00,0.00,0.00,0,0,0,0,0,0,0,True,,,Aston Villa,0.0,0.0,0.0,0.0,0,0,0,672,750,Aston Villa (Away)
Souza,DEF,Spurs,4.0,0.2,0.0,u,0,0,0,0,0,0,0,0.00,0.00,0.00,0.00,0,0,0,0,0,0,0,True,,,Aston Villa,0.0,0.0,0.0,0.0,0,0,0,0,2391,Aston Villa (Away)
Kudus,MID,Spurs,6.5,0.1,0.6,a,0,0,0,0,0,0,0,0.22,0.04,0.26,1.11,0,0,0,0,0,0,0,True,,,Aston Villa,0.0,0.0,0.0,0.0,0,0,0,2728,2823,Aston Villa (Away)
Xavi,MID,Spurs,5.9,0.0,0.0,i,0,0,0,0,0,0,0,0.00,0.00,0.00,0.00,0,0,0,0,0,0,0,True,,,Aston Villa,0.0,0.0,0.0,0.0,0,0,0,51,122,Aston Villa (Away)
Tel,MID,Spurs,5.7,0.2,1.6,a,0,0,0,0,0,0,0,0.23,0.21,0.44,5.55,0,0,0,0,0,0,0,True,,,Aston Villa,0.0,0.0,0.0,0.0,0,0,0,897,6217,Aston Villa (Away)
Maddison,MID,Spurs,6.3,0.4,0.4,a,0,0,0,0,0,0,0,0.02,0.00,0.02,0.88,0,0,0,0,0,0,0,True,,,Aston Villa,0.0,0.0,0.0,0.0,0,0,0,1741,4666,Aston Villa (Away)
Bentancur,MID,Spurs,5.5,0.2,2.2,a,0,0,0,0,0,0,0,0.08,0.02,0.10,4.49,0,0,0,0,0,0,0,True,,,Aston Villa,0.0,0.0,0.0,0.0,0,0,0,2106,1609,Aston Villa (Away)
Odobert,MID,Spurs,5.5,0.0,0.0,i,0,0,0,0,0,0,0,0.00,0.00,0.00,0.00,0,0,0,0,0,0,0,True,,,Aston Villa,0.0,0.0,0.0,0.0,0,0,0,23,20,Aston Villa (Away)
P.M.Sarr,MID,Spurs,4.9,0.1,0.0,u,0,0,0,0,0,0,0,0.00,0.00,0.00,0.00,0,0,0,0,0,0,0,True,,,Aston Villa,0.0,0.0,0.0,0.0,0,0,0,0,2148,Aston Villa (Away)
Gallagher,MID,Spurs,5.3,0.2,0.6,a,0,0,0,0,0,0,0,0.12,0.02,0.14,2.58,0,0,0,0,0,0,0,True,,,Aston Villa,0.0,0.0,0.0,0.0,0,0,0,812,2598,Aston Villa (Away)
Bergvall,MID,Spurs,5.4,0.1,0.4,a,0,0,0,0,0,0,0,0.26,0.06,0.32,2.14,0,0,0,0,0,0,0,True,,,Aston Villa,0.0,0.0,0.0,0.0,0,0,0,344,1257,Aston Villa (Away)
Kulusevski,MID,Spurs,6.5,0.0,0.0,i,0,0,0,0,0,0,0,0.00,0.00,0.00,0.00,0,0,0,0,0,0,0,True,,,Aston Villa,0.0,0.0,0.0,0.0,0,0,0,63,93,Aston Villa (Away)
Gray,MID,Spurs,4.9,0.2,1.4,a,0,0,0,0,0,0,0,0.04,0.09,0.13,4.99,0,0,0,0,0,0,0,True,,,Aston Villa,0.0,0.0,0.0,0.0,0,0,0,1629,2266,Aston Villa (Away)
Moore,MID,Spurs,5.0,0.1,0.6,u,0,0,0,0,0,0,0,0.02,0.40,0.42,3.26,0,0,0,0,0,0,0,True,,,Aston Villa,0.0,0.0,0.0,0.0,0,0,0,0,1980,Aston Villa (Away)
Olusesi,MID,Spurs,4.4,1.0,0.0,a,0,0,0,0,0,0,0,0.00,0.00,0.00,0.00,0,0,0,0,0,0,0,True,,,Aston Villa,0.0,0.0,0.0,0.0,0,0,0,32226,14980,Aston Villa (Away)
Fernandes,MID,Spurs,5.8,0.8,1.2,a,0,0,0,0,0,0,0,0.26,0.12,0.38,3.61,0,0,0,0,0,0,0,True,,,Aston Villa,0.0,0.0,0.0,0.0,0,0,0,2671,13945,Aston Villa (Away)
Solanke,FWD,Spurs,5.8,0.8,1.0,a,0,0,0,0,0,0,0,0.01,0.44,0.45,1.56,0,0,0,0,0,0,0,True,,,Aston Villa,0.0,0.0,0.0,0.0,0,0,0,6047,13080,Aston Villa (Away)
Richarlison,FWD,Spurs,5.9,0.7,0.4,u,0,0,0,0,0,0,0,0.00,0.00,0.00,3.02,0,0,0,0,0,0,0,True,,,Aston Villa,0.0,0.0,0.0,0.0,0,0,0,0,22415,Aston Villa (Away)
Scarlett,FWD,Spurs,4.5,1.2,0.0,u,0,0,0,0,0,0,0,0.00,0.00,0.00,0.00,0,0,0,0,0,0,0,True,,,Aston Villa,0.0,0.0,0.0,0.0,0,0,0,0,18539,Aston Villa (Away)
Mudryk,MID,Spurs,5.4,0.0,0.2,i,0,0,0,0,0,0,0,0.00,0.00,0.00,0.16,0,0,0,0,0,0,0,True,,,Aston Villa,0.0,0.0,0.0,0.0,0,0,0,32,2140,Aston Villa (Away)
Williams-Barnett,MID,Spurs,4.5,0.1,0.0,a,0,0,0,0,0,0,0,0.00,0.00,0.00,0.00,0,0,0,0,0,0,0,True,,,Aston Villa,0.0,0.0,0.0,0.0,0,0,0,655,1612,Aston Villa (Away)
Danso,DEF,Sunderland,5.0,0.2,0.6,a,0,0,0,0,0,0,0,0.16,0.00,0.16,3.09,0,0,0,0,0,0,0,False,,,Man City,0.0,0.0,0.0,0.0,0,0,0,1530,1546,Man City (Home)
Roefs,GKP,Sunderland,4.9,2.6,2.2,a,0,0,0,0,0,0,0,0.00,0.00,0.00,5.84,0,0,0,0,0,0,0,False,,,Man City,0.0,0.0,0.0,0.0,0,0,0,2559,36319,Man City (Home)
Patterson,GKP,Sunderland,4.0,0.1,0.0,u,0,0,0,0,0,0,0,0.00,0.00,0.00,0.00,0,0,0,0,0,0,0,False,,,Man City,0.0,0.0,0.0,0.0,0,0,0,0,743,Man City (Home)
Ellborg,GKP,Sunderland,4.5,0.1,0.0,a,0,0,0,0,0,0,0,0.00,0.00,0.00,0.00,0,0,0,0,0,0,0,False,,,Man City,0.0,0.0,0.0,0.0,0,0,0,190,550,Man City (Home)
Ballard,DEF,Sunderland,4.9,2.6,2.4,a,0,0,0,0,0,0,0,0.16,0.17,0.33,5.84,0,0,0,0,0,0,0,False,,,Man City,0.0,0.0,0.0,0.0,0,0,0,6303,52793,Man City (Home)
Mukiele,DEF,Sunderland,5.4,1.9,2.6,a,0,0,0,0,0,0,0,0.05,0.70,0.75,4.04,0,0,0,0,0,0,0,False,,,Man City,0.0,0.0,0.0,0.0,0,0,0,5413,28949,Man City (Home)
Hume,DEF,Sunderland,4.3,3.0,1.8,a,0,0,0,0,0,0,0,0.28,0.04,0.32,3.09,0,0,0,0,0,0,0,False,,,Man City,0.0,0.0,0.0,0.0,0,0,0,1810,90441,Man City (Home)
Alderete,DEF,Sunderland,4.9,0.2,0.2,a,0,0,0,0,0,0,0,0.01,0.00,0.01,0.10,0,0,0,0,0,0,0,False,,,Man City,0.0,0.0,0.0,0.0,0,0,0,280,4216,Man City (Home)
Reinildo,DEF,Sunderland,4.5,0.3,1.4,s,0,0,0,0,0,0,0,0.32,0.00,0.32,5.05,0,0,0,0,0,0,0,False,,,Man City,0.0,0.0,0.0,0.0,0,0,0,136,9767,Man City (Home)
Seelt,DEF,Sunderland,4.5,0.0,0.0,u,0,0,0,0,0,0,0,0.00,0.00,0.00,0.00,0,0,0,0,0,0,0,False,,,Man City,0.0,0.0,0.0,0.0,0,0,0,0,55,Man City (Home)
Hjelde,DEF,Sunderland,4.0,0.0,0.0,u,0,0,0,0,0,0,0,0.00,0.00,0.00,0.00,0,0,0,0,0,0,0,False,,,Man City,0.0,0.0,0.0,0.0,0,0,0,0,298,Man City (Home)
O'Nien,DEF,Sunderland,3.9,2.4,0.2,a,0,0,0,0,0,0,0,0.01,0.01,0.02,1.69,0,0,0,0,0,0,0,False,,,Man City,0.0,0.0,0.0,0.0,0,0,0,2157,25194,Man City (Home)
Masuaku,DEF,Sunderland,4.0,0.1,0.0,u,0,0,0,0,0,0,0,0.00,0.00,0.00,0.00,0,0,0,0,0,0,0,False,,,Man City,0.0,0.0,0.0,0.0,0,0,0,0,1276,Man City (Home)
Meunier,DEF,Sunderland,4.5,0.3,2.2,a,0,0,0,0,0,0,0,0.13,0.34,0.47,4.60,0,0,0,0,0,0,0,False,,,Man City,0.0,0.0,0.0,0.0,0,0,0,971,2130,Man City (Home)
E.Le Fée,MID,Sunderland,5.7,3.5,2.6,a,0,0,0,0,0,1,0,0.82,2.06,2.88,5.64,0,0,0,0,0,0,0,False,,,Man City,0.0,0.0,0.0,0.0,0,0,0,5741,101057,Man City (Home)
Diarra,MID,Sunderland,5.4,0.0,1.0,i,0,0,0,0,0,0,1,0.16,0.03,0.19,0.12,0,0,0,0,0,0,0,False,,,Man City,0.0,0.0,0.0,0.0,0,0,0,12,672,Man City (Home)
Xhaka,MID,Sunderland,5.5,3.8,3.8,a,0,0,0,0,0,0,1,0.94,0.06,1.00,5.84,0,0,0,0,0,0,0,False,,,Man City,0.0,0.0,0.0,0.0,0,0,0,13122,58515,Man City (Home)
Sadiki,MID,Sunderland,4.9,0.2,1.6,a,0,0,0,0,0,0,0,0.23,0.40,0.63,5.45,0,0,0,0,0,0,0,False,,,Man City,0.0,0.0,0.0,0.0,0,0,0,1171,3669,Man City (Home)
Adingra,MID,Sunderland,4.9,0.0,0.0,u,0,0,0,0,0,0,0,0.00,0.00,0.00,0.00,0,0,0,0,0,0,0,False,,,Man City,0.0,0.0,0.0,0.0,0,0,0,0,645,Man City (Home)
Mundle,MID,Sunderland,4.9,0.0,0.2,i,0,0,0,0,0,0,0,0.00,0.17,0.17,0.09,0,0,0,0,0,0,0,False,,,Man City,0.0,0.0,0.0,0.0,0,0,0,15,135,Man City (Home)
Rigg,MID,Sunderland,4.9,0.0,0.4,a,0,0,0,0,0,0,0,0.00,0.00,0.00,0.44,0,0,0,0,0,0,0,False,,,Man City,0.0,0.0,0.0,0.0,0,0,0,65,504,Man City (Home)
Talbi,MID,Sunderland,5.3,0.1,0.2,a,0,0,0,0,0,0,0,0.00,0.00,0.00,0.14,0,0,0,0,0,0,0,False,,,Man City,0.0,0.0,0.0,0.0,0,0,0,308,1697,Man City (Home)
Jocelin.T,MID,Sunderland,5.0,0.0,0.0,a,0,0,0,0,0,0,0,0.00,0.00,0.00,0.00,0,0,0,0,0,0,0,False,,,Man City,0.0,0.0,0.0,0.0,0,0,0,64,88,Man City (Home)
N.Angulo,MID,Sunderland,5.0,0.1,2.4,a,0,0,0,0,0,1,0,0.12,0.15,0.27,3.81,0,0,0,0,0,0,0,False,,,Man City,0.0,0.0,0.0,0.0,0,0,0,718,2147,Man City (Home)
Brobbey,FWD,Sunderland,5.7,5.4,1.4,a,0,0,0,0,0,0,0,0.07,0.59,0.66,5.36,0,0,0,0,0,0,0,False,,,Man City,0.0,0.0,0.0,0.0,0,0,0,12010,157147,Man City (Home)
Isidor,FWD,Sunderland,5.5,1.3,2.8,a,0,0,0,0,0,1,1,0.01,1.49,1.50,1.99,0,0,0,0,0,0,0,False,,,Man City,0.0,0.0,0.0,0.0,0,0,0,6445,25431,Man City (Home)
Methalie,DEF,Sunderland,4.5,0.0,0.0,a,0,0,0,0,0,0,0,0.00,0.00,0.00,0.00,0,0,0,0,0,0,0,False,,,Man City,0.0,0.0,0.0,0.0,0,0,0,145,96,Man City (Home)
Ahoka,MID,Sunderland,4.5,0.2,0.0,a,0,0,0,0,0,0,0,0.00,0.00,0.00,0.00,0,0,0,0,0,0,0,False,,,Man City,0.0,0.0,0.0,0.0,0,0,0,2205,3619,Man City (Home)
Fofana,MID,Sunderland,5.5,0.0,0.7,a,0,0,0,0,0,0,0,0.00,0.00,0.00,1.18,0,0,0,0,0,0,0,False,,,Man City,0.0,0.0,0.0,0.0,0,0,0,472,632,Man City (Home)
J.Angulo,FWD,Sunderland,4.5,0.7,0.0,a,0,0,0,0,0,0,0,0.00,0.00,0.00,0.00,0,0,0,0,0,0,0,False,,,Man City,0.0,0.0,0.0,0.0,0,0,0,33544,11643,Man City (Home)
