Web name,Position,Team,Cost,Selected,Form,Status,Minutes,Goals,Assist,Saves,GC,Season Goals,Season Assists,xA,xG,xGI,xGC,CS,OGs,Pens Missed,Pens Saved,Yellow cards,Red cards,Starts,Was home,Team H Score,Team A Score,Opponent Team,Influence,Creativity,Threat,ICT Index,Bps,Bonus,GW Points,Transfers In,Transfers Out,Next Fixture
Raya,GKP,Arsenal,6.0,38.9,5.0,a,90,0,0,4,1,0,0,0.01,0.00,0.01,0.92,0,0,0,0,0,0,1,True,2,1,Chelsea,28.8,0.0,0.0,2.9,15,0,3,204948,228728,Sunderland (Home)
Arrizabalaga,GKP,Arsenal,4.9,0.1,0.0,a,0,0,0,0,0,0,0,0.00,0.00,0.00,0.00,0,0,0,0,0,0,0,True,2,1,Chelsea,0.0,0.0,0.0,0.0,0,0,0,599,1214,Sunderland (Home)
Meslier,GKP,Arsenal,4.9,0.0,0.0,a,0,0,0,0,0,0,0,0.00,0.00,0.00,0.00,0,0,0,0,0,0,0,True,2,1,Chelsea,0.0,0.0,0.0,0.0,0,0,0,172,459,Sunderland (Home)
Gabriel,DEF,Arsenal,8.0,24.6,5.0,a,90,0,0,0,1,0,0,0.05,0.49,0.54,0.92,0,0,0,0,0,0,1,True,2,1,Chelsea,23.6,2.4,76.0,10.2,10,0,2,46883,345642,Sunderland (Home)
J.Timber,DEF,Arsenal,6.5,0.1,0.0,d,0,0,0,0,0,0,0,0.00,0.00,0.00,0.00,0,0,0,0,0,0,0,True,2,1,Chelsea,0.0,0.0,0.0,0.0,0,0,0,549,2441,Sunderland (Home)
Saliba,DEF,Arsenal,5.9,0.2,0.0,i,0,0,0,0,0,0,0,0.00,0.00,0.00,0.00,0,0,0,0,0,0,0,True,2,1,Chelsea,0.0,0.0,0.0,0.0,0,0,0,1102,5482,Sunderland (Home)
Lewis-Skelly,MID,Arsenal,5.5,0.7,2.7,a,66,0,0,0,1,0,0,0.23,0.16,0.39,0.79,0,0,0,0,0,0,1,True,2,1,Chelsea,0.0,12.7,4.0,1.0,5,0,2,8849,13490,Sunderland (Home)
Calafiori,DEF,Arsenal,5.7,47.9,7.3,a,66,0,0,0,1,0,2,0.58,0.54,1.12,0.65,0,0,0,0,0,0,1,True,2,1,Chelsea,4.4,3.2,26.0,3.4,0,0,2,515479,118556,Sunderland (Home)
Hincapie,DEF,Arsenal,5.3,1.1,0.7,a,23,0,0,0,0,0,0,0.00,0.00,0.00,0.28,0,0,0,0,0,0,0,True,2,1,Chelsea,6.0,0.5,2.0,0.9,3,0,1,4425,35641,Sunderland (Home)
White,DEF,Arsenal,5.5,7.6,6.7,a,90,0,0,0,1,0,1,0.29,0.18,0.47,0.92,0,0,0,0,0,0,1,True,2,1,Chelsea,15.8,5.1,10.0,3.1,11,0,2,163295,117376,Sunderland (Home)
Mosquera,DEF,Arsenal,5.4,3.3,4.0,d,0,0,0,0,0,0,0,0.01,0.00,0.01,0.53,0,0,0,0,0,0,0,True,2,1,Chelsea,0.0,0.0,0.0,0.0,0,0,0,13546,128368,Sunderland (Home)
Saka,MID,Arsenal,9.5,11.4,7.3,a,89,0,0,0,1,2,0,0.35,1.50,1.85,0.78,0,0,0,0,0,0,1,True,2,1,Chelsea,10.6,27.8,70.0,10.8,13,0,2,156377,101286,Sunderland (Home)
Rice,MID,Arsenal,7.4,13.5,4.3,a,90,0,1,0,1,0,1,0.26,0.10,0.36,0.78,0,0,0,0,0,0,1,True,2,1,Chelsea,33.8,19.9,2.0,5.6,22,0,5,21785,248891,Sunderland (Home)
Eze,MID,Arsenal,6.4,1.3,0.7,a,0,0,0,0,0,0,0,0.07,0.04,0.11,0.39,0,0,0,0,0,0,0,True,2,1,Chelsea,0.0,0.0,0.0,0.0,0,0,0,8271,40572,Sunderland (Home)
Ødegaard,MID,Arsenal,6.6,14.3,8.0,a,76,1,0,0,1,2,0,1.05,1.01,2.06,0.66,0,0,0,0,0,0,1,True,2,1,Chelsea,45.0,54.2,30.0,12.9,47,3,10,119653,172602,Sunderland (Home)
Madueke,MID,Arsenal,6.3,0.2,0.7,a,1,0,0,0,0,0,0,0.05,0.00,0.05,0.15,0,0,0,0,0,0,0,True,2,1,Chelsea,2.2,0.8,0.0,0.3,3,0,1,1276,8073,Sunderland (Home)
Merino,MID,Arsenal,5.9,0.5,0.7,a,13,0,0,0,0,0,0,0.02,0.14,0.16,0.26,0,0,0,0,1,0,0,True,2,1,Chelsea,0.0,1.1,0.0,0.1,0,0,0,3061,13869,Sunderland (Home)
Martinelli,MID,Arsenal,6.3,0.1,0.0,u,0,0,0,0,0,0,0,0.00,0.00,0.00,0.00,0,0,0,0,0,0,0,True,2,1,Chelsea,0.0,0.0,0.0,0.0,0,0,0,1165,6606,Sunderland (Home)
Zubimendi,MID,Arsenal,5.4,0.7,1.0,a,23,0,0,0,0,0,0,0.04,0.08,0.12,0.28,0,0,0,0,0,0,0,True,2,1,Chelsea,1.4,0.8,11.0,1.3,1,0,1,3485,20017,Sunderland (Home)
Dowman,MID,Arsenal,5.3,0.1,0.0,a,0,0,0,0,0,0,0,0.00,0.00,0.00,0.00,0,0,0,0,0,0,0,True,2,1,Chelsea,0.0,0.0,0.0,0.0,0,0,0,608,1997,Sunderland (Home)
Nwaneri,MID,Arsenal,5.4,0.0,0.0,u,0,0,0,0,0,0,0,0.00,0.00,0.00,0.00,0,0,0,0,0,0,0,True,2,1,Chelsea,0.0,0.0,0.0,0.0,0,0,0,157,427,Sunderland (Home)
Fábio Vieira,MID,Arsenal,5.5,0.0,0.0,u,0,0,0,0,0,0,0,0.00,0.00,0.00,0.00,0,0,0,0,0,0,0,True,2,1,Chelsea,0.0,0.0,0.0,0.0,0,0,0,175,311,Sunderland (Home)
Nelson,MID,Arsenal,5.5,0.0,0.0,u,0,0,0,0,0,0,0,0.00,0.00,0.00,0.00,0,0,0,0,0,0,0,True,2,1,Chelsea,0.0,0.0,0.0,0.0,0,0,0,4,303,Sunderland (Home)
Gyökeres,FWD,Arsenal,7.3,4.0,0.3,a,12,0,0,0,0,0,0,0.00,0.00,0.00,0.11,0,0,0,0,0,0,0,True,2,1,Chelsea,0.0,0.1,0.0,0.0,2,0,1,8161,200991,Sunderland (Home)
Havertz,FWD,Arsenal,7.5,7.6,5.3,a,77,1,0,0,1,2,0,0.33,0.55,0.88,0.80,0,0,0,0,0,0,1,True,2,1,Chelsea,43.0,37.0,57.0,13.7,38,2,8,72519,141389,Sunderland (Home)
G.Jesus,FWD,Arsenal,5.9,0.2,0.0,u,0,0,0,0,0,0,0,0.00,0.00,0.00,0.00,0,0,0,0,0,0,0,True,2,1,Chelsea,0.0,0.0,0.0,0.0,0,0,0,2250,11109,Sunderland (Home)
Konsa,DEF,Arsenal,4.4,13.7,1.7,a,90,0,0,0,1,0,0,0.01,0.00,0.01,0.39,0,0,0,0,0,0,1,True,2,1,Chelsea,19.4,1.4,4.0,2.5,15,0,4,270872,199146,Sunderland (Home)
Bruno G.,MID,Arsenal,6.8,1.8,0.3,a,0,0,0,0,0,0,0,0.01,0.00,0.01,0.00,0,0,0,0,0,0,0,True,2,1,Chelsea,0.0,0.0,0.0,0.0,0,0,0,5546,62782,Sunderland (Home)
Tzolis,MID,Arsenal,6.4,17.2,3.7,a,90,0,1,0,1,0,2,0.35,0.19,0.54,0.55,0,0,0,0,1,0,1,True,2,1,Chelsea,30.6,50.0,4.0,8.5,31,1,5,91384,693324,Sunderland (Home)
M.Bizot,GKP,Aston Villa,4.5,0.1,0.3,a,0,0,0,0,0,0,0,0.00,0.00,0.00,3.77,0,0,0,0,0,0,0,False,0,0,Hull City,0.0,0.0,0.0,0.0,0,0,0,2306,2375,Nott'm Forest (Away)
Digne,DEF,Aston Villa,4.5,0.1,0.0,u,0,0,0,0,0,0,0,0.00,0.00,0.00,0.00,0,0,0,0,0,0,0,False,0,0,Hull City,0.0,0.0,0.0,0.0,0,0,0,0,2071,Nott'm Forest (Away)
Cash,DEF,Aston Villa,4.5,6.7,2.3,d,84,0,0,0,0,0,0,0.04,0.15,0.19,5.03,1,0,0,0,0,0,1,False,0,0,Hull City,6.4,16.3,6.0,2.9,23,0,6,41628,77307,Nott'm Forest (Away)
Mings,DEF,Aston Villa,4.5,0.4,2.3,a,90,0,0,0,0,0,0,0.02,0.11,0.13,0.79,1,0,0,0,0,0,1,False,0,0,Hull City,14.8,4.4,13.0,3.2,28,0,6,2622,4836,Nott'm Forest (Away)
Pau,DEF,Aston Villa,4.5,0.4,0.7,a,0,0,0,0,0,0,0,0.01,0.00,0.01,4.59,0,0,0,0,0,0,0,False,0,0,Hull City,0.0,0.0,0.0,0.0,0,0,0,5255,4336,Nott'm Forest (Away)
Bogarde,MID,Aston Villa,5.0,0.1,0.3,a,0,0,0,0,0,0,0,0.00,0.00,0.00,0.22,0,0,0,0,0,0,0,False,0,0,Hull City,0.0,0.0,0.0,0.0,0,0,0,945,1256,Nott'm Forest (Away)
Maatsen,DEF,Aston Villa,4.5,0.8,2.7,a,74,0,0,0,0,0,0,0.42,0.10,0.52,4.88,1,0,0,0,0,0,1,False,0,0,Hull City,10.6,19.8,4.0,3.4,29,1,7,11292,8625,Nott'm Forest (Away)
Lindelöf,DEF,Aston Villa,4.5,0.3,2.0,a,90,0,0,0,0,0,0,0.16,0.00,0.16,5.38,1,0,0,0,0,0,1,False,0,0,Hull City,22.4,24.9,2.0,4.9,28,0,6,3211,2995,Nott'm Forest (Away)
A.García,DEF,Aston Villa,4.0,1.7,0.0,a,0,0,0,0,0,0,0,0.00,0.00,0.00,0.00,0,0,0,0,0,0,0,False,0,0,Hull City,0.0,0.0,0.0,0.0,0,0,0,16171,16677,Nott'm Forest (Away)
Nedeljkovic,DEF,Aston Villa,4.0,0.2,0.0,u,0,0,0,0,0,0,0,0.00,0.00,0.00,0.00,0,0,0,0,0,0,0,False,0,0,Hull City,0.0,0.0,0.0,0.0,0,0,0,0,3988,Nott'm Forest (Away)
Buendía,MID,Aston Villa,5.9,1.0,2.3,a,74,0,0,0,0,0,0,0.16,0.78,0.94,4.88,1,0,0,0,0,0,1,False,0,0,Hull City,0.0,10.8,7.0,1.4,2,0,3,20598,24117,Nott'm Forest (Away)
Bailey,MID,Aston Villa,5.4,0.1,0.0,u,0,0,0,0,0,0,0,0.00,0.00,0.00,0.00,0,0,0,0,0,0,0,False,0,0,Hull City,0.0,0.0,0.0,0.0,0,0,0,1094,3724,Nott'm Forest (Away)
McGinn,MID,Aston Villa,5.4,2.3,1.7,a,90,0,0,0,0,0,0,0.09,0.77,0.86,5.23,1,0,0,0,0,0,1,False,0,0,Hull City,1.4,5.6,4.0,1.1,6,0,3,16891,44482,Nott'm Forest (Away)
Barkley,MID,Aston Villa,5.0,0.3,2.3,a,90,0,0,0,0,0,0,0.13,0.35,0.48,5.16,1,0,0,0,0,0,1,False,0,0,Hull City,13.6,34.1,15.0,6.3,15,0,3,5744,4009,Nott'm Forest (Away)
Kamara,MID,Aston Villa,5.0,0.3,2.3,a,90,0,0,0,0,0,0,0.10,0.00,0.10,5.38,1,0,0,0,0,0,1,False,0,0,Hull City,13.6,26.2,0.0,4.0,20,0,3,5061,5781,Nott'm Forest (Away)
Onana,MID,Aston Villa,5.0,0.0,0.0,i,0,0,0,0,0,0,0,0.00,0.00,0.00,0.00,0,0,0,0,0,0,0,False,0,0,Hull City,0.0,0.0,0.0,0.0,0,0,0,140,570,Nott'm Forest (Away)
Iling Jr,MID,Aston Villa,5.0,0.0,0.0,u,0,0,0,0,0,0,0,0.00,0.00,0.00,0.00,0,0,0,0,0,0,0,False,0,0,Hull City,0.0,0.0,0.0,0.0,0,0,0,0,63,Nott'm Forest (Away)
Burrowes,MID,Aston Villa,4.5,0.7,0.0,a,0,0,0,0,0,0,0,0.00,0.00,0.00,0.00,0,0,0,0,0,0,0,False,0,0,Hull City,0.0,0.0,0.0,0.0,0,0,0,8705,9113,Nott'm Forest (Away)
George Hemmings,MID,Aston Villa,4.5,1.2,2.3,a,74,0,0,0,0,0,0,0.15,0.07,0.22,5.00,1,0,0,0,0,0,1,False,0,0,Hull City,10.8,13.5,21.0,4.5,12,0,3,36405,14435,Nott'm Forest (Away)
Alysson,MID,Aston Villa,5.0,0.0,0.7,a,15,0,0,0,0,0,0,0.00,0.00,0.00,0.51,0,0,0,0,0,0,0,False,0,0,Hull City,0.2,1.8,0.0,0.2,3,0,1,827,929,Nott'm Forest (Away)
Manzambi,MID,Aston Villa,5.9,0.1,0.0,i,0,0,0,0,0,0,0,0.00,0.00,0.00,0.00,0,0,0,0,0,0,0,False,0,0,Hull City,0.0,0.0,0.0,0.0,0,0,0,341,5049,Nott'm Forest (Away)
Gomes,MID,Aston Villa,5.5,0.0,-0.7,s,0,0,0,0,0,0,0,0.01,0.00,0.01,2.58,0,0,0,0,0,0,0,False,0,0,Hull City,0.0,0.0,0.0,0.0,0,0,0,90,1185,Nott'm Forest (Away)
Watkins,FWD,Aston Villa,7.8,3.3,0.0,u,0,0,0,0,0,0,0,0.00,0.00,0.00,0.00,0,0,0,0,0,0,0,False,0,0,Hull City,0.0,0.0,0.0,0.0,0,0,0,4250,309379,Nott'm Forest (Away)
Abraham,FWD,Aston Villa,5.5,0.2,0.7,a,5,0,0,0,0,0,0,0.00,0.00,0.00,0.37,0,0,0,0,0,0,0,False,0,0,Hull City,2.0,1.0,0.0,0.3,3,0,1,4925,2751,Nott'm Forest (Away)
Garnacho,MID,Aston Villa,5.9,0.4,1.0,a,15,0,0,0,0,0,0,0.00,0.00,0.00,0.49,0,0,0,0,0,0,0,False,0,0,Hull City,1.0,1.6,0.0,0.3,4,0,1,2557,12081,Nott'm Forest (Away)
N.Jackson,FWD,Aston Villa,6.5,1.1,1.3,a,84,0,0,0,0,0,0,0.54,0.24,0.78,1.23,1,0,0,0,0,0,1,False,0,0,Hull City,1.2,17.5,20.0,3.9,10,0,2,46877,9043,Nott'm Forest (Away)
Madjo,FWD,Aston Villa,5.5,0.3,0.0,i,0,0,0,0,0,0,0,0.00,0.00,0.00,0.00,0,0,0,0,0,0,0,False,0,0,Hull City,0.0,0.0,0.0,0.0,0,0,0,894,9357,Nott'm Forest (Away)
Ruggeri,DEF,Aston Villa,4.5,0.1,0.7,a,15,0,0,0,0,0,0,0.01,0.00,0.01,0.49,0,0,0,0,0,0,0,False,0,0,Hull City,2.6,2.6,0.0,0.5,3,0,1,736,1726,Nott'm Forest (Away)
Suzuki,GKP,Aston Villa,5.0,1.6,4.0,a,90,0,0,4,0,0,0,0.00,0.00,0.00,1.61,1,0,0,0,0,0,1,False,0,0,Hull City,27.2,0.0,0.0,2.7,38,3,10,33094,11274,Nott'm Forest (Away)
Rowe,DEF,Aston Villa,4.0,0.2,0.0,a,0,0,0,0,0,0,0,0.00,0.00,0.00,0.00,0,0,0,0,0,0,0,False,0,0,Hull City,0.0,0.0,0.0,0.0,0,0,0,6400,1683,Nott'm Forest (Away)
Lynch,MID,Aston Villa,4.5,0.1,0.0,u,0,0,0,0,0,0,0,0.00,0.00,0.00,0.00,0,0,0,0,0,0,0,False,0,0,Hull City,0.0,0.0,0.0,0.0,0,0,0,3500,2323,Nott'm Forest (Away)
Wan-Bissaka,DEF,Aston Villa,4.5,0.2,1.0,a,5,0,0,0,0,0,0,0.00,0.00,0.00,0.35,0,0,0,0,0,0,0,False,0,0,Hull City,2.8,0.9,0.0,0.4,3,0,1,6633,1621,Nott'm Forest (Away)
Goretzka,MID,Aston Villa,6.0,0.0,0.0,i,0,0,0,0,0,0,0,0.00,0.00,0.00,0.00,0,0,0,0,0,0,0,False,0,0,Hull City,0.0,0.0,0.0,0.0,0,0,0,3449,841,Nott'm Forest (Away)
Harwood-Bellis,DEF,Aston Villa,4.5,0.0,0.0,a,0,0,0,0,0,0,0,0.00,0.00,0.00,0.00,0,0,0,0,0,0,0,False,0,0,Hull City,0.0,0.0,0.0,0.0,0,0,0,945,190,Nott'm Forest (Away)
Mbaye,MID,Aston Villa,6.0,0.1,0.0,a,0,0,0,0,0,0,0,0.00,0.00,0.00,0.00,0,0,0,0,0,0,0,False,0,0,Hull City,0.0,0.0,0.0,0.0,0,0,0,4056,630,Nott'm Forest (Away)
Petrović,GKP,Bournemouth,4.5,3.3,2.0,a,90,0,0,0,2,0,0,0.00,0.00,0.00,4.80,0,0,0,0,0,0,1,False,2,2,Newcastle,3.4,0.0,0.0,0.3,0,0,1,45982,34952,Brentford (Away)
Forster,GKP,Bournemouth,4.0,3.4,0.0,a,0,0,0,0,0,0,0,0.00,0.00,0.00,0.00,0,0,0,0,0,0,0,False,2,2,Newcastle,0.0,0.0,0.0,0.0,0,0,0,38348,21325,Brentford (Away)
Dennis,GKP,Bournemouth,4.0,0.1,0.0,u,0,0,0,0,0,0,0,0.00,0.00,0.00,0.00,0,0,0,0,0,0,0,False,2,2,Newcastle,0.0,0.0,0.0,0.0,0,0,0,0,2784,Brentford (Away)
Hill,DEF,Bournemouth,5.5,0.8,2.0,a,90,0,0,0,2,0,0,0.76,0.00,0.76,4.80,0,0,0,0,0,0,1,False,2,2,Newcastle,16.8,31.5,2.0,5.0,4,0,1,7094,11668,Brentford (Away)
Truffert,DEF,Bournemouth,5.5,3.5,1.7,a,90,0,0,0,2,0,0,0.13,0.01,0.14,4.80,0,0,0,0,1,0,1,False,2,2,Newcastle,10.2,15.7,2.0,2.8,-3,0,0,11879,42084,Brentford (Away)
Diakité,DEF,Bournemouth,5.0,0.2,0.0,a,0,0,0,0,0,0,0,0.00,0.00,0.00,0.00,0,0,0,0,0,0,0,False,2,2,Newcastle,0.0,0.0,0.0,0.0,0,0,0,1710,3863,Brentford (Away)
Milosavljević,DEF,Bournemouth,5.0,0.0,0.0,i,0,0,0,0,0,0,0,0.00,0.00,0.00,0.00,0,0,0,0,0,0,0,False,2,2,Newcastle,0.0,0.0,0.0,0.0,0,0,0,88,242,Brentford (Away)
Smith,DEF,Bournemouth,4.5,0.1,0.7,a,90,0,0,0,2,0,0,0.06,0.01,0.07,4.80,0,0,0,0,1,0,1,False,2,2,Newcastle,9.6,25.3,4.0,3.9,3,0,0,1630,2091,Brentford (Away)
J.Araujo,DEF,Bournemouth,4.4,0.0,0.0,i,0,0,0,0,0,0,0,0.00,0.00,0.00,0.00,0,0,0,0,0,0,0,False,2,2,Newcastle,0.0,0.0,0.0,0.0,0,0,0,96,366,Brentford (Away)
Soler,DEF,Bournemouth,4.0,0.3,0.0,a,0,0,0,0,0,0,0,0.00,0.00,0.00,0.00,0,0,0,0,0,0,0,False,2,2,Newcastle,0.0,0.0,0.0,0.0,0,0,0,6046,2355,Brentford (Away)
Rayan,MID,Bournemouth,6.4,2.0,2.0,a,88,0,0,0,2,0,0,0.06,0.48,0.54,4.56,0,0,0,0,0,0,1,False,2,2,Newcastle,1.6,0.9,10.0,1.3,8,0,2,11708,60024,Brentford (Away)
Tavernier,MID,Bournemouth,6.0,3.2,7.0,a,88,1,0,0,2,2,0,0.34,1.50,1.84,4.75,0,0,0,0,0,0,1,False,2,2,Newcastle,46.6,13.2,77.0,13.7,43,3,10,28263,49848,Brentford (Away)
Scott,MID,Bournemouth,6.0,4.6,8.0,a,90,0,2,0,2,1,2,0.30,0.33,0.63,4.67,0,0,0,0,0,0,1,False,2,2,Newcastle,13.4,22.9,12.0,4.8,37,2,10,56885,17771,Brentford (Away)
Kluivert,MID,Bournemouth,6.0,1.0,2.3,a,75,0,0,0,1,0,0,0.06,0.78,0.84,4.09,0,0,0,0,1,0,1,False,2,2,Newcastle,0.0,2.0,3.0,0.2,6,0,1,10830,23522,Brentford (Away)
Cook,MID,Bournemouth,5.0,0.2,2.3,a,14,0,0,0,1,0,0,0.01,0.00,0.01,3.84,0,0,0,0,0,0,0,False,2,2,Newcastle,0.0,0.3,0.0,0.0,2,0,1,6600,3843,Brentford (Away)
Gannon-Doak,MID,Bournemouth,4.9,0.1,0.7,a,1,0,0,0,0,0,0,0.00,0.02,0.02,0.24,0,0,0,0,0,0,0,False,2,2,Newcastle,2.0,0.5,5.0,0.8,3,0,1,384,1549,Brentford (Away)
Adams,MID,Bournemouth,5.0,0.3,2.0,a,75,0,0,0,1,0,0,0.01,0.00,0.01,0.95,0,0,0,0,0,0,1,False,2,2,Newcastle,12.2,11.5,0.0,2.4,15,0,4,5588,4691,Brentford (Away)
Brooks,MID,Bournemouth,5.0,0.1,0.7,a,14,0,0,0,1,0,0,0.01,0.00,0.01,0.39,0,0,0,0,0,0,0,False,2,2,Newcastle,0.0,0.0,0.0,0.0,2,0,1,1296,1004,Brentford (Away)
Christie,MID,Bournemouth,5.0,0.0,0.7,a,1,0,0,0,0,0,0,0.00,0.00,0.00,0.13,0,0,0,0,0,0,0,False,2,2,Newcastle,0.0,0.0,0.0,0.0,3,0,1,1038,516,Brentford (Away)
Tóth.A,MID,Bournemouth,5.0,0.0,0.3,a,0,0,0,0,0,0,0,0.00,0.00,0.00,0.31,0,0,0,0,0,0,0,False,2,2,Newcastle,0.0,0.0,0.0,0.0,0,0,0,123,231,Brentford (Away)
Adli,MID,Bournemouth,4.9,0.0,0.0,i,0,0,0,0,0,0,0,0.00,0.00,0.00,0.00,0,0,0,0,0,0,0,False,2,2,Newcastle,0.0,0.0,0.0,0.0,0,0,0,136,627,Brentford (Away)
Kroupi.Jr,MID,Bournemouth,7.4,0.2,0.0,i,0,0,0,0,0,0,0,0.00,0.00,0.00,0.00,0,0,0,0,0,0,0,False,2,2,Newcastle,0.0,0.0,0.0,0.0,0,0,0,246,7960,Brentford (Away)
Evanilson,FWD,Bournemouth,6.0,3.2,3.7,a,90,0,0,0,2,0,2,0.26,0.71,0.97,4.32,0,0,0,0,0,0,1,False,2,2,Newcastle,3.2,5.1,21.0,2.9,4,0,2,69571,43452,Brentford (Away)
Enes Ünal,FWD,Bournemouth,5.5,0.0,0.0,u,0,0,0,0,0,0,0,0.00,0.00,0.00,0.00,0,0,0,0,0,0,0,False,2,2,Newcastle,0.0,0.0,0.0,0.0,0,0,0,0,522,Brentford (Away)
Rodríguez,FWD,Bournemouth,6.0,0.1,0.3,a,0,0,0,0,0,0,0,0.00,0.00,0.00,0.16,0,0,0,0,0,0,0,False,2,2,Newcastle,0.0,0.0,0.0,0.0,0,0,0,1521,1919,Brentford (Away)
Silva,DEF,Bournemouth,5.0,0.4,2.3,a,90,0,0,0,2,0,0,0.04,0.27,0.31,4.80,0,0,0,0,0,0,1,False,2,2,Newcastle,23.8,1.2,17.0,4.2,8,0,1,9722,6674,Brentford (Away)
Sanchez,DEF,Bournemouth,4.5,0.2,0.0,a,0,0,0,0,0,0,0,0.00,0.00,0.00,0.00,0,0,0,0,0,0,0,False,2,2,Newcastle,0.0,0.0,0.0,0.0,0,0,0,369,2289,Brentford (Away)
Jebbison,FWD,Bournemouth,5.0,0.1,0.7,a,1,0,0,0,0,0,0,0.00,0.10,0.10,0.36,0,0,0,0,0,0,0,False,2,2,Newcastle,0.0,0.0,0.0,0.0,4,0,1,4510,1998,Brentford (Away)
Di Gregorio,GKP,Bournemouth,4.5,0.0,0.0,a,0,0,0,0,0,0,0,0.00,0.00,0.00,0.00,0,0,0,0,0,0,0,False,2,2,Newcastle,0.0,0.0,0.0,0.0,0,0,0,1404,455,Brentford (Away)
Kelleher,GKP,Brentford,5.0,6.7,3.7,a,90,0,0,2,1,0,0,0.01,0.00,0.01,3.74,0,0,0,0,0,0,1,True,1,1,Sunderland,16.8,0.0,0.0,1.7,10,0,2,113703,58945,Bournemouth (Home)
Valdimarsson,GKP,Brentford,4.5,0.1,0.0,a,0,0,0,0,0,0,0,0.00,0.00,0.00,0.00,0,0,0,0,0,0,0,True,1,1,Sunderland,0.0,0.0,0.0,0.0,0,0,0,975,1407,Bournemouth (Home)
Collins,DEF,Brentford,5.5,1.7,3.3,d,16,0,0,0,0,0,0,0.05,0.51,0.56,2.13,0,0,0,0,0,0,1,True,1,1,Sunderland,1.0,0.0,0.0,0.1,4,0,1,32175,20584,Bournemouth (Home)
Van den Berg,DEF,Brentford,4.9,0.1,0.0,i,0,0,0,0,0,0,0,0.00,0.00,0.00,0.00,0,0,0,0,0,0,0,True,1,1,Sunderland,0.0,0.0,0.0,0.0,0,0,0,121,2463,Bournemouth (Home)
Lewis-Potter,MID,Brentford,5.5,2.2,6.0,a,90,0,0,0,1,1,1,0.65,1.03,1.68,3.74,0,0,0,0,0,0,1,True,1,1,Sunderland,8.2,45.1,22.0,7.5,4,0,2,101209,26327,Bournemouth (Home)
Ajer,DEF,Brentford,4.5,4.9,4.3,a,90,0,0,0,1,0,0,0.03,0.11,0.14,3.74,0,0,0,0,0,0,1,True,1,1,Sunderland,11.8,0.3,0.0,1.2,8,0,2,174453,61930,Bournemouth (Home)
Kayode,DEF,Brentford,4.6,9.0,5.3,a,45,0,0,0,0,1,0,0.21,0.55,0.76,2.28,0,0,0,0,0,0,1,True,1,1,Sunderland,7.6,0.3,2.0,1.0,2,0,1,201513,79610,Bournemouth (Home)
Henry,DEF,Brentford,4.5,0.2,0.3,a,0,0,0,0,0,0,0,0.00,0.00,0.00,0.00,0,0,0,0,0,0,0,True,1,1,Sunderland,0.0,0.0,0.0,0.0,0,0,0,561,2202,Bournemouth (Home)
Hickey,DEF,Brentford,4.5,0.1,1.0,a,45,0,0,0,1,0,0,0.02,0.00,0.02,1.46,0,0,0,0,0,0,0,True,1,1,Sunderland,7.6,1.0,0.0,0.9,0,0,1,653,892,Bournemouth (Home)
Ji-soo,DEF,Brentford,4.5,0.0,0.0,a,0,0,0,0,0,0,0,0.00,0.00,0.00,0.00,0,0,0,0,0,0,0,True,1,1,Sunderland,0.0,0.0,0.0,0.0,0,0,0,151,284,Bournemouth (Home)
Schuster,DEF,Brentford,4.5,0.1,1.3,a,73,0,0,0,1,0,0,0.01,0.10,0.11,1.61,0,0,0,0,0,0,0,True,1,1,Sunderland,17.2,0.2,4.0,2.1,11,0,4,166,1472,Bournemouth (Home)
Schade,MID,Brentford,6.0,3.9,5.0,a,90,0,0,0,1,1,0,0.20,0.77,0.97,3.74,0,0,0,0,0,0,1,True,1,1,Sunderland,4.0,13.3,8.0,2.5,11,0,2,140288,47506,Bournemouth (Home)
O.Dango,MID,Brentford,6.4,0.7,1.7,a,45,0,0,0,0,0,0,0.38,0.07,0.45,2.18,0,0,0,0,0,0,1,True,1,1,Sunderland,6.8,11.3,0.0,1.8,6,0,1,4607,29581,Bournemouth (Home)
Damsgaard,MID,Brentford,5.5,0.5,4.0,a,85,0,1,0,1,0,1,0.45,0.03,0.48,1.86,0,0,0,0,0,0,1,True,1,1,Sunderland,10.0,28.5,6.0,4.5,30,3,8,3933,7667,Bournemouth (Home)
Jensen,MID,Brentford,5.5,0.1,2.0,i,0,0,0,0,0,0,1,0.34,0.08,0.42,0.47,0,0,0,0,0,0,0,True,1,1,Sunderland,0.0,0.0,0.0,0.0,0,0,0,569,6909,Bournemouth (Home)
Janelt,MID,Brentford,5.0,1.7,7.0,a,90,1,0,0,1,2,0,0.32,0.50,0.82,3.74,0,0,0,0,1,0,1,True,1,1,Sunderland,48.0,3.1,17.0,6.8,30,3,11,29605,13590,Bournemouth (Home)
Milambo,MID,Brentford,5.0,0.0,0.0,i,0,0,0,0,0,0,0,0.00,0.00,0.00,0.00,0,0,0,0,0,0,0,True,1,1,Sunderland,0.0,0.0,0.0,0.0,0,0,0,34,42,Bournemouth (Home)
Carvalho,MID,Brentford,5.0,0.0,0.0,a,0,0,0,0,0,0,0,0.00,0.00,0.00,0.00,0,0,0,0,0,0,0,True,1,1,Sunderland,0.0,0.0,0.0,0.0,0,0,0,543,358,Bournemouth (Home)
Yarmoliuk,MID,Brentford,4.9,0.8,0.7,a,45,0,0,0,1,0,0,0.03,0.07,0.10,2.78,0,0,0,0,1,0,0,True,1,1,Sunderland,2.4,3.4,2.0,0.8,1,0,0,1076,19306,Bournemouth (Home)
Dasilva,MID,Brentford,5.0,0.0,0.0,i,0,0,0,0,0,0,0,0.00,0.00,0.00,0.00,0,0,0,0,0,0,0,True,1,1,Sunderland,0.0,0.0,0.0,0.0,0,0,0,180,549,Bournemouth (Home)
Anthony,MID,Brentford,6.0,0.1,1.3,a,45,0,0,0,1,0,0,0.42,0.19,0.61,1.55,0,0,0,0,0,0,0,True,1,1,Sunderland,0.0,2.2,3.0,0.4,3,0,1,1644,3351,Bournemouth (Home)
Thiago,FWD,Brentford,7.9,11.8,1.3,a,90,0,0,0,1,0,0,0.10,2.30,2.40,3.67,0,0,0,0,0,0,1,True,1,1,Sunderland,16.0,1.4,43.0,6.0,9,0,2,72058,312788,Bournemouth (Home)
Furo,FWD,Brentford,4.5,1.1,0.0,a,0,0,0,0,0,0,0,0.00,0.00,0.00,0.00,0,0,0,0,0,0,0,True,1,1,Sunderland,0.0,0.0,0.0,0.0,0,0,0,27280,13785,Bournemouth (Home)
Wilson,FWD,Brentford,5.5,0.4,1.0,a,4,0,0,0,0,0,0,0.04,0.07,0.11,0.15,0,0,0,0,0,0,0,True,1,1,Sunderland,1.0,0.0,0.0,0.1,2,0,1,5560,7284,Bournemouth (Home)
M.Sangaré,MID,Brentford,5.7,13.9,6.0,a,45,0,0,0,0,0,2,0.37,0.41,0.78,2.28,0,0,0,0,1,0,1,True,1,1,Sunderland,0.0,1.3,8.0,0.6,0,0,0,639468,130072,Bournemouth (Home)
Diouf,DEF,Brentford,4.5,0.1,0.0,a,0,0,0,0,0,0,0,0.00,0.00,0.00,0.00,0,0,0,0,0,0,0,True,1,1,Sunderland,0.0,0.0,0.0,0.0,0,0,0,9542,2982,Bournemouth (Home)
Verbruggen,GKP,Brighton,4.5,22.2,3.0,a,90,0,0,3,1,0,0,0.20,0.00,0.20,5.71,0,0,0,0,0,0,1,True,1,1,Leeds,29.2,3.0,0.0,3.2,17,0,3,270948,156898,Coventry City (Home)
Steele,GKP,Brighton,4.0,4.3,0.0,a,0,0,0,0,0,0,0,0.00,0.00,0.00,0.00,0,0,0,0,0,0,0,True,1,1,Leeds,0.0,0.0,0.0,0.0,0,0,0,62093,34259,Coventry City (Home)
F.Kadıoğlu,DEF,Brighton,4.4,1.8,0.7,a,77,0,0,0,1,0,0,0.02,0.08,0.10,5.33,0,0,0,0,0,0,1,True,1,1,Leeds,12.6,12.5,19.0,4.4,8,0,2,12724,32633,Coventry City (Home)
Boscagli,DEF,Brighton,4.5,0.3,2.3,a,90,0,0,0,1,0,0,0.48,0.05,0.53,5.71,0,0,0,0,0,0,1,True,1,1,Leeds,20.6,62.3,0.0,8.3,17,0,2,6293,3995,Coventry City (Home)
De Cuyper,DEF,Brighton,4.8,20.1,7.0,a,76,0,1,0,1,1,2,0.40,1.50,1.90,5.62,0,0,0,0,1,0,1,True,1,1,Leeds,19.6,22.1,2.0,4.4,17,0,4,871841,109810,Coventry City (Home)
Dunk,DEF,Brighton,4.5,1.3,3.3,a,90,0,0,0,1,0,0,0.06,0.00,0.06,5.71,0,0,0,0,0,0,1,True,1,1,Leeds,30.8,1.9,4.0,3.7,20,1,5,20326,13758,Coventry City (Home)
Coppola,DEF,Brighton,4.5,0.0,0.0,a,0,0,0,0,0,0,0,0.00,0.00,0.00,0.00,0,0,0,0,0,0,0,True,1,1,Leeds,0.0,0.0,0.0,0.0,0,0,0,261,296,Coventry City (Home)
Igor,DEF,Brighton,4.5,0.1,0.0,u,0,0,0,0,0,0,0,0.00,0.00,0.00,0.00,0,0,0,0,0,0,0,True,1,1,Leeds,0.0,0.0,0.0,0.0,0,0,0,444,1895,Coventry City (Home)
Costinha,DEF,Brighton,4.5,0.0,0.7,a,12,0,0,0,0,0,0,0.16,0.12,0.28,0.24,0,0,0,0,0,0,0,True,1,1,Leeds,5.8,14.5,0.0,2.0,7,0,1,400,472,Coventry City (Home)
Svoboda,DEF,Brighton,5.0,0.1,0.0,a,0,0,0,0,0,0,0,0.00,0.00,0.00,0.00,0,0,0,0,0,0,0,True,1,1,Leeds,0.0,0.0,0.0,0.0,0,0,0,863,987,Coventry City (Home)
Mitoma,MID,Brighton,5.9,0.0,0.0,i,0,0,0,0,0,0,0,0.00,0.00,0.00,0.00,0,0,0,0,0,0,0,True,1,1,Leeds,0.0,0.0,0.0,0.0,0,0,0,130,951,Coventry City (Home)
Minteh,MID,Brighton,5.9,0.0,0.0,i,0,0,0,0,0,0,0,0.00,0.00,0.00,0.00,0,0,0,0,0,0,0,True,1,1,Leeds,0.0,0.0,0.0,0.0,0,0,0,87,1926,Coventry City (Home)
Hinshelwood,MID,Brighton,6.0,1.0,5.3,d,0,0,0,0,0,2,0,0.02,1.41,1.43,0.19,0,0,0,0,0,0,0,True,1,1,Leeds,0.0,0.0,0.0,0.0,0,0,0,6623,98695,Coventry City (Home)
Groß,MID,Brighton,5.6,16.3,5.3,a,90,0,0,0,1,1,1,0.42,0.84,1.26,5.71,0,0,0,0,1,0,1,True,1,1,Leeds,0.0,16.5,19.0,3.2,-1,0,1,448315,107204,Coventry City (Home)
Georginio,FWD,Brighton,5.5,0.6,1.7,d,0,0,0,0,0,0,1,0.44,0.08,0.52,0.29,0,0,0,0,0,0,0,True,1,1,Leeds,0.0,0.0,0.0,0.0,0,0,0,4546,26476,Coventry City (Home)
O'Riley,MID,Brighton,5.5,0.1,0.0,a,0,0,0,0,0,0,0,0.00,0.00,0.00,0.00,0,0,0,0,0,0,0,True,1,1,Leeds,0.0,0.0,0.0,0.0,0,0,0,1040,1949,Coventry City (Home)
Gomez,MID,Brighton,5.0,4.9,4.3,a,90,0,0,0,1,0,2,0.70,0.65,1.35,5.71,0,0,0,0,0,0,1,True,1,1,Leeds,15.2,26.4,30.0,7.2,13,0,2,177501,60112,Coventry City (Home)
Buonanotte,MID,Brighton,5.0,0.0,0.0,u,0,0,0,0,0,0,0,0.00,0.00,0.00,0.00,0,0,0,0,0,0,0,True,1,1,Leeds,0.0,0.0,0.0,0.0,0,0,0,0,94,Coventry City (Home)
Ayari,MID,Brighton,5.4,0.4,1.3,a,90,0,0,0,1,0,0,0.07,0.28,0.35,2.68,0,0,0,0,0,0,1,True,1,1,Leeds,11.4,14.8,18.0,4.4,18,0,2,1443,21335,Coventry City (Home)
Wieffer,DEF,Brighton,5.0,0.3,2.3,i,0,0,0,0,0,0,0,0.13,0.12,0.25,3.18,0,0,0,0,0,0,0,True,1,1,Leeds,0.0,0.0,0.0,0.0,0,0,0,12362,12835,Coventry City (Home)
Howell,MID,Brighton,4.5,0.0,0.0,u,0,0,0,0,0,0,0,0.00,0.00,0.00,0.00,0,0,0,0,0,0,0,True,1,1,Leeds,0.0,0.0,0.0,0.0,0,0,0,0,976,Coventry City (Home)
Watson,MID,Brighton,5.0,0.0,0.0,u,0,0,0,0,0,0,0,0.00,0.00,0.00,0.00,0,0,0,0,0,0,0,True,1,1,Leeds,0.0,0.0,0.0,0.0,0,0,0,0,46,Coventry City (Home)
Oriola,MID,Brighton,4.5,0.3,0.0,a,0,0,0,0,0,0,0,0.00,0.00,0.00,0.00,0,0,0,0,0,0,0,True,1,1,Leeds,0.0,0.0,0.0,0.0,0,0,0,3612,3759,Coventry City (Home)
Yohanna,MID,Brighton,4.9,0.1,0.3,a,0,0,0,0,0,0,0,0.03,0.00,0.03,0.00,0,0,0,0,0,0,0,True,1,1,Leeds,0.0,0.0,0.0,0.0,0,0,0,517,1579,Coventry City (Home)
Tzimas,FWD,Brighton,5.5,0.0,0.0,i,0,0,0,0,0,0,0,0.00,0.00,0.00,0.00,0,0,0,0,0,0,0,True,1,1,Leeds,0.0,0.0,0.0,0.0,0,0,0,80,210,Coventry City (Home)
Kostoulas,FWD,Brighton,5.5,0.5,2.7,a,90,0,0,0,1,0,1,0.04,0.78,0.82,5.48,0,0,0,0,0,0,1,True,1,1,Leeds,9.6,5.3,24.0,3.9,9,0,2,29733,6118,Coventry City (Home)
Ferguson,FWD,Brighton,5.0,0.0,0.0,i,0,0,0,0,0,0,0,0.00,0.00,0.00,0.00,0,0,0,0,0,0,0,True,1,1,Leeds,0.0,0.0,0.0,0.0,0,0,0,545,718,Coventry City (Home)
Struijk,DEF,Brighton,5.0,0.2,0.3,a,1,0,0,0,0,0,0,0.00,0.00,0.00,0.00,0,0,0,0,0,0,0,True,1,1,Leeds,0.2,0.1,0.0,0.0,3,0,1,1548,3676,Coventry City (Home)
Vuskovic,DEF,Brighton,5.0,3.0,6.0,a,90,1,0,0,1,1,0,0.06,0.35,0.41,5.71,0,0,0,0,0,0,1,True,1,1,Leeds,56.2,1.8,40.0,9.8,27,2,12,22843,32578,Coventry City (Home)
David,FWD,Brighton,6.0,0.2,0.3,a,13,0,0,0,0,0,0,0.00,0.42,0.42,0.14,0,0,0,0,1,0,0,True,1,1,Leeds,0.0,0.0,4.0,0.0,-7,0,0,4444,5722,Coventry City (Home)
Osman,MID,Brighton,5.0,0.0,0.7,a,0,0,0,0,0,0,0,0.06,0.00,0.06,0.10,0,0,0,0,0,0,0,True,1,1,Leeds,0.0,0.0,0.0,0.0,0,0,0,312,282,Coventry City (Home)
Yalcouyé,MID,Brighton,4.5,2.8,3.7,a,90,0,0,0,1,1,0,0.26,0.75,1.01,5.32,0,0,0,0,0,0,1,True,1,1,Leeds,8.2,24.4,20.0,5.3,16,0,2,208413,33633,Coventry City (Home)
Hadjam,DEF,Brighton,4.5,0.0,0.0,a,0,0,0,0,0,0,0,0.00,0.00,0.00,0.00,0,0,0,0,0,0,0,True,1,1,Leeds,0.0,0.0,0.0,0.0,0,0,0,1795,485,Coventry City (Home)
Cozier-Duberry,MID,Brighton,5.0,0.0,0.0,u,0,0,0,0,0,0,0,0.00,0.00,0.00,0.00,0,0,0,0,0,0,0,True,1,1,Leeds,0.0,0.0,0.0,0.0,0,0,0,117,56,Coventry City (Home)
Andrés,MID,Brighton,5.5,0.0,0.0,a,0,0,0,0,0,0,0,0.00,0.00,0.00,0.00,0,0,0,0,0,0,0,True,1,1,Leeds,0.0,0.0,0.0,0.0,0,0,0,261,42,Coventry City (Home)
Azeez,MID,Brighton,5.5,0.0,0.0,i,0,0,0,0,0,0,0,0.00,0.00,0.00,0.00,0,0,0,0,0,0,0,True,1,1,Leeds,0.0,0.0,0.0,0.0,0,0,0,248,34,Coventry City (Home)
Martinez,GKP,Chelsea,5.0,5.0,1.7,a,90,0,0,8,2,0,0,0.01,0.00,0.01,3.46,0,0,0,0,0,0,1,False,2,1,Arsenal,63.2,0.0,0.0,6.3,26,0,3,68378,55263,Hull City (Away)
Rogers,MID,Chelsea,7.6,29.1,6.3,a,86,1,0,0,2,2,1,1.14,1.18,2.32,4.70,0,0,0,0,1,0,1,False,2,1,Arsenal,30.2,13.6,16.0,6.0,22,0,6,211550,321984,Hull City (Away)
Henderson,MID,Chelsea,4.9,0.0,0.0,d,0,0,0,0,0,0,0,0.00,0.00,0.00,0.00,0,0,0,0,0,0,0,False,2,1,Arsenal,0.0,0.0,0.0,0.0,0,0,0,209,766,Hull City (Away)
Welbeck,FWD,Chelsea,5.9,0.8,0.3,a,3,0,0,0,0,0,0,0.00,0.00,0.00,0.00,0,0,0,0,0,0,0,False,2,1,Arsenal,0.0,0.3,2.0,0.2,3,0,1,7873,24376,Hull City (Away)
Sánchez,GKP,Chelsea,4.9,1.0,0.7,u,0,0,0,0,0,0,0,0.01,0.00,0.01,1.33,0,0,0,0,0,0,0,False,2,1,Arsenal,0.0,0.0,0.0,0.0,0,0,0,1923,84362,Hull City (Away)
Jörgensen,GKP,Chelsea,5.0,0.0,0.0,u,0,0,0,0,0,0,0,0.00,0.00,0.00,0.00,0,0,0,0,0,0,0,False,2,1,Arsenal,0.0,0.0,0.0,0.0,0,0,0,0,270,Hull City (Away)
James,DEF,Chelsea,5.4,7.8,0.7,a,90,0,0,0,2,0,0,0.12,0.17,0.29,3.52,0,0,0,0,0,0,1,False,2,1,Arsenal,12.6,15.0,13.0,4.1,9,0,1,27039,211162,Hull City (Away)
Chalobah,DEF,Chelsea,5.5,0.1,0.0,u,0,0,0,0,0,0,0,0.00,0.00,0.00,0.00,0,0,0,0,0,0,0,False,2,1,Arsenal,0.0,0.0,0.0,0.0,0,0,0,0,3529,Hull City (Away)
Gusto,DEF,Chelsea,5.0,1.1,1.0,a,30,0,0,0,0,0,0,0.05,0.04,0.09,2.66,0,0,0,0,0,0,0,False,2,1,Arsenal,3.0,3.4,1.0,0.7,4,0,1,9926,21521,Hull City (Away)
Fofana,DEF,Chelsea,5.0,0.1,1.0,a,90,0,0,0,2,0,0,0.05,0.00,0.05,3.31,0,0,0,0,0,0,1,False,2,1,Arsenal,39.8,22.8,0.0,6.3,16,0,3,2579,1228,Hull City (Away)
B.Badiashile,DEF,Chelsea,4.5,0.0,0.0,u,0,0,0,0,0,0,0,0.00,0.00,0.00,0.00,0,0,0,0,0,0,0,False,2,1,Arsenal,0.0,0.0,0.0,0.0,0,0,0,0,719,Hull City (Away)
Hato,DEF,Chelsea,4.5,0.9,2.7,a,59,0,1,0,2,0,2,0.11,0.01,0.12,4.37,0,0,0,0,0,0,1,False,2,1,Arsenal,34.8,11.2,2.0,4.8,5,0,3,22516,10427,Hull City (Away)
Colwill,DEF,Chelsea,4.9,1.1,0.3,a,0,0,0,0,0,0,0,0.03,0.01,0.04,2.64,0,0,0,0,0,0,0,False,2,1,Arsenal,0.0,0.0,0.0,0.0,0,0,0,7720,33598,Hull City (Away)
M.Sarr,DEF,Chelsea,4.5,0.0,0.0,u,0,0,0,0,0,0,0,0.00,0.00,0.00,0.00,0,0,0,0,0,0,0,False,2,1,Arsenal,0.0,0.0,0.0,0.0,0,0,0,24,3349,Hull City (Away)
Acheampong,DEF,Chelsea,4.5,0.4,1.7,a,90,0,0,0,2,0,0,0.02,0.00,0.02,3.52,0,0,0,0,0,0,1,False,2,1,Arsenal,2.2,1.8,4.0,0.8,-3,0,1,4792,6781,Hull City (Away)
Palestra,DEF,Chelsea,5.4,1.1,0.0,d,0,0,0,0,0,0,0,0.00,0.00,0.00,0.00,0,0,0,0,0,0,0,False,2,1,Arsenal,0.0,0.0,0.0,0.0,0,0,0,821,80003,Hull City (Away)
Palmer,MID,Chelsea,9.6,22.8,7.0,a,90,0,0,0,2,2,1,0.36,1.05,1.41,4.70,0,0,0,0,1,0,1,False,2,1,Arsenal,7.0,15.8,32.0,5.5,11,0,1,387902,192800,Hull City (Away)
Neto,MID,Chelsea,6.5,1.3,3.3,a,80,0,0,0,2,1,0,0.43,0.47,0.90,3.53,0,0,0,0,0,0,1,False,2,1,Arsenal,6.2,23.8,14.0,4.4,10,0,2,21878,19579,Hull City (Away)
Estêvão,MID,Chelsea,6.4,0.8,0.7,a,9,0,0,0,0,0,0,0.00,0.04,0.04,0.09,0,0,0,0,0,0,0,False,2,1,Arsenal,3.2,0.4,17.0,2.1,5,0,1,3486,34752,Hull City (Away)
Gittens,MID,Chelsea,5.9,0.0,0.0,a,0,0,0,0,0,0,0,0.00,0.00,0.00,0.00,0,0,0,0,0,0,0,False,2,1,Arsenal,0.0,0.0,0.0,0.0,0,0,0,260,975,Hull City (Away)
Caicedo,MID,Chelsea,5.4,1.6,0.3,d,0,0,0,0,0,0,0,0.00,0.00,0.00,0.07,0,0,0,0,0,0,0,False,2,1,Arsenal,0.0,0.0,0.0,0.0,0,0,0,3231,92151,Hull City (Away)
Lavia,MID,Chelsea,5.0,0.2,3.0,a,59,0,0,0,2,1,0,0.04,0.75,0.79,4.22,0,0,0,0,0,0,1,False,2,1,Arsenal,5.8,1.5,0.0,0.7,7,0,1,13724,3758,Hull City (Away)
D.Essugo,MID,Chelsea,4.5,0.1,0.0,u,0,0,0,0,0,0,0,0.00,0.00,0.00,0.00,0,0,0,0,0,0,0,False,2,1,Arsenal,0.0,0.0,0.0,0.0,0,0,0,1446,4593,Hull City (Away)
Quenda,MID,Chelsea,5.4,0.0,0.3,a,0,0,0,0,0,0,0,0.00,0.00,0.00,0.09,0,0,0,0,0,0,0,False,2,1,Arsenal,0.0,0.0,0.0,0.0,0,0,0,292,1196,Hull City (Away)
João Pedro,FWD,Chelsea,7.7,72.5,7.0,a,90,0,0,0,2,2,2,0.15,1.88,2.03,4.79,0,0,0,0,1,0,1,False,2,1,Arsenal,0.0,28.8,9.0,3.7,8,0,1,446528,190771,Hull City (Away)
Marc Guiu,FWD,Chelsea,5.0,0.3,0.0,u,0,0,0,0,0,0,0,0.00,0.00,0.00,0.00,0,0,0,0,0,0,0,False,2,1,Arsenal,0.0,0.0,0.0,0.0,0,0,0,1924,12787,Hull City (Away)
Mheuka,FWD,Chelsea,4.5,0.4,0.0,a,0,0,0,0,0,0,0,0.00,0.00,0.00,0.00,0,0,0,0,0,0,0,False,2,1,Arsenal,0.0,0.0,0.0,0.0,0,0,0,8439,5758,Hull City (Away)
Emegha,FWD,Chelsea,5.0,0.2,0.0,d,0,0,0,0,0,0,0,0.00,0.00,0.00,0.00,0,0,0,0,0,0,0,False,2,1,Arsenal,0.0,0.0,0.0,0.0,0,0,0,2709,3248,Hull City (Away)
Lacroix,DEF,Chelsea,6.0,8.1,3.0,a,90,0,0,0,2,0,1,0.21,0.02,0.23,4.79,0,0,0,0,1,0,1,False,2,1,Arsenal,26.0,1.3,2.0,2.9,3,0,2,32879,150210,Hull City (Away)
Penders,GKP,Chelsea,4.5,0.1,0.0,a,0,0,0,0,0,0,0,0.00,0.00,0.00,0.00,0,0,0,0,0,0,0,False,2,1,Arsenal,0.0,0.0,0.0,0.0,0,0,0,363,1132,Hull City (Away)
Anselmino,DEF,Chelsea,4.5,0.0,0.0,a,0,0,0,0,0,0,0,0.00,0.00,0.00,0.00,0,0,0,0,0,0,0,False,2,1,Arsenal,0.0,0.0,0.0,0.0,0,0,0,225,274,Hull City (Away)
Barco,MID,Chelsea,5.5,0.1,0.3,a,0,0,0,0,0,0,0,0.00,0.04,0.04,0.07,0,0,0,0,0,0,0,False,2,1,Arsenal,0.0,0.0,0.0,0.0,0,0,0,1055,2073,Hull City (Away)
Chavarria,DEF,Chelsea,4.9,0.2,1.0,a,30,0,0,0,0,0,0,0.02,0.00,0.02,0.51,0,0,0,0,0,0,0,False,2,1,Arsenal,2.4,2.0,4.0,0.8,2,0,1,664,4077,Hull City (Away)
Pinnock,DEF,Coventry City,4.5,0.1,1.3,a,90,0,0,0,1,0,0,0.00,0.11,0.11,2.66,0,0,0,0,1,0,1,False,1,0,Man City,18.2,0.0,6.0,2.4,3,0,3,505,1316,Brighton (Away)
Onyeka,MID,Coventry City,4.9,0.1,1.3,a,62,0,0,0,1,0,0,0.01,0.00,0.01,3.05,0,0,0,0,0,0,1,False,1,0,Man City,0.4,0.4,0.0,0.1,5,0,2,379,4205,Brighton (Away)
Rushworth,GKP,Coventry City,4.5,1.0,1.7,a,90,0,0,2,1,0,0,0.01,0.00,0.01,4.72,0,0,0,0,0,0,1,False,1,0,Man City,18.8,0.0,0.0,1.9,13,0,2,2938,18953,Brighton (Away)
Dovin,GKP,Coventry City,4.0,1.2,0.0,u,0,0,0,0,0,0,0,0.00,0.00,0.00,0.00,0,0,0,0,0,0,0,False,1,0,Man City,0.0,0.0,0.0,0.0,0,0,0,6290,18295,Brighton (Away)
Wilson,GKP,Coventry City,4.5,0.4,0.0,a,0,0,0,0,0,0,0,0.00,0.00,0.00,0.00,0,0,0,0,0,0,0,False,1,0,Man City,0.0,0.0,0.0,0.0,0,0,0,265,4207,Brighton (Away)
Thomas,DEF,Coventry City,4.0,8.8,5.0,a,90,0,0,0,1,0,0,0.19,0.24,0.43,4.18,0,0,0,0,0,0,1,False,1,0,Man City,20.6,20.8,24.0,6.5,19,0,4,114108,69667,Brighton (Away)
Kitching,DEF,Coventry City,4.0,0.4,0.0,u,0,0,0,0,0,0,0,0.00,0.00,0.00,0.00,0,0,0,0,0,0,0,False,1,0,Man City,0.0,0.0,0.0,0.0,0,0,0,461,10437,Brighton (Away)
van Ewijk,DEF,Coventry City,4.0,11.0,2.0,a,90,0,0,0,1,0,0,0.26,0.00,0.26,4.72,0,0,0,0,1,0,1,False,1,0,Man City,16.8,5.2,2.0,2.4,5,0,3,41712,121967,Brighton (Away)
Dasilva,DEF,Coventry City,4.0,0.7,1.7,a,84,0,0,0,1,0,0,0.15,0.18,0.33,4.72,0,0,0,0,0,0,1,False,1,0,Man City,21.8,14.9,0.0,3.7,10,0,2,2664,7186,Brighton (Away)
Kesler-Hayden,DEF,Coventry City,4.0,0.0,0.0,i,0,0,0,0,0,0,0,0.00,0.00,0.00,0.00,0,0,0,0,0,0,0,False,1,0,Man City,0.0,0.0,0.0,0.0,0,0,0,131,1262,Brighton (Away)
Bidwell,DEF,Coventry City,4.0,0.1,0.0,a,0,0,0,0,0,0,0,0.00,0.00,0.00,0.00,0,0,0,0,0,0,0,False,1,0,Man City,0.0,0.0,0.0,0.0,0,0,0,663,978,Brighton (Away)
Latibeaudiere,DEF,Coventry City,4.0,0.0,0.0,a,0,0,0,0,0,0,0,0.00,0.00,0.00,0.00,0,0,0,0,0,0,0,False,1,0,Man City,0.0,0.0,0.0,0.0,0,0,0,319,480,Brighton (Away)
Woolfenden,DEF,Coventry City,4.0,0.1,0.0,i,0,0,0,0,0,0,0,0.00,0.00,0.00,0.00,0,0,0,0,0,0,0,False,1,0,Man City,0.0,0.0,0.0,0.0,0,0,0,659,3181,Brighton (Away)
Brau,DEF,Coventry City,4.0,0.0,0.0,u,0,0,0,0,0,0,0,0.00,0.00,0.00,0.00,0,0,0,0,0,0,0,False,1,0,Man City,0.0,0.0,0.0,0.0,0,0,0,19,975,Brighton (Away)
Amenda,DEF,Coventry City,4.0,0.8,1.3,a,90,0,0,0,1,0,0,0.39,0.02,0.41,4.72,0,0,0,0,0,0,1,False,1,0,Man City,4.4,1.3,6.0,1.2,4,0,2,3124,8077,Brighton (Away)
Rudoni,MID,Coventry City,5.0,0.1,2.0,a,62,0,0,0,1,0,0,0.18,0.50,0.68,1.48,0,0,0,0,0,0,1,False,1,0,Man City,14.4,28.5,33.0,7.6,9,0,2,706,2569,Brighton (Away)
Grimes,MID,Coventry City,5.0,0.1,2.0,a,90,0,0,0,1,0,0,0.05,0.05,0.10,4.72,0,0,0,0,0,0,1,False,1,0,Man City,18.6,2.3,1.0,2.2,8,0,2,481,3924,Brighton (Away)
Sakamoto,MID,Coventry City,4.9,0.1,0.3,a,0,0,0,0,0,0,0,0.02,0.02,0.04,0.69,0,0,0,0,0,0,0,False,1,0,Man City,0.0,0.0,0.0,0.0,0,0,0,404,1743,Brighton (Away)
Mason-Clark,MID,Coventry City,5.4,0.1,1.0,a,70,0,0,0,1,0,0,0.06,0.00,0.06,1.19,0,0,0,0,0,0,1,False,1,0,Man City,0.0,0.8,2.0,0.1,4,0,2,228,2088,Brighton (Away)
Eccles,MID,Coventry City,4.9,0.0,0.0,a,0,0,0,0,0,0,0,0.00,0.00,0.00,0.00,0,0,0,0,0,0,0,False,1,0,Man City,0.0,0.0,0.0,0.0,0,0,0,434,404,Brighton (Away)
Torp,MID,Coventry City,5.4,0.1,0.7,a,0,0,0,0,0,0,0,0.12,0.00,0.12,1.01,0,0,0,0,0,0,0,False,1,0,Man City,0.0,0.0,0.0,0.0,0,0,0,100,2972,Brighton (Away)
Shepherd,MID,Coventry City,4.5,0.2,0.0,a,0,0,0,0,0,0,0,0.00,0.00,0.00,0.00,0,0,0,0,0,0,0,False,1,0,Man City,0.0,0.0,0.0,0.0,0,0,0,1697,3739,Brighton (Away)
Tchaouna,MID,Coventry City,5.5,0.1,1.3,a,27,0,0,0,0,0,0,0.18,0.19,0.37,2.73,0,0,0,0,0,0,0,False,1,0,Man City,8.2,24.8,21.0,5.4,9,0,1,128,3752,Brighton (Away)
Borges Rodrigues,MID,Coventry City,4.5,0.1,0.0,u,0,0,0,0,0,0,0,0.00,0.00,0.00,0.00,0,0,0,0,0,0,0,False,1,0,Man City,0.0,0.0,0.0,0.0,0,0,0,1263,3688,Brighton (Away)
Andrews,MID,Coventry City,4.5,0.4,0.0,u,0,0,0,0,0,0,0,0.00,0.00,0.00,0.00,0,0,0,0,0,0,0,False,1,0,Man City,0.0,0.0,0.0,0.0,0,0,0,142,17765,Brighton (Away)
Wright,FWD,Coventry City,5.4,0.1,0.0,i,0,0,0,0,0,0,0,0.00,0.00,0.00,0.00,0,0,0,0,0,0,0,False,1,0,Man City,0.0,0.0,0.0,0.0,0,0,0,246,3348,Brighton (Away)
Thomas-Asante,FWD,Coventry City,5.0,0.8,1.3,a,19,0,0,0,0,0,0,0.02,0.00,0.02,3.24,0,0,0,0,0,0,0,False,1,0,Man City,2.2,0.3,2.0,0.5,6,0,1,16389,17499,Brighton (Away)
Simms,FWD,Coventry City,5.0,0.8,1.0,a,19,0,0,0,0,0,0,0.01,0.30,0.31,2.55,0,0,0,0,0,0,0,False,1,0,Man City,5.0,10.0,35.0,5.0,3,0,1,10057,22001,Brighton (Away)
Markelo,FWD,Coventry City,5.0,0.0,0.0,u,0,0,0,0,0,0,0,0.00,0.00,0.00,0.00,0,0,0,0,0,0,0,False,1,0,Man City,0.0,0.0,0.0,0.0,0,0,0,0,296,Brighton (Away)
Bassette,FWD,Coventry City,4.5,0.0,0.0,u,0,0,0,0,0,0,0,0.00,0.00,0.00,0.00,0,0,0,0,0,0,0,False,1,0,Man City,0.0,0.0,0.0,0.0,0,0,0,0,548,Brighton (Away)
Awoniyi,FWD,Coventry City,5.5,0.7,1.7,a,70,0,0,0,1,0,0,0.03,1.24,1.27,2.18,0,0,0,0,0,0,1,False,1,0,Man City,3.6,10.3,3.0,1.7,6,0,2,4842,18156,Brighton (Away)
Yirenkyi,MID,Coventry City,4.9,0.2,1.7,a,27,0,0,0,0,0,0,0.13,0.03,0.16,2.53,0,0,0,0,0,0,0,False,1,0,Man City,1.0,0.3,0.0,0.1,4,0,1,778,4216,Brighton (Away)
Hamer,MID,Coventry City,5.4,0.1,1.0,a,5,0,0,0,0,0,0,0.02,0.00,0.02,0.82,0,0,0,0,0,0,0,False,1,0,Man City,0.0,0.0,0.0,0.0,1,0,1,153,2279,Brighton (Away)
Cherif,FWD,Coventry City,5.0,0.1,0.0,a,0,0,0,0,0,0,0,0.00,0.00,0.00,0.00,0,0,0,0,0,0,0,False,1,0,Man City,0.0,0.0,0.0,0.0,0,0,0,2227,2361,Brighton (Away)
Bentley,GKP,Coventry City,4.0,0.4,0.0,a,0,0,0,0,0,0,0,0.00,0.00,0.00,0.00,0,0,0,0,0,0,0,False,1,0,Man City,0.0,0.0,0.0,0.0,0,0,0,20080,2827,Brighton (Away)
Guessand,MID,Crystal Palace,5.5,0.0,0.7,a,0,0,0,0,0,0,0,0.03,0.03,0.06,0.34,0,0,0,0,0,0,0,False,2,3,Fulham,0.0,0.0,0.0,0.0,0,0,0,556,978,Ipswich Town (Away)
Disasi,DEF,Crystal Palace,4.5,0.1,1.3,a,90,0,0,0,2,0,0,0.04,0.00,0.04,3.34,0,0,0,0,0,0,1,False,2,3,Fulham,31.4,13.3,2.0,4.7,14,0,3,1511,1008,Ipswich Town (Away)
Henderson,GKP,Crystal Palace,5.0,1.9,1.7,a,90,0,0,5,2,0,0,0.00,0.00,0.00,6.47,0,0,0,0,0,0,1,False,2,3,Fulham,38.4,0.0,0.0,3.8,19,0,2,15007,18335,Ipswich Town (Away)
Benitez,GKP,Crystal Palace,4.5,0.1,0.0,a,0,0,0,0,0,0,0,0.00,0.00,0.00,0.00,0,0,0,0,0,0,0,False,2,3,Fulham,0.0,0.0,0.0,0.0,0,0,0,648,1294,Ipswich Town (Away)
Richards,DEF,Crystal Palace,5.0,0.7,1.3,a,90,0,0,0,2,0,0,0.00,0.08,0.08,6.47,0,0,0,0,0,0,1,False,2,3,Fulham,28.8,0.5,7.0,3.6,8,0,1,5745,11171,Ipswich Town (Away)
Canvot,DEF,Crystal Palace,4.9,0.2,0.7,a,90,0,0,0,2,0,0,0.01,0.05,0.06,6.47,0,0,0,0,0,0,1,False,2,3,Fulham,13.0,1.9,0.0,1.5,4,0,1,1708,5765,Ipswich Town (Away)
Mitchell,DEF,Crystal Palace,4.5,5.8,5.3,a,73,2,0,0,2,2,0,0.18,0.77,0.95,5.90,0,0,0,0,0,0,1,False,2,3,Fulham,78.0,10.7,47.0,13.6,31,2,15,9051,77583,Ipswich Town (Away)
Sosa,DEF,Crystal Palace,4.5,0.0,0.0,u,0,0,0,0,0,0,0,0.00,0.00,0.00,0.00,0,0,0,0,0,0,0,False,2,3,Fulham,0.0,0.0,0.0,0.0,0,0,0,110,704,Ipswich Town (Away)
Chadi Riad,DEF,Crystal Palace,4.4,0.0,0.3,i,0,0,0,0,0,0,0,0.01,0.00,0.01,0.98,0,0,0,0,0,0,0,False,2,3,Fulham,0.0,0.0,0.0,0.0,0,0,0,193,1616,Ipswich Town (Away)
Mingueza,DEF,Crystal Palace,4.4,0.1,0.7,a,1,0,0,0,0,0,0,0.00,0.00,0.00,0.33,0,0,0,0,0,0,0,False,2,3,Fulham,1.0,0.3,0.0,0.1,4,0,1,770,1311,Ipswich Town (Away)
Sarr,MID,Crystal Palace,6.3,0.9,0.0,i,0,0,0,0,0,0,0,0.00,0.00,0.00,0.00,0,0,0,0,0,0,0,False,2,3,Fulham,0.0,0.0,0.0,0.0,0,0,0,330,118429,Ipswich Town (Away)
Wharton,MID,Crystal Palace,5.5,0.9,2.7,a,90,0,0,0,2,0,0,0.32,0.00,0.32,6.47,0,0,0,0,0,0,1,False,2,3,Fulham,14.8,2.8,2.0,2.0,10,0,2,10076,13720,Ipswich Town (Away)
Yeremy,MID,Crystal Palace,5.5,0.4,3.7,a,88,0,1,0,2,0,2,0.39,0.36,0.75,5.29,0,0,0,0,0,0,1,False,2,3,Fulham,8.0,42.6,6.0,5.7,25,0,5,5451,2582,Ipswich Town (Away)
Hughes,MID,Crystal Palace,4.5,8.8,0.3,a,16,0,0,0,0,0,0,0.00,0.00,0.00,0.57,0,0,0,0,0,0,0,False,2,3,Fulham,2.4,0.3,0.0,0.3,3,0,1,37588,133611,Ipswich Town (Away)
Lerma,MID,Crystal Palace,4.9,0.1,0.0,a,0,0,0,0,0,0,0,0.00,0.00,0.00,0.00,0,0,0,0,0,0,0,False,2,3,Fulham,0.0,0.0,0.0,0.0,0,0,0,496,1742,Ipswich Town (Away)
Kamada,MID,Crystal Palace,5.0,0.3,3.3,a,88,0,1,0,2,0,1,0.30,0.05,0.35,6.34,0,0,0,0,0,0,1,False,2,3,Fulham,19.6,23.2,6.0,4.9,21,0,5,4293,4552,Ipswich Town (Away)
Devenny,MID,Crystal Palace,5.0,0.0,0.0,u,0,0,0,0,0,0,0,0.00,0.00,0.00,0.00,0,0,0,0,0,0,0,False,2,3,Fulham,0.0,0.0,0.0,0.0,0,0,0,63,338,Ipswich Town (Away)
Esse,MID,Crystal Palace,5.0,0.0,0.0,u,0,0,0,0,0,0,0,0.00,0.00,0.00,0.00,0,0,0,0,0,0,0,False,2,3,Fulham,0.0,0.0,0.0,0.0,0,0,0,188,1153,Ipswich Town (Away)
M.França,MID,Crystal Palace,4.9,0.0,0.0,a,0,0,0,0,0,0,0,0.00,0.00,0.00,0.00,0,0,0,0,0,0,0,False,2,3,Fulham,0.0,0.0,0.0,0.0,0,0,0,933,1106,Ipswich Town (Away)
Doucouré,MID,Crystal Palace,4.9,0.1,0.0,a,0,0,0,0,0,0,0,0.00,0.00,0.00,0.00,0,0,0,0,0,0,0,False,2,3,Fulham,0.0,0.0,0.0,0.0,0,0,0,984,1320,Ipswich Town (Away)
J.Rak-Sakyi,MID,Crystal Palace,4.9,0.0,0.0,a,0,0,0,0,0,0,0,0.00,0.00,0.00,0.00,0,0,0,0,0,0,0,False,2,3,Fulham,0.0,0.0,0.0,0.0,0,0,0,51,111,Ipswich Town (Away)
Cardines,DEF,Crystal Palace,4.5,0.0,0.0,u,0,0,0,0,0,0,0,0.00,0.00,0.00,0.00,0,0,0,0,0,0,0,False,2,3,Fulham,0.0,0.0,0.0,0.0,0,0,0,0,39,Ipswich Town (Away)
Drakes-Thomas,MID,Crystal Palace,4.5,0.1,0.0,a,0,0,0,0,0,0,0,0.00,0.00,0.00,0.00,0,0,0,0,0,0,0,False,2,3,Fulham,0.0,0.0,0.0,0.0,0,0,0,939,1191,Ipswich Town (Away)
Strand Larsen,FWD,Crystal Palace,6.0,0.5,1.3,a,45,0,0,0,0,0,0,0.01,0.30,0.31,3.69,0,0,0,0,0,0,0,False,2,3,Fulham,2.4,0.8,0.0,0.3,4,0,1,7524,8505,Ipswich Town (Away)
Mateta,FWD,Crystal Palace,6.4,1.9,0.7,i,0,0,0,0,0,0,0,0.02,0.70,0.72,0.98,0,0,0,0,0,0,0,False,2,3,Fulham,0.0,0.0,0.0,0.0,0,0,0,1227,270528,Ipswich Town (Away)
Nketiah,FWD,Crystal Palace,5.5,0.7,2.3,a,45,0,1,0,2,0,1,0.58,1.10,1.68,4.45,0,0,0,0,0,0,1,False,2,3,Fulham,21.2,10.7,19.0,5.1,16,0,4,11874,8284,Ipswich Town (Away)
Uche,FWD,Crystal Palace,5.0,0.0,0.0,u,0,0,0,0,0,0,0,0.00,0.00,0.00,0.00,0,0,0,0,0,0,0,False,2,3,Fulham,0.0,0.0,0.0,0.0,0,0,0,0,0,Ipswich Town (Away)
McNeil,MID,Crystal Palace,5.4,0.1,1.0,a,0,0,0,0,0,0,0,0.02,0.05,0.07,1.18,0,0,0,0,0,0,0,False,2,3,Fulham,0.0,0.0,0.0,0.0,0,0,0,540,2482,Ipswich Town (Away)
Matthews,GKP,Crystal Palace,4.0,1.8,0.0,a,0,0,0,0,0,0,0,0.00,0.00,0.00,0.00,0,0,0,0,0,0,0,False,2,3,Fulham,0.0,0.0,0.0,0.0,0,0,0,7566,8663,Ipswich Town (Away)
Tomiyasu,DEF,Crystal Palace,4.5,0.3,0.7,a,0,0,0,0,0,0,0,0.01,0.00,0.01,2.15,0,0,0,0,0,0,0,False,2,3,Fulham,0.0,0.0,0.0,0.0,0,0,0,1378,3430,Ipswich Town (Away)
Khalaili,DEF,Crystal Palace,5.0,0.2,2.0,a,90,0,0,0,2,0,0,0.17,0.74,0.91,5.42,0,0,0,0,0,0,1,False,2,3,Fulham,21.6,2.3,8.0,3.2,6,0,3,4048,1549,Ipswich Town (Away)
Gozo,MID,Crystal Palace,5.0,0.0,0.3,a,0,0,0,0,0,0,0,0.00,0.00,0.00,0.20,0,0,0,0,0,0,0,False,2,3,Fulham,0.0,0.0,0.0,0.0,0,0,0,158,224,Ipswich Town (Away)
Ahanor,DEF,Crystal Palace,4.5,0.0,0.0,a,0,0,0,0,0,0,0,0.00,0.00,0.00,0.00,0,0,0,0,0,0,0,False,2,3,Fulham,0.0,0.0,0.0,0.0,0,0,0,217,32,Ipswich Town (Away)
Chilwell,DEF,Crystal Palace,4.5,0.4,7.0,a,16,1,0,0,0,1,0,0.00,0.15,0.15,0.57,0,0,0,0,0,0,0,False,2,3,Fulham,33.2,0.7,17.0,5.1,20,0,7,763,84,Ipswich Town (Away)
Timber,MID,Crystal Palace,5.0,0.0,2.0,a,73,0,0,0,2,0,0,0.00,0.02,0.02,2.57,0,0,0,0,0,0,1,False,2,3,Fulham,4.2,0.2,1.0,0.5,8,0,2,656,100,Ipswich Town (Away)
Osorio,MID,Crystal Palace,5.5,0.0,1.0,a,1,0,0,0,0,0,0,0.00,0.00,0.00,0.13,0,0,0,0,0,0,0,False,2,3,Fulham,2.0,0.3,0.0,0.2,2,0,1,461,50,Ipswich Town (Away)
Nørgaard,MID,Everton,4.9,0.1,0.0,i,0,0,0,0,0,0,0,0.00,0.00,0.00,0.00,0,0,0,0,0,0,0,True,2,2,Man Utd,0.0,0.0,0.0,0.0,0,0,0,209,2171,Spurs (Home)
Johnson,MID,Everton,5.9,0.1,1.0,a,65,0,0,0,1,0,0,0.04,0.05,0.09,2.24,0,0,0,0,1,0,1,True,2,2,Man Utd,6.6,22.9,9.0,3.9,3,0,1,786,3477,Spurs (Home)
Pickford,GKP,Everton,5.5,8.6,3.7,a,90,0,0,1,2,0,0,0.02,0.00,0.02,4.81,0,0,0,0,0,0,1,True,2,2,Man Utd,9.2,0.0,0.0,0.9,6,0,1,56478,81924,Spurs (Home)
Travers,GKP,Everton,5.0,0.0,0.0,a,0,0,0,0,0,0,0,0.00,0.00,0.00,0.00,0,0,0,0,0,0,0,True,2,2,Man Utd,0.0,0.0,0.0,0.0,0,0,0,282,558,Spurs (Home)
King,GKP,Everton,4.5,0.0,0.0,a,0,0,0,0,0,0,0,0.00,0.00,0.00,0.00,0,0,0,0,0,0,0,True,2,2,Man Utd,0.0,0.0,0.0,0.0,0,0,0,303,514,Spurs (Home)
Tarkowski,DEF,Everton,6.0,11.3,7.0,a,90,0,0,0,2,1,0,0.02,0.17,0.19,4.81,0,0,0,0,0,0,1,True,2,2,Man Utd,24.4,1.0,6.0,3.1,11,0,3,211638,85557,Spurs (Home)
Branthwaite,DEF,Everton,5.5,1.9,4.3,a,90,0,0,0,2,0,0,0.02,0.17,0.19,4.81,0,0,0,0,0,0,1,True,2,2,Man Utd,41.6,0.6,34.0,7.6,10,0,3,15501,21385,Spurs (Home)
Keane,DEF,Everton,4.9,0.9,0.0,a,0,0,0,0,0,0,0,0.00,0.00,0.00,0.00,0,0,0,0,0,0,0,True,2,2,Man Utd,0.0,0.0,0.0,0.0,0,0,0,2294,33004,Spurs (Home)
O'Brien,DEF,Everton,4.9,0.3,0.0,a,0,0,0,0,0,0,0,0.00,0.00,0.00,0.00,0,0,0,0,0,0,0,True,2,2,Man Utd,0.0,0.0,0.0,0.0,0,0,0,929,8440,Spurs (Home)
Mykolenko,DEF,Everton,4.5,1.9,3.7,a,90,0,0,0,2,0,0,0.07,0.00,0.07,4.81,0,0,0,0,0,0,1,True,2,2,Man Utd,12.8,2.5,0.0,1.5,8,0,1,40120,26256,Spurs (Home)
Patterson,DEF,Everton,4.5,0.0,0.0,u,0,0,0,0,0,0,0,0.00,0.00,0.00,0.00,0,0,0,0,0,0,0,True,2,2,Man Utd,0.0,0.0,0.0,0.0,0,0,0,164,879,Spurs (Home)
Aznou,DEF,Everton,4.0,0.1,0.0,u,0,0,0,0,0,0,0,0.00,0.00,0.00,0.00,0,0,0,0,0,0,0,True,2,2,Man Utd,0.0,0.0,0.0,0.0,0,0,0,719,4181,Spurs (Home)
Dewsbury-Hall,MID,Everton,6.5,4.5,5.0,a,90,0,0,0,2,1,0,0.40,0.45,0.85,4.77,0,0,0,0,0,0,1,True,2,2,Man Utd,24.0,30.0,33.0,8.7,20,0,2,60861,92933,Spurs (Home)
Grealish,MID,Everton,6.5,0.4,0.7,a,24,0,0,0,1,0,0,0.13,0.02,0.15,0.31,0,0,0,0,0,0,0,True,2,2,Man Utd,6.0,12.3,10.0,2.8,8,0,1,9521,5532,Spurs (Home)
Garner,MID,Everton,6.0,0.1,1.3,d,76,0,0,0,1,0,0,0.11,0.00,0.11,1.32,0,0,0,0,0,0,1,True,2,2,Man Utd,9.6,31.1,0.0,4.1,19,0,2,2988,3324,Spurs (Home)
George,MID,Everton,5.5,0.5,5.0,a,90,1,0,0,2,1,0,0.16,0.27,0.43,2.94,0,0,0,0,0,0,1,True,2,2,Man Utd,44.2,34.4,25.0,10.4,35,3,10,1760,4800,Spurs (Home)
Alcaraz,MID,Everton,5.0,0.1,0.3,a,0,0,0,0,0,0,0,0.02,0.05,0.07,0.04,0,0,0,0,0,0,0,True,2,2,Man Utd,0.0,0.0,0.0,0.0,0,0,0,815,1939,Spurs (Home)
Armstrong,MID,Everton,5.0,0.4,3.7,a,90,0,0,0,2,0,1,0.10,0.09,0.19,4.81,0,0,0,0,1,0,1,True,2,2,Man Utd,5.2,6.7,9.0,2.1,5,0,1,21368,9178,Spurs (Home)
Dibling,MID,Everton,5.4,0.0,0.0,a,0,0,0,0,0,0,0,0.00,0.00,0.00,0.00,0,0,0,0,0,0,0,True,2,2,Man Utd,0.0,0.0,0.0,0.0,0,0,0,356,868,Spurs (Home)
Röhl,MID,Everton,5.0,0.0,2.0,a,74,0,0,0,1,0,0,0.20,0.00,0.20,4.52,0,0,0,0,1,0,1,True,2,2,Man Utd,4.4,16.8,0.0,2.1,10,0,1,580,1167,Spurs (Home)
Hackney,MID,Everton,5.5,0.2,2.7,a,15,0,1,0,1,0,1,0.11,0.05,0.16,3.49,0,0,0,0,0,0,0,True,2,2,Man Utd,20.6,25.5,10.0,5.6,14,0,4,499,3714,Spurs (Home)
Beto,FWD,Everton,5.4,1.1,0.7,u,0,0,0,0,0,0,0,0.00,0.09,0.09,1.92,0,0,0,0,0,0,0,True,2,2,Man Utd,0.0,0.0,0.0,0.0,0,0,0,8513,82131,Spurs (Home)
Barry,FWD,Everton,5.6,5.6,4.0,a,90,0,0,0,2,1,0,0.11,2.31,2.42,2.89,0,0,0,0,0,0,1,True,2,2,Man Utd,0.2,15.0,24.0,3.9,7,0,2,195909,91343,Spurs (Home)
Maitland-Niles,DEF,Everton,4.5,0.2,7.0,a,13,1,0,0,1,1,0,0.00,0.03,0.03,0.29,0,0,0,0,0,0,0,True,2,2,Man Utd,33.4,0.8,7.0,4.1,13,0,7,559,128,Spurs (Home)
Graham,MID,Everton,4.5,0.1,0.0,a,0,0,0,0,0,0,0,0.00,0.00,0.00,0.00,0,0,0,0,0,0,0,True,2,2,Man Utd,0.0,0.0,0.0,0.0,0,0,0,0,0,Spurs (Home)
Leno,GKP,Fulham,4.5,3.0,2.0,a,90,0,0,2,3,0,0,0.00,0.00,0.00,6.23,0,0,0,0,0,0,1,True,2,3,Crystal Palace,18.8,0.0,0.0,1.9,8,0,1,41560,27077,Liverpool (Home)
Lecomte,GKP,Fulham,4.0,1.2,0.0,a,0,0,0,0,0,0,0,0.00,0.00,0.00,0.00,0,0,0,0,0,0,0,True,2,3,Crystal Palace,0.0,0.0,0.0,0.0,0,0,0,9450,7851,Liverpool (Home)
McNally,GKP,Fulham,4.0,0.1,0.0,u,0,0,0,0,0,0,0,0.00,0.00,0.00,0.00,0,0,0,0,0,0,0,True,2,3,Crystal Palace,0.0,0.0,0.0,0.0,0,0,0,1784,2589,Liverpool (Home)
Andersen,DEF,Fulham,5.0,0.1,0.7,a,90,0,0,0,3,0,0,0.10,0.00,0.10,3.99,0,0,0,0,0,0,1,True,2,3,Crystal Palace,24.4,22.9,6.0,5.3,8,0,1,5842,2138,Liverpool (Home)
Robinson,DEF,Fulham,4.5,1.5,1.3,a,78,0,0,0,3,0,0,0.16,0.21,0.37,6.20,0,0,0,0,0,0,1,True,2,3,Crystal Palace,14.6,24.8,9.0,4.8,7,0,1,15006,17182,Liverpool (Home)
J.Cuenca,DEF,Fulham,4.5,0.0,1.0,a,0,0,0,0,0,0,0,0.03,0.00,0.03,2.24,0,0,0,0,0,0,0,True,2,3,Crystal Palace,0.0,0.0,0.0,0.0,0,0,0,506,689,Liverpool (Home)
Tete,DEF,Fulham,4.4,0.2,0.0,a,0,0,0,0,0,0,0,0.00,0.00,0.00,0.00,0,0,0,0,0,0,0,True,2,3,Crystal Palace,0.0,0.0,0.0,0.0,0,0,0,430,3016,Liverpool (Home)
Bassey,DEF,Fulham,4.5,0.7,1.0,a,90,0,0,0,3,0,0,0.07,0.02,0.09,6.23,0,0,0,0,0,0,1,True,2,3,Crystal Palace,13.8,6.4,0.0,2.0,2,0,1,8199,7975,Liverpool (Home)
Castagne,DEF,Fulham,4.5,0.9,4.3,a,90,0,0,0,3,0,2,0.37,0.67,1.04,4.47,0,0,0,0,0,0,1,True,2,3,Crystal Palace,20.6,24.1,30.0,7.5,-1,0,1,44214,10839,Liverpool (Home)
Iwobi,MID,Fulham,5.5,0.8,2.0,a,82,0,0,0,3,0,0,0.70,0.05,0.75,6.23,0,0,0,0,0,0,1,True,2,3,Crystal Palace,7.6,23.7,11.0,4.2,15,0,2,7354,16871,Liverpool (Home)
Smith Rowe,MID,Fulham,5.4,0.3,0.7,a,11,0,0,0,0,0,0,0.02,0.06,0.08,0.41,0,0,0,0,0,0,0,True,2,3,Crystal Palace,0.2,0.5,2.0,0.3,3,0,1,1425,6526,Liverpool (Home)
Kevin,MID,Fulham,5.4,0.0,0.7,a,0,0,0,0,0,0,0,0.05,0.00,0.05,0.20,0,0,0,0,0,0,0,True,2,3,Crystal Palace,0.0,0.0,0.0,0.0,0,0,0,553,1342,Liverpool (Home)
Bobb,MID,Fulham,5.5,0.3,2.3,a,78,0,0,0,3,0,0,0.92,0.32,1.24,4.44,0,0,0,0,0,0,1,True,2,3,Crystal Palace,11.2,58.8,53.0,12.3,17,0,2,4635,5995,Liverpool (Home)
Berge,MID,Fulham,5.0,0.3,1.7,a,29,0,0,0,1,0,0,0.33,0.03,0.36,4.90,0,0,0,0,0,0,0,True,2,3,Crystal Palace,3.2,2.9,0.0,0.6,9,0,1,1875,5184,Liverpool (Home)
Cairney,MID,Fulham,5.0,0.0,0.0,i,0,0,0,0,0,0,0,0.00,0.00,0.00,0.00,0,0,0,0,0,0,0,True,2,3,Crystal Palace,0.0,0.0,0.0,0.0,0,0,0,24,82,Liverpool (Home)
King,MID,Fulham,5.5,1.1,6.3,a,90,1,0,0,3,2,0,0.34,0.95,1.29,6.23,0,0,0,0,0,0,1,True,2,3,Crystal Palace,44.6,26.0,34.0,10.5,38,3,10,23134,13472,Liverpool (Home)
Sessegnon,DEF,Fulham,4.5,0.3,1.0,a,11,0,0,0,0,0,0,0.44,0.13,0.57,1.80,0,0,0,0,0,0,0,True,2,3,Crystal Palace,2.0,14.8,4.0,2.1,3,0,1,887,4843,Liverpool (Home)
Reed,MID,Fulham,4.5,1.2,0.0,a,0,0,0,0,0,0,0,0.00,0.00,0.00,0.00,0,0,0,0,0,0,0,True,2,3,Crystal Palace,0.0,0.0,0.0,0.0,0,0,0,8075,19076,Liverpool (Home)
Muniz,FWD,Fulham,5.4,0.5,0.7,a,7,0,0,0,0,0,0,0.00,0.40,0.40,0.03,0,0,0,0,0,0,0,True,2,3,Crystal Palace,3.2,10.1,27.0,4.0,5,0,1,4409,11328,Liverpool (Home)
Kusi-Asare,FWD,Fulham,4.5,6.3,0.0,a,0,0,0,0,0,0,0,0.00,0.00,0.00,0.00,0,0,0,0,0,0,0,True,2,3,Crystal Palace,0.0,0.0,0.0,0.0,0,0,0,60586,71945,Liverpool (Home)
Gonzalo,FWD,Fulham,6.0,4.2,3.3,a,90,0,0,0,3,1,0,0.22,1.44,1.66,6.23,0,0,0,0,0,0,1,True,2,3,Crystal Palace,5.8,14.0,39.0,5.9,10,0,2,128611,79185,Liverpool (Home)
Palacios,MID,Fulham,5.5,0.2,3.7,a,60,1,0,0,2,1,0,0.03,0.98,1.01,4.97,0,0,0,0,0,0,1,True,2,3,Crystal Palace,33.8,13.7,51.0,9.9,27,1,8,1012,3356,Liverpool (Home)
Charles,MID,Fulham,5.0,0.1,1.3,a,78,0,0,0,3,0,0,0.12,0.09,0.21,3.77,0,0,0,0,0,0,1,True,2,3,Crystal Palace,12.4,35.2,8.0,5.6,18,0,2,334,1244,Liverpool (Home)
De Fougerolles,DEF,Fulham,4.0,0.1,0.0,d,0,0,0,0,0,0,0,0.00,0.00,0.00,0.00,0,0,0,0,0,0,0,True,2,3,Crystal Palace,0.0,0.0,0.0,0.0,0,0,0,2221,1839,Liverpool (Home)
Zepa,MID,Fulham,4.5,0.4,0.0,a,0,0,0,0,0,0,0,0.00,0.00,0.00,0.00,0,0,0,0,0,0,0,True,2,3,Crystal Palace,0.0,0.0,0.0,0.0,0,0,0,22010,4831,Liverpool (Home)
Larsson,MID,Fulham,5.0,0.0,1.0,a,11,0,0,0,0,0,0,0.22,0.13,0.35,0.00,0,0,0,0,0,0,0,True,2,3,Crystal Palace,3.6,1.3,9.0,1.4,3,0,1,288,27,Liverpool (Home)
Ángel,MID,Fulham,5.0,0.0,0.0,a,0,0,0,0,0,0,0,0.00,0.00,0.00,0.00,0,0,0,0,0,0,0,True,2,3,Crystal Palace,0.0,0.0,0.0,0.0,0,0,0,120,14,Liverpool (Home)
Affengruber,DEF,Fulham,4.5,0.0,0.0,a,0,0,0,0,0,0,0,0.00,0.00,0.00,0.00,0,0,0,0,0,0,0,True,2,3,Crystal Palace,0.0,0.0,0.0,0.0,0,0,0,204,27,Liverpool (Home)
Iroegbunam,MID,Hull City,5.0,0.0,0.3,a,0,0,0,0,0,0,0,0.00,0.00,0.00,0.00,0,0,0,0,0,0,0,True,0,0,Aston Villa,0.0,0.0,0.0,0.0,0,0,0,309,187,Chelsea (Home)
Phillips,GKP,Hull City,4.0,1.5,0.0,a,0,0,0,0,0,0,0,0.00,0.00,0.00,0.00,0,0,0,0,0,0,0,True,0,0,Aston Villa,0.0,0.0,0.0,0.0,0,0,0,9318,11240,Chelsea (Home)
Butland,GKP,Hull City,4.5,0.1,0.0,i,0,0,0,0,0,0,0,0.00,0.00,0.00,0.00,0,0,0,0,0,0,0,True,0,0,Aston Villa,0.0,0.0,0.0,0.0,0,0,0,166,1467,Chelsea (Home)
Cartwright,GKP,Hull City,4.0,0.0,0.0,u,0,0,0,0,0,0,0,0.00,0.00,0.00,0.00,0,0,0,0,0,0,0,True,0,0,Aston Villa,0.0,0.0,0.0,0.0,0,0,0,0,83,Chelsea (Home)
Lo-Tutala,GKP,Hull City,4.0,0.0,0.0,u,0,0,0,0,0,0,0,0.00,0.00,0.00,0.00,0,0,0,0,0,0,0,True,0,0,Aston Villa,0.0,0.0,0.0,0.0,0,0,0,0,272,Chelsea (Home)
Egan,DEF,Hull City,4.1,6.2,7.7,a,90,0,0,0,0,0,0,0.00,0.00,0.00,5.05,1,0,0,0,0,0,1,True,0,0,Aston Villa,15.4,0.1,0.0,1.6,18,0,6,335706,57666,Chelsea (Home)
Hughes,DEF,Hull City,4.0,0.1,0.0,i,0,0,0,0,0,0,0,0.00,0.00,0.00,0.00,0,0,0,0,0,0,0,True,0,0,Aston Villa,0.0,0.0,0.0,0.0,0,0,0,138,1820,Chelsea (Home)
Ajayi,DEF,Hull City,4.1,11.4,8.3,a,90,0,0,0,0,1,0,0.00,0.52,0.52,4.08,1,0,0,0,1,0,1,True,0,0,Aston Villa,11.0,0.7,0.0,1.2,17,0,5,631920,69249,Chelsea (Home)
Coyle,DEF,Hull City,4.0,0.6,4.0,a,63,0,0,0,0,0,0,0.02,0.00,0.02,4.06,1,0,0,0,0,0,1,True,0,0,Aston Villa,1.4,4.6,0.0,0.6,19,0,6,1532,10186,Chelsea (Home)
Drameh,DEF,Hull City,4.0,0.1,0.7,u,0,0,0,0,0,0,0,0.00,0.05,0.05,0.87,0,0,0,0,0,0,0,True,0,0,Aston Villa,0.0,0.0,0.0,0.0,0,0,0,1010,1673,Chelsea (Home)
Giles,DEF,Hull City,4.0,1.3,6.7,a,90,0,0,0,0,0,0,0.18,0.02,0.20,4.98,1,0,0,0,0,0,1,True,0,0,Aston Villa,14.8,26.4,0.0,4.1,30,2,8,26812,8343,Chelsea (Home)
Jacob,DEF,Hull City,4.0,0.0,0.0,u,0,0,0,0,0,0,0,0.00,0.00,0.00,0.00,0,0,0,0,0,0,0,True,0,0,Aston Villa,0.0,0.0,0.0,0.0,0,0,0,57,210,Chelsea (Home)
McCarthy,DEF,Hull City,4.0,0.1,0.0,a,0,0,0,0,0,0,0,0.00,0.00,0.00,0.00,0,0,0,0,0,0,0,True,0,0,Aston Villa,0.0,0.0,0.0,0.0,0,0,0,1507,1212,Chelsea (Home)
McNair,DEF,Hull City,4.0,0.1,0.3,d,0,0,0,0,0,0,0,0.00,0.00,0.00,0.96,0,0,0,0,0,0,0,True,0,0,Aston Villa,0.0,0.0,0.0,0.0,0,0,0,1008,1499,Chelsea (Home)
Belloumi,MID,Hull City,5.0,1.0,4.7,a,81,0,0,0,0,0,1,0.06,0.20,0.26,4.87,1,0,0,0,0,0,1,True,0,0,Aston Villa,22.8,12.4,10.0,4.5,15,0,5,26562,10439,Chelsea (Home)
Millar,MID,Hull City,5.0,0.0,2.0,u,0,0,0,0,0,1,0,0.00,0.58,0.58,0.87,0,0,0,0,0,0,0,True,0,0,Aston Villa,0.0,0.0,0.0,0.0,0,0,0,2873,2733,Chelsea (Home)
Dowell,MID,Hull City,4.5,0.3,0.0,a,0,0,0,0,0,0,0,0.00,0.00,0.00,0.00,0,0,0,0,0,0,0,True,0,0,Aston Villa,0.0,0.0,0.0,0.0,0,0,0,5767,5932,Chelsea (Home)
Crooks,MID,Hull City,4.5,0.5,0.7,a,0,0,0,0,0,0,0,0.00,0.00,0.00,1.83,0,0,0,0,0,0,0,True,0,0,Aston Villa,0.0,0.0,0.0,0.0,0,0,0,2885,15250,Chelsea (Home)
Slater,MID,Hull City,4.5,5.2,3.7,a,90,0,0,0,0,0,1,0.46,0.04,0.50,5.05,1,0,0,0,0,0,1,True,0,0,Aston Villa,10.6,12.3,8.0,3.1,10,0,3,157568,66242,Chelsea (Home)
Matazo,MID,Hull City,4.5,0.0,0.0,i,0,0,0,0,0,0,0,0.00,0.00,0.00,0.00,0,0,0,0,0,0,0,True,0,0,Aston Villa,0.0,0.0,0.0,0.0,0,0,0,103,136,Chelsea (Home)
Ömür,MID,Hull City,4.9,0.0,0.0,a,0,0,0,0,0,0,0,0.00,0.00,0.00,0.00,0,0,0,0,0,0,0,True,0,0,Aston Villa,0.0,0.0,0.0,0.0,0,0,0,323,454,Chelsea (Home)
Kamara,MID,Hull City,5.0,0.0,0.0,u,0,0,0,0,0,0,0,0.00,0.00,0.00,0.00,0,0,0,0,0,0,0,True,0,0,Aston Villa,0.0,0.0,0.0,0.0,0,0,0,0,96,Chelsea (Home)
Zambrano,MID,Hull City,4.5,0.1,0.0,a,0,0,0,0,0,0,0,0.00,0.00,0.00,0.00,0,0,0,0,0,0,0,True,0,0,Aston Villa,0.0,0.0,0.0,0.0,0,0,0,645,1908,Chelsea (Home)
McBurnie,FWD,Hull City,5.5,2.0,2.7,a,90,0,0,0,0,0,1,0.07,0.54,0.61,5.05,1,0,0,0,0,0,1,True,0,0,Aston Villa,2.6,11.3,15.0,2.9,2,0,2,40632,50000,Chelsea (Home)
Akintola,MID,Hull City,5.0,0.0,0.0,a,0,0,0,0,0,0,0,0.00,0.00,0.00,0.00,0,0,0,0,0,0,0,True,0,0,Aston Villa,0.0,0.0,0.0,0.0,0,0,0,1268,1335,Chelsea (Home)
Gyabi,MID,Hull City,4.5,0.0,0.0,i,0,0,0,0,0,0,0,0.00,0.00,0.00,0.00,0,0,0,0,0,0,0,True,0,0,Aston Villa,0.0,0.0,0.0,0.0,0,0,0,141,443,Chelsea (Home)
Destan,FWD,Hull City,4.5,0.2,0.0,u,0,0,0,0,0,0,0,0.00,0.00,0.00,0.00,0,0,0,0,0,0,0,True,0,0,Aston Villa,0.0,0.0,0.0,0.0,0,0,0,0,5574,Chelsea (Home)
Burstow,FWD,Hull City,4.5,0.0,0.0,u,0,0,0,0,0,0,0,0.00,0.00,0.00,0.00,0,0,0,0,0,0,0,True,0,0,Aston Villa,0.0,0.0,0.0,0.0,0,0,0,0,778,Chelsea (Home)
Gelhardt,MID,Hull City,5.0,0.0,0.0,a,0,0,0,0,0,0,0,0.00,0.00,0.00,0.00,0,0,0,0,0,0,0,True,0,0,Aston Villa,0.0,0.0,0.0,0.0,0,0,0,99,223,Chelsea (Home)
Targett,DEF,Hull City,4.0,2.0,0.3,a,0,0,0,0,0,0,0,0.00,0.00,0.00,0.07,0,0,0,0,0,0,0,True,0,0,Aston Villa,0.0,0.0,0.0,0.0,0,0,0,10419,23113,Chelsea (Home)
Morita,MID,Hull City,5.0,0.0,0.3,i,0,0,0,0,0,0,0,0.00,0.00,0.00,1.09,0,0,0,0,0,0,0,True,0,0,Aston Villa,0.0,0.0,0.0,0.0,0,0,0,421,317,Chelsea (Home)
Tzolakis,GKP,Hull City,4.6,9.4,8.7,a,90,0,0,1,0,0,0,0.00,0.00,0.00,5.05,1,0,0,0,0,0,1,True,0,0,Aston Villa,11.6,0.0,0.0,1.2,25,0,6,367782,60873,Chelsea (Home)
Hjertø-Dahl,MID,Hull City,4.9,0.1,0.3,a,8,0,0,0,0,0,0,0.00,0.00,0.00,0.00,0,0,0,0,0,0,0,True,0,0,Aston Villa,0.0,0.0,0.0,0.0,4,0,1,321,1460,Chelsea (Home)
Stroud,MID,Hull City,5.0,0.1,2.0,a,62,0,0,0,0,0,0,0.05,0.05,0.10,4.06,1,0,0,0,0,0,1,True,0,0,Aston Villa,0.0,11.8,4.0,1.4,5,0,3,770,1686,Chelsea (Home)
Herrington,DEF,Hull City,4.0,0.6,1.0,a,19,0,0,0,0,0,0,0.00,0.00,0.00,1.28,0,0,0,0,0,0,0,True,0,0,Aston Villa,6.6,0.1,0.0,0.7,2,0,1,3434,5099,Chelsea (Home)
Mendy,DEF,Hull City,4.0,7.4,8.0,a,70,0,0,0,0,1,0,0.00,0.32,0.32,3.76,1,0,0,0,0,0,1,True,0,0,Aston Villa,16.2,0.6,14.0,3.1,22,0,8,166798,68763,Chelsea (Home)
Gourna-Douath,MID,Hull City,5.0,0.0,1.0,a,81,0,0,0,0,0,0,0.02,0.00,0.02,2.13,1,0,0,0,1,0,1,True,0,0,Aston Villa,13.4,21.6,0.0,3.5,7,0,2,213,347,Chelsea (Home)
Cho,MID,Hull City,5.0,0.0,1.0,a,8,0,0,0,0,0,0,0.00,0.05,0.05,0.18,0,0,0,0,0,0,0,True,0,0,Aston Villa,3.0,0.0,17.0,2.0,5,0,1,671,189,Chelsea (Home)
Ansah,FWD,Hull City,5.0,0.0,0.0,i,0,0,0,0,0,0,0,0.00,0.00,0.00,0.00,0,0,0,0,0,0,0,True,0,0,Aston Villa,0.0,0.0,0.0,0.0,0,0,0,2222,210,Chelsea (Home)
Vaz,FWD,Hull City,5.0,0.0,0.0,a,0,0,0,0,0,0,0,0.00,0.00,0.00,0.00,0,0,0,0,0,0,0,True,0,0,Aston Villa,0.0,0.0,0.0,0.0,0,0,0,1607,202,Chelsea (Home)
Norton-Cuffy,DEF,Hull City,4.0,0.2,1.0,a,26,0,0,0,0,0,0,0.00,0.00,0.00,0.12,0,0,0,0,0,0,0,True,0,0,Aston Villa,2.2,0.3,2.0,0.5,3,0,1,6454,773,Chelsea (Home)
Thomas,MID,Hull City,5.5,0.0,1.0,a,27,0,0,0,0,0,0,0.04,0.00,0.04,0.12,0,0,0,0,0,0,0,True,0,0,Aston Villa,3.2,10.8,0.0,1.4,5,0,1,446,58,Chelsea (Home)
Mouzakitis,MID,Hull City,5.0,0.0,0.0,a,0,0,0,0,0,0,0,0.00,0.00,0.00,0.00,0,0,0,0,0,0,0,True,0,0,Aston Villa,0.0,0.0,0.0,0.0,0,0,0,210,24,Chelsea (Home)
Diop,DEF,Ipswich Town,4.0,14.7,2.3,a,90,0,0,0,2,0,0,0.02,0.00,0.02,6.12,0,0,0,0,0,0,1,True,0,2,Liverpool,27.2,10.8,0.0,3.8,10,0,3,43514,125150,Crystal Palace (Home)
Lukić,MID,Ipswich Town,5.0,0.1,2.7,a,90,0,0,0,2,0,1,0.06,0.02,0.08,5.26,0,0,0,0,0,0,1,True,0,2,Liverpool,10.4,14.2,0.0,2.5,13,0,2,809,1806,Crystal Palace (Home)
Walton,GKP,Ipswich Town,4.5,0.4,0.0,a,0,0,0,0,0,0,0,0.00,0.00,0.00,0.00,0,0,0,0,0,0,0,True,0,2,Liverpool,0.0,0.0,0.0,0.0,0,0,0,350,4464,Crystal Palace (Home)
Palmer,GKP,Ipswich Town,4.0,4.2,0.0,a,0,0,0,0,0,0,0,0.00,0.00,0.00,0.00,0,0,0,0,0,0,0,True,0,2,Liverpool,0.0,0.0,0.0,0.0,0,0,0,29680,30867,Crystal Palace (Home)
Button,GKP,Ipswich Town,4.0,0.5,0.0,a,0,0,0,0,0,0,0,0.00,0.00,0.00,0.00,0,0,0,0,0,0,0,True,0,2,Liverpool,0.0,0.0,0.0,0.0,0,0,0,7597,3881,Crystal Palace (Home)
Kipré,DEF,Ipswich Town,4.0,0.5,0.0,a,0,0,0,0,0,0,0,0.00,0.00,0.00,0.00,0,0,0,0,0,0,0,True,0,2,Liverpool,0.0,0.0,0.0,0.0,0,0,0,632,5424,Crystal Palace (Home)
O'Shea,DEF,Ipswich Town,4.0,3.1,2.3,a,90,0,0,0,2,0,0,0.18,0.07,0.25,6.12,0,0,0,0,0,0,1,True,0,2,Liverpool,23.8,4.4,4.0,3.2,5,0,3,22172,37193,Crystal Palace (Home)
Davis,DEF,Ipswich Town,4.0,5.1,3.0,a,90,0,0,0,2,1,0,0.25,0.65,0.90,6.12,0,0,0,0,0,0,1,True,0,2,Liverpool,17.4,21.5,19.0,5.8,4,0,1,62873,39956,Crystal Palace (Home)
Greaves,DEF,Ipswich Town,4.0,1.2,0.7,a,90,0,0,0,2,0,0,0.05,0.00,0.05,6.12,0,0,0,0,0,0,1,True,0,2,Liverpool,15.0,12.3,4.0,3.1,6,0,1,2678,11273,Crystal Palace (Home)
Johnson,DEF,Ipswich Town,4.0,0.1,0.0,u,0,0,0,0,0,0,0,0.00,0.00,0.00,0.00,0,0,0,0,0,0,0,True,0,2,Liverpool,0.0,0.0,0.0,0.0,0,0,0,710,1368,Crystal Palace (Home)
Furlong,DEF,Ipswich Town,4.0,0.5,0.3,a,0,0,0,0,0,0,0,0.00,0.00,0.00,0.86,0,0,0,0,0,0,0,True,0,2,Liverpool,0.0,0.0,0.0,0.0,0,0,0,612,4548,Crystal Palace (Home)
Núñez,MID,Ipswich Town,5.0,0.1,2.0,a,0,0,0,0,0,0,0,0.05,0.03,0.08,3.48,0,0,0,0,0,0,0,True,0,2,Liverpool,0.0,0.0,0.0,0.0,0,0,0,1106,1985,Crystal Palace (Home)
Matusiwa,MID,Ipswich Town,4.9,0.0,0.0,i,0,0,0,0,0,0,0,0.00,0.00,0.00,0.00,0,0,0,0,0,0,0,True,0,2,Liverpool,0.0,0.0,0.0,0.0,0,0,0,12,67,Crystal Palace (Home)
Burns,MID,Ipswich Town,5.0,0.0,0.0,u,0,0,0,0,0,0,0,0.00,0.00,0.00,0.00,0,0,0,0,0,0,0,True,0,2,Liverpool,0.0,0.0,0.0,0.0,0,0,0,0,88,Crystal Palace (Home)
Taylor,MID,Ipswich Town,4.5,0.0,0.0,i,0,0,0,0,0,0,0,0.00,0.00,0.00,0.00,0,0,0,0,0,0,0,True,0,2,Liverpool,0.0,0.0,0.0,0.0,0,0,0,190,695,Crystal Palace (Home)
Clarke,MID,Ipswich Town,5.5,0.2,2.7,a,24,0,0,0,0,1,0,0.02,0.15,0.17,0.09,0,0,0,0,0,0,0,True,0,2,Liverpool,3.4,11.7,4.0,1.9,3,0,1,1167,5726,Crystal Palace (Home)
Ogbene,MID,Ipswich Town,4.9,0.0,0.0,u,0,0,0,0,0,0,0,0.00,0.00,0.00,0.00,0,0,0,0,0,0,0,True,0,2,Liverpool,0.0,0.0,0.0,0.0,0,0,0,67,418,Crystal Palace (Home)
Fatawu,MID,Ipswich Town,5.5,0.2,2.7,a,78,0,0,0,2,0,1,0.78,0.03,0.81,5.91,0,0,0,0,0,0,1,True,0,2,Liverpool,10.2,32.9,4.0,4.7,14,0,2,2126,2975,Crystal Palace (Home)
Emersonn,FWD,Ipswich Town,5.5,1.7,4.0,a,65,0,0,0,2,1,0,0.06,1.04,1.10,2.02,0,0,0,0,0,0,1,True,0,2,Liverpool,3.2,0.0,8.0,1.1,8,0,2,20740,51244,Crystal Palace (Home)
Hirst,FWD,Ipswich Town,5.0,0.1,0.0,u,0,0,0,0,0,0,0,0.00,0.00,0.00,0.00,0,0,0,0,0,0,0,True,0,2,Liverpool,0.0,0.0,0.0,0.0,0,0,0,0,4365,Crystal Palace (Home)
Philogene,MID,Ipswich Town,5.4,0.1,0.0,i,0,0,0,0,0,0,0,0.00,0.00,0.00,0.00,0,0,0,0,0,0,0,True,0,2,Liverpool,0.0,0.0,0.0,0.0,0,0,0,41,3450,Crystal Palace (Home)
Szmodics,MID,Ipswich Town,5.0,0.0,0.0,u,0,0,0,0,0,0,0,0.00,0.00,0.00,0.00,0,0,0,0,0,0,0,True,0,2,Liverpool,0.0,0.0,0.0,0.0,0,0,0,0,191,Crystal Palace (Home)
Akpom,FWD,Ipswich Town,5.0,1.2,2.0,a,0,0,0,0,0,1,0,0.00,0.97,0.97,4.04,0,0,0,0,0,0,0,True,0,2,Liverpool,0.0,0.0,0.0,0.0,0,0,0,62654,17220,Crystal Palace (Home)
Walle Egeli,FWD,Ipswich Town,4.5,3.4,0.3,a,0,0,0,0,0,0,0,0.00,0.00,0.00,0.03,0,0,0,0,0,0,0,True,0,2,Liverpool,0.0,0.0,0.0,0.0,0,0,0,127698,54154,Crystal Palace (Home)
Al-Hamadi,FWD,Ipswich Town,5.0,0.1,0.0,u,0,0,0,0,0,0,0,0.00,0.00,0.00,0.00,0,0,0,0,0,0,0,True,0,2,Liverpool,0.0,0.0,0.0,0.0,0,0,0,0,3877,Crystal Palace (Home)
McAteer,MID,Ipswich Town,4.5,1.2,1.0,a,11,0,0,0,0,0,0,0.00,0.05,0.05,0.21,0,0,0,0,0,0,0,True,0,2,Liverpool,3.2,0.5,7.0,1.1,5,0,1,11626,15966,Crystal Palace (Home)
Mehmeti,MID,Ipswich Town,4.9,0.0,0.0,a,0,0,0,0,0,0,0,0.00,0.00,0.00,0.00,0,0,0,0,0,0,0,True,0,2,Liverpool,0.0,0.0,0.0,0.0,0,0,0,109,757,Crystal Palace (Home)
Van Oevelen,GKP,Ipswich Town,4.5,0.0,0.0,u,0,0,0,0,0,0,0,0.00,0.00,0.00,0.00,0,0,0,0,0,0,0,True,0,2,Liverpool,0.0,0.0,0.0,0.0,0,0,0,0,698,Crystal Palace (Home)
Maeda,MID,Ipswich Town,5.4,0.3,2.0,a,65,0,0,0,2,0,0,0.01,0.71,0.72,5.16,0,0,0,0,0,0,1,True,0,2,Liverpool,8.2,0.1,17.0,2.5,9,0,2,903,5839,Crystal Palace (Home)
Scherpen,GKP,Ipswich Town,4.5,0.6,2.0,a,90,0,0,5,2,0,0,0.01,0.00,0.01,6.12,0,0,0,0,0,0,1,True,0,2,Liverpool,27.8,0.0,0.0,2.8,13,0,2,4399,7157,Crystal Palace (Home)
Florentino,MID,Ipswich Town,4.9,0.1,0.0,a,0,0,0,0,0,0,0,0.00,0.00,0.00,0.00,0,0,0,0,0,0,0,True,0,2,Liverpool,0.0,0.0,0.0,0.0,0,0,0,223,2351,Crystal Palace (Home)
Enciso,MID,Ipswich Town,5.5,0.8,3.7,a,90,0,0,0,2,0,2,0.64,0.87,1.51,6.09,0,0,0,0,1,0,1,True,0,2,Liverpool,10.2,22.5,23.0,5.6,16,0,1,35897,10811,Crystal Palace (Home)
Ouattara,DEF,Ipswich Town,4.0,0.9,1.0,a,12,0,0,0,0,0,0,0.02,0.00,0.02,0.89,0,0,0,0,0,0,0,True,0,2,Liverpool,3.6,14.0,0.0,1.8,4,0,1,4401,7161,Crystal Palace (Home)
Humphreys,MID,Ipswich Town,4.5,0.0,0.0,u,0,0,0,0,0,0,0,0.00,0.00,0.00,0.00,0,0,0,0,0,0,0,True,0,2,Liverpool,0.0,0.0,0.0,0.0,0,0,0,1586,1204,Crystal Palace (Home)
Palacios,MID,Ipswich Town,5.0,0.0,2.5,a,77,0,0,0,2,0,0,0.03,0.00,0.03,2.61,0,0,0,0,0,0,1,True,0,2,Liverpool,20.2,22.5,0.0,4.3,24,0,4,1326,347,Crystal Palace (Home)
Flemming,FWD,Ipswich Town,5.5,0.0,1.0,a,24,0,0,0,0,0,0,0.01,0.02,0.03,0.06,0,0,0,0,0,0,0,True,0,2,Liverpool,3.2,0.5,7.0,1.1,4,0,1,1761,233,Crystal Palace (Home)
Wilson,MID,Leeds,6.3,3.2,1.3,a,17,0,0,0,0,0,0,0.06,0.01,0.07,2.98,0,0,0,0,1,0,0,False,1,1,Brighton,1.4,20.3,2.0,2.4,0,0,0,7327,155605,Newcastle (Away)
Perri,GKP,Leeds,4.5,0.4,0.0,u,0,0,0,0,0,0,0,0.00,0.00,0.00,0.00,0,0,0,0,0,0,0,False,1,1,Brighton,0.0,0.0,0.0,0.0,0,0,0,204,9457,Newcastle (Away)
Bijol,DEF,Leeds,5.0,0.9,4.0,a,29,0,0,0,1,0,0,0.00,0.11,0.11,3.16,0,0,0,0,0,0,0,False,1,1,Brighton,6.2,0.0,0.0,0.6,1,0,1,14908,17527,Newcastle (Away)
Rodon,DEF,Leeds,4.4,1.6,2.3,i,0,0,0,0,0,0,0,0.06,0.03,0.09,1.01,0,0,0,0,0,0,0,False,1,1,Brighton,0.0,0.0,0.0,0.0,0,0,0,5070,127627,Newcastle (Away)
Bogle,DEF,Leeds,4.5,1.6,7.3,a,60,1,0,0,0,1,0,0.03,0.90,0.93,1.64,1,0,0,0,1,0,1,False,1,1,Brighton,35.4,1.7,33.0,7.0,30,3,14,5089,5521,Newcastle (Away)
Gudmundsson,DEF,Leeds,4.5,0.1,0.7,a,90,0,0,0,1,0,0,0.00,0.00,0.00,2.19,0,0,0,0,0,0,1,False,1,1,Brighton,12.6,1.2,2.0,1.6,9,0,2,644,391,Newcastle (Away)
Justin,DEF,Leeds,4.5,1.5,5.3,a,90,0,0,0,1,0,0,0.02,0.17,0.19,4.52,0,0,0,0,0,0,1,False,1,1,Brighton,16.8,1.5,21.0,3.9,9,0,4,35632,21428,Newcastle (Away)
Bornauw,DEF,Leeds,4.5,0.0,0.0,u,0,0,0,0,0,0,0,0.00,0.00,0.00,0.00,0,0,0,0,0,0,0,False,1,1,Brighton,0.0,0.0,0.0,0.0,0,0,0,0,63,Newcastle (Away)
Muharemović,DEF,Leeds,5.0,3.5,4.7,a,90,0,0,0,1,0,0,0.02,0.09,0.11,4.52,0,0,0,0,0,0,1,False,1,1,Brighton,29.2,0.8,2.0,3.2,10,0,4,40504,42593,Newcastle (Away)
Stach,MID,Leeds,6.0,2.8,6.3,a,90,0,0,0,1,1,0,0.16,0.49,0.65,4.52,0,0,0,0,0,0,1,False,1,1,Brighton,15.4,16.5,19.0,5.1,7,0,2,62176,49557,Newcastle (Away)
Okafor,MID,Leeds,5.9,0.3,2.0,a,61,0,0,0,0,0,0,0.18,0.08,0.26,1.11,1,0,0,0,0,0,1,False,1,1,Brighton,1.4,0.6,2.0,0.4,9,0,3,2519,10891,Newcastle (Away)
Aaronson,MID,Leeds,5.4,0.6,1.7,a,28,0,0,0,1,0,0,0.02,0.01,0.03,3.08,0,0,0,0,0,0,0,False,1,1,Brighton,0.0,1.0,0.0,0.1,5,0,1,2026,16094,Newcastle (Away)
Ampadu,MID,Leeds,5.5,1.1,3.0,a,90,0,0,0,1,0,0,0.14,0.01,0.15,4.52,0,0,0,0,0,0,1,False,1,1,Brighton,23.6,1.3,0.0,2.5,13,0,2,3562,19269,Newcastle (Away)
Longstaff,MID,Leeds,4.9,0.1,0.3,a,0,0,0,0,0,0,0,0.00,0.00,0.00,0.07,0,0,0,0,0,0,0,False,1,1,Brighton,0.0,0.0,0.0,0.0,0,0,0,639,2604,Newcastle (Away)
Gnonto,MID,Leeds,5.0,0.0,0.0,u,0,0,0,0,0,0,0,0.00,0.00,0.00,0.00,0,0,0,0,0,0,0,False,1,1,Brighton,0.0,0.0,0.0,0.0,0,0,0,226,448,Newcastle (Away)
Harrison,MID,Leeds,5.0,0.0,0.0,u,0,0,0,0,0,0,0,0.00,0.00,0.00,0.00,0,0,0,0,0,0,0,False,1,1,Brighton,0.0,0.0,0.0,0.0,0,0,0,0,17,Newcastle (Away)
James,MID,Leeds,5.0,0.1,0.3,a,0,0,0,0,0,0,0,0.01,0.24,0.25,0.93,0,0,0,0,0,0,0,False,1,1,Brighton,0.0,0.0,0.0,0.0,0,0,0,1599,2291,Newcastle (Away)
Gruev,MID,Leeds,5.0,0.0,0.0,d,0,0,0,0,0,0,0,0.00,0.00,0.00,0.00,0,0,0,0,0,0,0,False,1,1,Brighton,0.0,0.0,0.0,0.0,0,0,0,33,71,Newcastle (Away)
Tanaka,MID,Leeds,4.9,0.2,2.0,a,72,0,1,0,1,0,1,0.02,0.53,0.55,2.00,0,0,0,0,0,0,1,False,1,1,Brighton,20.8,12.2,13.0,4.6,18,0,5,3466,4501,Newcastle (Away)
Calvert-Lewin,FWD,Leeds,6.0,23.6,3.3,a,72,0,0,0,1,1,0,0.08,1.61,1.69,3.20,0,0,0,0,1,0,1,False,1,1,Brighton,4.4,11.3,21.0,3.7,0,0,1,198586,343228,Newcastle (Away)
Nmecha,FWD,Leeds,5.4,0.5,1.7,a,17,0,0,0,0,0,1,0.14,0.27,0.41,2.25,0,0,0,0,0,0,0,False,1,1,Brighton,0.0,1.8,9.0,0.9,2,0,1,5427,8539,Newcastle (Away)
Piroe,FWD,Leeds,5.0,0.1,0.0,u,0,0,0,0,0,0,0,0.00,0.00,0.00,0.00,0,0,0,0,0,0,0,False,1,1,Brighton,0.0,0.0,0.0,0.0,0,0,0,0,2945,Newcastle (Away)
Mateo Joseph,FWD,Leeds,4.5,0.1,0.0,i,0,0,0,0,0,0,0,0.00,0.00,0.00,0.00,0,0,0,0,0,0,0,False,1,1,Brighton,0.0,0.0,0.0,0.0,0,0,0,947,1082,Newcastle (Away)
Trafford,GKP,Leeds,5.0,5.4,5.0,a,90,0,0,4,1,0,0,0.00,0.00,0.00,4.52,0,0,0,0,0,0,1,False,1,1,Brighton,34.8,0.0,0.0,3.5,18,0,3,81497,48820,Newcastle (Away)
Elvedi,DEF,Leeds,4.5,0.0,1.7,a,90,0,0,0,1,0,0,0.57,0.00,0.57,3.51,0,0,0,0,0,0,1,False,1,1,Brighton,27.6,21.1,6.0,5.5,12,0,4,729,528,Newcastle (Away)
Lienou,DEF,Leeds,4.0,0.1,0.0,a,0,0,0,0,0,0,0,0.00,0.00,0.00,0.00,0,0,0,0,0,0,0,False,1,1,Brighton,0.0,0.0,0.0,0.0,0,0,0,2536,1136,Newcastle (Away)
Cresswell,MID,Leeds,4.5,0.1,0.0,a,0,0,0,0,0,0,0,0.00,0.00,0.00,0.00,0,0,0,0,0,0,0,False,1,1,Brighton,0.0,0.0,0.0,0.0,0,0,0,5922,2194,Newcastle (Away)
Cairns,GKP,Leeds,4.0,0.2,0.0,a,0,0,0,0,0,0,0,0.00,0.00,0.00,0.00,0,0,0,0,0,0,0,False,1,1,Brighton,0.0,0.0,0.0,0.0,0,0,0,9425,1384,Newcastle (Away)
Zetterer,GKP,Leeds,4.0,0.5,0.0,a,0,0,0,0,0,0,0,0.00,0.00,0.00,0.00,0,0,0,0,0,0,0,False,1,1,Brighton,0.0,0.0,0.0,0.0,0,0,0,13274,1307,Newcastle (Away)
Bard,DEF,Leeds,4.5,0.0,0.0,a,0,0,0,0,0,0,0,0.00,0.00,0.00,0.00,0,0,0,0,0,0,0,False,1,1,Brighton,0.0,0.0,0.0,0.0,0,0,0,177,28,Newcastle (Away)
Bahoya,MID,Leeds,5.0,0.0,0.0,a,0,0,0,0,0,0,0,0.00,0.00,0.00,0.00,0,0,0,0,0,0,0,False,1,1,Brighton,0.0,0.0,0.0,0.0,0,0,0,1015,196,Newcastle (Away)
A.Becker,GKP,Liverpool,5.5,3.8,3.3,a,90,0,0,5,0,0,0,0.00,0.00,0.00,4.63,1,0,0,0,0,0,1,False,0,2,Ipswich Town,30.4,0.0,0.0,3.0,35,1,8,42521,57990,Fulham (Away)
Mamardashvili,GKP,Liverpool,4.9,0.1,0.0,a,0,0,0,0,0,0,0,0.00,0.00,0.00,0.00,0,0,0,0,0,0,0,False,0,2,Ipswich Town,0.0,0.0,0.0,0.0,0,0,0,1002,2840,Fulham (Away)
Woodman,GKP,Liverpool,4.0,1.1,0.0,a,0,0,0,0,0,0,0,0.00,0.00,0.00,0.00,0,0,0,0,0,0,0,False,0,2,Ipswich Town,0.0,0.0,0.0,0.0,0,0,0,8227,7947,Fulham (Away)
Pecsi,GKP,Liverpool,4.0,0.0,0.0,u,0,0,0,0,0,0,0,0.00,0.00,0.00,0.00,0,0,0,0,0,0,0,False,0,2,Ipswich Town,0.0,0.0,0.0,0.0,0,0,0,0,284,Fulham (Away)
Jaros,GKP,Liverpool,4.0,0.0,0.0,i,0,0,0,0,0,0,0,0.00,0.00,0.00,0.00,0,0,0,0,0,0,0,False,0,2,Ipswich Town,0.0,0.0,0.0,0.0,0,0,0,549,336,Fulham (Away)
Davies,GKP,Liverpool,4.0,0.2,0.0,a,0,0,0,0,0,0,0,0.00,0.00,0.00,0.00,0,0,0,0,0,0,0,False,0,2,Ipswich Town,0.0,0.0,0.0,0.0,0,0,0,1717,1139,Fulham (Away)
Virgil,DEF,Liverpool,6.5,17.2,3.0,a,90,0,0,0,0,0,0,0.06,0.25,0.31,4.63,1,0,0,0,0,0,1,False,0,2,Ipswich Town,23.2,1.8,0.0,2.5,32,0,6,67650,273435,Fulham (Away)
Frimpong,DEF,Liverpool,5.4,2.5,0.3,a,0,0,0,0,0,0,0,0.11,0.01,0.12,3.81,0,0,0,0,0,0,0,False,0,2,Ipswich Town,0.0,0.0,0.0,0.0,0,0,0,25094,70400,Fulham (Away)
Kerkez,DEF,Liverpool,5.4,2.8,2.0,a,90,0,0,0,0,0,0,0.06,0.02,0.08,4.56,1,0,0,0,1,0,1,False,0,2,Ipswich Town,13.8,11.3,0.0,2.5,23,0,5,13999,65051,Fulham (Away)
Gomez,DEF,Liverpool,5.0,0.0,0.0,i,0,0,0,0,0,0,0,0.00,0.00,0.00,0.00,0,0,0,0,0,0,0,False,0,2,Ipswich Town,0.0,0.0,0.0,0.0,0,0,0,70,325,Fulham (Away)
Bradley,DEF,Liverpool,5.0,0.0,0.0,i,0,0,0,0,0,0,0,0.00,0.00,0.00,0.00,0,0,0,0,0,0,0,False,0,2,Ipswich Town,0.0,0.0,0.0,0.0,0,0,0,114,218,Fulham (Away)
Lucky,DEF,Liverpool,4.0,0.1,0.0,a,0,0,0,0,0,0,0,0.00,0.00,0.00,0.00,0,0,0,0,0,0,0,False,0,2,Ipswich Town,0.0,0.0,0.0,0.0,0,0,0,1420,1428,Fulham (Away)
Jacquet,DEF,Liverpool,5.0,2.7,3.0,a,90,0,0,0,0,0,0,0.10,0.00,0.10,4.02,1,0,0,0,1,0,1,False,0,2,Ipswich Town,22.8,12.5,2.0,3.7,28,0,5,56823,40517,Fulham (Away)
Leoni,DEF,Liverpool,4.0,0.0,0.0,i,0,0,0,0,0,0,0,0.00,0.00,0.00,0.00,0,0,0,0,0,0,0,False,0,2,Ipswich Town,0.0,0.0,0.0,0.0,0,0,0,332,617,Fulham (Away)
Tsimikas,DEF,Liverpool,4.9,0.1,0.3,a,0,0,0,0,0,0,0,0.01,0.04,0.05,0.07,0,0,0,0,0,0,0,False,0,2,Ipswich Town,0.0,0.0,0.0,0.0,0,0,0,487,1087,Fulham (Away)
Ramsay,DEF,Liverpool,4.0,0.1,0.0,u,0,0,0,0,0,0,0,0.00,0.00,0.00,0.00,0,0,0,0,0,0,0,False,0,2,Ipswich Town,0.0,0.0,0.0,0.0,0,0,0,0,5215,Fulham (Away)
Wirtz,MID,Liverpool,7.4,8.3,3.0,a,90,0,0,0,0,0,1,0.29,0.67,0.96,3.46,1,0,0,0,0,0,1,False,0,2,Ipswich Town,6.6,34.0,22.0,6.3,14,0,3,69030,190379,Fulham (Away)
Gakpo,MID,Liverpool,7.2,14.4,9.3,d,90,0,2,0,0,1,3,1.20,0.36,1.56,4.56,1,0,0,0,0,0,1,False,0,2,Ipswich Town,49.6,42.7,13.0,10.5,43,2,11,234993,131181,Fulham (Away)
Szoboszlai,MID,Liverpool,7.0,38.4,5.0,a,90,0,0,0,0,1,0,0.52,1.17,1.69,4.63,1,0,0,0,0,0,1,False,0,2,Ipswich Town,19.4,29.9,21.0,7.0,20,0,3,281021,386428,Fulham (Away)
Ngumoha,MID,Liverpool,5.8,0.6,1.0,a,0,0,0,0,0,0,0,0.05,0.04,0.09,0.58,0,0,0,0,0,0,0,False,0,2,Ipswich Town,0.0,0.0,0.0,0.0,0,0,0,3473,35409,Fulham (Away)
Chiesa,MID,Liverpool,5.4,0.1,0.0,i,0,0,0,0,0,0,0,0.00,0.00,0.00,0.00,0,0,0,0,0,0,0,False,0,2,Ipswich Town,0.0,0.0,0.0,0.0,0,0,0,50,4246,Fulham (Away)
Gravenberch,MID,Liverpool,5.9,1.4,2.3,a,26,0,0,0,0,0,1,0.06,0.06,0.12,1.34,0,0,0,0,0,0,0,False,0,2,Ipswich Town,2.2,1.7,0.0,0.4,2,0,1,10774,44970,Fulham (Away)
Mac Allister,MID,Liverpool,5.4,1.4,1.7,a,83,0,0,0,0,0,0,0.42,0.08,0.50,3.90,1,0,0,0,1,0,1,False,0,2,Ipswich Town,16.6,12.8,18.0,4.7,14,0,2,10622,28058,Fulham (Away)
C.Jones,MID,Liverpool,5.5,0.0,0.0,u,0,0,0,0,0,0,0,0.00,0.00,0.00,0.00,0,0,0,0,0,0,0,False,0,2,Ipswich Town,0.0,0.0,0.0,0.0,0,0,0,1,930,Fulham (Away)
Endo,MID,Liverpool,5.0,0.1,0.0,a,0,0,0,0,0,0,0,0.00,0.00,0.00,0.00,0,0,0,0,0,0,0,False,0,2,Ipswich Town,0.0,0.0,0.0,0.0,0,0,0,798,1446,Fulham (Away)
Nyoni,MID,Liverpool,4.9,0.0,0.7,a,6,0,0,0,0,0,0,0.00,0.00,0.00,0.22,0,0,0,0,0,0,0,False,0,2,Ipswich Town,0.2,0.1,0.0,0.0,3,0,1,503,822,Fulham (Away)
Bajcetic,MID,Liverpool,5.0,0.0,0.0,u,0,0,0,0,0,0,0,0.00,0.00,0.00,0.00,0,0,0,0,0,0,0,False,0,2,Ipswich Town,0.0,0.0,0.0,0.0,0,0,0,11,43,Fulham (Away)
Munoz,MID,Liverpool,6.5,1.2,4.3,a,63,0,0,0,0,1,1,0.25,0.42,0.67,3.95,1,0,0,0,0,0,1,False,0,2,Ipswich Town,0.8,4.3,6.0,1.1,9,0,3,83211,23201,Fulham (Away)
McConnell,MID,Liverpool,4.5,0.2,0.0,a,0,0,0,0,0,0,0,0.00,0.00,0.00,0.00,0,0,0,0,0,0,0,False,0,2,Ipswich Town,0.0,0.0,0.0,0.0,0,0,0,1404,3323,Fulham (Away)
Isak,FWD,Liverpool,9.1,21.0,7.7,a,63,2,0,0,0,3,0,0.06,2.29,2.35,4.46,1,0,0,0,0,0,1,False,0,2,Ipswich Town,67.0,6.4,34.0,10.7,61,3,13,181587,206849,Fulham (Away)
Ekitiké,FWD,Liverpool,7.4,0.1,0.0,i,0,0,0,0,0,0,0,0.00,0.00,0.00,0.00,0,0,0,0,0,0,0,False,0,2,Ipswich Town,0.0,0.0,0.0,0.0,0,0,0,696,3432,Fulham (Away)
Koumas,MID,Liverpool,5.0,0.0,0.7,a,1,0,0,0,0,0,0,0.00,0.03,0.03,0.58,0,0,0,0,0,0,0,False,0,2,Ipswich Town,0.0,0.0,0.0,0.0,3,0,1,161,378,Fulham (Away)
Danns,FWD,Liverpool,4.5,0.1,0.0,a,0,0,0,0,0,0,0,0.00,0.00,0.00,0.00,0,0,0,0,0,0,0,False,0,2,Ipswich Town,0.0,0.0,0.0,0.0,0,0,0,2915,946,Fulham (Away)
Elliott,MID,Liverpool,5.4,0.0,0.0,u,0,0,0,0,0,0,0,0.00,0.00,0.00,0.00,0,0,0,0,0,0,0,False,0,2,Ipswich Town,0.0,0.0,0.0,0.0,0,0,0,527,2456,Fulham (Away)
Araujo,DEF,Liverpool,5.4,2.3,3.0,a,90,0,0,0,0,0,0,0.05,0.00,0.05,1.36,1,0,0,0,0,0,1,False,0,2,Ipswich Town,20.0,2.4,2.0,2.4,27,0,8,11375,80540,Fulham (Away)
Barcola,MID,Liverpool,8.0,1.8,1.0,a,26,0,0,0,0,0,0,0.07,0.00,0.07,0.17,0,0,0,0,0,0,0,False,0,2,Ipswich Town,3.0,10.5,2.0,1.6,5,0,1,135788,19616,Fulham (Away)
Enzo,MID,Man City,6.9,3.2,1.3,a,75,0,0,0,0,0,0,0.14,0.13,0.27,1.28,1,0,0,0,0,0,1,True,1,0,Coventry City,10.2,18.9,18.0,4.7,17,0,3,30968,132936,Man Utd (Home)
Ndiaye,MID,Man City,5.9,9.9,5.3,a,86,0,0,0,0,0,1,0.43,0.28,0.71,5.47,1,0,0,0,0,0,1,True,1,0,Coventry City,7.0,17.9,10.0,3.5,12,0,3,81681,473152,Man Utd (Home)
Donnarumma,GKP,Man City,5.5,7.7,3.3,a,90,0,0,3,0,0,0,0.00,0.00,0.00,2.68,1,0,0,0,0,0,1,True,1,0,Coventry City,26.8,0.0,0.0,2.7,29,0,7,71140,120065,Man Utd (Home)
Bettinelli,GKP,Man City,4.5,0.0,0.0,a,0,0,0,0,0,0,0,0.00,0.00,0.00,0.00,0,0,0,0,0,0,0,True,1,0,Coventry City,0.0,0.0,0.0,0.0,0,0,0,172,373,Man Utd (Home)
O'Reilly,DEF,Man City,6.5,14.7,1.3,d,0,0,0,0,0,0,0,0.43,0.09,0.52,1.21,0,0,0,0,0,0,0,True,1,0,Coventry City,0.0,0.0,0.0,0.0,0,0,0,97243,291030,Man Utd (Home)
Guéhi,DEF,Man City,6.0,18.6,6.7,a,90,0,0,0,0,1,0,0.38,0.89,1.27,2.68,1,0,0,0,0,0,1,True,1,0,Coventry City,28.8,9.6,2.0,4.0,31,2,8,122887,182060,Man Utd (Home)
Matheus N.,DEF,Man City,5.9,1.0,0.3,a,0,0,0,0,0,0,0,0.04,0.00,0.04,0.10,0,0,0,0,0,0,0,True,1,0,Coventry City,0.0,0.0,0.0,0.0,0,0,0,479,38419,Man Utd (Home)
Rúben,DEF,Man City,5.5,1.8,3.3,a,90,0,0,0,0,0,0,0.74,0.09,0.83,2.68,1,0,0,0,0,0,1,True,1,0,Coventry City,20.6,6.6,0.0,2.7,25,0,6,20417,23954,Man Utd (Home)
Gvardiol,DEF,Man City,5.6,19.9,7.3,a,90,0,0,0,0,1,1,0.11,0.20,0.31,2.68,1,0,0,0,0,0,1,True,1,0,Coventry City,18.8,6.9,7.0,3.3,31,2,8,548352,120944,Man Utd (Home)
Aït-Nouri,DEF,Man City,5.3,0.5,0.0,a,0,0,0,0,0,0,0,0.00,0.00,0.00,0.00,0,0,0,0,0,0,0,True,1,0,Coventry City,0.0,0.0,0.0,0.0,0,0,0,2020,25071,Man Utd (Home)
Khusanov,DEF,Man City,5.5,1.6,3.0,a,90,0,0,0,0,0,0,0.06,0.00,0.06,2.68,1,0,0,0,1,0,1,True,1,0,Coventry City,13.6,3.9,0.0,1.8,22,0,5,9792,24283,Man Utd (Home)
Alleyne,DEF,Man City,5.0,0.0,0.0,u,0,0,0,0,0,0,0,0.00,0.00,0.00,0.00,0,0,0,0,0,0,0,True,1,0,Coventry City,0.0,0.0,0.0,0.0,0,0,0,0,142,Man Utd (Home)
Lewis,DEF,Man City,4.5,0.2,0.3,a,0,0,0,0,0,0,0,0.02,0.17,0.19,0.55,0,0,0,0,0,0,0,True,1,0,Coventry City,0.0,0.0,0.0,0.0,0,0,0,2152,5733,Man Utd (Home)
Vitor Reis,DEF,Man City,4.5,0.0,0.3,a,0,0,0,0,0,0,0,0.00,0.00,0.00,0.00,0,0,0,0,0,0,0,True,1,0,Coventry City,0.0,0.0,0.0,0.0,0,0,0,132,262,Man Utd (Home)
Semenyo,MID,Man City,8.4,17.7,4.3,a,90,0,1,0,0,0,2,0.93,0.17,1.10,2.68,1,0,0,0,0,0,1,True,1,0,Coventry City,22.6,45.9,11.0,8.0,26,0,6,68628,431121,Man Utd (Home)
Foden,MID,Man City,7.0,4.7,3.7,a,24,0,0,0,0,0,2,0.86,1.61,2.47,1.81,0,0,0,0,0,0,0,True,1,0,Coventry City,4.4,14.8,7.0,2.6,3,0,1,262736,74879,Man Utd (Home)
Cherki,MID,Man City,7.8,30.2,8.3,a,65,0,0,0,0,2,2,1.35,0.56,1.91,1.62,1,0,0,0,0,0,1,True,1,0,Coventry City,7.4,52.2,24.0,8.4,23,0,3,1865890,81942,Man Utd (Home)
Doku,MID,Man City,7.4,0.8,0.0,i,0,0,0,0,0,0,0,0.00,0.00,0.00,0.00,0,0,0,0,0,0,0,True,1,0,Coventry City,0.0,0.0,0.0,0.0,0,0,0,453,34371,Man Utd (Home)
Rodrigo,MID,Man City,6.5,0.0,0.0,u,0,0,0,0,0,0,0,0.00,0.00,0.00,0.00,0,0,0,0,0,0,0,True,1,0,Coventry City,0.0,0.0,0.0,0.0,0,0,0,0,269,Man Utd (Home)
Reijnders,MID,Man City,6.0,0.0,0.0,u,0,0,0,0,0,0,0,0.00,0.00,0.00,0.00,0,0,0,0,0,0,0,True,1,0,Coventry City,0.0,0.0,0.0,0.0,0,0,0,0,1696,Man Utd (Home)
Kovačić,MID,Man City,5.4,0.1,0.7,a,0,0,0,0,0,0,0,0.02,0.00,0.02,0.10,0,0,0,0,0,0,0,True,1,0,Coventry City,0.0,0.0,0.0,0.0,0,0,0,647,2147,Man Utd (Home)
Echeverri,MID,Man City,4.9,0.0,0.0,u,0,0,0,0,0,0,0,0.00,0.00,0.00,0.00,0,0,0,0,0,0,0,True,1,0,Coventry City,0.0,0.0,0.0,0.0,0,0,0,157,506,Man Utd (Home)
Phillips,MID,Man City,5.0,0.0,0.0,u,0,0,0,0,0,0,0,0.00,0.00,0.00,0.00,0,0,0,0,0,0,0,True,1,0,Coventry City,0.0,0.0,0.0,0.0,0,0,0,0,156,Man Utd (Home)
Mukasa,MID,Man City,4.5,0.1,0.0,u,0,0,0,0,0,0,0,0.00,0.00,0.00,0.00,0,0,0,0,0,0,0,True,1,0,Coventry City,0.0,0.0,0.0,0.0,0,0,0,694,3975,Man Utd (Home)
Monga,MID,Man City,4.9,0.0,0.0,u,0,0,0,0,0,0,0,0.00,0.00,0.00,0.00,0,0,0,0,0,0,0,True,1,0,Coventry City,0.0,0.0,0.0,0.0,0,0,0,143,452,Man Utd (Home)
Haaland,FWD,Man City,15.5,71.3,8.0,a,90,1,0,0,0,3,0,0.50,2.46,2.96,2.68,1,0,0,0,0,0,1,True,1,0,Coventry City,48.8,13.6,63.0,12.5,40,3,9,400573,40510,Man Utd (Home)
Anderson,MID,Man City,6.3,4.6,2.7,a,90,0,0,0,0,0,0,0.64,0.09,0.73,2.58,1,0,0,0,0,0,1,True,1,0,Coventry City,26.6,28.1,5.0,6.0,23,0,3,41120,132919,Man Utd (Home)
Rulli,GKP,Man City,5.0,0.0,0.0,a,0,0,0,0,0,0,0,0.00,0.00,0.00,0.00,0,0,0,0,0,0,0,True,1,0,Coventry City,0.0,0.0,0.0,0.0,0,0,0,147,340,Man Utd (Home)
Bouaddi,MID,Man City,5.5,0.2,1.0,a,14,0,0,0,0,0,0,0.12,0.00,0.12,0.37,0,0,0,0,0,0,0,True,1,0,Coventry City,11.2,0.5,0.0,1.2,5,0,1,9299,3258,Man Utd (Home)
McAidoo,MID,Man City,4.5,0.1,1.0,a,3,0,0,0,0,0,0,0.00,0.10,0.10,0.02,0,0,0,0,0,0,0,True,1,0,Coventry City,5.2,0.0,2.0,0.7,5,0,1,6678,1926,Man Utd (Home)
Braithwaite,DEF,Man City,4.0,0.2,0.5,a,0,0,0,0,0,0,0,0.00,0.00,0.00,0.00,0,0,0,0,0,0,0,True,1,0,Coventry City,0.0,0.0,0.0,0.0,0,0,0,9284,2205,Man Utd (Home)
Allan,MID,Man City,6.0,0.0,0.0,a,0,0,0,0,0,0,0,0.00,0.00,0.00,0.00,0,0,0,0,0,0,0,True,1,0,Coventry City,0.0,0.0,0.0,0.0,0,0,0,300,87,Man Utd (Home)
Samba,MID,Man City,4.5,0.0,0.0,a,0,0,0,0,0,0,0,0.00,0.00,0.00,0.00,0,0,0,0,0,0,0,True,1,0,Coventry City,0.0,0.0,0.0,0.0,0,0,0,0,0,Man Utd (Home)
Tielemans,MID,Man Utd,5.9,1.8,2.7,a,90,0,0,0,2,0,0,0.28,0.56,0.84,4.01,0,0,0,0,0,0,1,False,2,2,Everton,18.6,18.9,9.0,4.7,17,0,2,12766,51508,Man City (Away)
Baleba,MID,Man Utd,5.0,0.1,0.0,i,0,0,0,0,0,0,0,0.00,0.00,0.00,0.00,0,0,0,0,0,0,0,False,2,2,Everton,0.0,0.0,0.0,0.0,0,0,0,1696,4974,Man City (Away)
Andrey Santos,MID,Man Utd,4.9,0.7,1.3,a,6,0,0,0,1,0,0,0.24,0.00,0.24,2.03,0,0,0,0,0,0,0,False,2,2,Everton,7.2,0.6,6.0,1.4,4,0,1,7346,24303,Man City (Away)
Darlow,GKP,Man Utd,4.5,0.0,0.0,a,0,0,0,0,0,0,0,0.00,0.00,0.00,0.00,0,0,0,0,0,0,0,False,2,2,Everton,0.0,0.0,0.0,0.0,0,0,0,340,462,Man City (Away)
Lammens,GKP,Man Utd,5.0,12.2,1.7,a,90,0,0,4,2,0,0,0.00,0.00,0.00,4.08,0,0,0,0,0,0,1,False,2,2,Everton,31.8,0.0,0.0,3.2,13,0,2,32200,190582,Man City (Away)
Bayindir,GKP,Man Utd,4.5,0.0,0.0,u,0,0,0,0,0,0,0,0.00,0.00,0.00,0.00,0,0,0,0,0,0,0,False,2,2,Everton,0.0,0.0,0.0,0.0,0,0,0,0,292,Man City (Away)
Heaton,GKP,Man Utd,4.0,0.1,0.0,i,0,0,0,0,0,0,0,0.00,0.00,0.00,0.00,0,0,0,0,0,0,0,False,2,2,Everton,0.0,0.0,0.0,0.0,0,0,0,634,976,Man City (Away)
Dorgu,MID,Man Utd,5.8,0.6,0.7,a,20,0,0,0,2,0,0,0.05,0.65,0.70,2.28,0,0,0,0,0,0,0,False,2,2,Everton,4.2,1.3,2.0,0.8,3,0,1,3139,36685,Man City (Away)
De Ligt,DEF,Man Utd,5.0,0.0,0.0,i,0,0,0,0,0,0,0,0.00,0.00,0.00,0.00,0,0,0,0,0,0,0,False,2,2,Everton,0.0,0.0,0.0,0.0,0,0,0,96,463,Man City (Away)
Dalot,DEF,Man Utd,4.9,2.0,1.3,a,83,0,0,0,1,0,0,0.13,0.16,0.29,1.98,0,0,0,0,1,0,1,False,2,2,Everton,4.8,22.7,6.0,3.4,8,0,1,9011,38685,Man City (Away)
Maguire,DEF,Man Utd,4.9,12.2,2.3,a,90,0,0,0,2,0,1,0.42,0.07,0.49,4.08,0,0,0,0,1,0,1,False,2,2,Everton,26.8,1.3,2.0,3.0,1,0,2,49780,290713,Man City (Away)
Martinez,DEF,Man Utd,5.0,1.2,1.3,a,90,0,0,0,2,0,0,0.06,0.03,0.09,3.07,0,0,0,0,0,0,1,False,2,2,Everton,29.0,0.3,0.0,2.9,7,0,3,8174,18118,Man City (Away)
Yoro,DEF,Man Utd,4.9,0.5,0.7,a,6,0,0,0,1,0,0,0.02,0.00,0.02,1.09,0,0,0,0,0,0,0,False,2,2,Everton,6.0,0.6,2.0,0.9,1,0,1,1735,11196,Man City (Away)
Heaven,DEF,Man Utd,4.4,0.3,0.3,a,0,0,0,0,0,0,0,0.04,0.12,0.16,1.01,0,0,0,0,0,0,0,False,2,2,Everton,0.0,0.0,0.0,0.0,0,0,0,1300,8961,Man City (Away)
Mazraoui,DEF,Man Utd,4.4,0.6,1.0,a,1,0,0,0,1,0,0,0.06,0.22,0.28,2.08,0,0,0,0,0,0,0,False,2,2,Everton,2.2,0.5,2.0,0.5,-1,0,1,3244,13023,Man City (Away)
Shaw,DEF,Man Utd,4.4,13.7,2.3,a,90,0,1,0,1,0,1,0.51,0.02,0.53,3.01,0,0,0,0,1,0,1,False,2,2,Everton,42.4,24.8,3.0,7.0,22,0,4,30459,333890,Man City (Away)
Amass,DEF,Man Utd,4.0,0.2,0.0,a,0,0,0,0,0,0,0,0.00,0.00,0.00,0.00,0,0,0,0,0,0,0,False,2,2,Everton,0.0,0.0,0.0,0.0,0,0,0,1942,2356,Man City (Away)
Fredricson,DEF,Man Utd,4.0,0.0,0.0,u,0,0,0,0,0,0,0,0.00,0.00,0.00,0.00,0,0,0,0,0,0,0,False,2,2,Everton,0.0,0.0,0.0,0.0,0,0,0,0,329,Man City (Away)
B.Fernandes,MID,Man Utd,12.0,45.8,9.0,a,90,0,0,0,2,3,1,0.80,2.25,3.05,4.08,0,0,0,0,0,0,1,False,2,2,Everton,3.4,33.6,14.0,5.1,11,0,2,371832,335082,Man City (Away)
Mbeumo,MID,Man Utd,7.9,25.3,7.0,a,90,1,0,0,2,2,1,0.47,2.31,2.78,4.08,0,0,0,0,0,0,1,False,2,2,Everton,39.8,13.7,18.0,7.2,29,1,8,92628,844912,Man City (Away)
Cunha,MID,Man Utd,7.9,6.9,4.7,a,69,0,0,0,0,0,2,0.41,0.47,0.88,2.72,1,0,0,0,0,0,1,False,2,2,Everton,2.8,6.2,10.0,1.9,10,0,3,23584,157767,Man City (Away)
Rashford,MID,Man Utd,7.0,1.6,2.0,a,69,0,0,0,0,0,0,0.21,0.26,0.47,1.80,1,0,0,0,0,0,1,False,2,2,Everton,3.8,12.5,8.0,2.4,11,0,3,22811,37855,Man City (Away)
Mount,MID,Man Utd,5.4,0.0,0.0,a,0,0,0,0,0,0,0,0.00,0.00,0.00,0.00,0,0,0,0,0,0,0,False,2,2,Everton,0.0,0.0,0.0,0.0,0,0,0,60,590,Man City (Away)
Amad,MID,Man Utd,5.8,0.4,0.0,i,0,0,0,0,0,0,0,0.00,0.00,0.00,0.00,0,0,0,0,0,0,0,False,2,2,Everton,0.0,0.0,0.0,0.0,0,0,0,243,42803,Man City (Away)
Mainoo,MID,Man Utd,5.5,1.3,4.7,a,83,0,1,0,1,0,1,0.35,0.21,0.56,2.05,0,0,0,0,0,0,1,False,2,2,Everton,34.2,24.5,0.0,5.9,32,2,9,19482,13131,Man City (Away)
Ugarte,MID,Man Utd,5.0,0.0,0.0,i,0,0,0,0,0,0,0,0.00,0.00,0.00,0.00,0,0,0,0,0,0,0,False,2,2,Everton,0.0,0.0,0.0,0.0,0,0,0,32,69,Man City (Away)
J.Fletcher,MID,Man Utd,4.9,0.0,0.0,a,0,0,0,0,0,0,0,0.00,0.00,0.00,0.00,0,0,0,0,0,0,0,False,2,2,Everton,0.0,0.0,0.0,0.0,0,0,0,84,186,Man City (Away)
Lacey,MID,Man Utd,4.9,0.1,0.3,a,0,0,0,0,0,0,0,0.00,0.00,0.00,0.00,0,0,0,0,0,0,0,False,2,2,Everton,0.0,0.0,0.0,0.0,0,0,0,298,1038,Man City (Away)
Collyer,MID,Man Utd,5.0,0.0,0.0,u,0,0,0,0,0,0,0,0.00,0.00,0.00,0.00,0,0,0,0,0,0,0,False,2,2,Everton,0.0,0.0,0.0,0.0,0,0,0,90,381,Man City (Away)
Bendito Mantato,MID,Man Utd,4.5,0.2,0.0,a,0,0,0,0,0,0,0,0.00,0.00,0.00,0.00,0,0,0,0,0,0,0,False,2,2,Everton,0.0,0.0,0.0,0.0,0,0,0,1762,2696,Man City (Away)
Fletcher,MID,Man Utd,4.5,0.3,0.0,a,0,0,0,0,0,0,0,0.00,0.00,0.00,0.00,0,0,0,0,0,0,0,False,2,2,Everton,0.0,0.0,0.0,0.0,0,0,0,1884,4320,Man City (Away)
Šeško,FWD,Man Utd,7.0,1.6,2.3,a,20,1,0,0,2,1,0,0.01,0.33,0.34,1.43,0,0,0,0,0,0,0,False,2,2,Everton,31.2,0.2,21.0,5.2,28,0,5,15581,48500,Man City (Away)
Zirkzee,FWD,Man Utd,5.4,0.4,0.0,a,0,0,0,0,0,0,0,0.00,0.00,0.00,0.00,0,0,0,0,0,0,0,False,2,2,Everton,0.0,0.0,0.0,0.0,0,0,0,5615,12906,Man City (Away)
Obi,FWD,Man Utd,4.5,1.2,0.0,a,0,0,0,0,0,0,0,0.00,0.00,0.00,0.00,0,0,0,0,0,0,0,False,2,2,Everton,0.0,0.0,0.0,0.0,0,0,0,19118,15838,Man City (Away)
N.Gonzalez,MID,Newcastle,5.5,0.3,1.3,a,76,0,0,0,2,0,0,0.21,0.00,0.21,2.07,0,0,0,0,0,0,1,True,2,2,Bournemouth,6.2,12.4,2.0,2.1,11,0,2,10136,2973,Leeds (Home)
Pope,GKP,Newcastle,4.9,1.0,0.0,a,0,0,0,0,0,0,0,0.00,0.00,0.00,0.00,0,0,0,0,0,0,0,True,2,2,Bournemouth,0.0,0.0,0.0,0.0,0,0,0,4952,19209,Leeds (Home)
Gillespie,GKP,Newcastle,4.5,0.0,0.0,a,0,0,0,0,0,0,0,0.00,0.00,0.00,0.00,0,0,0,0,0,0,0,True,2,2,Bournemouth,0.0,0.0,0.0,0.0,0,0,0,239,382,Leeds (Home)
Jaouen,GKP,Newcastle,4.5,0.0,0.0,a,0,0,0,0,0,0,0,0.00,0.00,0.00,0.00,0,0,0,0,0,0,0,True,2,2,Bournemouth,0.0,0.0,0.0,0.0,0,0,0,182,461,Leeds (Home)
Thiaw,DEF,Newcastle,5.0,2.1,2.7,a,90,0,0,0,2,0,0,0.07,0.00,0.07,5.47,0,1,0,0,0,0,1,True,2,2,Bournemouth,7.6,12.3,2.0,2.2,0,0,-1,72237,31963,Leeds (Home)
Schär,DEF,Newcastle,5.0,0.2,0.3,a,0,0,0,0,0,0,0,0.00,0.00,0.00,0.79,0,0,0,0,0,0,0,True,2,2,Bournemouth,0.0,0.0,0.0,0.0,0,0,0,2055,4893,Leeds (Home)
Botman,DEF,Newcastle,5.0,0.7,3.0,a,90,0,0,0,2,0,0,0.17,0.01,0.18,5.47,0,0,0,0,0,0,1,True,2,2,Bournemouth,26.0,0.9,4.0,3.1,3,0,1,15452,6841,Leeds (Home)
Burn,DEF,Newcastle,4.9,1.0,0.0,i,0,0,0,0,0,0,0,0.00,0.00,0.00,0.00,0,0,0,0,0,0,0,True,2,2,Bournemouth,0.0,0.0,0.0,0.0,0,0,0,549,46968,Leeds (Home)
Hall,DEF,Newcastle,5.1,12.1,6.0,a,89,0,1,0,2,0,1,0.67,0.04,0.71,5.45,0,0,0,0,0,0,1,True,2,2,Bournemouth,28.0,13.4,3.0,4.4,20,0,4,576636,80066,Leeds (Home)
Livramento,DEF,Newcastle,4.9,0.0,0.3,a,1,0,0,0,0,0,0,0.00,0.00,0.00,0.02,0,0,0,0,0,0,0,True,2,2,Bournemouth,0.2,0.0,0.0,0.0,3,0,1,115,860,Leeds (Home)
A.Murphy,DEF,Newcastle,4.0,0.1,0.0,u,0,0,0,0,0,0,0,0.00,0.00,0.00,0.00,0,0,0,0,0,0,0,True,2,2,Bournemouth,0.0,0.0,0.0,0.0,0,0,0,0,1826,Leeds (Home)
Barnes,MID,Newcastle,6.0,2.0,5.7,a,90,1,1,0,2,1,1,0.06,0.22,0.28,5.47,0,0,0,0,0,0,1,True,2,2,Bournemouth,33.0,2.8,23.0,5.9,37,2,12,25187,22741,Leeds (Home)
Elanga,MID,Newcastle,6.1,11.0,6.0,a,76,0,0,0,2,2,0,0.34,0.42,0.76,4.01,0,0,0,0,1,0,1,True,2,2,Bournemouth,8.4,31.8,4.0,4.4,8,0,1,810672,94469,Leeds (Home)
J.Ramsey,MID,Newcastle,4.9,0.3,2.3,a,27,1,0,0,0,1,0,0.16,0.17,0.33,1.92,0,0,0,0,0,0,0,True,2,2,Bournemouth,32.4,0.8,17.0,5.0,22,0,6,1799,6552,Leeds (Home)
J.Murphy,MID,Newcastle,5.9,0.1,0.7,a,13,0,0,0,0,0,0,0.20,0.00,0.20,1.46,0,0,0,0,0,0,0,True,2,2,Bournemouth,0.2,0.3,0.0,0.1,5,0,1,1115,3472,Leeds (Home)
Joelinton,MID,Newcastle,5.4,0.0,0.0,i,0,0,0,0,0,0,0,0.00,0.00,0.00,0.00,0,0,0,0,0,0,0,True,2,2,Bournemouth,0.0,0.0,0.0,0.0,0,0,0,86,632,Leeds (Home)
L.Miley,MID,Newcastle,5.5,0.1,2.7,a,62,0,0,0,2,0,0,0.07,0.05,0.12,4.39,0,0,0,0,0,0,1,True,2,2,Bournemouth,3.2,1.1,2.0,0.6,11,0,2,2211,1582,Leeds (Home)
Willock,MID,Newcastle,5.0,0.5,3.7,a,62,0,0,0,2,1,0,0.20,0.52,0.72,3.57,0,0,0,0,0,0,1,True,2,2,Bournemouth,6.0,2.2,11.0,1.9,6,0,2,22227,7742,Leeds (Home)
Touré,MID,Newcastle,5.8,0.1,0.3,a,0,0,0,0,0,0,0,0.00,0.00,0.00,0.00,0,0,0,0,0,0,0,True,2,2,Bournemouth,0.0,0.0,0.0,0.0,0,0,0,657,6230,Leeds (Home)
Steur,MID,Newcastle,4.9,0.1,1.0,a,13,0,0,0,0,0,0,0.00,0.00,0.00,1.90,0,0,0,0,0,0,0,True,2,2,Bournemouth,2.0,0.5,0.0,0.3,3,0,1,584,2347,Leeds (Home)
Woltemade,FWD,Newcastle,5.9,0.7,1.3,u,0,0,0,0,0,0,1,0.01,0.02,0.03,0.38,0,0,0,0,0,0,0,True,2,2,Bournemouth,0.0,0.0,0.0,0.0,0,0,0,7327,56776,Leeds (Home)
Wissa,FWD,Newcastle,6.2,17.1,4.3,a,90,0,0,0,2,1,1,0.05,1.35,1.40,4.30,0,0,0,0,1,0,1,True,2,2,Bournemouth,0.0,7.3,0.0,0.7,7,0,1,1119139,89408,Leeds (Home)
Osula,FWD,Newcastle,5.9,0.4,1.3,i,0,0,0,0,0,0,1,0.14,0.06,0.20,1.48,0,0,0,0,0,0,0,True,2,2,Bournemouth,0.0,0.0,0.0,0.0,0,0,0,557,38249,Leeds (Home)
Neave,FWD,Newcastle,4.5,0.7,0.0,u,0,0,0,0,0,0,0,0.00,0.00,0.00,0.00,0,0,0,0,0,0,0,True,2,2,Bournemouth,0.0,0.0,0.0,0.0,0,0,0,17327,13399,Leeds (Home)
Bamba,MID,Newcastle,4.9,0.1,0.3,a,0,0,0,0,0,0,0,0.00,0.00,0.00,1.04,0,0,0,0,0,0,0,True,2,2,Bournemouth,0.0,0.0,0.0,0.0,0,0,0,834,2622,Leeds (Home)
Horníček,GKP,Newcastle,5.0,1.3,3.3,a,90,0,0,4,2,0,0,0.00,0.00,0.00,5.47,0,0,0,0,0,0,1,True,2,2,Bournemouth,33.4,0.0,0.0,3.3,12,0,2,58261,19107,Leeds (Home)
Dedić,DEF,Newcastle,4.5,3.5,4.3,d,90,0,0,0,2,0,1,0.08,0.14,0.22,5.47,0,0,0,0,0,0,1,True,2,2,Bournemouth,0.6,6.4,10.0,1.7,3,0,1,318645,49203,Leeds (Home)
Shahar,DEF,Newcastle,4.0,0.3,0.0,a,0,0,0,0,0,0,0,0.00,0.00,0.00,0.00,0,0,0,0,0,0,0,True,2,2,Bournemouth,0.0,0.0,0.0,0.0,0,0,0,10871,3316,Leeds (Home)
Fernandez-Pardo,FWD,Newcastle,6.0,0.1,1.0,a,27,0,0,0,0,0,0,0.00,0.00,0.00,0.04,0,0,0,0,0,0,0,True,2,2,Bournemouth,0.0,0.8,6.0,0.7,4,0,1,5384,586,Leeds (Home)
Delap,FWD,Nott'm Forest,5.5,0.8,1.0,a,73,0,0,0,0,0,0,0.06,0.13,0.19,1.22,1,0,0,0,0,0,1,True,0,0,Spurs,2.4,20.8,5.0,2.8,6,0,2,36946,11977,Aston Villa (Home)
Muñoz,DEF,Nott'm Forest,5.4,5.9,0.3,a,31,0,0,0,0,0,0,0.01,0.26,0.27,1.10,0,0,0,0,0,0,0,True,0,0,Spurs,2.4,0.8,4.0,0.7,5,0,1,23260,181718,Aston Villa (Home)
Sels,GKP,Nott'm Forest,5.0,1.4,3.0,a,90,0,0,0,0,0,0,0.01,0.00,0.01,3.28,1,0,0,0,0,0,1,True,0,0,Spurs,2.4,0.0,0.0,0.2,21,0,6,8404,18223,Aston Villa (Home)
John,GKP,Nott'm Forest,4.5,0.1,0.0,a,0,0,0,0,0,0,0,0.00,0.00,0.00,0.00,0,0,0,0,0,0,0,True,0,0,Spurs,0.0,0.0,0.0,0.0,0,0,0,259,651,Aston Villa (Home)
N.Williams,DEF,Nott'm Forest,5.0,8.2,5.0,a,90,0,0,0,0,0,1,0.24,0.12,0.36,3.28,1,0,0,0,0,0,1,True,0,0,Spurs,11.4,10.9,4.0,2.6,28,1,7,53518,88698,Aston Villa (Home)
Morato,DEF,Nott'm Forest,5.0,0.0,0.0,u,0,0,0,0,0,0,0,0.00,0.00,0.00,0.00,0,0,0,0,0,0,0,True,0,0,Spurs,0.0,0.0,0.0,0.0,0,0,0,194,1366,Aston Villa (Home)
Milenković,DEF,Nott'm Forest,5.5,1.6,4.0,a,90,0,0,0,0,0,0,0.03,0.11,0.14,3.28,1,0,0,0,1,0,1,True,0,0,Spurs,28.6,0.8,2.0,3.1,27,0,7,5627,17848,Aston Villa (Home)
Murillo,DEF,Nott'm Forest,5.5,1.6,4.3,a,89,0,0,0,0,0,0,0.28,0.35,0.63,3.28,1,0,0,0,0,0,1,True,0,0,Spurs,17.8,1.2,10.0,2.9,25,0,8,9660,20152,Aston Villa (Home)
Aina,DEF,Nott'm Forest,4.5,2.8,2.0,a,58,0,0,0,0,0,0,0.52,0.04,0.56,2.90,0,0,0,0,0,0,1,True,0,0,Spurs,13.0,0.5,0.0,1.4,8,0,1,20608,51010,Aston Villa (Home)
Jair Cunha,DEF,Nott'm Forest,4.5,0.2,3.3,a,90,0,0,0,0,0,0,0.01,0.03,0.04,3.28,1,0,0,0,0,0,1,True,0,0,Spurs,20.0,0.7,1.0,2.2,24,0,8,924,1994,Aston Villa (Home)
Savona,DEF,Nott'm Forest,4.5,0.0,0.0,i,0,0,0,0,0,0,0,0.00,0.00,0.00,0.00,0,0,0,0,0,0,0,True,0,0,Spurs,0.0,0.0,0.0,0.0,0,0,0,34,131,Aston Villa (Home)
O.Richards,DEF,Nott'm Forest,4.0,0.2,0.0,a,0,0,0,0,0,0,0,0.00,0.00,0.00,0.00,0,0,0,0,0,0,0,True,0,0,Spurs,0.0,0.0,0.0,0.0,0,0,0,1258,2116,Aston Villa (Home)
Abbott,DEF,Nott'm Forest,4.0,0.2,0.0,u,0,0,0,0,0,0,0,0.00,0.00,0.00,0.00,0,0,0,0,0,0,0,True,0,0,Spurs,0.0,0.0,0.0,0.0,0,0,0,1463,4265,Aston Villa (Home)
Netz,DEF,Nott'm Forest,4.5,0.0,0.7,a,0,0,0,0,0,0,0,0.00,0.00,0.00,0.13,0,0,0,0,0,0,0,True,0,0,Spurs,0.0,0.0,0.0,0.0,0,0,0,168,472,Aston Villa (Home)
Bindon,DEF,Nott'm Forest,4.0,0.1,0.0,u,0,0,0,0,0,0,0,0.00,0.00,0.00,0.00,0,0,0,0,0,0,0,True,0,0,Spurs,0.0,0.0,0.0,0.0,0,0,0,434,2941,Aston Villa (Home)
Gibbs-White,MID,Nott'm Forest,7.9,9.4,6.0,a,90,0,0,0,0,1,1,0.11,1.40,1.51,3.28,1,0,0,0,0,0,1,True,0,0,Spurs,5.6,3.0,13.0,2.2,3,0,3,215196,112670,Aston Villa (Home)
Hudson-Odoi,MID,Nott'm Forest,5.9,0.2,0.3,a,0,0,0,0,0,0,0,0.00,0.00,0.00,0.00,0,0,0,0,0,0,0,True,0,0,Spurs,0.0,0.0,0.0,0.0,0,0,0,1609,4924,Aston Villa (Home)
Ndoye,MID,Nott'm Forest,5.5,0.7,4.3,a,58,0,0,0,0,1,0,0.63,0.35,0.98,2.48,0,0,0,0,0,0,1,True,0,0,Spurs,0.4,0.3,0.0,0.1,5,0,1,33732,11281,Aston Villa (Home)
Hutchinson,MID,Nott'm Forest,5.4,0.1,0.0,u,0,0,0,0,0,0,0,0.00,0.00,0.00,0.00,0,0,0,0,0,0,0,True,0,0,Spurs,0.0,0.0,0.0,0.0,0,0,0,213,4613,Aston Villa (Home)
Bakwa,MID,Nott'm Forest,5.5,0.0,0.0,u,0,0,0,0,0,0,0,0.00,0.00,0.00,0.00,0,0,0,0,0,0,0,True,0,0,Spurs,0.0,0.0,0.0,0.0,0,0,0,0,532,Aston Villa (Home)
McAtee,MID,Nott'm Forest,5.5,0.1,2.3,a,90,0,0,0,0,0,0,0.54,0.13,0.67,3.15,1,0,0,0,1,0,1,True,0,0,Spurs,14.2,59.5,10.0,8.4,22,0,2,3393,1528,Aston Villa (Home)
Dominguez,MID,Nott'm Forest,4.9,0.1,0.3,a,0,0,0,0,0,0,0,0.00,0.00,0.00,0.00,0,0,0,0,0,0,0,True,0,0,Spurs,0.0,0.0,0.0,0.0,0,0,0,358,1146,Aston Villa (Home)
I.Sangaré,MID,Nott'm Forest,4.9,0.6,0.7,a,0,0,0,0,0,0,0,0.01,0.03,0.04,0.47,0,0,0,0,0,0,0,True,0,0,Spurs,0.0,0.0,0.0,0.0,0,0,0,1817,28479,Aston Villa (Home)
Yates,MID,Nott'm Forest,4.5,1.4,0.0,a,0,0,0,0,0,0,0,0.00,0.00,0.00,0.00,0,0,0,0,0,0,0,True,0,0,Spurs,0.0,0.0,0.0,0.0,0,0,0,17319,18183,Aston Villa (Home)
Wood,FWD,Nott'm Forest,5.9,1.1,0.7,a,16,0,0,0,0,0,0,0.01,0.12,0.13,0.40,0,0,0,0,0,0,0,True,0,0,Spurs,0.2,0.1,0.0,0.0,3,0,1,7780,42908,Aston Villa (Home)
Igor Jesus,FWD,Nott'm Forest,5.9,2.7,1.3,a,31,0,0,0,0,0,0,0.06,0.96,1.02,2.48,0,0,0,0,0,0,0,True,0,0,Spurs,1.2,0.4,0.0,0.2,3,0,1,25411,81723,Aston Villa (Home)
Kalimuendo,FWD,Nott'm Forest,5.4,0.1,0.3,a,0,0,0,0,0,0,0,0.00,0.00,0.00,0.00,0,0,0,0,0,0,0,True,0,0,Spurs,0.0,0.0,0.0,0.0,0,0,0,838,1249,Aston Villa (Home)
Schlager,MID,Nott'm Forest,5.0,0.1,2.7,a,90,0,0,0,0,0,0,0.06,0.08,0.14,2.94,1,0,0,0,0,0,1,True,0,0,Spurs,11.2,2.3,1.0,1.5,18,0,3,1419,1320,Aston Villa (Home)
Diomande,DEF,Nott'm Forest,5.4,0.6,0.3,a,1,0,0,0,0,0,0,0.00,0.00,0.00,0.00,0,0,0,0,0,0,0,True,0,0,Spurs,0.0,0.0,0.0,0.0,3,0,1,3142,15932,Aston Villa (Home)
Benda,GKP,Nott'm Forest,4.5,0.1,0.0,a,0,0,0,0,0,0,0,0.00,0.00,0.00,0.00,0,0,0,0,0,0,0,True,0,0,Spurs,0.0,0.0,0.0,0.0,0,0,0,950,871,Aston Villa (Home)
Van Hecke,DEF,Spurs,4.9,7.0,3.3,a,90,0,0,0,0,0,0,0.07,0.20,0.27,5.51,1,0,0,0,0,0,1,False,0,0,Nott'm Forest,16.6,12.8,11.0,4.0,29,2,8,21192,219579,Everton (Away)
Tosin,DEF,Spurs,4.4,0.2,0.0,a,0,0,0,0,0,0,0,0.00,0.00,0.00,0.00,0,0,0,0,0,0,0,False,0,0,Nott'm Forest,0.0,0.0,0.0,0.0,0,0,0,553,2557,Everton (Away)
Marmoush,FWD,Spurs,7.0,2.2,1.3,a,83,0,0,0,0,0,0,0.08,0.34,0.42,1.60,1,0,0,0,0,0,1,False,0,0,Nott'm Forest,0.0,2.4,10.0,1.0,6,0,2,100495,35588,Everton (Away)
Sávio,MID,Spurs,6.5,0.7,1.0,a,60,0,0,0,0,0,0,0.27,0.02,0.29,0.49,1,0,0,0,0,0,1,False,0,0,Nott'm Forest,6.2,17.3,15.0,3.9,15,0,3,15136,38806,Everton (Away)
Tonali,MID,Spurs,5.4,2.7,3.0,a,90,0,0,0,0,0,0,0.09,0.09,0.18,5.51,1,0,0,0,0,0,1,False,0,0,Nott'm Forest,22.8,8.0,0.0,3.1,22,0,5,14031,97316,Everton (Away)
Vicario,GKP,Spurs,4.5,0.2,0.0,u,0,0,0,0,0,0,0,0.00,0.00,0.00,0.00,0,0,0,0,0,0,0,False,0,0,Nott'm Forest,0.0,0.0,0.0,0.0,0,0,0,0,5759,Everton (Away)
Austin,GKP,Spurs,4.0,1.0,0.0,a,0,0,0,0,0,0,0,0.00,0.00,0.00,0.00,0,0,0,0,0,0,0,False,0,0,Nott'm Forest,0.0,0.0,0.0,0.0,0,0,0,9717,5818,Everton (Away)
Kinsky,GKP,Spurs,4.5,18.6,3.0,a,90,0,0,1,0,0,0,0.00,0.00,0.00,5.51,1,0,0,0,0,0,1,False,0,0,Nott'm Forest,10.4,10.0,0.0,2.0,24,0,6,46420,272139,Everton (Away)
Dubravka,GKP,Spurs,4.0,17.8,0.0,a,0,0,0,0,0,0,0,0.00,0.00,0.00,0.00,0,0,0,0,0,0,0,False,0,0,Nott'm Forest,0.0,0.0,0.0,0.0,0,0,0,131012,118831,Everton (Away)
Senesi,DEF,Spurs,5.9,4.8,1.0,a,0,0,0,0,0,0,0,0.02,0.00,0.02,3.87,0,0,0,0,0,0,0,False,0,0,Nott'm Forest,0.0,0.0,0.0,0.0,0,0,0,5382,190584,Everton (Away)
Pedro Porro,DEF,Spurs,5.5,11.4,2.7,a,90,0,0,0,0,0,0,0.16,0.36,0.52,1.64,1,0,0,0,0,0,1,False,0,0,Nott'm Forest,13.2,35.8,6.0,5.5,28,1,7,48390,228185,Everton (Away)
Romero,DEF,Spurs,5.0,0.1,0.0,u,0,0,0,0,0,0,0,0.00,0.00,0.00,0.00,0,0,0,0,0,0,0,False,0,0,Nott'm Forest,0.0,0.0,0.0,0.0,0,0,0,0,3763,Everton (Away)
Robertson,DEF,Spurs,4.5,2.9,2.0,a,29,0,0,0,0,0,0,0.08,0.06,0.14,4.78,0,0,0,0,0,0,0,False,0,0,Nott'm Forest,6.0,0.3,0.0,0.6,3,0,1,13705,61351,Everton (Away)
Van de Ven,DEF,Spurs,5.0,3.8,3.0,a,90,0,0,0,0,0,0,0.02,0.57,0.59,1.64,1,0,0,0,0,0,1,False,0,0,Nott'm Forest,21.4,1.2,14.0,3.7,30,3,9,16557,78016,Everton (Away)
Spence,DEF,Spurs,4.5,0.3,0.0,u,0,0,0,0,0,0,0,0.00,0.00,0.00,0.00,0,0,0,0,0,0,0,False,0,0,Nott'm Forest,0.0,0.0,0.0,0.0,0,0,0,0,14294,Everton (Away)
Udogie,DEF,Spurs,4.5,0.4,2.3,a,60,0,0,0,0,0,0,0.23,0.00,0.23,1.17,1,0,0,0,1,0,1,False,0,0,Nott'm Forest,4.6,1.3,2.0,0.8,16,0,5,1127,6787,Everton (Away)
Phillips,DEF,Spurs,4.5,0.0,0.0,u,0,0,0,0,0,0,0,0.00,0.00,0.00,0.00,0,0,0,0,0,0,0,False,0,0,Nott'm Forest,0.0,0.0,0.0,0.0,0,0,0,0,312,Everton (Away)
Davies,DEF,Spurs,4.0,0.9,0.0,a,0,0,0,0,0,0,0,0.00,0.00,0.00,0.00,0,0,0,0,0,0,0,False,0,0,Nott'm Forest,0.0,0.0,0.0,0.0,0,0,0,4305,11767,Everton (Away)
Byfield,DEF,Spurs,4.0,0.1,0.0,a,0,0,0,0,0,0,0,0.00,0.00,0.00,0.00,0,0,0,0,0,0,0,False,0,0,Nott'm Forest,0.0,0.0,0.0,0.0,0,0,0,719,648,Everton (Away)
Rowswell,DEF,Spurs,4.0,0.1,0.0,a,0,0,0,0,0,0,0,0.00,0.00,0.00,0.00,0,0,0,0,0,0,0,False,0,0,Nott'm Forest,0.0,0.0,0.0,0.0,0,0,0,898,923,Everton (Away)
Souza,DEF,Spurs,4.0,0.2,0.0,u,0,0,0,0,0,0,0,0.00,0.00,0.00,0.00,0,0,0,0,0,0,0,False,0,0,Nott'm Forest,0.0,0.0,0.0,0.0,0,0,0,1362,6142,Everton (Away)
Kudus,MID,Spurs,6.5,0.1,0.7,a,29,0,0,0,0,0,0,0.17,0.04,0.21,0.67,0,0,0,0,0,0,0,False,0,0,Nott'm Forest,5.2,15.1,2.0,2.2,13,0,1,4599,2073,Everton (Away)
Xavi,MID,Spurs,6.0,0.0,0.0,i,0,0,0,0,0,0,0,0.00,0.00,0.00,0.00,0,0,0,0,0,0,0,False,0,0,Nott'm Forest,0.0,0.0,0.0,0.0,0,0,0,78,369,Everton (Away)
Tel,MID,Spurs,5.8,0.3,2.3,a,73,0,0,0,0,0,0,0.14,0.20,0.34,5.11,1,0,0,0,0,0,1,False,0,0,Nott'm Forest,6.8,20.2,20.0,4.7,11,0,3,2049,19757,Everton (Away)
Maddison,MID,Spurs,6.3,0.5,0.3,d,0,0,0,0,0,0,0,0.01,0.00,0.01,0.85,0,0,0,0,0,0,0,False,0,0,Nott'm Forest,0.0,0.0,0.0,0.0,0,0,0,175,39058,Everton (Away)
Bentancur,MID,Spurs,5.5,0.2,2.7,a,90,0,0,0,0,0,0,0.04,0.02,0.06,3.82,1,0,0,0,0,0,1,False,0,0,Nott'm Forest,18.4,3.3,6.0,2.8,14,0,5,831,2620,Everton (Away)
Odobert,MID,Spurs,5.5,0.0,0.0,i,0,0,0,0,0,0,0,0.00,0.00,0.00,0.00,0,0,0,0,0,0,0,False,0,0,Nott'm Forest,0.0,0.0,0.0,0.0,0,0,0,27,38,Everton (Away)
P.M.Sarr,MID,Spurs,4.9,0.1,0.0,u,0,0,0,0,0,0,0,0.00,0.00,0.00,0.00,0,0,0,0,0,0,0,False,0,0,Nott'm Forest,0.0,0.0,0.0,0.0,0,0,0,4025,5807,Everton (Away)
Gallagher,MID,Spurs,5.4,0.2,1.0,a,83,0,0,0,0,0,0,0.12,0.02,0.14,2.58,1,0,0,0,0,0,1,False,0,0,Nott'm Forest,10.2,4.4,2.0,1.7,23,0,3,1024,6587,Everton (Away)
Bergvall,MID,Spurs,5.4,0.2,0.3,a,0,0,0,0,0,0,0,0.01,0.00,0.01,1.70,0,0,0,0,0,0,0,False,0,0,Nott'm Forest,0.0,0.0,0.0,0.0,0,0,0,482,3494,Everton (Away)
Kulusevski,MID,Spurs,6.5,0.0,0.0,i,0,0,0,0,0,0,0,0.00,0.00,0.00,0.00,0,0,0,0,0,0,0,False,0,0,Nott'm Forest,0.0,0.0,0.0,0.0,0,0,0,87,177,Everton (Away)
Gray,MID,Spurs,5.0,0.2,1.3,a,0,0,0,0,0,0,0,0.01,0.00,0.01,3.91,0,0,0,0,0,0,0,False,0,0,Nott'm Forest,0.0,0.0,0.0,0.0,0,0,0,2161,4046,Everton (Away)
Moore,MID,Spurs,5.0,0.1,1.0,u,0,0,0,0,0,0,0,0.02,0.40,0.42,3.26,0,0,0,0,0,0,0,False,0,0,Nott'm Forest,0.0,0.0,0.0,0.0,0,0,0,839,6489,Everton (Away)
Olusesi,MID,Spurs,4.5,0.7,0.0,a,0,0,0,0,0,0,0,0.00,0.00,0.00,0.00,0,0,0,0,0,0,0,False,0,0,Nott'm Forest,0.0,0.0,0.0,0.0,0,0,0,1613,9466,Everton (Away)
Fernandes,MID,Spurs,5.8,1.0,1.0,a,7,0,0,0,0,0,0,0.23,0.01,0.24,2.94,0,0,0,0,1,0,0,False,0,0,Nott'm Forest,0.0,0.4,0.0,0.0,-1,0,0,4942,43005,Everton (Away)
Solanke,FWD,Spurs,5.9,1.0,1.0,a,6,0,0,0,0,0,0,0.00,0.44,0.44,0.89,0,0,0,0,0,0,0,False,0,0,Nott'm Forest,0.0,0.3,4.0,0.4,-1,0,1,7532,35338,Everton (Away)
Richarlison,FWD,Spurs,5.9,1.1,0.7,u,0,0,0,0,0,0,0,0.00,0.00,0.00,3.02,0,0,0,0,0,0,0,False,0,0,Nott'm Forest,0.0,0.0,0.0,0.0,0,0,0,6716,124229,Everton (Away)
Scarlett,FWD,Spurs,4.5,1.4,0.0,u,0,0,0,0,0,0,0,0.00,0.00,0.00,0.00,0,0,0,0,0,0,0,False,0,0,Nott'm Forest,0.0,0.0,0.0,0.0,0,0,0,29341,34749,Everton (Away)
Mudryk,MID,Spurs,5.4,0.1,0.3,a,16,0,0,0,0,0,0,0.00,0.00,0.00,0.16,0,0,0,0,0,0,0,False,0,0,Nott'm Forest,0.0,0.1,2.0,0.1,3,0,1,3534,1642,Everton (Away)
Williams-Barnett,MID,Spurs,4.5,0.1,0.0,a,0,0,0,0,0,0,0,0.00,0.00,0.00,0.00,0,0,0,0,0,0,0,False,0,0,Nott'm Forest,0.0,0.0,0.0,0.0,0,0,0,4467,2166,Everton (Away)
Danso,DEF,Sunderland,5.0,0.2,0.7,a,90,0,0,0,1,0,0,0.08,0.00,0.08,1.21,0,0,0,0,0,0,1,False,1,1,Brentford,20.8,10.9,0.0,3.2,9,0,2,1307,3312,Arsenal (Away)
Roefs,GKP,Sunderland,5.0,3.1,3.0,a,90,0,0,1,1,0,0,0.00,0.00,0.00,3.96,0,0,0,0,0,0,1,False,1,1,Brentford,12.6,0.0,0.0,1.3,11,0,2,10237,49224,Arsenal (Away)
Patterson,GKP,Sunderland,4.0,0.1,0.0,u,0,0,0,0,0,0,0,0.00,0.00,0.00,0.00,0,0,0,0,0,0,0,False,1,1,Brentford,0.0,0.0,0.0,0.0,0,0,0,0,1616,Arsenal (Away)
Ellborg,GKP,Sunderland,4.5,0.1,0.0,a,0,0,0,0,0,0,0,0.00,0.00,0.00,0.00,0,0,0,0,0,0,0,False,1,1,Brentford,0.0,0.0,0.0,0.0,0,0,0,405,951,Arsenal (Away)
Ballard,DEF,Sunderland,4.9,3.5,4.0,a,90,0,0,0,1,0,0,0.15,0.09,0.24,3.96,0,0,0,0,0,0,1,False,1,1,Brentford,25.0,10.3,8.0,4.3,12,0,4,15628,94795,Arsenal (Away)
Mukiele,DEF,Sunderland,5.5,2.3,4.3,a,90,0,0,0,1,0,0,0.03,0.00,0.03,2.16,0,0,0,0,0,0,1,False,1,1,Brentford,32.4,5.0,0.0,3.7,16,0,4,21418,24805,Arsenal (Away)
Hume,DEF,Sunderland,4.5,4.5,3.0,a,26,0,0,0,0,0,0,0.28,0.04,0.32,3.09,0,0,0,0,0,0,0,False,1,1,Brentford,3.8,0.1,0.0,0.4,8,0,1,17561,86553,Arsenal (Away)
Alderete,DEF,Sunderland,4.9,0.3,0.3,a,0,0,0,0,0,0,0,0.01,0.00,0.01,0.10,0,0,0,0,0,0,0,False,1,1,Brentford,0.0,0.0,0.0,0.0,0,0,0,1476,10040,Arsenal (Away)
Reinildo,DEF,Sunderland,4.5,0.4,3.0,a,90,0,0,0,1,0,0,0.31,0.00,0.31,3.96,0,0,0,0,0,0,1,False,1,1,Brentford,14.4,1.5,0.0,1.6,14,0,2,1972,4323,Arsenal (Away)
Seelt,DEF,Sunderland,4.5,0.0,0.0,u,0,0,0,0,0,0,0,0.00,0.00,0.00,0.00,0,0,0,0,0,0,0,False,1,1,Brentford,0.0,0.0,0.0,0.0,0,0,0,3,360,Arsenal (Away)
Hjelde,DEF,Sunderland,4.0,0.0,0.0,u,0,0,0,0,0,0,0,0.00,0.00,0.00,0.00,0,0,0,0,0,0,0,False,1,1,Brentford,0.0,0.0,0.0,0.0,0,0,0,0,680,Arsenal (Away)
O'Nien,DEF,Sunderland,4.0,2.8,0.3,a,0,0,0,0,0,0,0,0.01,0.01,0.02,1.69,0,0,0,0,0,0,0,False,1,1,Brentford,0.0,0.0,0.0,0.0,0,0,0,5301,33130,Arsenal (Away)
Masuaku,DEF,Sunderland,4.0,0.2,0.0,u,0,0,0,0,0,0,0,0.00,0.00,0.00,0.00,0,0,0,0,0,0,0,False,1,1,Brentford,0.0,0.0,0.0,0.0,0,0,0,0,3070,Arsenal (Away)
Meunier,DEF,Sunderland,4.5,0.3,3.0,a,63,0,0,0,1,0,0,0.13,0.21,0.34,3.51,0,0,0,0,0,0,1,False,1,1,Brentford,5.2,1.5,6.0,1.3,0,0,2,2639,2338,Arsenal (Away)
E.Le Fée,MID,Sunderland,5.9,5.0,4.3,a,90,1,0,0,1,1,0,0.23,1.21,1.44,3.76,0,0,0,0,0,0,1,False,1,1,Brentford,40.0,3.7,24.0,6.8,25,1,8,7320,263850,Arsenal (Away)
Diarra,MID,Sunderland,5.4,0.0,1.7,i,0,0,0,0,0,0,1,0.16,0.03,0.19,0.12,0,0,0,0,0,0,0,False,1,1,Brentford,0.0,0.0,0.0,0.0,0,0,0,164,2306,Arsenal (Away)
Xhaka,MID,Sunderland,5.5,4.4,6.0,a,90,0,0,0,1,0,1,0.57,0.06,0.63,3.96,0,0,0,0,1,0,1,False,1,1,Brentford,15.2,20.5,3.0,3.9,12,0,3,45125,47076,Arsenal (Away)
Sadiki,MID,Sunderland,4.9,0.3,2.0,a,73,0,0,0,1,0,0,0.23,0.36,0.59,3.57,0,0,0,0,1,0,1,False,1,1,Brentford,8.8,15.0,48.0,7.2,16,0,1,1887,4950,Arsenal (Away)
Adingra,MID,Sunderland,4.9,0.0,0.0,u,0,0,0,0,0,0,0,0.00,0.00,0.00,0.00,0,0,0,0,0,0,0,False,1,1,Brentford,0.0,0.0,0.0,0.0,0,0,0,187,1936,Arsenal (Away)
Mundle,MID,Sunderland,4.9,0.0,0.3,i,0,0,0,0,0,0,0,0.00,0.17,0.17,0.09,0,0,0,0,0,0,0,False,1,1,Brentford,0.0,0.0,0.0,0.0,0,0,0,83,134,Arsenal (Away)
Rigg,MID,Sunderland,4.9,0.1,0.7,a,0,0,0,0,0,0,0,0.00,0.00,0.00,0.44,0,0,0,0,0,0,0,False,1,1,Brentford,0.0,0.0,0.0,0.0,0,0,0,143,862,Arsenal (Away)
Talbi,MID,Sunderland,5.4,0.2,0.3,a,0,0,0,0,0,0,0,0.00,0.00,0.00,0.14,0,0,0,0,0,0,0,False,1,1,Brentford,0.0,0.0,0.0,0.0,0,0,0,427,4127,Arsenal (Away)
Jocelin.T,MID,Sunderland,5.0,0.0,0.0,a,0,0,0,0,0,0,0,0.00,0.00,0.00,0.00,0,0,0,0,0,0,0,False,1,1,Brentford,0.0,0.0,0.0,0.0,0,0,0,80,101,Arsenal (Away)
N.Angulo,MID,Sunderland,5.0,0.1,3.3,a,63,0,0,0,1,1,0,0.12,0.15,0.27,3.00,0,0,0,0,0,0,1,False,1,1,Brentford,8.6,5.7,16.0,3.0,11,0,2,4768,3112,Arsenal (Away)
Brobbey,FWD,Sunderland,5.9,7.7,2.0,a,90,0,0,0,1,0,0,0.06,0.59,0.65,3.48,0,0,0,0,0,0,1,False,1,1,Brentford,4.4,37.1,29.0,7.1,11,0,2,27284,349017,Arsenal (Away)
Isidor,FWD,Sunderland,5.5,1.4,4.3,a,26,0,1,0,0,1,1,0.01,1.49,1.50,0.92,0,0,0,0,0,0,0,False,1,1,Brentford,0.2,0.3,10.0,1.1,15,0,4,35830,14557,Arsenal (Away)
Methalie,DEF,Sunderland,4.5,0.0,0.0,a,0,0,0,0,0,0,0,0.00,0.00,0.00,0.00,0,0,0,0,0,0,0,False,1,1,Brentford,0.0,0.0,0.0,0.0,0,0,0,362,100,Arsenal (Away)
Ahoka,MID,Sunderland,4.5,0.3,0.0,a,0,0,0,0,0,0,0,0.00,0.00,0.00,0.00,0,0,0,0,0,0,0,False,1,1,Brentford,0.0,0.0,0.0,0.0,0,0,0,13182,4298,Arsenal (Away)
Fofana,MID,Sunderland,5.5,0.0,1.0,a,16,0,0,0,0,0,0,0.00,0.00,0.00,0.39,0,0,0,0,0,0,0,False,1,1,Brentford,0.0,0.5,0.0,0.1,3,0,1,2071,239,Arsenal (Away)
J.Angulo,FWD,Sunderland,4.5,0.4,0.0,a,0,0,0,0,0,0,0,0.00,0.00,0.00,0.00,0,0,0,0,0,0,0,False,1,1,Brentford,0.0,0.0,0.0,0.0,0,0,0,15939,1836,Arsenal (Away)
