Web name,Position,Team,Cost,Selected,Form,Status,Minutes,Goals,Assist,Saves,GC,Season Goals,Season Assists,xA,xG,xGI,xGC,CS,OGs,Pens Missed,Pens Saved,Yellow cards,Red cards,Starts,Was home,Team H Score,Team A Score,Opponent Team,Influence,Creativity,Threat,ICT Index,Bps,Bonus,GW Points,Transfers In,Transfers Out,Next Fixture
Raya,GKP,Arsenal,6.0,39.8,7.2,a,90,0,0,2,0,0,0,0.01,0.00,0.01,2.72,1,0,0,1,0,0,1,False,0.0,2.0,Sunderland,0.0,0.0,0.0,0.0,38,3,14,249119,214670,Sunderland (Home)
Arrizabalaga,GKP,Arsenal,4.9,0.1,0.0,a,0,0,0,0,0,0,0,0.00,0.00,0.00,0.00,0,0,0,0,0,0,0,False,0.0,2.0,Sunderland,0.0,0.0,0.0,0.0,0,0,0,275,851,Sunderland (Home)
Meslier,GKP,Arsenal,4.9,0.0,0.0,a,0,0,0,0,0,0,0,0.00,0.00,0.00,0.00,0,0,0,0,0,0,0,False,0.0,2.0,Sunderland,0.0,0.0,0.0,0.0,0,0,0,108,308,Sunderland (Home)
Gabriel,DEF,Arsenal,8.0,23.6,6.0,a,90,0,0,0,0,0,0,0.06,0.51,0.57,2.72,1,0,0,0,1,0,1,False,0.0,2.0,Sunderland,0.0,0.0,0.0,0.0,30,2,9,56562,254329,Sunderland (Home)
J.Timber,DEF,Arsenal,6.5,0.1,0.2,a,45,0,0,0,0,0,0,0.01,0.00,0.01,1.57,0,0,0,0,0,0,0,False,0.0,2.0,Sunderland,0.0,0.0,0.0,0.0,3,0,1,618,1390,Sunderland (Home)
Saliba,DEF,Arsenal,5.9,0.2,0.0,i,0,0,0,0,0,0,0,0.00,0.00,0.00,0.00,0,0,0,0,0,0,0,False,0.0,2.0,Sunderland,0.0,0.0,0.0,0.0,0,0,0,735,3251,Sunderland (Home)
Lewis-Skelly,MID,Arsenal,5.5,0.6,2.2,a,45,0,0,0,0,0,0,0.23,0.16,0.39,1.02,0,0,0,0,0,0,1,False,0.0,2.0,Sunderland,0.0,0.0,0.0,0.0,2,0,1,6908,11120,Sunderland (Home)
Calafiori,DEF,Arsenal,5.8,49.8,7.0,a,90,0,0,0,0,0,2,0.59,0.60,1.19,2.45,1,0,0,0,0,0,1,False,0.0,2.0,Sunderland,0.0,0.0,0.0,0.0,18,0,6,487524,94715,Sunderland (Home)
Hincapie,DEF,Arsenal,5.3,1.0,0.5,a,0,0,0,0,0,0,0,0.00,0.00,0.00,0.28,0,0,0,0,0,0,0,False,0.0,2.0,Sunderland,0.0,0.0,0.0,0.0,0,0,0,3925,19376,Sunderland (Home)
White,DEF,Arsenal,5.5,7.0,5.2,a,45,0,0,0,0,0,1,0.29,0.18,0.47,1.15,0,0,0,0,0,0,1,False,0.0,2.0,Sunderland,0.0,0.0,0.0,0.0,4,0,1,123355,116956,Sunderland (Home)
Mosquera,DEF,Arsenal,5.4,2.2,3.0,d,0,0,0,0,0,0,0,0.01,0.00,0.01,0.53,0,0,0,0,0,0,0,False,0.0,2.0,Sunderland,0.0,0.0,0.0,0.0,0,0,0,733,202535,Sunderland (Home)
Saka,MID,Arsenal,9.5,11.8,7.5,a,90,1,0,0,0,3,0,0.43,2.88,3.31,2.58,1,0,0,0,0,0,1,False,0.0,2.0,Sunderland,0.0,0.0,0.0,0.0,28,0,8,213086,148406,Sunderland (Home)
Rice,MID,Arsenal,7.4,12.8,4.8,a,80,0,1,0,0,0,2,0.63,0.10,0.73,2.19,1,0,0,0,0,0,1,False,0.0,2.0,Sunderland,0.0,0.0,0.0,0.0,27,0,6,25889,152556,Sunderland (Home)
Eze,MID,Arsenal,6.3,1.1,0.8,a,9,0,0,0,0,0,0,0.07,0.04,0.11,0.79,0,0,0,0,0,0,0,False,0.0,2.0,Sunderland,0.0,0.0,0.0,0.0,3,0,1,3906,29739,Sunderland (Home)
Ødegaard,MID,Arsenal,6.7,18.9,6.8,a,84,0,0,0,0,2,0,1.30,1.01,2.31,2.46,1,0,0,0,0,0,1,False,0.0,2.0,Sunderland,0.0,0.0,0.0,0.0,26,0,3,820232,117959,Sunderland (Home)
Madueke,MID,Arsenal,6.3,0.2,0.5,a,0,0,0,0,0,0,0,0.05,0.00,0.05,0.15,0,0,0,0,0,0,0,False,0.0,2.0,Sunderland,0.0,0.0,0.0,0.0,0,0,0,1399,4480,Sunderland (Home)
Merino,MID,Arsenal,5.8,0.4,0.8,a,5,0,0,0,0,0,0,0.02,0.14,0.16,0.26,0,0,0,0,0,0,0,False,0.0,2.0,Sunderland,0.0,0.0,0.0,0.0,3,0,1,1909,9850,Sunderland (Home)
Martinelli,MID,Arsenal,6.3,0.1,0.0,u,0,0,0,0,0,0,0,0.00,0.00,0.00,0.00,0,0,0,0,0,0,0,False,0.0,2.0,Sunderland,0.0,0.0,0.0,0.0,0,0,0,0,6160,Sunderland (Home)
Zubimendi,MID,Arsenal,5.3,0.6,1.0,a,9,0,0,0,0,0,0,0.04,0.08,0.12,0.68,0,0,0,0,0,0,0,False,0.0,2.0,Sunderland,0.0,0.0,0.0,0.0,5,0,1,1507,12972,Sunderland (Home)
Dowman,MID,Arsenal,5.3,0.1,0.0,a,0,0,0,0,0,0,0,0.00,0.00,0.00,0.00,0,0,0,0,0,0,0,False,0.0,2.0,Sunderland,0.0,0.0,0.0,0.0,0,0,0,629,1342,Sunderland (Home)
Nwaneri,MID,Arsenal,5.4,0.0,0.0,u,0,0,0,0,0,0,0,0.00,0.00,0.00,0.00,0,0,0,0,0,0,0,False,0.0,2.0,Sunderland,0.0,0.0,0.0,0.0,0,0,0,0,333,Sunderland (Home)
Fábio Vieira,MID,Arsenal,5.5,0.0,0.0,u,0,0,0,0,0,0,0,0.00,0.00,0.00,0.00,0,0,0,0,0,0,0,False,0.0,2.0,Sunderland,0.0,0.0,0.0,0.0,0,0,0,0,265,Sunderland (Home)
Nelson,MID,Arsenal,5.5,0.0,0.0,u,0,0,0,0,0,0,0,0.00,0.00,0.00,0.00,0,0,0,0,0,0,0,False,0.0,2.0,Sunderland,0.0,0.0,0.0,0.0,0,0,0,0,113,Sunderland (Home)
Gyökeres,FWD,Arsenal,7.2,3.5,0.2,a,0,0,0,0,0,0,0,0.00,0.00,0.00,0.11,0,0,0,0,0,0,0,False,0.0,2.0,Sunderland,0.0,0.0,0.0,0.0,0,0,0,6130,98178,Sunderland (Home)
Havertz,FWD,Arsenal,7.6,8.0,4.2,a,90,0,0,0,0,2,0,0.35,0.89,1.24,2.60,1,0,0,0,1,0,1,False,0.0,2.0,Sunderland,0.0,0.0,0.0,0.0,0,0,1,195764,77287,Sunderland (Home)
G.Jesus,FWD,Arsenal,5.9,0.2,0.0,u,0,0,0,0,0,0,0,0.00,0.00,0.00,0.00,0,0,0,0,0,0,0,False,0.0,2.0,Sunderland,0.0,0.0,0.0,0.0,0,0,0,0,7696,Sunderland (Home)
Konsa,DEF,Arsenal,4.5,17.6,2.8,a,90,0,0,0,0,0,0,0.01,0.00,0.01,2.19,1,0,0,0,0,0,1,False,0.0,2.0,Sunderland,0.0,0.0,0.0,0.0,16,0,6,709520,96845,Sunderland (Home)
Bruno G.,MID,Arsenal,6.7,1.7,2.0,a,45,1,0,0,0,1,0,0.15,0.09,0.24,1.57,0,0,0,0,0,0,0,False,0.0,2.0,Sunderland,0.0,0.0,0.0,0.0,29,1,7,2351,37853,Sunderland (Home)
Tzolis,MID,Arsenal,6.4,15.2,3.5,a,80,0,0,0,0,0,2,0.48,0.19,0.67,1.96,1,0,0,0,0,0,1,False,0.0,2.0,Sunderland,0.0,0.0,0.0,0.0,10,0,3,82691,411246,Sunderland (Home)
M.Bizot,GKP,Aston Villa,4.5,0.1,0.2,a,0,0,0,0,0,0,0,0.00,0.00,0.00,3.77,0,0,0,0,0,0,0,True,1.0,2.0,Nott'm Forest,0.0,0.0,0.0,0.0,0,0,0,1027,1628,Nott'm Forest (Away)
Digne,DEF,Aston Villa,4.5,0.1,0.0,u,0,0,0,0,0,0,0,0.00,0.00,0.00,0.00,0,0,0,0,0,0,0,True,1.0,2.0,Nott'm Forest,0.0,0.0,0.0,0.0,0,0,0,0,932,Nott'm Forest (Away)
Cash,DEF,Aston Villa,4.5,5.7,1.8,d,0,0,0,0,0,0,0,0.04,0.15,0.19,5.03,0,0,0,0,0,0,0,True,1.0,2.0,Nott'm Forest,0.0,0.0,0.0,0.0,0,0,0,18781,99663,Nott'm Forest (Away)
Mings,DEF,Aston Villa,4.5,0.4,1.8,a,65,0,0,0,2,0,0,0.02,0.20,0.22,2.87,0,0,0,0,1,0,0,True,1.0,2.0,Nott'm Forest,0.0,0.0,0.0,0.0,0,0,0,5312,2524,Nott'm Forest (Away)
Pau,DEF,Aston Villa,4.5,0.4,0.8,d,24,0,0,0,0,0,0,0.01,0.00,0.01,4.79,0,0,0,0,0,0,1,True,1.0,2.0,Nott'm Forest,0.0,0.0,0.0,0.0,4,0,1,3870,5587,Nott'm Forest (Away)
Bogarde,MID,Aston Villa,5.0,0.1,0.2,a,0,0,0,0,0,0,0,0.00,0.00,0.00,0.22,0,0,0,0,0,0,0,True,1.0,2.0,Nott'm Forest,0.0,0.0,0.0,0.0,0,0,0,686,1126,Nott'm Forest (Away)
Maatsen,DEF,Aston Villa,4.5,0.8,2.2,d,90,0,0,0,2,0,0,0.45,0.28,0.73,6.54,0,0,0,0,0,0,1,True,1.0,2.0,Nott'm Forest,0.0,0.0,0.0,0.0,7,0,1,17456,7012,Nott'm Forest (Away)
Lindelöf,DEF,Aston Villa,4.5,0.3,1.8,a,90,0,0,0,2,0,0,0.17,0.44,0.61,7.66,0,0,0,0,0,0,1,True,1.0,2.0,Nott'm Forest,0.0,0.0,0.0,0.0,2,0,1,5112,2100,Nott'm Forest (Away)
A.García,DEF,Aston Villa,4.0,1.6,0.0,a,0,0,0,0,0,0,0,0.00,0.00,0.00,0.00,0,0,0,0,0,0,0,True,1.0,2.0,Nott'm Forest,0.0,0.0,0.0,0.0,0,0,0,12784,17127,Nott'm Forest (Away)
Nedeljkovic,DEF,Aston Villa,4.0,0.1,0.0,u,0,0,0,0,0,0,0,0.00,0.00,0.00,0.00,0,0,0,0,0,0,0,True,1.0,2.0,Nott'm Forest,0.0,0.0,0.0,0.0,0,0,0,0,2186,Nott'm Forest (Away)
Buendía,MID,Aston Villa,5.9,1.0,2.2,a,62,0,0,0,1,0,0,0.17,0.78,0.95,6.30,0,0,0,0,0,0,1,True,1.0,2.0,Nott'm Forest,0.0,0.0,0.0,0.0,8,0,2,15961,21861,Nott'm Forest (Away)
Bailey,MID,Aston Villa,5.4,0.1,0.0,u,0,0,0,0,0,0,0,0.00,0.00,0.00,0.00,0,0,0,0,0,0,0,True,1.0,2.0,Nott'm Forest,0.0,0.0,0.0,0.0,0,0,0,0,4702,Nott'm Forest (Away)
McGinn,MID,Aston Villa,5.4,2.3,2.8,a,90,0,1,0,2,0,1,0.20,0.77,0.97,7.51,0,0,0,0,0,0,1,True,1.0,2.0,Nott'm Forest,0.0,0.0,0.0,0.0,30,1,6,20520,33241,Nott'm Forest (Away)
Barkley,MID,Aston Villa,5.0,0.3,2.2,a,62,0,0,0,1,0,0,0.14,0.38,0.52,6.58,0,0,0,0,0,0,1,True,1.0,2.0,Nott'm Forest,0.0,0.0,0.0,0.0,14,0,2,5244,3748,Nott'm Forest (Away)
Kamara,MID,Aston Villa,5.0,0.3,2.2,a,90,0,0,0,2,0,0,0.15,0.00,0.15,7.66,0,0,0,0,0,0,1,True,1.0,2.0,Nott'm Forest,0.0,0.0,0.0,0.0,17,0,2,3671,4694,Nott'm Forest (Away)
Onana,MID,Aston Villa,4.9,0.0,0.0,i,0,0,0,0,0,0,0,0.00,0.00,0.00,0.00,0,0,0,0,0,0,0,True,1.0,2.0,Nott'm Forest,0.0,0.0,0.0,0.0,0,0,0,108,268,Nott'm Forest (Away)
Iling Jr,MID,Aston Villa,5.0,0.0,0.0,u,0,0,0,0,0,0,0,0.00,0.00,0.00,0.00,0,0,0,0,0,0,0,True,1.0,2.0,Nott'm Forest,0.0,0.0,0.0,0.0,0,0,0,0,22,Nott'm Forest (Away)
Burrowes,MID,Aston Villa,4.5,0.6,0.0,a,0,0,0,0,0,0,0,0.00,0.00,0.00,0.00,0,0,0,0,0,0,0,True,1.0,2.0,Nott'm Forest,0.0,0.0,0.0,0.0,0,0,0,6646,8613,Nott'm Forest (Away)
George Hemmings,MID,Aston Villa,4.5,1.3,2.0,a,45,0,0,0,0,0,0,0.16,0.07,0.23,5.39,0,0,0,0,0,0,1,True,1.0,2.0,Nott'm Forest,0.0,0.0,0.0,0.0,3,0,1,53459,22740,Nott'm Forest (Away)
Alysson,MID,Aston Villa,5.0,0.0,2.0,a,45,1,0,0,2,1,0,0.00,0.06,0.06,2.40,0,0,0,0,0,0,0,True,1.0,2.0,Nott'm Forest,0.0,0.0,0.0,0.0,24,0,6,508,713,Nott'm Forest (Away)
Manzambi,MID,Aston Villa,5.9,0.1,0.2,a,27,0,0,0,1,0,0,0.08,0.00,0.08,0.86,0,0,0,0,0,0,0,True,1.0,2.0,Nott'm Forest,0.0,0.0,0.0,0.0,3,0,1,570,1790,Nott'm Forest (Away)
Gomes,MID,Aston Villa,5.5,0.0,-0.5,a,0,0,0,0,0,0,0,0.01,0.00,0.01,2.58,0,0,0,0,0,0,0,True,1.0,2.0,Nott'm Forest,0.0,0.0,0.0,0.0,0,0,0,131,514,Nott'm Forest (Away)
Watkins,FWD,Aston Villa,7.8,2.9,0.0,u,0,0,0,0,0,0,0,0.00,0.00,0.00,0.00,0,0,0,0,0,0,0,True,1.0,2.0,Nott'm Forest,0.0,0.0,0.0,0.0,0,0,0,0,126292,Nott'm Forest (Away)
Abraham,FWD,Aston Villa,5.5,0.2,0.8,a,45,0,0,0,2,0,0,0.00,0.00,0.00,2.26,0,0,0,0,0,0,0,True,1.0,2.0,Nott'm Forest,0.0,0.0,0.0,0.0,4,0,1,4186,2817,Nott'm Forest (Away)
Garnacho,MID,Aston Villa,5.8,0.4,0.8,a,0,0,0,0,0,0,0,0.00,0.00,0.00,0.49,0,0,0,0,0,0,0,True,1.0,2.0,Nott'm Forest,0.0,0.0,0.0,0.0,0,0,0,1531,8756,Nott'm Forest (Away)
N.Jackson,FWD,Aston Villa,6.5,1.3,1.0,a,45,0,0,0,0,0,0,0.58,0.24,0.82,1.62,0,0,0,0,1,0,1,True,1.0,2.0,Nott'm Forest,0.0,0.0,0.0,0.0,0,0,0,47223,18366,Nott'm Forest (Away)
Madjo,FWD,Aston Villa,5.4,0.2,0.0,i,0,0,0,0,0,0,0,0.00,0.00,0.00,0.00,0,0,0,0,0,0,0,True,1.0,2.0,Nott'm Forest,0.0,0.0,0.0,0.0,0,0,0,357,5846,Nott'm Forest (Away)
Ruggeri,DEF,Aston Villa,4.5,0.1,0.5,a,0,0,0,0,0,0,0,0.01,0.00,0.01,0.49,0,0,0,0,0,0,0,True,1.0,2.0,Nott'm Forest,0.0,0.0,0.0,0.0,0,0,0,272,1265,Nott'm Forest (Away)
Suzuki,GKP,Aston Villa,5.0,1.8,3.5,a,90,0,0,5,2,0,0,0.01,0.00,0.01,3.89,0,0,0,0,0,0,1,True,1.0,2.0,Nott'm Forest,0.0,0.0,0.0,0.0,17,0,2,83655,19004,Nott'm Forest (Away)
Rowe,DEF,Aston Villa,4.0,0.2,0.0,a,0,0,0,0,0,0,0,0.00,0.00,0.00,0.00,0,0,0,0,0,0,0,True,1.0,2.0,Nott'm Forest,0.0,0.0,0.0,0.0,0,0,0,2914,1727,Nott'm Forest (Away)
Lynch,MID,Aston Villa,4.5,0.1,0.0,u,0,0,0,0,0,0,0,0.00,0.00,0.00,0.00,0,0,0,0,0,0,0,True,1.0,2.0,Nott'm Forest,0.0,0.0,0.0,0.0,0,0,0,0,2922,Nott'm Forest (Away)
Wan-Bissaka,DEF,Aston Villa,4.5,0.2,1.7,a,90,0,0,0,2,0,0,0.06,0.00,0.06,2.63,0,0,0,0,0,0,1,True,1.0,2.0,Nott'm Forest,0.0,0.0,0.0,0.0,11,0,3,4076,2234,Nott'm Forest (Away)
Goretzka,MID,Aston Villa,6.0,0.0,0.0,i,0,0,0,0,0,0,0,0.00,0.00,0.00,0.00,0,0,0,0,0,0,0,True,1.0,2.0,Nott'm Forest,0.0,0.0,0.0,0.0,0,0,0,901,2102,Nott'm Forest (Away)
Harwood-Bellis,DEF,Aston Villa,4.5,0.0,0.0,a,0,0,0,0,0,0,0,0.00,0.00,0.00,0.00,0,0,0,0,0,0,0,True,1.0,2.0,Nott'm Forest,0.0,0.0,0.0,0.0,0,0,0,653,265,Nott'm Forest (Away)
Mbaye,MID,Aston Villa,6.0,0.1,0.5,a,27,0,0,0,1,0,0,0.13,0.02,0.15,0.86,0,0,0,0,0,0,0,True,1.0,2.0,Nott'm Forest,0.0,0.0,0.0,0.0,6,0,1,2787,1580,Nott'm Forest (Away)
Petrović,GKP,Bournemouth,4.5,3.2,1.8,a,90,0,0,0,2,0,0,0.00,0.00,0.00,5.30,0,0,0,0,0,0,1,True,2.0,2.0,Brentford,0.0,0.0,0.0,0.0,0,0,1,27504,37126,Brentford (Away)
Forster,GKP,Bournemouth,4.0,3.5,0.0,a,0,0,0,0,0,0,0,0.00,0.00,0.00,0.00,0,0,0,0,0,0,0,True,2.0,2.0,Brentford,0.0,0.0,0.0,0.0,0,0,0,38779,24224,Brentford (Away)
Dennis,GKP,Bournemouth,4.0,0.1,0.0,u,0,0,0,0,0,0,0,0.00,0.00,0.00,0.00,0,0,0,0,0,0,0,True,2.0,2.0,Brentford,0.0,0.0,0.0,0.0,0,0,0,0,1608,Brentford (Away)
Hill,DEF,Bournemouth,5.5,0.8,2.0,a,90,0,0,0,2,0,0,0.77,0.00,0.77,5.30,0,0,0,0,1,0,1,True,2.0,2.0,Brentford,0.0,0.0,0.0,0.0,5,0,2,8173,10555,Brentford (Away)
Truffert,DEF,Bournemouth,5.5,3.3,2.0,a,90,0,0,0,2,0,0,0.23,0.09,0.32,5.30,0,0,0,0,0,0,1,True,2.0,2.0,Brentford,0.0,0.0,0.0,0.0,23,0,3,12869,45880,Brentford (Away)
Diakité,DEF,Bournemouth,5.0,0.2,0.0,a,0,0,0,0,0,0,0,0.00,0.00,0.00,0.00,0,0,0,0,0,0,0,True,2.0,2.0,Brentford,0.0,0.0,0.0,0.0,0,0,0,1310,2653,Brentford (Away)
Milosavljević,DEF,Bournemouth,4.9,0.0,0.0,i,0,0,0,0,0,0,0,0.00,0.00,0.00,0.00,0,0,0,0,0,0,0,True,2.0,2.0,Brentford,0.0,0.0,0.0,0.0,0,0,0,70,164,Brentford (Away)
Smith,DEF,Bournemouth,4.5,0.1,0.5,a,90,0,0,0,2,0,0,0.07,0.01,0.08,5.30,0,0,0,0,1,0,1,True,2.0,2.0,Brentford,0.0,0.0,0.0,0.0,-1,0,0,1505,1738,Brentford (Away)
J.Araujo,DEF,Bournemouth,4.4,0.0,0.0,i,0,0,0,0,0,0,0,0.00,0.00,0.00,0.00,0,0,0,0,0,0,0,True,2.0,2.0,Brentford,0.0,0.0,0.0,0.0,0,0,0,99,216,Brentford (Away)
Soler,DEF,Bournemouth,4.0,0.3,0.0,a,0,0,0,0,0,0,0,0.00,0.00,0.00,0.00,0,0,0,0,0,0,0,True,2.0,2.0,Brentford,0.0,0.0,0.0,0.0,0,0,0,4282,2699,Brentford (Away)
Rayan,MID,Bournemouth,6.4,1.8,2.0,a,81,0,0,0,2,0,0,0.08,0.87,0.95,4.95,0,0,0,0,0,0,1,True,2.0,2.0,Brentford,0.0,0.0,0.0,0.0,7,0,2,8549,41933,Brentford (Away)
Tavernier,MID,Bournemouth,6.1,4.6,7.2,a,82,1,0,0,2,3,0,0.81,1.70,2.51,5.14,0,0,0,0,1,0,1,True,2.0,2.0,Brentford,0.0,0.0,0.0,0.0,44,2,8,177420,51460,Brentford (Away)
Scott,MID,Bournemouth,6.1,5.9,7.0,a,90,0,0,0,2,1,2,0.35,0.52,0.87,5.17,0,0,0,0,0,0,1,True,2.0,2.0,Brentford,0.0,0.0,0.0,0.0,19,0,4,386435,62399,Brentford (Away)
Kluivert,MID,Bournemouth,6.0,1.0,3.8,a,65,1,0,0,2,1,0,0.08,0.99,1.07,4.48,0,0,0,0,0,0,1,True,2.0,2.0,Brentford,0.0,0.0,0.0,0.0,31,1,8,8665,20691,Brentford (Away)
Cook,MID,Bournemouth,5.0,0.2,1.8,a,8,0,0,0,0,0,0,0.01,0.00,0.01,3.95,0,0,0,0,1,0,0,True,2.0,2.0,Brentford,0.0,0.0,0.0,0.0,-1,0,0,2134,3492,Brentford (Away)
Gannon-Doak,MID,Bournemouth,4.9,0.1,0.8,a,8,0,0,0,0,0,0,0.03,0.12,0.15,0.35,0,0,0,0,0,0,0,True,2.0,2.0,Brentford,0.0,0.0,0.0,0.0,6,0,1,413,1025,Brentford (Away)
Adams,MID,Bournemouth,5.0,0.3,2.0,a,81,0,0,0,2,0,0,0.03,0.03,0.06,1.34,0,0,0,0,0,0,1,True,2.0,2.0,Brentford,0.0,0.0,0.0,0.0,16,0,2,5594,3579,Brentford (Away)
Brooks,MID,Bournemouth,5.0,0.1,0.5,a,7,0,0,0,0,0,0,0.01,0.00,0.01,0.50,0,0,0,0,1,0,0,True,2.0,2.0,Brentford,0.0,0.0,0.0,0.0,-1,0,0,781,862,Brentford (Away)
Christie,MID,Bournemouth,5.0,0.0,0.8,a,24,0,0,0,0,0,0,0.12,0.00,0.12,0.24,0,0,0,0,0,0,0,True,2.0,2.0,Brentford,0.0,0.0,0.0,0.0,7,0,1,1116,574,Brentford (Away)
Tóth.A,MID,Bournemouth,5.0,0.0,0.2,a,0,0,0,0,0,0,0,0.00,0.00,0.00,0.31,0,0,0,0,0,0,0,True,2.0,2.0,Brentford,0.0,0.0,0.0,0.0,0,0,0,72,210,Brentford (Away)
Adli,MID,Bournemouth,4.9,0.0,0.0,i,0,0,0,0,0,0,0,0.00,0.00,0.00,0.00,0,0,0,0,0,0,0,True,2.0,2.0,Brentford,0.0,0.0,0.0,0.0,0,0,0,54,329,Brentford (Away)
Kroupi.Jr,MID,Bournemouth,7.4,0.2,0.0,i,0,0,0,0,0,0,0,0.00,0.00,0.00,0.00,0,0,0,0,0,0,0,True,2.0,2.0,Brentford,0.0,0.0,0.0,0.0,0,0,0,197,3321,Brentford (Away)
Evanilson,FWD,Bournemouth,6.0,3.3,4.0,a,90,0,1,0,2,0,3,0.51,0.71,1.22,4.80,0,0,0,0,0,0,1,True,2.0,2.0,Brentford,0.0,0.0,0.0,0.0,22,0,5,48861,45367,Brentford (Away)
Enes Ünal,FWD,Bournemouth,5.5,0.0,0.0,u,0,0,0,0,0,0,0,0.00,0.00,0.00,0.00,0,0,0,0,0,0,0,True,2.0,2.0,Brentford,0.0,0.0,0.0,0.0,0,0,0,0,219,Brentford (Away)
Rodríguez,FWD,Bournemouth,6.0,0.1,0.5,a,1,0,0,0,0,0,0,0.00,0.00,0.00,0.18,0,0,0,0,0,0,0,True,2.0,2.0,Brentford,0.0,0.0,0.0,0.0,3,0,1,1247,1656,Brentford (Away)
Silva,DEF,Bournemouth,5.0,0.4,2.5,a,90,0,0,0,2,0,0,0.27,0.85,1.12,5.30,0,0,0,0,0,0,1,True,2.0,2.0,Brentford,0.0,0.0,0.0,0.0,-2,0,3,5703,6002,Brentford (Away)
Sanchez,DEF,Bournemouth,4.4,0.2,0.0,a,0,0,0,0,0,0,0,0.00,0.00,0.00,0.00,0,0,0,0,0,0,0,True,2.0,2.0,Brentford,0.0,0.0,0.0,0.0,0,0,0,285,1607,Brentford (Away)
Jebbison,FWD,Bournemouth,5.0,0.1,0.5,a,0,0,0,0,0,0,0,0.00,0.10,0.10,0.36,0,0,0,0,0,0,0,True,2.0,2.0,Brentford,0.0,0.0,0.0,0.0,0,0,0,3390,1888,Brentford (Away)
Di Gregorio,GKP,Bournemouth,4.5,0.0,0.0,a,0,0,0,0,0,0,0,0.00,0.00,0.00,0.00,0,0,0,0,0,0,0,True,2.0,2.0,Brentford,0.0,0.0,0.0,0.0,0,0,0,755,526,Brentford (Away)
Kelleher,GKP,Brentford,5.0,6.5,3.5,a,90,0,0,8,2,0,0,0.01,0.00,0.01,5.49,0,0,0,0,0,0,1,False,2.0,2.0,Bournemouth,0.0,0.0,0.0,0.0,19,0,3,34374,58347,Bournemouth (Home)
Valdimarsson,GKP,Brentford,4.5,0.1,0.0,a,0,0,0,0,0,0,0,0.00,0.00,0.00,0.00,0,0,0,0,0,0,0,False,2.0,2.0,Bournemouth,0.0,0.0,0.0,0.0,0,0,0,631,1069,Bournemouth (Home)
Collins,DEF,Brentford,5.5,1.3,2.5,i,0,0,0,0,0,0,0,0.05,0.51,0.56,2.13,0,0,0,0,0,0,0,False,2.0,2.0,Bournemouth,0.0,0.0,0.0,0.0,0,0,0,1251,78007,Bournemouth (Home)
Van den Berg,DEF,Brentford,4.9,0.1,0.0,i,0,0,0,0,0,0,0,0.00,0.00,0.00,0.00,0,0,0,0,0,0,0,False,2.0,2.0,Bournemouth,0.0,0.0,0.0,0.0,0,0,0,70,1254,Bournemouth (Home)
Lewis-Potter,MID,Brentford,5.5,2.0,4.8,a,59,0,0,0,2,1,1,0.78,1.06,1.84,4.99,0,0,0,0,0,0,1,False,2.0,2.0,Bournemouth,0.0,0.0,0.0,0.0,0,0,1,26643,32836,Bournemouth (Home)
Ajer,DEF,Brentford,4.5,4.5,3.5,a,90,0,0,0,2,0,0,0.03,0.13,0.16,5.49,0,0,0,0,0,0,1,False,2.0,2.0,Bournemouth,0.0,0.0,0.0,0.0,0,0,1,52109,103890,Bournemouth (Home)
Kayode,DEF,Brentford,4.6,8.5,4.2,a,19,0,0,0,0,1,0,0.36,0.55,0.91,2.69,0,0,0,0,0,0,0,False,2.0,2.0,Bournemouth,0.0,0.0,0.0,0.0,5,0,1,52146,110853,Bournemouth (Home)
Henry,DEF,Brentford,4.4,0.2,0.2,a,0,0,0,0,0,0,0,0.00,0.00,0.00,0.00,0,0,0,0,0,0,0,False,2.0,2.0,Bournemouth,0.0,0.0,0.0,0.0,0,0,0,309,2002,Bournemouth (Home)
Hickey,DEF,Brentford,4.5,0.1,1.0,a,70,0,0,0,2,0,0,0.05,0.03,0.08,2.79,0,0,0,0,0,0,1,False,2.0,2.0,Bournemouth,0.0,0.0,0.0,0.0,4,0,1,309,711,Bournemouth (Home)
Ji-soo,DEF,Brentford,4.5,0.0,0.0,a,0,0,0,0,0,0,0,0.00,0.00,0.00,0.00,0,0,0,0,0,0,0,False,2.0,2.0,Bournemouth,0.0,0.0,0.0,0.0,0,0,0,102,227,Bournemouth (Home)
Schuster,DEF,Brentford,4.5,0.1,1.8,a,90,0,0,0,2,0,0,0.02,0.10,0.12,3.36,0,0,0,0,0,0,1,False,2.0,2.0,Bournemouth,0.0,0.0,0.0,0.0,5,0,3,905,735,Bournemouth (Home)
Schade,MID,Brentford,6.0,4.9,7.5,a,90,2,0,0,2,3,0,0.30,0.98,1.28,5.49,0,0,0,0,0,0,1,False,2.0,2.0,Bournemouth,0.0,0.0,0.0,0.0,49,3,15,28990,88151,Bournemouth (Home)
O.Dango,MID,Brentford,6.4,0.6,1.5,a,30,0,0,0,0,0,0,0.39,0.09,0.48,2.68,0,0,0,0,0,0,0,False,2.0,2.0,Bournemouth,0.0,0.0,0.0,0.0,4,0,1,1377,23398,Bournemouth (Home)
Damsgaard,MID,Brentford,5.5,0.5,3.2,a,30,0,0,0,0,0,1,0.45,0.13,0.58,2.36,0,0,0,0,0,0,0,False,2.0,2.0,Bournemouth,0.0,0.0,0.0,0.0,3,0,1,5734,4927,Bournemouth (Home)
Jensen,MID,Brentford,5.4,0.1,1.5,i,0,0,0,0,0,0,1,0.34,0.08,0.42,0.47,0,0,0,0,0,0,0,False,2.0,2.0,Bournemouth,0.0,0.0,0.0,0.0,0,0,0,42,4291,Bournemouth (Home)
Janelt,MID,Brentford,5.0,2.4,6.2,a,90,0,0,0,2,2,0,0.40,0.50,0.90,5.49,0,0,0,0,0,0,1,False,2.0,2.0,Bournemouth,0.0,0.0,0.0,0.0,20,0,4,176461,37454,Bournemouth (Home)
Milambo,MID,Brentford,5.0,0.0,0.0,i,0,0,0,0,0,0,0,0.00,0.00,0.00,0.00,0,0,0,0,0,0,0,False,2.0,2.0,Bournemouth,0.0,0.0,0.0,0.0,0,0,0,27,32,Bournemouth (Home)
Carvalho,MID,Brentford,5.0,0.0,0.0,a,0,0,0,0,0,0,0,0.00,0.00,0.00,0.00,0,0,0,0,0,0,0,False,2.0,2.0,Bournemouth,0.0,0.0,0.0,0.0,0,0,0,335,332,Bournemouth (Home)
Yarmoliuk,MID,Brentford,4.9,0.7,1.5,a,59,0,1,0,2,0,1,0.24,0.07,0.31,4.03,0,0,0,0,0,0,1,False,2.0,2.0,Bournemouth,0.0,0.0,0.0,0.0,19,0,4,706,16415,Bournemouth (Home)
Dasilva,MID,Brentford,4.9,0.0,0.0,i,0,0,0,0,0,0,0,0.00,0.00,0.00,0.00,0,0,0,0,0,0,0,False,2.0,2.0,Bournemouth,0.0,0.0,0.0,0.0,0,0,0,36,650,Bournemouth (Home)
Anthony,MID,Brentford,5.9,0.1,1.2,a,59,0,0,0,2,0,0,0.52,0.19,0.71,2.80,0,0,0,0,0,0,1,False,2.0,2.0,Bournemouth,0.0,0.0,0.0,0.0,12,0,1,761,2562,Bournemouth (Home)
Thiago,FWD,Brentford,7.9,10.0,1.2,a,90,0,0,0,2,0,0,0.13,2.41,2.54,5.42,0,0,0,0,1,0,1,False,2.0,2.0,Bournemouth,0.0,0.0,0.0,0.0,3,0,1,24154,321022,Bournemouth (Home)
Furo,FWD,Brentford,4.5,1.1,0.0,a,0,0,0,0,0,0,0,0.00,0.00,0.00,0.00,0,0,0,0,0,0,0,False,2.0,2.0,Bournemouth,0.0,0.0,0.0,0.0,0,0,0,19067,14541,Bournemouth (Home)
Wilson,FWD,Brentford,5.5,0.3,0.8,a,0,0,0,0,0,0,0,0.04,0.07,0.11,0.15,0,0,0,0,0,0,0,False,2.0,2.0,Bournemouth,0.0,0.0,0.0,0.0,0,0,0,2767,5931,Bournemouth (Home)
M.Sangaré,MID,Brentford,5.7,12.5,5.5,a,90,0,0,0,2,0,2,0.65,0.41,1.06,4.03,0,0,0,0,0,0,1,False,2.0,2.0,Bournemouth,0.0,0.0,0.0,0.0,19,0,4,106889,314571,Bournemouth (Home)
Diouf,DEF,Brentford,4.5,0.1,0.3,a,30,0,0,0,0,0,0,0.01,0.00,0.01,0.50,0,0,0,0,0,0,0,False,2.0,2.0,Bournemouth,0.0,0.0,0.0,0.0,4,0,1,1940,1971,Bournemouth (Home)
Nunes,MID,Brentford,4.5,0.0,0.0,a,0,0,0,0,0,0,0,0.00,0.00,0.00,0.00,0,0,0,0,0,0,0,False,2.0,2.0,Bournemouth,0.0,0.0,0.0,0.0,0,0,0,0,0,Bournemouth (Home)
Verbruggen,GKP,Brighton,4.5,22.1,4.2,a,90,0,0,6,0,0,0,0.20,0.00,0.20,7.04,1,0,0,0,0,0,1,False,0.0,5.0,Coventry City,0.0,0.0,0.0,0.0,39,0,8,248699,196972,Coventry City (Home)
Steele,GKP,Brighton,4.0,4.2,0.0,a,0,0,0,0,0,0,0,0.00,0.00,0.00,0.00,0,0,0,0,0,0,0,False,0.0,5.0,Coventry City,0.0,0.0,0.0,0.0,0,0,0,46956,36040,Coventry City (Home)
F.Kadıoğlu,DEF,Brighton,4.4,1.7,2.0,a,90,0,0,0,0,0,0,0.11,0.08,0.19,6.66,1,0,0,0,0,0,1,False,0.0,5.0,Coventry City,0.0,0.0,0.0,0.0,24,0,6,6832,25246,Coventry City (Home)
Boscagli,DEF,Brighton,4.5,0.3,3.2,a,77,0,0,0,0,0,0,0.51,0.06,0.57,6.82,1,0,0,0,0,0,1,False,0.0,5.0,Coventry City,0.0,0.0,0.0,0.0,25,0,6,2439,3024,Coventry City (Home)
De Cuyper,DEF,Brighton,4.8,22.8,8.0,a,90,0,1,0,0,1,3,0.44,1.53,1.97,6.95,1,0,0,0,0,0,1,False,0.0,5.0,Coventry City,0.0,0.0,0.0,0.0,41,2,11,640942,131068,Coventry City (Home)
Dunk,DEF,Brighton,4.5,1.4,5.5,a,90,1,0,0,0,1,0,0.09,0.03,0.12,7.04,1,0,0,0,0,0,1,False,0.0,5.0,Coventry City,0.0,0.0,0.0,0.0,39,0,12,19779,10375,Coventry City (Home)
Coppola,DEF,Brighton,4.5,0.0,0.0,a,0,0,0,0,0,0,0,0.00,0.00,0.00,0.00,0,0,0,0,0,0,0,False,0.0,5.0,Coventry City,0.0,0.0,0.0,0.0,0,0,0,180,230,Coventry City (Home)
Igor,DEF,Brighton,4.5,0.0,0.0,u,0,0,0,0,0,0,0,0.00,0.00,0.00,0.00,0,0,0,0,0,0,0,False,0.0,5.0,Coventry City,0.0,0.0,0.0,0.0,0,0,0,0,1990,Coventry City (Home)
Costinha,DEF,Brighton,4.5,0.0,0.8,a,6,0,0,0,0,0,0,0.16,0.12,0.28,0.28,0,0,0,0,0,0,0,False,0.0,5.0,Coventry City,0.0,0.0,0.0,0.0,3,0,1,204,321,Coventry City (Home)
Svoboda,DEF,Brighton,5.0,0.1,0.0,a,0,0,0,0,0,0,0,0.00,0.00,0.00,0.00,0,0,0,0,0,0,0,False,0.0,5.0,Coventry City,0.0,0.0,0.0,0.0,0,0,0,898,894,Coventry City (Home)
Mitoma,MID,Brighton,5.9,0.0,0.0,i,0,0,0,0,0,0,0,0.00,0.00,0.00,0.00,0,0,0,0,0,0,0,False,0.0,5.0,Coventry City,0.0,0.0,0.0,0.0,0,0,0,74,457,Coventry City (Home)
Minteh,MID,Brighton,5.9,0.0,0.0,i,0,0,0,0,0,0,0,0.00,0.00,0.00,0.00,0,0,0,0,0,0,0,False,0.0,5.0,Coventry City,0.0,0.0,0.0,0.0,0,0,0,35,751,Coventry City (Home)
Hinshelwood,MID,Brighton,5.9,0.8,4.0,i,0,0,0,0,0,2,0,0.02,1.41,1.43,0.19,0,0,0,0,0,0,0,False,0.0,5.0,Coventry City,0.0,0.0,0.0,0.0,0,0,0,1042,45777,Coventry City (Home)
Groß,MID,Brighton,5.6,17.1,8.2,a,90,1,2,0,0,2,3,0.61,1.66,2.27,7.04,1,0,0,0,0,0,1,False,0.0,5.0,Coventry City,0.0,0.0,0.0,0.0,56,3,17,283590,211348,Coventry City (Home)
Georginio,FWD,Brighton,5.4,0.5,1.2,d,0,0,0,0,0,0,1,0.44,0.08,0.52,0.29,0,0,0,0,0,0,0,False,0.0,5.0,Coventry City,0.0,0.0,0.0,0.0,0,0,0,1249,18661,Coventry City (Home)
O'Riley,MID,Brighton,5.5,0.1,0.2,a,6,0,0,0,0,0,0,0.01,0.00,0.01,0.04,0,0,0,0,0,0,0,False,0.0,5.0,Coventry City,0.0,0.0,0.0,0.0,4,0,1,901,1416,Coventry City (Home)
Gomez,MID,Brighton,5.0,4.7,4.0,a,83,0,0,0,0,0,2,0.76,0.79,1.55,7.01,1,0,0,0,0,0,1,False,0.0,5.0,Coventry City,0.0,0.0,0.0,0.0,6,0,3,107677,102601,Coventry City (Home)
Buonanotte,MID,Brighton,5.0,0.0,0.0,u,0,0,0,0,0,0,0,0.00,0.00,0.00,0.00,0,0,0,0,0,0,0,False,0.0,5.0,Coventry City,0.0,0.0,0.0,0.0,0,0,0,0,39,Coventry City (Home)
Ayari,MID,Brighton,5.4,0.4,3.0,a,90,1,0,0,0,1,0,0.10,0.59,0.69,4.01,1,0,0,0,0,0,1,False,0.0,5.0,Coventry City,0.0,0.0,0.0,0.0,38,0,8,2011,6217,Coventry City (Home)
Wieffer,DEF,Brighton,5.0,0.2,1.8,i,0,0,0,0,0,0,0,0.13,0.12,0.25,3.18,0,0,0,0,0,0,0,False,0.0,5.0,Coventry City,0.0,0.0,0.0,0.0,0,0,0,68,18581,Coventry City (Home)
Howell,MID,Brighton,4.5,0.0,0.0,u,0,0,0,0,0,0,0,0.00,0.00,0.00,0.00,0,0,0,0,0,0,0,False,0.0,5.0,Coventry City,0.0,0.0,0.0,0.0,0,0,0,0,575,Coventry City (Home)
Watson,MID,Brighton,5.0,0.0,0.0,u,0,0,0,0,0,0,0,0.00,0.00,0.00,0.00,0,0,0,0,0,0,0,False,0.0,5.0,Coventry City,0.0,0.0,0.0,0.0,0,0,0,0,19,Coventry City (Home)
Oriola,MID,Brighton,4.5,0.3,0.0,a,0,0,0,0,0,0,0,0.00,0.00,0.00,0.00,0,0,0,0,0,0,0,False,0.0,5.0,Coventry City,0.0,0.0,0.0,0.0,0,0,0,2194,3287,Coventry City (Home)
Yohanna,MID,Brighton,4.9,0.0,0.2,i,0,0,0,0,0,0,0,0.03,0.00,0.03,0.00,0,0,0,0,0,0,0,False,0.0,5.0,Coventry City,0.0,0.0,0.0,0.0,0,0,0,318,1453,Coventry City (Home)
Tzimas,FWD,Brighton,5.4,0.0,0.0,i,0,0,0,0,0,0,0,0.00,0.00,0.00,0.00,0,0,0,0,0,0,0,False,0.0,5.0,Coventry City,0.0,0.0,0.0,0.0,0,0,0,70,152,Coventry City (Home)
Kostoulas,FWD,Brighton,5.5,0.6,4.5,a,83,1,1,0,0,1,2,0.05,1.17,1.22,6.78,1,0,0,0,0,0,1,False,0.0,5.0,Coventry City,0.0,0.0,0.0,0.0,40,1,10,16416,9162,Coventry City (Home)
Ferguson,FWD,Brighton,5.0,0.0,0.0,i,0,0,0,0,0,0,0,0.00,0.00,0.00,0.00,0,0,0,0,0,0,0,False,0.0,5.0,Coventry City,0.0,0.0,0.0,0.0,0,0,0,346,524,Coventry City (Home)
Struijk,DEF,Brighton,5.0,0.2,0.5,a,12,0,0,0,0,0,0,0.01,0.00,0.01,0.22,0,0,0,0,0,0,0,False,0.0,5.0,Coventry City,0.0,0.0,0.0,0.0,4,0,1,1494,2501,Coventry City (Home)
Vuskovic,DEF,Brighton,5.0,3.2,6.0,a,77,0,0,0,0,1,0,0.07,0.46,0.53,6.82,1,0,0,0,0,0,1,False,0.0,5.0,Coventry City,0.0,0.0,0.0,0.0,27,0,6,131383,44947,Coventry City (Home)
David,FWD,Brighton,6.0,0.2,0.2,a,0,0,0,0,0,0,0,0.00,0.42,0.42,0.14,0,0,0,0,0,0,0,False,0.0,5.0,Coventry City,0.0,0.0,0.0,0.0,0,0,0,2799,5214,Coventry City (Home)
Osman,MID,Brighton,5.0,0.0,0.8,a,12,0,0,0,0,0,0,0.07,0.05,0.12,0.32,0,0,0,0,0,0,0,False,0.0,5.0,Coventry City,0.0,0.0,0.0,0.0,2,0,1,153,301,Coventry City (Home)
Yalcouyé,MID,Brighton,4.5,3.5,4.8,a,64,1,0,0,0,2,0,0.27,1.42,1.69,6.43,1,0,0,0,0,0,1,False,0.0,5.0,Coventry City,0.0,0.0,0.0,0.0,29,0,8,185444,60304,Coventry City (Home)
Hadjam,DEF,Brighton,4.5,0.0,0.0,a,0,0,0,0,0,0,0,0.00,0.00,0.00,0.00,0,0,0,0,0,0,0,False,0.0,5.0,Coventry City,0.0,0.0,0.0,0.0,0,0,0,425,560,Coventry City (Home)
Cozier-Duberry,MID,Brighton,5.0,0.0,0.0,u,0,0,0,0,0,0,0,0.00,0.00,0.00,0.00,0,0,0,0,0,0,0,False,0.0,5.0,Coventry City,0.0,0.0,0.0,0.0,0,0,0,0,40,Coventry City (Home)
Andrés,MID,Brighton,5.5,0.0,2.0,a,25,0,1,0,0,0,1,0.01,0.24,0.25,0.22,0,0,0,0,0,0,0,False,0.0,5.0,Coventry City,0.0,0.0,0.0,0.0,10,0,4,513,195,Coventry City (Home)
Azeez,MID,Brighton,5.5,0.0,0.0,d,0,0,0,0,0,0,0,0.00,0.00,0.00,0.00,0,0,0,0,0,0,0,False,0.0,5.0,Coventry City,0.0,0.0,0.0,0.0,0,0,0,121,59,Coventry City (Home)
Ibrahim,MID,Brighton,4.5,0.0,0.0,a,0,0,0,0,0,0,0,0.00,0.00,0.00,0.00,0,0,0,0,0,0,0,False,0.0,5.0,Coventry City,0.0,0.0,0.0,0.0,0,0,0,0,0,Coventry City (Home)
Martinez,GKP,Chelsea,5.0,5.1,1.8,a,90,0,0,3,2,0,0,0.01,0.00,0.01,4.84,0,0,0,0,0,0,1,True,2.0,2.0,Hull City,0.0,0.0,0.0,0.0,10,0,2,119022,50620,Hull City (Away)
Rogers,MID,Chelsea,7.7,36.4,6.8,a,90,1,0,0,2,3,1,1.16,1.39,2.55,6.08,0,0,0,0,0,0,1,True,2.0,2.0,Hull City,0.0,0.0,0.0,0.0,31,1,8,1168508,128570,Hull City (Away)
Henderson,MID,Chelsea,4.9,0.0,0.0,i,0,0,0,0,0,0,0,0.00,0.00,0.00,0.00,0,0,0,0,0,0,0,True,2.0,2.0,Hull City,0.0,0.0,0.0,0.0,0,0,0,145,589,Hull City (Away)
Welbeck,FWD,Chelsea,5.9,0.8,0.5,a,12,0,0,0,0,0,0,0.06,0.00,0.06,0.54,0,0,0,0,0,0,0,True,2.0,2.0,Hull City,0.0,0.0,0.0,0.0,4,0,1,8018,13130,Hull City (Away)
Sánchez,GKP,Chelsea,4.9,0.8,0.5,u,0,0,0,0,0,0,0,0.01,0.00,0.01,1.33,0,0,0,0,0,0,0,True,2.0,2.0,Hull City,0.0,0.0,0.0,0.0,0,0,0,0,44507,Hull City (Away)
Jörgensen,GKP,Chelsea,5.0,0.0,0.0,u,0,0,0,0,0,0,0,0.00,0.00,0.00,0.00,0,0,0,0,0,0,0,True,2.0,2.0,Hull City,0.0,0.0,0.0,0.0,0,0,0,0,95,Hull City (Away)
James,DEF,Chelsea,5.4,7.4,0.8,a,90,0,0,0,2,0,0,0.26,0.33,0.59,4.90,0,0,0,0,0,0,1,True,2.0,2.0,Hull City,0.0,0.0,0.0,0.0,11,0,1,60443,91377,Hull City (Away)
Chalobah,DEF,Chelsea,5.5,0.1,0.0,u,0,0,0,0,0,0,0,0.00,0.00,0.00,0.00,0,0,0,0,0,0,0,True,2.0,2.0,Hull City,0.0,0.0,0.0,0.0,0,0,0,0,1338,Hull City (Away)
Gusto,DEF,Chelsea,5.0,1.1,1.0,a,77,0,0,0,2,0,0,0.12,0.08,0.20,3.50,0,0,0,0,0,0,1,True,2.0,2.0,Hull City,0.0,0.0,0.0,0.0,7,0,1,7469,14124,Hull City (Away)
Fofana,DEF,Chelsea,5.0,0.2,1.0,a,85,0,0,0,2,0,0,0.08,0.00,0.08,4.20,0,0,0,0,0,0,1,True,2.0,2.0,Hull City,0.0,0.0,0.0,0.0,10,0,1,9377,2003,Hull City (Away)
B.Badiashile,DEF,Chelsea,4.5,0.0,0.0,u,0,0,0,0,0,0,0,0.00,0.00,0.00,0.00,0,0,0,0,0,0,0,True,2.0,2.0,Hull City,0.0,0.0,0.0,0.0,0,0,0,0,250,Hull City (Away)
Hato,DEF,Chelsea,4.5,1.0,2.0,a,45,0,0,0,2,0,2,0.21,0.01,0.22,4.81,0,0,0,0,0,0,1,True,2.0,2.0,Hull City,0.0,0.0,0.0,0.0,-8,0,0,58654,15691,Hull City (Away)
Colwill,DEF,Chelsea,4.9,1.0,0.5,a,90,0,0,0,2,0,0,0.04,0.01,0.05,4.02,0,0,0,0,0,0,1,True,2.0,2.0,Hull City,0.0,0.0,0.0,0.0,8,0,1,5362,22693,Hull City (Away)
M.Sarr,DEF,Chelsea,4.5,0.0,0.0,u,0,0,0,0,0,0,0,0.00,0.00,0.00,0.00,0,0,0,0,0,0,0,True,2.0,2.0,Hull City,0.0,0.0,0.0,0.0,0,0,0,0,1063,Hull City (Away)
Acheampong,DEF,Chelsea,4.5,0.4,1.2,a,0,0,0,0,0,0,0,0.02,0.00,0.02,3.52,0,0,0,0,0,0,0,True,2.0,2.0,Hull City,0.0,0.0,0.0,0.0,0,0,0,6326,4610,Hull City (Away)
Palestra,DEF,Chelsea,5.3,0.8,0.0,i,0,0,0,0,0,0,0,0.00,0.00,0.00,0.00,0,0,0,0,0,0,0,True,2.0,2.0,Hull City,0.0,0.0,0.0,0.0,0,0,0,419,45676,Hull City (Away)
Palmer,MID,Chelsea,9.7,26.8,6.5,a,90,0,1,0,2,2,2,0.61,1.18,1.79,6.08,0,0,0,0,0,0,1,True,2.0,2.0,Hull City,0.0,0.0,0.0,0.0,28,0,5,946062,103959,Hull City (Away)
Neto,MID,Chelsea,6.5,1.4,3.0,a,85,0,0,0,2,1,0,0.53,0.52,1.05,4.42,0,0,0,0,0,0,1,True,2.0,2.0,Hull City,0.0,0.0,0.0,0.0,17,0,2,33627,16504,Hull City (Away)
Estêvão,MID,Chelsea,6.3,0.7,0.8,a,4,0,0,0,0,0,0,0.07,0.07,0.14,0.58,0,0,0,0,0,0,0,True,2.0,2.0,Hull City,0.0,0.0,0.0,0.0,6,0,1,3867,14050,Hull City (Away)
Gittens,MID,Chelsea,5.9,0.0,0.0,a,0,0,0,0,0,0,0,0.00,0.00,0.00,0.00,0,0,0,0,0,0,0,True,2.0,2.0,Hull City,0.0,0.0,0.0,0.0,0,0,0,250,475,Hull City (Away)
Caicedo,MID,Chelsea,5.4,1.3,0.2,i,0,0,0,0,0,0,0,0.00,0.00,0.00,0.07,0,0,0,0,0,0,0,True,2.0,2.0,Hull City,0.0,0.0,0.0,0.0,0,0,0,1342,50199,Hull City (Away)
Lavia,MID,Chelsea,5.0,0.2,2.8,a,68,0,0,0,2,1,0,0.11,0.75,0.86,5.06,0,0,0,0,0,0,1,True,2.0,2.0,Hull City,0.0,0.0,0.0,0.0,14,0,2,7547,4020,Hull City (Away)
D.Essugo,MID,Chelsea,4.5,0.1,0.0,u,0,0,0,0,0,0,0,0.00,0.00,0.00,0.00,0,0,0,0,0,0,0,True,2.0,2.0,Hull City,0.0,0.0,0.0,0.0,0,0,0,0,4174,Hull City (Away)
Quenda,MID,Chelsea,5.3,0.0,0.2,a,0,0,0,0,0,0,0,0.00,0.00,0.00,0.09,0,0,0,0,0,0,0,True,2.0,2.0,Hull City,0.0,0.0,0.0,0.0,0,0,0,154,671,Hull City (Away)
João Pedro,FWD,Chelsea,7.8,74.7,8.2,a,90,1,1,0,2,3,3,0.19,2.17,2.36,6.17,0,0,0,0,0,0,1,True,2.0,2.0,Hull City,0.0,0.0,0.0,0.0,44,3,12,401634,104757,Hull City (Away)
Marc Guiu,FWD,Chelsea,5.0,0.2,0.0,u,0,0,0,0,0,0,0,0.00,0.00,0.00,0.00,0,0,0,0,0,0,0,True,2.0,2.0,Hull City,0.0,0.0,0.0,0.0,0,0,0,0,8710,Hull City (Away)
Mheuka,FWD,Chelsea,4.5,0.4,0.0,a,0,0,0,0,0,0,0,0.00,0.00,0.00,0.00,0,0,0,0,0,0,0,True,2.0,2.0,Hull City,0.0,0.0,0.0,0.0,0,0,0,6884,5732,Hull City (Away)
Emegha,FWD,Chelsea,5.0,0.1,0.0,i,0,0,0,0,0,0,0,0.00,0.00,0.00,0.00,0,0,0,0,0,0,0,True,2.0,2.0,Hull City,0.0,0.0,0.0,0.0,0,0,0,1719,3144,Hull City (Away)
Lacroix,DEF,Chelsea,6.0,7.7,2.5,a,4,0,0,0,0,0,1,0.21,0.02,0.23,5.28,0,0,0,0,0,0,0,True,2.0,2.0,Hull City,0.0,0.0,0.0,0.0,4,0,1,60756,79879,Hull City (Away)
Penders,GKP,Chelsea,4.4,0.1,0.0,a,0,0,0,0,0,0,0,0.00,0.00,0.00,0.00,0,0,0,0,0,0,0,True,2.0,2.0,Hull City,0.0,0.0,0.0,0.0,0,0,0,321,803,Hull City (Away)
Anselmino,DEF,Chelsea,4.5,0.0,0.0,a,0,0,0,0,0,0,0,0.00,0.00,0.00,0.00,0,0,0,0,0,0,0,True,2.0,2.0,Hull City,0.0,0.0,0.0,0.0,0,0,0,222,212,Hull City (Away)
Barco,MID,Chelsea,5.5,0.1,0.2,a,21,0,0,0,0,0,0,0.09,0.04,0.13,0.61,0,0,0,0,1,0,0,True,2.0,2.0,Hull City,0.0,0.0,0.0,0.0,7,0,0,863,1454,Hull City (Away)
Chavarria,DEF,Chelsea,4.9,0.2,1.0,a,45,0,0,0,0,0,0,0.03,0.00,0.03,1.45,0,0,0,0,0,0,0,True,2.0,2.0,Hull City,0.0,0.0,0.0,0.0,4,0,1,686,2297,Hull City (Away)
Pinnock,DEF,Coventry City,4.5,0.1,1.5,a,90,0,0,0,5,0,0,0.00,0.12,0.12,5.47,0,0,0,0,0,0,1,True,0.0,5.0,Brighton,0.0,0.0,0.0,0.0,-11,0,2,688,770,Brighton (Away)
Onyeka,MID,Coventry City,4.9,0.1,1.5,a,72,0,0,0,3,0,0,0.02,0.03,0.05,5.21,0,0,0,0,0,0,1,True,0.0,5.0,Brighton,0.0,0.0,0.0,0.0,11,0,2,629,1713,Brighton (Away)
Rushworth,GKP,Coventry City,4.5,0.9,1.2,a,90,0,0,2,5,0,0,0.02,0.00,0.02,7.53,0,0,0,0,0,0,1,True,0.0,5.0,Brighton,0.0,0.0,0.0,0.0,-5,0,0,5350,16687,Brighton (Away)
Dovin,GKP,Coventry City,4.0,1.1,0.0,u,0,0,0,0,0,0,0,0.00,0.00,0.00,0.00,0,0,0,0,0,0,0,True,0.0,5.0,Brighton,0.0,0.0,0.0,0.0,0,0,0,0,18083,Brighton (Away)
Wilson,GKP,Coventry City,4.5,0.4,0.0,a,0,0,0,0,0,0,0,0.00,0.00,0.00,0.00,0,0,0,0,0,0,0,True,0.0,5.0,Brighton,0.0,0.0,0.0,0.0,0,0,0,242,2314,Brighton (Away)
Thomas,DEF,Coventry City,4.0,9.1,3.8,a,90,0,0,0,5,0,0,0.26,0.43,0.69,6.99,0,0,0,0,0,0,1,True,0.0,5.0,Brighton,0.0,0.0,0.0,0.0,-17,0,0,154241,83266,Brighton (Away)
Kitching,DEF,Coventry City,4.0,0.4,0.0,u,0,0,0,0,0,0,0,0.00,0.00,0.00,0.00,0,0,0,0,0,0,0,True,0.0,5.0,Brighton,0.0,0.0,0.0,0.0,0,0,0,0,10533,Brighton (Away)
van Ewijk,DEF,Coventry City,4.0,10.3,1.5,a,90,0,0,0,5,0,0,0.30,0.00,0.30,7.53,0,0,0,0,0,0,1,True,0.0,5.0,Brighton,0.0,0.0,0.0,0.0,-5,0,0,32583,138909,Brighton (Away)
Dasilva,DEF,Coventry City,4.0,0.7,1.2,a,90,0,0,0,5,0,0,0.48,0.18,0.66,7.53,0,0,0,0,0,0,1,True,0.0,5.0,Brighton,0.0,0.0,0.0,0.0,-7,0,0,2492,4813,Brighton (Away)
Kesler-Hayden,DEF,Coventry City,4.0,0.0,0.0,i,0,0,0,0,0,0,0,0.00,0.00,0.00,0.00,0,0,0,0,0,0,0,True,0.0,5.0,Brighton,0.0,0.0,0.0,0.0,0,0,0,114,710,Brighton (Away)
Bidwell,DEF,Coventry City,4.0,0.1,0.0,a,0,0,0,0,0,0,0,0.00,0.00,0.00,0.00,0,0,0,0,0,0,0,True,0.0,5.0,Brighton,0.0,0.0,0.0,0.0,0,0,0,645,805,Brighton (Away)
Latibeaudiere,DEF,Coventry City,4.0,0.0,0.0,a,0,0,0,0,0,0,0,0.00,0.00,0.00,0.00,0,0,0,0,0,0,0,True,0.0,5.0,Brighton,0.0,0.0,0.0,0.0,0,0,0,277,378,Brighton (Away)
Woolfenden,DEF,Coventry City,4.0,0.1,0.0,i,0,0,0,0,0,0,0,0.00,0.00,0.00,0.00,0,0,0,0,0,0,0,True,0.0,5.0,Brighton,0.0,0.0,0.0,0.0,0,0,0,375,1822,Brighton (Away)
Brau,DEF,Coventry City,4.0,0.0,0.0,u,0,0,0,0,0,0,0,0.00,0.00,0.00,0.00,0,0,0,0,0,0,0,True,0.0,5.0,Brighton,0.0,0.0,0.0,0.0,0,0,0,0,477,Brighton (Away)
Amenda,DEF,Coventry City,4.0,0.7,1.0,a,90,0,0,0,5,0,0,0.39,0.02,0.41,7.53,0,0,0,0,0,0,1,True,0.0,5.0,Brighton,0.0,0.0,0.0,0.0,-12,0,0,3596,5631,Brighton (Away)
Rudoni,MID,Coventry City,5.0,0.1,2.0,a,72,0,0,0,3,0,0,0.91,0.83,1.74,3.64,0,0,0,0,0,0,1,True,0.0,5.0,Brighton,0.0,0.0,0.0,0.0,11,0,2,965,1777,Brighton (Away)
Grimes,MID,Coventry City,4.9,0.1,2.0,a,83,0,0,0,4,0,0,0.07,0.10,0.17,7.32,0,0,0,0,0,0,1,True,0.0,5.0,Brighton,0.0,0.0,0.0,0.0,9,0,2,532,2633,Brighton (Away)
Sakamoto,MID,Coventry City,4.9,0.1,0.2,a,0,0,0,0,0,0,0,0.02,0.02,0.04,0.69,0,0,0,0,0,0,0,True,0.0,5.0,Brighton,0.0,0.0,0.0,0.0,0,0,0,207,1182,Brighton (Away)
Mason-Clark,MID,Coventry City,5.4,0.1,1.0,a,59,0,0,0,2,0,0,0.07,0.49,0.56,2.56,0,0,0,0,0,0,1,True,0.0,5.0,Brighton,0.0,0.0,0.0,0.0,5,0,1,222,1002,Brighton (Away)
Eccles,MID,Coventry City,4.9,0.0,0.0,i,0,0,0,0,0,0,0,0.00,0.00,0.00,0.00,0,0,0,0,0,0,0,True,0.0,5.0,Brighton,0.0,0.0,0.0,0.0,0,0,0,93,342,Brighton (Away)
Torp,MID,Coventry City,5.4,0.1,0.8,a,6,0,0,0,1,0,0,0.12,0.00,0.12,1.22,0,0,0,0,0,0,0,True,0.0,5.0,Brighton,0.0,0.0,0.0,0.0,3,0,1,52,1594,Brighton (Away)
Shepherd,MID,Coventry City,4.5,0.2,0.0,a,0,0,0,0,0,0,0,0.00,0.00,0.00,0.00,0,0,0,0,0,0,0,True,0.0,5.0,Brighton,0.0,0.0,0.0,0.0,0,0,0,1302,3002,Brighton (Away)
Tchaouna,MID,Coventry City,5.4,0.1,1.0,a,0,0,0,0,0,0,0,0.18,0.19,0.37,2.73,0,0,0,0,0,0,0,True,0.0,5.0,Brighton,0.0,0.0,0.0,0.0,0,0,0,187,1577,Brighton (Away)
Borges Rodrigues,MID,Coventry City,4.5,0.1,0.0,u,0,0,0,0,0,0,0,0.00,0.00,0.00,0.00,0,0,0,0,0,0,0,True,0.0,5.0,Brighton,0.0,0.0,0.0,0.0,0,0,0,0,3328,Brighton (Away)
Andrews,MID,Coventry City,4.5,0.3,0.0,u,0,0,0,0,0,0,0,0.00,0.00,0.00,0.00,0,0,0,0,0,0,0,True,0.0,5.0,Brighton,0.0,0.0,0.0,0.0,0,0,0,0,8343,Brighton (Away)
Wright,FWD,Coventry City,5.4,0.1,0.0,i,0,0,0,0,0,0,0,0.00,0.00,0.00,0.00,0,0,0,0,0,0,0,True,0.0,5.0,Brighton,0.0,0.0,0.0,0.0,0,0,0,117,1906,Brighton (Away)
Thomas-Asante,FWD,Coventry City,5.0,0.8,1.2,a,17,0,0,0,2,0,0,0.05,0.21,0.26,3.88,0,0,0,0,0,0,0,True,0.0,5.0,Brighton,0.0,0.0,0.0,0.0,7,0,1,11154,12674,Brighton (Away)
Simms,FWD,Coventry City,5.0,0.8,0.8,a,0,0,0,0,0,0,0,0.01,0.30,0.31,2.55,0,0,0,0,0,0,0,True,0.0,5.0,Brighton,0.0,0.0,0.0,0.0,0,0,0,5606,14189,Brighton (Away)
Markelo,FWD,Coventry City,5.0,0.0,0.0,u,0,0,0,0,0,0,0,0.00,0.00,0.00,0.00,0,0,0,0,0,0,0,True,0.0,5.0,Brighton,0.0,0.0,0.0,0.0,0,0,0,0,136,Brighton (Away)
Bassette,FWD,Coventry City,4.5,0.0,0.0,u,0,0,0,0,0,0,0,0.00,0.00,0.00,0.00,0,0,0,0,0,0,0,True,0.0,5.0,Brighton,0.0,0.0,0.0,0.0,0,0,0,0,350,Brighton (Away)
Awoniyi,FWD,Coventry City,5.5,0.6,0.8,s,52,0,0,0,5,0,0,0.04,1.30,1.34,3.55,0,0,0,0,0,1,1,True,0.0,5.0,Brighton,0.0,0.0,0.0,0.0,-5,0,-2,7191,10299,Brighton (Away)
Yirenkyi,MID,Coventry City,4.9,0.2,1.5,a,17,0,0,0,2,0,0,0.14,0.03,0.17,3.17,0,0,0,0,0,0,0,True,0.0,5.0,Brighton,0.0,0.0,0.0,0.0,3,0,1,641,3130,Brighton (Away)
Hamer,MID,Coventry City,5.4,0.1,0.8,a,0,0,0,0,0,0,0,0.02,0.00,0.02,0.82,0,0,0,0,0,0,0,True,0.0,5.0,Brighton,0.0,0.0,0.0,0.0,0,0,0,147,1289,Brighton (Away)
Cherif,FWD,Coventry City,5.0,0.1,0.2,a,30,0,0,0,3,0,0,0.00,0.00,0.00,1.43,0,0,0,0,0,0,0,True,0.0,5.0,Brighton,0.0,0.0,0.0,0.0,3,0,1,1323,1604,Brighton (Away)
Bentley,GKP,Coventry City,4.0,0.5,0.0,a,0,0,0,0,0,0,0,0.00,0.00,0.00,0.00,0,0,0,0,0,0,0,True,0.0,5.0,Brighton,0.0,0.0,0.0,0.0,0,0,0,36983,11094,Brighton (Away)
Gboho,MID,Coventry City,5.5,0.0,0.0,a,0,0,0,0,0,0,0,0.00,0.00,0.00,0.00,0,0,0,0,0,0,0,True,0.0,5.0,Brighton,0.0,0.0,0.0,0.0,0,0,0,65,7,Brighton (Away)
Mfuni,DEF,Coventry City,4.0,0.1,0.0,a,0,0,0,0,0,0,0,0.00,0.00,0.00,0.00,0,0,0,0,0,0,0,True,0.0,5.0,Brighton,0.0,0.0,0.0,0.0,0,0,0,2811,267,Brighton (Away)
Guessand,MID,Crystal Palace,5.5,0.0,0.5,a,0,0,0,0,0,0,0,0.03,0.03,0.06,0.34,0,0,0,0,0,0,0,True,2.0,3.0,Ipswich Town,0.0,0.0,0.0,0.0,0,0,0,935,968,Ipswich Town (Away)
Disasi,DEF,Crystal Palace,4.5,0.1,0.2,s,33,0,0,0,3,0,0,0.04,0.00,0.04,3.72,0,0,0,0,0,1,1,True,2.0,3.0,Ipswich Town,0.0,0.0,0.0,0.0,-18,0,-3,7208,2487,Ipswich Town (Away)
Henderson,GKP,Crystal Palace,5.0,1.8,1.2,i,0,0,0,0,0,0,0,0.00,0.00,0.00,6.47,0,0,0,0,0,0,0,True,2.0,3.0,Ipswich Town,0.0,0.0,0.0,0.0,0,0,0,34005,16877,Ipswich Town (Away)
Benitez,GKP,Crystal Palace,4.5,0.1,0.5,a,90,0,0,3,3,0,0,0.00,0.00,0.00,1.68,0,0,0,0,0,0,1,True,2.0,3.0,Ipswich Town,0.0,0.0,0.0,0.0,3,0,2,563,952,Ipswich Town (Away)
Richards,DEF,Crystal Palace,5.0,0.7,1.5,a,90,0,0,0,3,0,0,0.06,0.08,0.14,8.15,0,0,0,0,1,0,1,True,2.0,3.0,Ipswich Town,0.0,0.0,0.0,0.0,2,0,2,9105,8608,Ipswich Town (Away)
Canvot,DEF,Crystal Palace,4.9,0.2,0.5,a,0,0,0,0,0,0,0,0.01,0.05,0.06,6.47,0,0,0,0,0,0,0,True,2.0,3.0,Ipswich Town,0.0,0.0,0.0,0.0,0,0,0,2554,4148,Ipswich Town (Away)
Mitchell,DEF,Crystal Palace,4.5,6.5,4.2,a,76,0,0,0,2,2,0,0.24,0.77,1.01,7.03,0,0,0,0,0,0,1,True,2.0,3.0,Ipswich Town,0.0,0.0,0.0,0.0,6,0,1,259738,46760,Ipswich Town (Away)
Sosa,DEF,Crystal Palace,4.5,0.0,0.0,u,0,0,0,0,0,0,0,0.00,0.00,0.00,0.00,0,0,0,0,0,0,0,True,2.0,3.0,Ipswich Town,0.0,0.0,0.0,0.0,0,0,0,0,639,Ipswich Town (Away)
Chadi Riad,DEF,Crystal Palace,4.4,0.0,0.2,i,0,0,0,0,0,0,0,0.01,0.00,0.01,0.98,0,0,0,0,0,0,0,True,2.0,3.0,Ipswich Town,0.0,0.0,0.0,0.0,0,0,0,58,709,Ipswich Town (Away)
Mingueza,DEF,Crystal Palace,4.4,0.1,0.5,a,0,0,0,0,0,0,0,0.00,0.00,0.00,0.33,0,0,0,0,0,0,0,True,2.0,3.0,Ipswich Town,0.0,0.0,0.0,0.0,0,0,0,691,1007,Ipswich Town (Away)
Sarr,MID,Crystal Palace,6.2,0.7,0.0,i,0,0,0,0,0,0,0,0.00,0.00,0.00,0.00,0,0,0,0,0,0,0,True,2.0,3.0,Ipswich Town,0.0,0.0,0.0,0.0,0,0,0,179,37056,Ipswich Town (Away)
Wharton,MID,Crystal Palace,5.5,0.8,2.5,a,76,0,0,0,2,0,0,0.36,0.08,0.44,7.60,0,0,0,0,0,0,1,True,2.0,3.0,Ipswich Town,0.0,0.0,0.0,0.0,13,0,2,8794,10595,Ipswich Town (Away)
Yeremy,MID,Crystal Palace,5.5,0.5,3.0,a,36,0,0,0,1,0,2,0.40,0.36,0.76,5.67,0,0,0,0,0,0,1,True,2.0,3.0,Ipswich Town,0.0,0.0,0.0,0.0,4,0,1,36851,9196,Ipswich Town (Away)
Hughes,MID,Crystal Palace,4.5,8.2,0.5,a,13,0,0,0,1,0,0,0.04,0.00,0.04,1.12,0,0,0,0,0,0,0,True,2.0,3.0,Ipswich Town,0.0,0.0,0.0,0.0,6,0,1,26618,113889,Ipswich Town (Away)
Lerma,MID,Crystal Palace,4.9,0.1,0.2,a,6,0,0,0,1,0,0,0.00,0.00,0.00,0.48,0,0,0,0,0,0,0,True,2.0,3.0,Ipswich Town,0.0,0.0,0.0,0.0,3,0,1,327,1133,Ipswich Town (Away)
Kamada,MID,Crystal Palace,5.0,0.5,4.5,a,83,0,2,0,2,0,3,0.35,0.05,0.40,7.54,0,0,0,0,0,0,1,True,2.0,3.0,Ipswich Town,0.0,0.0,0.0,0.0,30,0,8,18109,6124,Ipswich Town (Away)
Devenny,MID,Crystal Palace,5.0,0.0,0.0,u,0,0,0,0,0,0,0,0.00,0.00,0.00,0.00,0,0,0,0,0,0,0,True,2.0,3.0,Ipswich Town,0.0,0.0,0.0,0.0,0,0,0,0,276,Ipswich Town (Away)
Esse,MID,Crystal Palace,5.0,0.0,0.0,u,0,0,0,0,0,0,0,0.00,0.00,0.00,0.00,0,0,0,0,0,0,0,True,2.0,3.0,Ipswich Town,0.0,0.0,0.0,0.0,0,0,0,0,963,Ipswich Town (Away)
M.França,MID,Crystal Palace,4.9,0.0,0.0,u,0,0,0,0,0,0,0,0.00,0.00,0.00,0.00,0,0,0,0,0,0,0,True,2.0,3.0,Ipswich Town,0.0,0.0,0.0,0.0,0,0,0,57,787,Ipswich Town (Away)
Doucouré,MID,Crystal Palace,4.9,0.1,0.0,a,0,0,0,0,0,0,0,0.00,0.00,0.00,0.00,0,0,0,0,0,0,0,True,2.0,3.0,Ipswich Town,0.0,0.0,0.0,0.0,0,0,0,470,938,Ipswich Town (Away)
J.Rak-Sakyi,MID,Crystal Palace,4.9,0.0,0.0,u,0,0,0,0,0,0,0,0.00,0.00,0.00,0.00,0,0,0,0,0,0,0,True,2.0,3.0,Ipswich Town,0.0,0.0,0.0,0.0,0,0,0,55,140,Ipswich Town (Away)
Cardines,DEF,Crystal Palace,4.5,0.0,0.0,u,0,0,0,0,0,0,0,0.00,0.00,0.00,0.00,0,0,0,0,0,0,0,True,2.0,3.0,Ipswich Town,0.0,0.0,0.0,0.0,0,0,0,0,13,Ipswich Town (Away)
Drakes-Thomas,MID,Crystal Palace,4.5,0.1,0.0,a,0,0,0,0,0,0,0,0.00,0.00,0.00,0.00,0,0,0,0,0,0,0,True,2.0,3.0,Ipswich Town,0.0,0.0,0.0,0.0,0,0,0,850,1076,Ipswich Town (Away)
Strand Larsen,FWD,Crystal Palace,6.0,0.6,3.0,a,83,1,0,0,2,1,0,0.03,0.39,0.42,4.89,0,0,0,0,0,0,1,True,2.0,3.0,Ipswich Town,0.0,0.0,0.0,0.0,39,2,8,21000,9640,Ipswich Town (Away)
Mateta,FWD,Crystal Palace,6.3,1.6,0.5,i,0,0,0,0,0,0,0,0.02,0.70,0.72,0.98,0,0,0,0,0,0,0,True,2.0,3.0,Ipswich Town,0.0,0.0,0.0,0.0,0,0,0,343,72992,Ipswich Town (Away)
Nketiah,FWD,Crystal Palace,5.5,0.7,1.8,d,0,0,0,0,0,0,1,0.58,1.10,1.68,4.45,0,0,0,0,0,0,0,True,2.0,3.0,Ipswich Town,0.0,0.0,0.0,0.0,0,0,0,29818,9604,Ipswich Town (Away)
Uche,FWD,Crystal Palace,5.0,0.0,0.0,u,0,0,0,0,0,0,0,0.00,0.00,0.00,0.00,0,0,0,0,0,0,0,True,2.0,3.0,Ipswich Town,0.0,0.0,0.0,0.0,0,0,0,0,0,Ipswich Town (Away)
McNeil,MID,Crystal Palace,5.4,0.1,0.8,a,0,0,0,0,0,0,0,0.02,0.05,0.07,1.18,0,0,0,0,0,0,0,True,2.0,3.0,Ipswich Town,0.0,0.0,0.0,0.0,0,0,0,510,1860,Ipswich Town (Away)
Matthews,GKP,Crystal Palace,4.0,1.7,0.0,a,0,0,0,0,0,0,0,0.00,0.00,0.00,0.00,0,0,0,0,0,0,0,True,2.0,3.0,Ipswich Town,0.0,0.0,0.0,0.0,0,0,0,5212,7749,Ipswich Town (Away)
Tomiyasu,DEF,Crystal Palace,4.5,0.3,0.5,a,53,0,0,0,2,0,0,0.02,0.00,0.02,3.44,0,0,0,0,0,0,0,True,2.0,3.0,Ipswich Town,0.0,0.0,0.0,0.0,6,0,0,625,3199,Ipswich Town (Away)
Khalaili,DEF,Crystal Palace,5.0,0.3,3.2,a,90,1,0,0,3,1,0,0.31,0.96,1.27,7.10,0,0,0,0,0,0,1,True,2.0,3.0,Ipswich Town,0.0,0.0,0.0,0.0,4,0,7,22369,5347,Ipswich Town (Away)
Gozo,MID,Crystal Palace,5.0,0.0,0.5,a,6,0,0,0,1,0,0,0.00,0.00,0.00,0.68,0,0,0,0,0,0,0,True,2.0,3.0,Ipswich Town,0.0,0.0,0.0,0.0,3,0,1,110,198,Ipswich Town (Away)
Ahanor,DEF,Crystal Palace,4.5,0.0,1.5,a,90,0,0,0,3,0,0,0.01,0.00,0.01,1.68,0,0,0,0,0,0,1,True,2.0,3.0,Ipswich Town,0.0,0.0,0.0,0.0,10,0,3,848,180,Ipswich Town (Away)
Chilwell,DEF,Crystal Palace,4.5,0.5,4.0,a,13,0,0,0,1,1,0,0.01,0.27,0.28,1.12,0,0,0,0,0,0,0,True,2.0,3.0,Ipswich Town,0.0,0.0,0.0,0.0,1,0,1,38522,5669,Ipswich Town (Away)
Timber,MID,Crystal Palace,5.0,0.0,3.0,a,90,0,0,0,3,0,0,0.03,0.12,0.15,4.25,0,0,0,0,0,0,1,True,2.0,3.0,Ipswich Town,0.0,0.0,0.0,0.0,24,0,4,1757,464,Ipswich Town (Away)
Osorio,MID,Crystal Palace,5.5,0.0,0.5,a,0,0,0,0,0,0,0,0.00,0.00,0.00,0.13,0,0,0,0,0,0,0,True,2.0,3.0,Ipswich Town,0.0,0.0,0.0,0.0,0,0,0,378,115,Ipswich Town (Away)
Nørgaard,MID,Everton,4.9,0.0,0.0,i,0,0,0,0,0,0,0,0.00,0.00,0.00,0.00,0,0,0,0,0,0,0,False,0.0,0.0,Spurs,0.0,0.0,0.0,0.0,0,0,0,83,1282,Spurs (Home)
Johnson,MID,Everton,5.9,0.1,1.5,a,74,0,0,0,0,0,0,0.22,0.21,0.43,2.67,1,0,0,0,0,0,1,False,0.0,0.0,Spurs,0.0,0.0,0.0,0.0,13,0,3,1069,2197,Spurs (Home)
Pickford,GKP,Everton,5.5,8.7,4.2,a,90,0,0,2,0,0,0,0.02,0.00,0.02,5.50,1,0,0,0,0,0,1,False,0.0,0.0,Spurs,0.0,0.0,0.0,0.0,25,0,6,69771,68979,Spurs (Home)
Travers,GKP,Everton,5.0,0.0,0.0,a,0,0,0,0,0,0,0,0.00,0.00,0.00,0.00,0,0,0,0,0,0,0,False,0.0,0.0,Spurs,0.0,0.0,0.0,0.0,0,0,0,410,439,Spurs (Home)
King,GKP,Everton,4.5,0.0,0.0,a,0,0,0,0,0,0,0,0.00,0.00,0.00,0.00,0,0,0,0,0,0,0,False,0.0,0.0,Spurs,0.0,0.0,0.0,0.0,0,0,0,278,378,Spurs (Home)
Tarkowski,DEF,Everton,6.1,12.6,7.2,a,90,0,0,0,0,1,0,0.03,0.17,0.20,5.50,1,0,0,0,0,0,1,False,0.0,0.0,Spurs,0.0,0.0,0.0,0.0,32,2,8,163569,91762,Spurs (Home)
Branthwaite,DEF,Everton,5.5,2.0,4.8,a,90,0,0,0,0,0,0,0.02,0.17,0.19,5.50,1,0,0,0,0,0,1,False,0.0,0.0,Spurs,0.0,0.0,0.0,0.0,27,0,6,35472,20969,Spurs (Home)
Keane,DEF,Everton,4.8,0.8,0.0,a,0,0,0,0,0,0,0,0.00,0.00,0.00,0.00,0,0,0,0,0,0,0,False,0.0,0.0,Spurs,0.0,0.0,0.0,0.0,0,0,0,1268,16701,Spurs (Home)
O'Brien,DEF,Everton,4.9,0.3,0.2,a,15,0,0,0,0,0,0,0.00,0.00,0.00,0.26,0,0,0,0,0,0,0,False,0.0,0.0,Spurs,0.0,0.0,0.0,0.0,2,0,1,666,4529,Spurs (Home)
Mykolenko,DEF,Everton,4.5,2.6,5.5,a,90,0,0,0,0,0,0,0.14,0.00,0.14,5.50,1,0,0,0,0,0,1,False,0.0,0.0,Spurs,0.0,0.0,0.0,0.0,38,3,11,70682,37005,Spurs (Home)
Patterson,DEF,Everton,4.5,0.0,0.0,u,0,0,0,0,0,0,0,0.00,0.00,0.00,0.00,0,0,0,0,0,0,0,False,0.0,0.0,Spurs,0.0,0.0,0.0,0.0,0,0,0,0,744,Spurs (Home)
Aznou,DEF,Everton,4.0,0.1,0.0,u,0,0,0,0,0,0,0,0.00,0.00,0.00,0.00,0,0,0,0,0,0,0,False,0.0,0.0,Spurs,0.0,0.0,0.0,0.0,0,0,0,0,3078,Spurs (Home)
Dewsbury-Hall,MID,Everton,6.5,4.8,4.2,a,90,0,0,0,0,1,0,0.49,0.62,1.11,5.46,1,0,0,0,1,0,1,False,0.0,0.0,Spurs,0.0,0.0,0.0,0.0,16,0,2,141140,99920,Spurs (Home)
Grealish,MID,Everton,6.5,0.4,0.8,a,25,0,0,0,0,0,0,0.14,0.02,0.16,0.61,0,0,0,0,0,0,0,False,0.0,0.0,Spurs,0.0,0.0,0.0,0.0,4,0,1,16008,6311,Spurs (Home)
Garner,MID,Everton,6.0,0.1,2.0,a,90,0,0,0,0,0,0,0.13,0.04,0.17,2.01,1,0,0,0,1,0,1,False,0.0,0.0,Spurs,0.0,0.0,0.0,0.0,23,0,4,2679,3703,Spurs (Home)
George,MID,Everton,5.5,0.7,4.5,a,64,0,0,0,0,1,0,0.31,0.32,0.63,3.33,1,0,0,0,0,0,1,False,0.0,0.0,Spurs,0.0,0.0,0.0,0.0,13,0,3,50072,13425,Spurs (Home)
Alcaraz,MID,Everton,4.9,0.1,0.2,a,0,0,0,0,0,0,0,0.02,0.05,0.07,0.04,0,0,0,0,0,0,0,False,0.0,0.0,Spurs,0.0,0.0,0.0,0.0,0,0,0,594,1325,Spurs (Home)
Armstrong,MID,Everton,5.0,0.4,3.5,a,90,0,0,0,0,0,1,0.12,0.09,0.21,5.50,1,0,0,0,0,0,1,False,0.0,0.0,Spurs,0.0,0.0,0.0,0.0,6,0,3,12956,8851,Spurs (Home)
Dibling,MID,Everton,5.4,0.0,0.0,a,0,0,0,0,0,0,0,0.00,0.00,0.00,0.00,0,0,0,0,0,0,0,False,0.0,0.0,Spurs,0.0,0.0,0.0,0.0,0,0,0,210,505,Spurs (Home)
Röhl,MID,Everton,4.9,0.0,1.5,a,0,0,0,0,0,0,0,0.20,0.00,0.20,4.52,0,0,0,0,0,0,0,False,0.0,0.0,Spurs,0.0,0.0,0.0,0.0,0,0,0,572,1041,Spurs (Home)
Hackney,MID,Everton,5.5,0.2,2.2,a,15,0,0,0,0,0,1,0.13,0.05,0.18,3.75,0,0,0,0,0,0,0,False,0.0,0.0,Spurs,0.0,0.0,0.0,0.0,3,0,1,1482,1962,Spurs (Home)
Beto,FWD,Everton,5.4,0.8,0.5,u,0,0,0,0,0,0,0,0.00,0.09,0.09,1.92,0,0,0,0,0,0,0,False,0.0,0.0,Spurs,0.0,0.0,0.0,0.0,0,0,0,0,62064,Spurs (Home)
Barry,FWD,Everton,5.6,6.4,3.5,a,90,0,0,0,0,1,0,0.14,2.98,3.12,3.58,1,0,0,0,0,0,1,False,0.0,0.0,Spurs,0.0,0.0,0.0,0.0,5,0,2,273770,120075,Spurs (Home)
Maitland-Niles,DEF,Everton,4.5,0.5,6.5,a,74,0,0,0,0,1,0,0.14,0.06,0.20,0.72,1,0,0,0,0,0,1,False,0.0,0.0,Spurs,0.0,0.0,0.0,0.0,23,0,6,18405,3702,Spurs (Home)
Graham,MID,Everton,4.5,0.1,0.0,a,0,0,0,0,0,0,0,0.00,0.00,0.00,0.00,0,0,0,0,0,0,0,False,0.0,0.0,Spurs,0.0,0.0,0.0,0.0,0,0,0,9461,2061,Spurs (Home)
Leno,GKP,Fulham,4.5,3.0,3.8,a,90,0,0,3,0,0,0,0.00,0.00,0.00,7.51,1,0,0,0,0,0,1,False,0.0,0.0,Liverpool,0.0,0.0,0.0,0.0,29,2,9,19790,35024,Liverpool (Home)
Lecomte,GKP,Fulham,4.0,1.1,0.0,a,0,0,0,0,0,0,0,0.00,0.00,0.00,0.00,0,0,0,0,0,0,0,False,0.0,0.0,Liverpool,0.0,0.0,0.0,0.0,0,0,0,8151,7170,Liverpool (Home)
McNally,GKP,Fulham,4.0,0.1,0.0,u,0,0,0,0,0,0,0,0.00,0.00,0.00,0.00,0,0,0,0,0,0,0,False,0.0,0.0,Liverpool,0.0,0.0,0.0,0.0,0,0,0,0,1879,Liverpool (Home)
Andersen,DEF,Fulham,5.0,0.1,0.5,a,0,0,0,0,0,0,0,0.10,0.00,0.10,3.99,0,0,0,0,0,0,0,False,0.0,0.0,Liverpool,0.0,0.0,0.0,0.0,0,0,0,1887,3265,Liverpool (Home)
Robinson,DEF,Fulham,4.5,1.4,2.5,a,90,0,0,0,0,0,0,0.21,0.26,0.47,7.48,1,0,0,0,0,0,1,False,0.0,0.0,Liverpool,0.0,0.0,0.0,0.0,25,0,6,4729,26085,Liverpool (Home)
J.Cuenca,DEF,Fulham,4.5,0.0,0.8,a,0,0,0,0,0,0,0,0.03,0.00,0.03,2.24,0,0,0,0,0,0,0,False,0.0,0.0,Liverpool,0.0,0.0,0.0,0.0,0,0,0,104,613,Liverpool (Home)
Tete,DEF,Fulham,4.4,0.2,0.0,a,27,0,0,0,0,0,0,0.00,0.00,0.00,0.65,0,0,0,0,1,0,0,False,0.0,0.0,Liverpool,0.0,0.0,0.0,0.0,-1,0,0,237,2295,Liverpool (Home)
Bassey,DEF,Fulham,4.5,0.7,2.2,a,90,0,0,0,0,0,0,0.07,0.07,0.14,7.51,1,0,0,0,0,0,1,False,0.0,0.0,Liverpool,0.0,0.0,0.0,0.0,27,0,6,2294,10216,Liverpool (Home)
Castagne,DEF,Fulham,4.5,0.8,4.8,a,71,0,0,0,0,0,2,0.38,0.67,1.05,5.21,1,0,0,0,0,0,1,False,0.0,0.0,Liverpool,0.0,0.0,0.0,0.0,23,0,6,6203,17661,Liverpool (Home)
Iwobi,MID,Fulham,5.4,0.7,2.2,a,76,0,0,0,0,0,0,0.81,0.20,1.01,7.04,1,0,0,0,0,0,1,False,0.0,0.0,Liverpool,0.0,0.0,0.0,0.0,15,0,3,2396,16515,Liverpool (Home)
Smith Rowe,MID,Fulham,5.4,0.3,0.8,a,13,0,0,0,0,0,0,0.02,0.06,0.08,0.87,0,0,0,0,0,0,0,False,0.0,0.0,Liverpool,0.0,0.0,0.0,0.0,3,0,1,777,4894,Liverpool (Home)
Kevin,MID,Fulham,5.3,0.0,0.8,a,18,0,0,0,0,0,0,0.12,0.03,0.15,0.74,0,0,0,0,0,0,0,False,0.0,0.0,Liverpool,0.0,0.0,0.0,0.0,4,0,1,236,1062,Liverpool (Home)
Bobb,MID,Fulham,5.5,0.3,2.5,a,62,0,0,0,0,0,0,1.05,0.32,1.37,5.07,1,0,0,0,0,0,1,False,0.0,0.0,Liverpool,0.0,0.0,0.0,0.0,12,0,3,2106,6238,Liverpool (Home)
Berge,MID,Fulham,4.9,0.3,2.0,a,90,0,0,0,0,0,0,0.34,0.03,0.37,6.18,1,0,0,0,0,0,1,False,0.0,0.0,Liverpool,0.0,0.0,0.0,0.0,14,0,3,748,5043,Liverpool (Home)
Cairney,MID,Fulham,5.0,0.0,0.0,i,0,0,0,0,0,0,0,0.00,0.00,0.00,0.00,0,0,0,0,0,0,0,False,0.0,0.0,Liverpool,0.0,0.0,0.0,0.0,0,0,0,50,53,Liverpool (Home)
King,MID,Fulham,5.5,1.4,5.5,a,76,0,0,0,0,2,0,0.43,1.16,1.59,7.04,1,0,0,0,0,0,1,False,0.0,0.0,Liverpool,0.0,0.0,0.0,0.0,19,0,3,81597,34482,Liverpool (Home)
Sessegnon,DEF,Fulham,4.4,0.3,0.8,a,0,0,0,0,0,0,0,0.44,0.13,0.57,1.80,0,0,0,0,0,0,0,False,0.0,0.0,Liverpool,0.0,0.0,0.0,0.0,0,0,0,369,4551,Liverpool (Home)
Reed,MID,Fulham,4.4,1.1,0.0,a,0,0,0,0,0,0,0,0.00,0.00,0.00,0.00,0,0,0,0,0,0,0,False,0.0,0.0,Liverpool,0.0,0.0,0.0,0.0,0,0,0,3620,16001,Liverpool (Home)
Muniz,FWD,Fulham,5.4,0.4,0.8,a,13,0,0,0,0,0,0,0.00,0.40,0.40,0.49,0,0,0,0,0,0,0,False,0.0,0.0,Liverpool,0.0,0.0,0.0,0.0,4,0,1,3624,7896,Liverpool (Home)
Kusi-Asare,FWD,Fulham,4.5,6.0,0.0,a,0,0,0,0,0,0,0,0.00,0.00,0.00,0.00,0,0,0,0,0,0,0,False,0.0,0.0,Liverpool,0.0,0.0,0.0,0.0,0,0,0,35011,80739,Liverpool (Home)
Gonzalo,FWD,Fulham,6.0,3.8,3.0,a,76,0,0,0,0,1,0,0.25,1.64,1.89,7.04,1,0,0,0,0,0,1,False,0.0,0.0,Liverpool,0.0,0.0,0.0,0.0,5,0,2,38609,108825,Liverpool (Home)
Palacios,MID,Fulham,5.4,0.2,2.8,a,0,0,0,0,0,1,0,0.03,0.98,1.01,4.97,0,0,0,0,0,0,0,False,0.0,0.0,Liverpool,0.0,0.0,0.0,0.0,0,0,0,1449,2132,Liverpool (Home)
Charles,MID,Fulham,5.0,0.1,2.2,a,90,0,0,0,0,0,0,0.14,0.09,0.23,5.05,1,0,0,0,0,0,1,False,0.0,0.0,Liverpool,0.0,0.0,0.0,0.0,19,0,5,295,931,Liverpool (Home)
De Fougerolles,DEF,Fulham,4.0,0.1,0.0,u,0,0,0,0,0,0,0,0.00,0.00,0.00,0.00,0,0,0,0,0,0,0,False,0.0,0.0,Liverpool,0.0,0.0,0.0,0.0,0,0,0,515,1265,Liverpool (Home)
Zepa,MID,Fulham,4.5,0.3,0.0,a,0,0,0,0,0,0,0,0.00,0.00,0.00,0.00,0,0,0,0,0,0,0,False,0.0,0.0,Liverpool,0.0,0.0,0.0,0.0,0,0,0,11161,6526,Liverpool (Home)
Larsson,MID,Fulham,5.0,0.0,1.0,a,13,0,0,0,0,0,0,0.23,0.13,0.36,0.46,0,0,0,0,0,0,0,False,0.0,0.0,Liverpool,0.0,0.0,0.0,0.0,3,0,1,266,81,Liverpool (Home)
Ángel,MID,Fulham,5.0,0.0,0.0,a,0,0,0,0,0,0,0,0.00,0.00,0.00,0.00,0,0,0,0,0,0,0,False,0.0,0.0,Liverpool,0.0,0.0,0.0,0.0,0,0,0,133,54,Liverpool (Home)
Affengruber,DEF,Fulham,4.5,0.0,4.0,a,90,0,0,0,0,0,0,0.00,0.00,0.00,1.28,1,0,0,0,0,0,1,False,0.0,0.0,Liverpool,0.0,0.0,0.0,0.0,23,0,8,274,102,Liverpool (Home)
Iroegbunam,MID,Hull City,5.0,0.0,0.2,a,21,0,0,0,0,0,0,0.00,0.00,0.00,0.35,0,0,0,0,1,0,0,False,2.0,2.0,Chelsea,0.0,0.0,0.0,0.0,2,0,0,334,206,Chelsea (Home)
Phillips,GKP,Hull City,4.0,1.4,0.0,a,0,0,0,0,0,0,0,0.00,0.00,0.00,0.00,0,0,0,0,0,0,0,False,2.0,2.0,Chelsea,0.0,0.0,0.0,0.0,0,0,0,8596,9813,Chelsea (Home)
Butland,GKP,Hull City,4.5,0.1,0.0,i,0,0,0,0,0,0,0,0.00,0.00,0.00,0.00,0,0,0,0,0,0,0,False,2.0,2.0,Chelsea,0.0,0.0,0.0,0.0,0,0,0,170,839,Chelsea (Home)
Cartwright,GKP,Hull City,4.0,0.0,0.0,u,0,0,0,0,0,0,0,0.00,0.00,0.00,0.00,0,0,0,0,0,0,0,False,2.0,2.0,Chelsea,0.0,0.0,0.0,0.0,0,0,0,0,67,Chelsea (Home)
Lo-Tutala,GKP,Hull City,4.0,0.0,0.0,u,0,0,0,0,0,0,0,0.00,0.00,0.00,0.00,0,0,0,0,0,0,0,False,2.0,2.0,Chelsea,0.0,0.0,0.0,0.0,0,0,0,0,204,Chelsea (Home)
Egan,DEF,Hull City,4.1,6.6,6.2,a,90,0,0,0,2,0,0,0.00,0.04,0.04,5.96,0,0,0,0,1,0,1,False,2.0,2.0,Chelsea,0.0,0.0,0.0,0.0,-1,0,2,223735,73551,Chelsea (Home)
Hughes,DEF,Hull City,3.9,0.2,0.0,i,0,0,0,0,0,0,0,0.00,0.00,0.00,0.00,0,0,0,0,0,0,0,False,2.0,2.0,Chelsea,0.0,0.0,0.0,0.0,0,0,0,174,1190,Chelsea (Home)
Ajayi,DEF,Hull City,4.2,13.4,6.5,a,90,0,0,0,2,1,0,0.00,0.65,0.65,4.99,0,0,0,0,0,0,1,False,2.0,2.0,Chelsea,0.0,0.0,0.0,0.0,-6,0,1,349993,78543,Chelsea (Home)
Coyle,DEF,Hull City,4.0,0.6,3.2,a,81,0,0,0,2,0,0,0.03,0.13,0.16,4.78,0,0,0,0,0,0,1,False,2.0,2.0,Chelsea,0.0,0.0,0.0,0.0,2,0,1,9488,4128,Chelsea (Home)
Drameh,DEF,Hull City,4.0,0.0,0.5,u,0,0,0,0,0,0,0,0.00,0.05,0.05,0.87,0,0,0,0,0,0,0,False,2.0,2.0,Chelsea,0.0,0.0,0.0,0.0,0,0,0,0,1503,Chelsea (Home)
Giles,DEF,Hull City,4.0,2.1,6.0,a,90,0,1,0,2,0,1,0.35,0.02,0.37,5.89,0,0,0,0,0,0,1,False,2.0,2.0,Chelsea,0.0,0.0,0.0,0.0,20,0,4,75912,16922,Chelsea (Home)
Jacob,DEF,Hull City,4.0,0.0,0.0,u,0,0,0,0,0,0,0,0.00,0.00,0.00,0.00,0,0,0,0,0,0,0,False,2.0,2.0,Chelsea,0.0,0.0,0.0,0.0,0,0,0,0,125,Chelsea (Home)
McCarthy,DEF,Hull City,4.0,0.1,0.0,a,0,0,0,0,0,0,0,0.00,0.00,0.00,0.00,0,0,0,0,0,0,0,False,2.0,2.0,Chelsea,0.0,0.0,0.0,0.0,0,0,0,986,1040,Chelsea (Home)
McNair,DEF,Hull City,4.0,0.1,0.2,a,0,0,0,0,0,0,0,0.00,0.00,0.00,0.96,0,0,0,0,0,0,0,False,2.0,2.0,Chelsea,0.0,0.0,0.0,0.0,0,0,0,574,1203,Chelsea (Home)
Belloumi,MID,Hull City,5.0,2.2,6.8,a,59,2,0,0,1,2,1,0.12,0.37,0.49,5.13,0,0,0,0,0,0,1,False,2.0,2.0,Chelsea,0.0,0.0,0.0,0.0,43,2,13,26566,11658,Chelsea (Home)
Millar,MID,Hull City,5.0,0.0,1.5,u,0,0,0,0,0,1,0,0.00,0.58,0.58,0.87,0,0,0,0,0,0,0,False,2.0,2.0,Chelsea,0.0,0.0,0.0,0.0,0,0,0,0,2492,Chelsea (Home)
Dowell,MID,Hull City,4.5,0.3,0.0,a,0,0,0,0,0,0,0,0.00,0.00,0.00,0.00,0,0,0,0,0,0,0,False,2.0,2.0,Chelsea,0.0,0.0,0.0,0.0,0,0,0,2721,4919,Chelsea (Home)
Crooks,MID,Hull City,4.5,0.5,0.8,a,68,0,0,0,2,0,0,0.00,0.00,0.00,2.38,0,0,0,0,1,0,1,False,2.0,2.0,Chelsea,0.0,0.0,0.0,0.0,2,0,1,2257,8983,Chelsea (Home)
Slater,MID,Hull City,4.5,5.6,3.2,a,90,0,0,0,2,0,1,0.56,0.08,0.64,5.96,0,0,0,0,0,0,1,False,2.0,2.0,Chelsea,0.0,0.0,0.0,0.0,22,0,2,170308,88811,Chelsea (Home)
Matazo,MID,Hull City,4.5,0.0,0.0,i,0,0,0,0,0,0,0,0.00,0.00,0.00,0.00,0,0,0,0,0,0,0,False,2.0,2.0,Chelsea,0.0,0.0,0.0,0.0,0,0,0,117,116,Chelsea (Home)
Ömür,MID,Hull City,4.9,0.0,0.0,a,0,0,0,0,0,0,0,0.00,0.00,0.00,0.00,0,0,0,0,0,0,0,False,2.0,2.0,Chelsea,0.0,0.0,0.0,0.0,0,0,0,298,328,Chelsea (Home)
Kamara,MID,Hull City,5.0,0.0,0.0,u,0,0,0,0,0,0,0,0.00,0.00,0.00,0.00,0,0,0,0,0,0,0,False,2.0,2.0,Chelsea,0.0,0.0,0.0,0.0,0,0,0,0,47,Chelsea (Home)
Zambrano,MID,Hull City,4.5,0.1,0.0,a,0,0,0,0,0,0,0,0.00,0.00,0.00,0.00,0,0,0,0,0,0,0,False,2.0,2.0,Chelsea,0.0,0.0,0.0,0.0,0,0,0,1379,1121,Chelsea (Home)
McBurnie,FWD,Hull City,5.5,1.9,3.0,a,81,0,1,0,2,0,2,0.11,0.87,0.98,5.77,0,0,0,0,1,0,1,False,2.0,2.0,Chelsea,0.0,0.0,0.0,0.0,17,0,4,22215,40731,Chelsea (Home)
Akintola,MID,Hull City,5.0,0.0,0.0,u,0,0,0,0,0,0,0,0.00,0.00,0.00,0.00,0,0,0,0,0,0,0,False,2.0,2.0,Chelsea,0.0,0.0,0.0,0.0,0,0,0,522,1125,Chelsea (Home)
Gyabi,MID,Hull City,4.5,0.0,0.0,i,0,0,0,0,0,0,0,0.00,0.00,0.00,0.00,0,0,0,0,0,0,0,False,2.0,2.0,Chelsea,0.0,0.0,0.0,0.0,0,0,0,123,282,Chelsea (Home)
Destan,FWD,Hull City,4.5,0.2,0.0,u,0,0,0,0,0,0,0,0.00,0.00,0.00,0.00,0,0,0,0,0,0,0,False,2.0,2.0,Chelsea,0.0,0.0,0.0,0.0,0,0,0,0,3752,Chelsea (Home)
Burstow,FWD,Hull City,4.5,0.0,0.0,u,0,0,0,0,0,0,0,0.00,0.00,0.00,0.00,0,0,0,0,0,0,0,False,2.0,2.0,Chelsea,0.0,0.0,0.0,0.0,0,0,0,0,497,Chelsea (Home)
Gelhardt,MID,Hull City,5.0,0.0,0.0,a,0,0,0,0,0,0,0,0.00,0.00,0.00,0.00,0,0,0,0,0,0,0,False,2.0,2.0,Chelsea,0.0,0.0,0.0,0.0,0,0,0,185,163,Chelsea (Home)
Targett,DEF,Hull City,4.0,1.9,0.2,a,0,0,0,0,0,0,0,0.00,0.00,0.00,0.07,0,0,0,0,0,0,0,False,2.0,2.0,Chelsea,0.0,0.0,0.0,0.0,0,0,0,5238,19245,Chelsea (Home)
Morita,MID,Hull City,5.0,0.0,0.2,i,0,0,0,0,0,0,0,0.00,0.00,0.00,1.09,0,0,0,0,0,0,0,False,2.0,2.0,Chelsea,0.0,0.0,0.0,0.0,0,0,0,141,510,Chelsea (Home)
Tzolakis,GKP,Hull City,4.6,10.5,7.0,a,90,0,0,5,2,0,0,0.00,0.00,0.00,5.96,0,0,0,0,0,0,1,False,2.0,2.0,Chelsea,0.0,0.0,0.0,0.0,15,0,2,238858,67748,Chelsea (Home)
Hjertø-Dahl,MID,Hull City,4.9,0.1,0.2,a,0,0,0,0,0,0,0,0.00,0.00,0.00,0.00,0,0,0,0,0,0,0,False,2.0,2.0,Chelsea,0.0,0.0,0.0,0.0,0,0,0,444,865,Chelsea (Home)
Stroud,MID,Hull City,5.0,0.1,1.8,a,59,0,0,0,1,0,0,0.05,0.06,0.11,4.32,0,0,0,0,0,0,1,False,2.0,2.0,Chelsea,0.0,0.0,0.0,0.0,3,0,1,621,1031,Chelsea (Home)
Herrington,DEF,Hull City,4.0,0.6,1.0,a,31,0,0,0,1,0,0,0.01,0.00,0.01,1.92,0,0,0,0,0,0,0,False,2.0,2.0,Chelsea,0.0,0.0,0.0,0.0,-1,0,1,2136,4592,Chelsea (Home)
Mendy,DEF,Hull City,4.1,7.7,6.2,d,58,0,0,0,1,1,0,0.00,0.32,0.32,4.02,0,0,0,0,0,0,1,False,2.0,2.0,Chelsea,0.0,0.0,0.0,0.0,3,0,1,316492,70463,Chelsea (Home)
Gourna-Douath,MID,Hull City,5.0,0.0,0.8,a,0,0,0,0,0,0,0,0.02,0.00,0.02,2.13,0,0,0,0,0,0,0,False,2.0,2.0,Chelsea,0.0,0.0,0.0,0.0,0,0,0,172,283,Chelsea (Home)
Cho,MID,Hull City,5.0,0.0,1.0,a,30,0,0,0,1,0,0,0.16,0.52,0.68,0.82,0,0,0,0,0,0,0,False,2.0,2.0,Chelsea,0.0,0.0,0.0,0.0,3,0,1,339,192,Chelsea (Home)
Ansah,FWD,Hull City,5.0,0.0,0.0,i,0,0,0,0,0,0,0,0.00,0.00,0.00,0.00,0,0,0,0,0,0,0,False,2.0,2.0,Chelsea,0.0,0.0,0.0,0.0,0,0,0,2674,1552,Chelsea (Home)
Vaz,FWD,Hull City,5.0,0.1,0.5,a,8,0,0,0,0,0,0,0.00,0.00,0.00,0.18,0,0,0,0,0,0,0,False,2.0,2.0,Chelsea,0.0,0.0,0.0,0.0,3,0,1,3312,901,Chelsea (Home)
Norton-Cuffy,DEF,Hull City,4.0,0.3,0.5,a,8,0,0,0,0,0,0,0.00,0.05,0.05,0.30,0,0,0,0,1,0,0,False,2.0,2.0,Chelsea,0.0,0.0,0.0,0.0,0,0,0,14148,3476,Chelsea (Home)
Thomas,MID,Hull City,5.5,0.0,1.0,a,30,0,0,0,1,0,0,0.07,0.02,0.09,0.76,0,0,0,0,0,0,0,False,2.0,2.0,Chelsea,0.0,0.0,0.0,0.0,6,0,1,883,277,Chelsea (Home)
Mouzakitis,MID,Hull City,5.0,0.0,0.0,a,0,0,0,0,0,0,0,0.00,0.00,0.00,0.00,0,0,0,0,0,0,0,False,2.0,2.0,Chelsea,0.0,0.0,0.0,0.0,0,0,0,270,90,Chelsea (Home)
Diop,DEF,Ipswich Town,4.0,14.0,2.0,a,90,0,0,0,2,0,0,0.15,0.00,0.15,6.74,0,0,0,0,0,0,1,False,2.0,3.0,Crystal Palace,0.0,0.0,0.0,0.0,8,0,1,39336,143602,Crystal Palace (Home)
Lukić,MID,Ipswich Town,5.0,0.1,2.2,a,76,0,0,0,2,0,1,0.16,0.02,0.18,5.61,0,0,0,0,1,0,1,False,2.0,3.0,Crystal Palace,0.0,0.0,0.0,0.0,8,0,1,772,1417,Crystal Palace (Home)
Walton,GKP,Ipswich Town,4.4,0.4,0.0,a,0,0,0,0,0,0,0,0.00,0.00,0.00,0.00,0,0,0,0,0,0,0,False,2.0,3.0,Crystal Palace,0.0,0.0,0.0,0.0,0,0,0,363,2771,Crystal Palace (Home)
Palmer,GKP,Ipswich Town,4.0,4.1,0.0,a,0,0,0,0,0,0,0,0.00,0.00,0.00,0.00,0,0,0,0,0,0,0,False,2.0,3.0,Crystal Palace,0.0,0.0,0.0,0.0,0,0,0,24047,32884,Crystal Palace (Home)
Button,GKP,Ipswich Town,4.0,0.6,0.0,a,0,0,0,0,0,0,0,0.00,0.00,0.00,0.00,0,0,0,0,0,0,0,False,2.0,3.0,Crystal Palace,0.0,0.0,0.0,0.0,0,0,0,17503,5812,Crystal Palace (Home)
Kipré,DEF,Ipswich Town,3.9,0.5,0.0,a,0,0,0,0,0,0,0,0.00,0.00,0.00,0.00,0,0,0,0,0,0,0,False,2.0,3.0,Crystal Palace,0.0,0.0,0.0,0.0,0,0,0,589,4130,Crystal Palace (Home)
O'Shea,DEF,Ipswich Town,4.0,2.9,2.0,a,90,0,0,0,2,0,0,0.26,0.07,0.33,6.74,0,0,0,0,0,0,1,False,2.0,3.0,Crystal Palace,0.0,0.0,0.0,0.0,5,0,1,18186,40551,Crystal Palace (Home)
Davis,DEF,Ipswich Town,4.0,5.8,5.8,a,90,1,2,0,2,2,2,0.44,1.17,1.61,6.74,0,0,0,0,0,0,1,False,2.0,3.0,Crystal Palace,0.0,0.0,0.0,0.0,35,1,14,45631,60527,Crystal Palace (Home)
Greaves,DEF,Ipswich Town,4.0,1.2,0.8,a,87,0,0,0,2,0,0,0.06,0.00,0.06,6.74,0,0,0,0,0,0,1,False,2.0,3.0,Crystal Palace,0.0,0.0,0.0,0.0,7,0,1,1996,9662,Crystal Palace (Home)
Johnson,DEF,Ipswich Town,4.0,0.1,0.0,u,0,0,0,0,0,0,0,0.00,0.00,0.00,0.00,0,0,0,0,0,0,0,False,2.0,3.0,Crystal Palace,0.0,0.0,0.0,0.0,0,0,0,0,2380,Crystal Palace (Home)
Furlong,DEF,Ipswich Town,4.0,0.5,0.2,a,0,0,0,0,0,0,0,0.00,0.00,0.00,0.86,0,0,0,0,0,0,0,False,2.0,3.0,Crystal Palace,0.0,0.0,0.0,0.0,0,0,0,431,3716,Crystal Palace (Home)
Núñez,MID,Ipswich Town,5.0,0.1,1.5,a,0,0,0,0,0,0,0,0.05,0.03,0.08,3.48,0,0,0,0,0,0,0,False,2.0,3.0,Crystal Palace,0.0,0.0,0.0,0.0,0,0,0,377,1862,Crystal Palace (Home)
Matusiwa,MID,Ipswich Town,4.9,0.0,0.0,a,0,0,0,0,0,0,0,0.00,0.00,0.00,0.00,0,0,0,0,0,0,0,False,2.0,3.0,Crystal Palace,0.0,0.0,0.0,0.0,0,0,0,40,46,Crystal Palace (Home)
Burns,MID,Ipswich Town,5.0,0.0,0.0,u,0,0,0,0,0,0,0,0.00,0.00,0.00,0.00,0,0,0,0,0,0,0,False,2.0,3.0,Crystal Palace,0.0,0.0,0.0,0.0,0,0,0,0,39,Crystal Palace (Home)
Taylor,MID,Ipswich Town,4.5,0.0,0.0,i,0,0,0,0,0,0,0,0.00,0.00,0.00,0.00,0,0,0,0,0,0,0,False,2.0,3.0,Crystal Palace,0.0,0.0,0.0,0.0,0,0,0,176,454,Crystal Palace (Home)
Clarke,MID,Ipswich Town,5.4,0.2,2.2,a,62,0,0,0,1,1,0,0.04,0.30,0.34,0.29,0,0,0,0,1,0,1,False,2.0,3.0,Crystal Palace,0.0,0.0,0.0,0.0,8,0,1,468,3722,Crystal Palace (Home)
Ogbene,MID,Ipswich Town,4.9,0.0,0.0,u,0,0,0,0,0,0,0,0.00,0.00,0.00,0.00,0,0,0,0,0,0,0,False,2.0,3.0,Crystal Palace,0.0,0.0,0.0,0.0,0,0,0,0,326,Crystal Palace (Home)
Fatawu,MID,Ipswich Town,5.5,0.2,2.2,a,61,0,0,0,1,0,1,0.83,0.03,0.86,6.11,0,0,0,0,1,0,1,False,2.0,3.0,Crystal Palace,0.0,0.0,0.0,0.0,6,0,1,1970,2434,Crystal Palace (Home)
Emersonn,FWD,Ipswich Town,5.5,2.3,6.0,a,62,1,1,0,1,2,1,0.11,1.48,1.59,2.22,0,0,0,0,0,0,1,False,2.0,3.0,Crystal Palace,0.0,0.0,0.0,0.0,45,3,12,26091,24353,Crystal Palace (Home)
Hirst,FWD,Ipswich Town,5.0,0.1,0.0,u,0,0,0,0,0,0,0,0.00,0.00,0.00,0.00,0,0,0,0,0,0,0,False,2.0,3.0,Crystal Palace,0.0,0.0,0.0,0.0,0,0,0,0,2172,Crystal Palace (Home)
Philogene,MID,Ipswich Town,5.4,0.1,0.2,a,28,0,0,0,1,0,0,0.00,0.02,0.01,0.41,0,0,0,0,0,0,0,False,2.0,3.0,Crystal Palace,0.0,0.0,0.0,0.0,6,0,1,38,1341,Crystal Palace (Home)
Szmodics,MID,Ipswich Town,5.0,0.0,0.0,u,0,0,0,0,0,0,0,0.00,0.00,0.00,0.00,0,0,0,0,0,0,0,False,2.0,3.0,Crystal Palace,0.0,0.0,0.0,0.0,0,0,0,0,87,Crystal Palace (Home)
Akpom,FWD,Ipswich Town,5.0,1.2,1.5,a,0,0,0,0,0,1,0,0.00,0.97,0.97,4.04,0,0,0,0,0,0,0,False,2.0,3.0,Crystal Palace,0.0,0.0,0.0,0.0,0,0,0,36471,19354,Crystal Palace (Home)
Walle Egeli,FWD,Ipswich Town,4.5,3.6,0.2,a,0,0,0,0,0,0,0,0.00,0.00,0.00,0.03,0,0,0,0,0,0,0,False,2.0,3.0,Crystal Palace,0.0,0.0,0.0,0.0,0,0,0,82088,57506,Crystal Palace (Home)
Al-Hamadi,FWD,Ipswich Town,5.0,0.1,0.0,u,0,0,0,0,0,0,0,0.00,0.00,0.00,0.00,0,0,0,0,0,0,0,False,2.0,3.0,Crystal Palace,0.0,0.0,0.0,0.0,0,0,0,0,1678,Crystal Palace (Home)
McAteer,MID,Ipswich Town,4.5,1.2,0.8,a,0,0,0,0,0,0,0,0.00,0.05,0.05,0.21,0,0,0,0,0,0,0,False,2.0,3.0,Crystal Palace,0.0,0.0,0.0,0.0,0,0,0,7120,14291,Crystal Palace (Home)
Mehmeti,MID,Ipswich Town,4.9,0.0,0.0,a,0,0,0,0,0,0,0,0.00,0.00,0.00,0.00,0,0,0,0,0,0,0,False,2.0,3.0,Crystal Palace,0.0,0.0,0.0,0.0,0,0,0,90,546,Crystal Palace (Home)
Van Oevelen,GKP,Ipswich Town,4.5,0.0,0.0,u,0,0,0,0,0,0,0,0.00,0.00,0.00,0.00,0,0,0,0,0,0,0,False,2.0,3.0,Crystal Palace,0.0,0.0,0.0,0.0,0,0,0,0,302,Crystal Palace (Home)
Maeda,MID,Ipswich Town,5.4,0.3,1.8,a,27,0,0,0,1,0,0,0.01,0.71,0.72,5.57,0,0,0,0,0,0,0,False,2.0,3.0,Crystal Palace,0.0,0.0,0.0,0.0,1,0,1,861,4518,Crystal Palace (Home)
Scherpen,GKP,Ipswich Town,4.5,0.6,1.8,a,90,0,0,2,2,0,0,0.01,0.00,0.01,6.74,0,0,0,0,0,0,1,False,2.0,3.0,Crystal Palace,0.0,0.0,0.0,0.0,6,0,1,5936,5606,Crystal Palace (Home)
Florentino,MID,Ipswich Town,4.9,0.1,0.2,a,13,0,0,0,0,0,0,0.01,0.00,0.01,0.27,0,0,0,0,0,0,0,False,2.0,3.0,Crystal Palace,0.0,0.0,0.0,0.0,8,0,1,327,1233,Crystal Palace (Home)
Enciso,MID,Ipswich Town,5.5,0.9,3.2,a,90,0,0,0,2,0,2,0.84,0.92,1.76,6.71,0,0,0,0,0,0,1,False,2.0,3.0,Crystal Palace,0.0,0.0,0.0,0.0,7,0,2,28533,15556,Crystal Palace (Home)
Ouattara,DEF,Ipswich Town,4.0,0.9,1.0,a,2,0,0,0,0,0,0,0.02,0.00,0.02,0.89,0,0,0,0,0,0,0,False,2.0,3.0,Crystal Palace,0.0,0.0,0.0,0.0,5,0,1,3046,5631,Crystal Palace (Home)
Humphreys,MID,Ipswich Town,4.5,0.0,0.0,u,0,0,0,0,0,0,0,0.00,0.00,0.00,0.00,0,0,0,0,0,0,0,False,2.0,3.0,Crystal Palace,0.0,0.0,0.0,0.0,0,0,0,0,968,Crystal Palace (Home)
Palacios,MID,Ipswich Town,5.0,0.0,3.0,a,90,0,0,0,2,0,0,0.07,0.00,0.07,3.23,0,0,0,0,0,0,1,False,2.0,3.0,Crystal Palace,0.0,0.0,0.0,0.0,14,0,4,2317,909,Crystal Palace (Home)
Flemming,FWD,Ipswich Town,5.5,0.1,3.0,a,27,1,0,0,1,1,0,0.01,0.54,0.55,0.47,0,0,0,0,0,0,0,False,2.0,3.0,Crystal Palace,0.0,0.0,0.0,0.0,32,0,5,2524,689,Crystal Palace (Home)
Wilson,MID,Leeds,6.3,2.6,1.0,a,0,0,0,0,0,0,0,0.06,0.01,0.07,2.98,0,0,0,0,0,0,0,True,,,Newcastle,0.0,0.0,0.0,0.0,0,0,0,3258,124782,Newcastle (Away)
Perri,GKP,Leeds,4.5,0.4,0.0,u,0,0,0,0,0,0,0,0.00,0.00,0.00,0.00,0,0,0,0,0,0,0,True,,,Newcastle,0.0,0.0,0.0,0.0,0,0,0,0,6925,Newcastle (Away)
Bijol,DEF,Leeds,5.0,0.8,3.0,a,0,0,0,0,0,0,0,0.00,0.11,0.11,3.16,0,0,0,0,0,0,0,True,,,Newcastle,0.0,0.0,0.0,0.0,0,0,0,4371,14839,Newcastle (Away)
Rodon,DEF,Leeds,4.4,1.1,1.8,i,0,0,0,0,0,0,0,0.06,0.03,0.09,1.01,0,0,0,0,0,0,0,True,,,Newcastle,0.0,0.0,0.0,0.0,0,0,0,168,112844,Newcastle (Away)
Bogle,DEF,Leeds,4.5,2.1,5.5,a,0,0,0,0,0,1,0,0.03,0.90,0.93,1.64,0,0,0,0,0,0,0,True,,,Newcastle,0.0,0.0,0.0,0.0,0,0,0,121956,23933,Newcastle (Away)
Gudmundsson,DEF,Leeds,4.5,0.1,0.5,a,0,0,0,0,0,0,0,0.00,0.00,0.00,2.19,0,0,0,0,0,0,0,True,,,Newcastle,0.0,0.0,0.0,0.0,0,0,0,1148,527,Newcastle (Away)
Justin,DEF,Leeds,4.5,1.5,4.0,a,0,0,0,0,0,0,0,0.02,0.17,0.19,4.52,0,0,0,0,0,0,0,True,,,Newcastle,0.0,0.0,0.0,0.0,0,0,0,27752,22126,Newcastle (Away)
Bornauw,DEF,Leeds,4.5,0.0,0.0,u,0,0,0,0,0,0,0,0.00,0.00,0.00,0.00,0,0,0,0,0,0,0,True,,,Newcastle,0.0,0.0,0.0,0.0,0,0,0,0,39,Newcastle (Away)
Muharemović,DEF,Leeds,5.0,3.9,3.5,a,0,0,0,0,0,0,0,0.02,0.09,0.11,4.52,0,0,0,0,0,0,0,True,,,Newcastle,0.0,0.0,0.0,0.0,0,0,0,135153,68507,Newcastle (Away)
Stach,MID,Leeds,6.0,2.7,4.8,a,0,0,0,0,0,1,0,0.16,0.49,0.65,4.52,0,0,0,0,0,0,0,True,,,Newcastle,0.0,0.0,0.0,0.0,0,0,0,29721,49086,Newcastle (Away)
Okafor,MID,Leeds,5.8,0.3,1.5,a,0,0,0,0,0,0,0,0.18,0.08,0.26,1.11,0,0,0,0,0,0,0,True,,,Newcastle,0.0,0.0,0.0,0.0,0,0,0,2061,6666,Newcastle (Away)
Aaronson,MID,Leeds,5.4,0.6,1.2,a,0,0,0,0,0,0,0,0.02,0.01,0.03,3.08,0,0,0,0,0,0,0,True,,,Newcastle,0.0,0.0,0.0,0.0,0,0,0,1095,11412,Newcastle (Away)
Ampadu,MID,Leeds,5.4,1.0,2.2,a,0,0,0,0,0,0,0,0.14,0.01,0.15,4.52,0,0,0,0,0,0,0,True,,,Newcastle,0.0,0.0,0.0,0.0,0,0,0,2529,17018,Newcastle (Away)
Longstaff,MID,Leeds,4.9,0.1,0.2,a,0,0,0,0,0,0,0,0.00,0.00,0.00,0.07,0,0,0,0,0,0,0,True,,,Newcastle,0.0,0.0,0.0,0.0,0,0,0,693,1806,Newcastle (Away)
Gnonto,MID,Leeds,5.0,0.0,0.0,u,0,0,0,0,0,0,0,0.00,0.00,0.00,0.00,0,0,0,0,0,0,0,True,,,Newcastle,0.0,0.0,0.0,0.0,0,0,0,0,435,Newcastle (Away)
Harrison,MID,Leeds,5.0,0.0,0.0,u,0,0,0,0,0,0,0,0.00,0.00,0.00,0.00,0,0,0,0,0,0,0,True,,,Newcastle,0.0,0.0,0.0,0.0,0,0,0,0,11,Newcastle (Away)
James,MID,Leeds,4.9,0.1,0.2,a,0,0,0,0,0,0,0,0.01,0.24,0.25,0.93,0,0,0,0,0,0,0,True,,,Newcastle,0.0,0.0,0.0,0.0,0,0,0,786,1993,Newcastle (Away)
Gruev,MID,Leeds,5.0,0.0,0.0,d,0,0,0,0,0,0,0,0.00,0.00,0.00,0.00,0,0,0,0,0,0,0,True,,,Newcastle,0.0,0.0,0.0,0.0,0,0,0,13,58,Newcastle (Away)
Tanaka,MID,Leeds,4.9,0.2,1.5,a,0,0,0,0,0,0,1,0.02,0.53,0.55,2.00,0,0,0,0,0,0,0,True,,,Newcastle,0.0,0.0,0.0,0.0,0,0,0,5747,3168,Newcastle (Away)
Calvert-Lewin,FWD,Leeds,6.0,21.7,2.5,a,0,0,0,0,0,1,0,0.08,1.61,1.69,3.20,0,0,0,0,0,0,0,True,,,Newcastle,0.0,0.0,0.0,0.0,0,0,0,100296,477804,Newcastle (Away)
Nmecha,FWD,Leeds,5.4,0.5,1.2,a,0,0,0,0,0,0,1,0.14,0.27,0.41,2.25,0,0,0,0,0,0,0,True,,,Newcastle,0.0,0.0,0.0,0.0,0,0,0,6623,7677,Newcastle (Away)
Piroe,FWD,Leeds,5.0,0.1,0.0,u,0,0,0,0,0,0,0,0.00,0.00,0.00,0.00,0,0,0,0,0,0,0,True,,,Newcastle,0.0,0.0,0.0,0.0,0,0,0,0,1516,Newcastle (Away)
Mateo Joseph,FWD,Leeds,4.5,0.1,0.0,i,0,0,0,0,0,0,0,0.00,0.00,0.00,0.00,0,0,0,0,0,0,0,True,,,Newcastle,0.0,0.0,0.0,0.0,0,0,0,775,1032,Newcastle (Away)
Trafford,GKP,Leeds,5.0,5.4,3.8,a,0,0,0,0,0,0,0,0.00,0.00,0.00,4.52,0,0,0,0,0,0,0,True,,,Newcastle,0.0,0.0,0.0,0.0,0,0,0,64368,49123,Newcastle (Away)
Elvedi,DEF,Leeds,4.5,0.0,1.2,a,0,0,0,0,0,0,0,0.57,0.00,0.57,3.51,0,0,0,0,0,0,0,True,,,Newcastle,0.0,0.0,0.0,0.0,0,0,0,2774,1276,Newcastle (Away)
Lienou,DEF,Leeds,4.0,0.1,0.0,a,0,0,0,0,0,0,0,0.00,0.00,0.00,0.00,0,0,0,0,0,0,0,True,,,Newcastle,0.0,0.0,0.0,0.0,0,0,0,1426,1038,Newcastle (Away)
Cresswell,MID,Leeds,4.5,0.1,0.0,a,0,0,0,0,0,0,0,0.00,0.00,0.00,0.00,0,0,0,0,0,0,0,True,,,Newcastle,0.0,0.0,0.0,0.0,0,0,0,3443,2191,Newcastle (Away)
Cairns,GKP,Leeds,4.0,0.2,0.0,a,0,0,0,0,0,0,0,0.00,0.00,0.00,0.00,0,0,0,0,0,0,0,True,,,Newcastle,0.0,0.0,0.0,0.0,0,0,0,6067,2313,Newcastle (Away)
Zetterer,GKP,Leeds,4.0,0.5,0.0,a,0,0,0,0,0,0,0,0.00,0.00,0.00,0.00,0,0,0,0,0,0,0,True,,,Newcastle,0.0,0.0,0.0,0.0,0,0,0,23210,5098,Newcastle (Away)
Bard,DEF,Leeds,4.5,0.0,0.0,a,0,0,0,0,0,0,0,0.00,0.00,0.00,0.00,0,0,0,0,0,0,0,True,,,Newcastle,0.0,0.0,0.0,0.0,0,0,0,322,105,Newcastle (Away)
Bahoya,MID,Leeds,5.0,0.0,0.0,a,0,0,0,0,0,0,0,0.00,0.00,0.00,0.00,0,0,0,0,0,0,0,True,,,Newcastle,0.0,0.0,0.0,0.0,0,0,0,754,362,Newcastle (Away)
A.Becker,GKP,Liverpool,5.5,3.9,4.8,a,90,0,0,3,0,0,0,0.00,0.00,0.00,5.33,1,0,0,0,0,0,1,True,0.0,0.0,Fulham,0.0,0.0,0.0,0.0,29,2,9,45421,29829,Fulham (Away)
Mamardashvili,GKP,Liverpool,4.9,0.1,0.0,a,0,0,0,0,0,0,0,0.00,0.00,0.00,0.00,0,0,0,0,0,0,0,True,0.0,0.0,Fulham,0.0,0.0,0.0,0.0,0,0,0,513,1855,Fulham (Away)
Woodman,GKP,Liverpool,4.0,1.0,0.0,a,0,0,0,0,0,0,0,0.00,0.00,0.00,0.00,0,0,0,0,0,0,0,True,0.0,0.0,Fulham,0.0,0.0,0.0,0.0,0,0,0,3509,6932,Fulham (Away)
Pecsi,GKP,Liverpool,4.0,0.0,0.0,u,0,0,0,0,0,0,0,0.00,0.00,0.00,0.00,0,0,0,0,0,0,0,True,0.0,0.0,Fulham,0.0,0.0,0.0,0.0,0,0,0,0,186,Fulham (Away)
Jaros,GKP,Liverpool,4.0,0.0,0.0,i,0,0,0,0,0,0,0,0.00,0.00,0.00,0.00,0,0,0,0,0,0,0,True,0.0,0.0,Fulham,0.0,0.0,0.0,0.0,0,0,0,567,410,Fulham (Away)
Davies,GKP,Liverpool,4.0,0.2,0.0,a,0,0,0,0,0,0,0,0.00,0.00,0.00,0.00,0,0,0,0,0,0,0,True,0.0,0.0,Fulham,0.0,0.0,0.0,0.0,0,0,0,1195,1128,Fulham (Away)
Virgil,DEF,Liverpool,6.5,16.8,4.2,a,90,0,0,0,0,0,0,0.07,0.25,0.32,5.33,1,0,0,0,0,0,1,True,0.0,0.0,Fulham,0.0,0.0,0.0,0.0,25,0,8,79775,128080,Fulham (Away)
Frimpong,DEF,Liverpool,5.4,2.1,0.5,a,18,0,0,0,0,0,0,0.23,0.01,0.24,3.91,0,0,0,0,0,0,0,True,0.0,0.0,Fulham,0.0,0.0,0.0,0.0,12,0,1,4729,86611,Fulham (Away)
Kerkez,DEF,Liverpool,5.4,2.6,1.8,a,45,0,0,0,0,0,0,0.07,0.02,0.09,4.86,0,0,0,0,0,0,0,True,0.0,0.0,Fulham,0.0,0.0,0.0,0.0,6,0,1,12338,34462,Fulham (Away)
Gomez,DEF,Liverpool,4.9,0.0,0.0,i,0,0,0,0,0,0,0,0.00,0.00,0.00,0.00,0,0,0,0,0,0,0,True,0.0,0.0,Fulham,0.0,0.0,0.0,0.0,0,0,0,74,211,Fulham (Away)
Bradley,DEF,Liverpool,5.0,0.0,0.0,i,0,0,0,0,0,0,0,0.00,0.00,0.00,0.00,0,0,0,0,0,0,0,True,0.0,0.0,Fulham,0.0,0.0,0.0,0.0,0,0,0,67,161,Fulham (Away)
Lucky,DEF,Liverpool,4.0,0.1,0.0,a,0,0,0,0,0,0,0,0.00,0.00,0.00,0.00,0,0,0,0,0,0,0,True,0.0,0.0,Fulham,0.0,0.0,0.0,0.0,0,0,0,832,1477,Fulham (Away)
Jacquet,DEF,Liverpool,5.0,3.0,4.5,a,90,0,0,0,0,0,0,0.12,0.00,0.12,4.72,1,0,0,0,0,0,1,True,0.0,0.0,Fulham,0.0,0.0,0.0,0.0,36,3,9,48593,32349,Fulham (Away)
Leoni,DEF,Liverpool,4.0,0.0,0.0,i,0,0,0,0,0,0,0,0.00,0.00,0.00,0.00,0,0,0,0,0,0,0,True,0.0,0.0,Fulham,0.0,0.0,0.0,0.0,0,0,0,161,458,Fulham (Away)
Tsimikas,DEF,Liverpool,4.9,0.1,0.5,a,45,0,0,0,0,0,0,0.02,0.04,0.06,0.47,0,0,0,0,0,0,1,True,0.0,0.0,Fulham,0.0,0.0,0.0,0.0,2,0,1,362,1296,Fulham (Away)
Ramsay,DEF,Liverpool,4.0,0.1,0.0,u,0,0,0,0,0,0,0,0.00,0.00,0.00,0.00,0,0,0,0,0,0,0,True,0.0,0.0,Fulham,0.0,0.0,0.0,0.0,0,0,0,0,2067,Fulham (Away)
Wirtz,MID,Liverpool,7.4,7.3,3.0,a,90,0,0,0,0,0,1,0.35,0.78,1.13,4.16,1,0,0,0,0,0,1,True,0.0,0.0,Fulham,0.0,0.0,0.0,0.0,14,0,3,30578,230170,Fulham (Away)
Gakpo,MID,Liverpool,7.2,12.2,7.2,a,30,0,0,0,0,1,3,1.22,0.44,1.66,4.72,0,0,0,0,0,0,0,True,0.0,0.0,Fulham,0.0,0.0,0.0,0.0,3,0,1,670039,312532,Fulham (Away)
Szoboszlai,MID,Liverpool,7.0,37.2,4.5,a,90,0,0,0,0,1,0,0.80,1.29,2.09,5.33,1,0,0,0,0,0,1,True,0.0,0.0,Fulham,0.0,0.0,0.0,0.0,25,0,3,274640,516804,Fulham (Away)
Ngumoha,MID,Liverpool,5.8,0.5,1.0,a,18,0,0,0,0,0,0,0.05,0.15,0.20,0.68,0,0,0,0,0,0,0,True,0.0,0.0,Fulham,0.0,0.0,0.0,0.0,-1,0,1,3022,23413,Fulham (Away)
Chiesa,MID,Liverpool,5.4,0.1,0.0,i,0,0,0,0,0,0,0,0.00,0.00,0.00,0.00,0,0,0,0,0,0,0,True,0.0,0.0,Fulham,0.0,0.0,0.0,0.0,0,0,0,14,1380,Fulham (Away)
Gravenberch,MID,Liverpool,5.9,1.3,2.0,a,59,0,0,0,0,0,1,0.07,0.10,0.17,1.88,0,0,0,0,0,0,1,True,0.0,0.0,Fulham,0.0,0.0,0.0,0.0,13,0,1,5155,38272,Fulham (Away)
Mac Allister,MID,Liverpool,5.4,1.3,1.5,a,30,0,0,0,0,0,0,0.44,0.10,0.54,4.06,0,0,0,0,0,0,0,True,0.0,0.0,Fulham,0.0,0.0,0.0,0.0,7,0,1,12996,20813,Fulham (Away)
C.Jones,MID,Liverpool,5.5,0.0,0.0,u,0,0,0,0,0,0,0,0.00,0.00,0.00,0.00,0,0,0,0,0,0,0,True,0.0,0.0,Fulham,0.0,0.0,0.0,0.0,0,0,0,0,372,Fulham (Away)
Endo,MID,Liverpool,4.9,0.1,0.0,a,0,0,0,0,0,0,0,0.00,0.00,0.00,0.00,0,0,0,0,0,0,0,True,0.0,0.0,Fulham,0.0,0.0,0.0,0.0,0,0,0,531,1099,Fulham (Away)
Nyoni,MID,Liverpool,4.9,0.0,0.5,a,0,0,0,0,0,0,0,0.00,0.00,0.00,0.22,0,0,0,0,0,0,0,True,0.0,0.0,Fulham,0.0,0.0,0.0,0.0,0,0,0,427,712,Fulham (Away)
Bajcetic,MID,Liverpool,5.0,0.0,0.0,u,0,0,0,0,0,0,0,0.00,0.00,0.00,0.00,0,0,0,0,0,0,0,True,0.0,0.0,Fulham,0.0,0.0,0.0,0.0,0,0,0,0,23,Fulham (Away)
Munoz,MID,Liverpool,6.5,1.1,3.5,a,59,0,0,0,0,1,1,0.25,0.52,0.77,4.49,0,0,0,0,0,0,1,True,0.0,0.0,Fulham,0.0,0.0,0.0,0.0,5,0,1,20664,30617,Fulham (Away)
McConnell,MID,Liverpool,4.5,0.2,0.0,a,0,0,0,0,0,0,0,0.00,0.00,0.00,0.00,0,0,0,0,0,0,0,True,0.0,0.0,Fulham,0.0,0.0,0.0,0.0,0,0,0,870,2614,Fulham (Away)
Isak,FWD,Liverpool,9.1,22.5,6.2,a,90,0,0,0,0,3,0,0.06,2.79,2.85,5.16,1,0,0,0,0,0,1,True,0.0,0.0,Fulham,0.0,0.0,0.0,0.0,5,0,2,732640,109055,Fulham (Away)
Ekitiké,FWD,Liverpool,7.4,0.1,0.0,i,0,0,0,0,0,0,0,0.00,0.00,0.00,0.00,0,0,0,0,0,0,0,True,0.0,0.0,Fulham,0.0,0.0,0.0,0.0,0,0,0,474,2041,Fulham (Away)
Koumas,MID,Liverpool,5.0,0.0,0.5,a,0,0,0,0,0,0,0,0.00,0.03,0.03,0.58,0,0,0,0,0,0,0,True,0.0,0.0,Fulham,0.0,0.0,0.0,0.0,0,0,0,155,318,Fulham (Away)
Danns,FWD,Liverpool,4.5,0.1,0.0,a,0,0,0,0,0,0,0,0.00,0.00,0.00,0.00,0,0,0,0,0,0,0,True,0.0,0.0,Fulham,0.0,0.0,0.0,0.0,0,0,0,7016,2430,Fulham (Away)
Elliott,MID,Liverpool,5.4,0.0,0.0,u,0,0,0,0,0,0,0,0.00,0.00,0.00,0.00,0,0,0,0,0,0,0,True,0.0,0.0,Fulham,0.0,0.0,0.0,0.0,0,0,0,0,1672,Fulham (Away)
Araujo,DEF,Liverpool,5.4,2.8,3.8,a,71,0,0,0,0,0,0,0.05,0.00,0.05,1.96,1,0,0,0,0,0,1,True,0.0,0.0,Fulham,0.0,0.0,0.0,0.0,24,0,6,59861,17887,Fulham (Away)
Barcola,MID,Liverpool,8.0,2.0,2.0,a,71,0,0,0,0,0,0,0.10,0.21,0.31,0.77,1,0,0,0,0,0,1,True,0.0,0.0,Fulham,0.0,0.0,0.0,0.0,9,0,3,116804,45863,Fulham (Away)
Enzo,MID,Man City,6.9,3.3,1.5,a,81,0,0,0,0,0,0,0.27,0.31,0.58,1.78,1,0,0,0,1,0,1,False,0.0,1.0,Man Utd,0.0,0.0,0.0,0.0,17,0,2,39194,51882,Man Utd (Home)
Ndiaye,MID,Man City,5.9,8.3,4.2,a,45,0,0,0,0,0,1,0.44,0.28,0.72,6.27,0,0,0,0,0,0,0,False,0.0,1.0,Man Utd,0.0,0.0,0.0,0.0,15,0,1,43012,343691,Man Utd (Home)
Donnarumma,GKP,Man City,5.5,7.6,4.2,a,90,0,0,3,0,0,0,0.00,0.00,0.00,3.68,1,0,0,0,0,0,1,False,0.0,1.0,Man Utd,0.0,0.0,0.0,0.0,29,0,7,32234,78476,Man Utd (Home)
Bettinelli,GKP,Man City,4.5,0.0,0.0,a,0,0,0,0,0,0,0,0.00,0.00,0.00,0.00,0,0,0,0,0,0,0,False,0.0,1.0,Man Utd,0.0,0.0,0.0,0.0,0,0,0,128,241,Man Utd (Home)
O'Reilly,DEF,Man City,6.4,12.8,1.2,a,8,0,0,0,0,0,0,0.43,0.09,0.52,1.71,0,0,0,0,0,0,0,False,0.0,1.0,Man Utd,0.0,0.0,0.0,0.0,3,0,1,8499,547090,Man Utd (Home)
Guéhi,DEF,Man City,6.0,18.5,6.5,a,90,0,0,0,0,1,0,0.38,0.89,1.27,3.68,1,0,0,0,0,0,1,False,0.0,1.0,Man Utd,0.0,0.0,0.0,0.0,27,0,6,90239,115446,Man Utd (Home)
Matheus N.,DEF,Man City,5.9,0.9,2.5,a,90,0,0,0,0,0,0,0.05,0.00,0.05,1.10,1,0,0,0,0,0,1,False,0.0,1.0,Man Utd,0.0,0.0,0.0,0.0,34,1,9,2401,11007,Man Utd (Home)
Rúben,DEF,Man City,5.5,1.8,4.0,a,90,0,0,0,0,0,0,0.74,0.09,0.83,3.68,1,0,0,0,0,0,1,False,0.0,1.0,Man Utd,0.0,0.0,0.0,0.0,24,0,6,11031,17543,Man Utd (Home)
Gvardiol,DEF,Man City,5.7,21.5,8.2,a,90,0,1,0,0,1,2,0.11,0.22,0.33,3.68,1,0,0,0,1,0,1,False,0.0,1.0,Man Utd,0.0,0.0,0.0,0.0,36,3,11,315722,162826,Man Utd (Home)
Aït-Nouri,DEF,Man City,5.3,0.4,0.0,a,0,0,0,0,0,0,0,0.00,0.00,0.00,0.00,0,0,0,0,0,0,0,False,0.0,1.0,Man Utd,0.0,0.0,0.0,0.0,0,0,0,1355,11329,Man Utd (Home)
Khusanov,DEF,Man City,5.5,1.5,2.2,a,0,0,0,0,0,0,0,0.06,0.00,0.06,2.68,0,0,0,0,0,0,0,False,0.0,1.0,Man Utd,0.0,0.0,0.0,0.0,0,0,0,6115,14170,Man Utd (Home)
Alleyne,DEF,Man City,5.0,0.0,0.0,u,0,0,0,0,0,0,0,0.00,0.00,0.00,0.00,0,0,0,0,0,0,0,False,0.0,1.0,Man Utd,0.0,0.0,0.0,0.0,0,0,0,0,60,Man Utd (Home)
Lewis,DEF,Man City,4.4,0.2,0.2,a,0,0,0,0,0,0,0,0.02,0.17,0.19,0.55,0,0,0,0,0,0,0,False,0.0,1.0,Man Utd,0.0,0.0,0.0,0.0,0,0,0,1037,4079,Man Utd (Home)
Vitor Reis,DEF,Man City,4.5,0.0,0.2,a,0,0,0,0,0,0,0,0.00,0.00,0.00,0.00,0,0,0,0,0,0,0,False,0.0,1.0,Man Utd,0.0,0.0,0.0,0.0,0,0,0,90,283,Man Utd (Home)
Semenyo,MID,Man City,8.4,15.8,4.0,a,90,0,0,0,0,0,2,0.99,0.17,1.16,3.68,1,0,0,0,0,0,1,False,0.0,1.0,Man Utd,0.0,0.0,0.0,0.0,7,0,3,35764,361532,Man Utd (Home)
Foden,MID,Man City,7.0,3.5,2.2,s,22,0,0,0,0,0,2,0.88,1.61,2.49,1.91,0,0,0,0,0,1,1,False,0.0,1.0,Man Utd,0.0,0.0,0.0,0.0,-4,0,-2,18307,209687,Man Utd (Home)
Cherki,MID,Man City,7.8,28.9,6.5,a,45,0,0,0,0,2,2,1.41,0.59,2.00,1.82,0,0,0,0,0,0,1,False,0.0,1.0,Man Utd,0.0,0.0,0.0,0.0,4,0,1,314949,454363,Man Utd (Home)
Doku,MID,Man City,7.4,0.7,0.0,i,0,0,0,0,0,0,0,0.00,0.00,0.00,0.00,0,0,0,0,0,0,0,False,0.0,1.0,Man Utd,0.0,0.0,0.0,0.0,0,0,0,249,14729,Man Utd (Home)
Rodrigo,MID,Man City,6.5,0.0,0.0,u,0,0,0,0,0,0,0,0.00,0.00,0.00,0.00,0,0,0,0,0,0,0,False,0.0,1.0,Man Utd,0.0,0.0,0.0,0.0,0,0,0,0,87,Man Utd (Home)
Reijnders,MID,Man City,6.0,0.0,0.0,u,0,0,0,0,0,0,0,0.00,0.00,0.00,0.00,0,0,0,0,0,0,0,False,0.0,1.0,Man Utd,0.0,0.0,0.0,0.0,0,0,0,0,541,Man Utd (Home)
Kovačić,MID,Man City,5.4,0.1,0.5,a,0,0,0,0,0,0,0,0.02,0.00,0.02,0.10,0,0,0,0,0,0,0,False,0.0,1.0,Man Utd,0.0,0.0,0.0,0.0,0,0,0,425,1421,Man Utd (Home)
Echeverri,MID,Man City,4.9,0.0,0.0,u,0,0,0,0,0,0,0,0.00,0.00,0.00,0.00,0,0,0,0,0,0,0,False,0.0,1.0,Man Utd,0.0,0.0,0.0,0.0,0,0,0,0,350,Man Utd (Home)
Phillips,MID,Man City,5.0,0.0,0.0,u,0,0,0,0,0,0,0,0.00,0.00,0.00,0.00,0,0,0,0,0,0,0,False,0.0,1.0,Man Utd,0.0,0.0,0.0,0.0,0,0,0,0,59,Man Utd (Home)
Mukasa,MID,Man City,4.5,0.1,0.0,u,0,0,0,0,0,0,0,0.00,0.00,0.00,0.00,0,0,0,0,0,0,0,False,0.0,1.0,Man Utd,0.0,0.0,0.0,0.0,0,0,0,0,3408,Man Utd (Home)
Monga,MID,Man City,4.9,0.0,0.0,u,0,0,0,0,0,0,0,0.00,0.00,0.00,0.00,0,0,0,0,0,0,0,False,0.0,1.0,Man Utd,0.0,0.0,0.0,0.0,0,0,0,0,363,Man Utd (Home)
Haaland,FWD,Man City,15.5,71.9,8.2,a,90,1,0,0,0,4,0,0.51,3.33,3.84,3.68,1,0,0,0,0,0,1,False,0.0,1.0,Man Utd,0.0,0.0,0.0,0.0,36,3,9,178187,132875,Man Utd (Home)
Anderson,MID,Man City,6.3,4.2,3.2,a,90,0,0,0,0,0,0,0.65,0.09,0.74,3.58,1,0,0,0,0,0,1,False,0.0,1.0,Man Utd,0.0,0.0,0.0,0.0,18,0,5,16389,93105,Man Utd (Home)
Rulli,GKP,Man City,5.0,0.0,0.0,a,0,0,0,0,0,0,0,0.00,0.00,0.00,0.00,0,0,0,0,0,0,0,False,0.0,1.0,Man Utd,0.0,0.0,0.0,0.0,0,0,0,129,256,Man Utd (Home)
Bouaddi,MID,Man City,5.5,0.2,0.7,a,0,0,0,0,0,0,0,0.12,0.00,0.12,0.37,0,0,0,0,0,0,0,False,0.0,1.0,Man Utd,0.0,0.0,0.0,0.0,0,0,0,4899,3962,Man Utd (Home)
McAidoo,MID,Man City,4.5,0.1,0.7,a,0,0,0,0,0,0,0,0.00,0.10,0.10,0.02,0,0,0,0,0,0,0,False,0.0,1.0,Man Utd,0.0,0.0,0.0,0.0,0,0,0,3586,2225,Man Utd (Home)
Braithwaite,DEF,Man City,4.0,0.2,0.3,a,0,0,0,0,0,0,0,0.00,0.00,0.00,0.00,0,0,0,0,0,0,0,False,0.0,1.0,Man Utd,0.0,0.0,0.0,0.0,0,0,0,4620,2721,Man Utd (Home)
Allan,MID,Man City,6.0,0.0,0.0,a,0,0,0,0,0,0,0,0.00,0.00,0.00,0.00,0,0,0,0,0,0,0,False,0.0,1.0,Man Utd,0.0,0.0,0.0,0.0,0,0,0,309,192,Man Utd (Home)
Samba,MID,Man City,4.5,0.0,0.0,a,0,0,0,0,0,0,0,0.00,0.00,0.00,0.00,0,0,0,0,0,0,0,False,0.0,1.0,Man Utd,0.0,0.0,0.0,0.0,0,0,0,2898,808,Man Utd (Home)
Tielemans,MID,Man Utd,5.9,1.6,2.5,a,66,0,0,0,1,0,0,0.32,0.56,0.88,4.54,0,0,0,0,0,0,1,True,0.0,1.0,Man City,0.0,0.0,0.0,0.0,15,0,2,7880,38235,Man City (Away)
Baleba,MID,Man Utd,4.9,0.1,0.0,i,0,0,0,0,0,0,0,0.00,0.00,0.00,0.00,0,0,0,0,0,0,0,True,0.0,1.0,Man City,0.0,0.0,0.0,0.0,0,0,0,783,2530,Man City (Away)
Andrey Santos,MID,Man Utd,4.8,0.7,1.0,a,0,0,0,0,0,0,0,0.24,0.00,0.24,2.03,0,0,0,0,0,0,0,True,0.0,1.0,Man City,0.0,0.0,0.0,0.0,0,0,0,3527,16706,Man City (Away)
Darlow,GKP,Man Utd,4.5,0.0,0.0,a,0,0,0,0,0,0,0,0.00,0.00,0.00,0.00,0,0,0,0,0,0,0,True,0.0,1.0,Man City,0.0,0.0,0.0,0.0,0,0,0,256,345,Man City (Away)
Lammens,GKP,Man Utd,4.9,11.1,1.8,a,90,0,0,1,1,0,0,0.00,0.00,0.00,5.18,0,0,0,0,0,0,1,True,0.0,1.0,Man City,0.0,0.0,0.0,0.0,5,0,2,11379,239075,Man City (Away)
Bayindir,GKP,Man Utd,4.5,0.0,0.0,u,0,0,0,0,0,0,0,0.00,0.00,0.00,0.00,0,0,0,0,0,0,0,True,0.0,1.0,Man City,0.0,0.0,0.0,0.0,0,0,0,0,137,Man City (Away)
Heaton,GKP,Man Utd,4.0,0.1,0.0,i,0,0,0,0,0,0,0,0.00,0.00,0.00,0.00,0,0,0,0,0,0,0,True,0.0,1.0,Man City,0.0,0.0,0.0,0.0,0,0,0,696,815,Man City (Away)
Dorgu,MID,Man Utd,5.8,0.6,1.5,a,90,0,0,0,1,0,0,0.08,0.65,0.73,3.38,0,0,0,0,0,0,1,True,0.0,1.0,Man City,0.0,0.0,0.0,0.0,19,0,4,2154,19046,Man City (Away)
De Ligt,DEF,Man Utd,5.0,0.0,0.0,i,0,0,0,0,0,0,0,0.00,0.00,0.00,0.00,0,0,0,0,0,0,0,True,0.0,1.0,Man City,0.0,0.0,0.0,0.0,0,0,0,87,264,Man City (Away)
Dalot,DEF,Man Utd,4.9,1.8,1.5,a,90,0,0,0,1,0,0,0.18,0.18,0.36,3.08,0,0,0,0,0,0,1,True,0.0,1.0,Man City,0.0,0.0,0.0,0.0,9,0,2,3882,36002,Man City (Away)
Maguire,DEF,Man Utd,4.9,10.4,2.0,a,90,0,0,0,1,0,1,0.43,0.19,0.62,5.18,0,0,0,0,1,0,1,True,0.0,1.0,Man City,0.0,0.0,0.0,0.0,4,0,1,17287,376211,Man City (Away)
Martinez,DEF,Man Utd,5.0,1.3,1.5,a,90,0,0,0,1,0,0,0.14,0.06,0.20,4.17,0,0,0,0,0,0,1,True,0.0,1.0,Man City,0.0,0.0,0.0,0.0,14,0,2,7461,13467,Man City (Away)
Yoro,DEF,Man Utd,4.9,0.5,0.5,a,0,0,0,0,0,0,0,0.02,0.00,0.02,1.09,0,0,0,0,0,0,0,True,0.0,1.0,Man City,0.0,0.0,0.0,0.0,0,0,0,894,6963,Man City (Away)
Heaven,DEF,Man Utd,4.4,0.3,0.2,a,0,0,0,0,0,0,0,0.04,0.12,0.16,1.01,0,0,0,0,0,0,0,True,0.0,1.0,Man City,0.0,0.0,0.0,0.0,0,0,0,769,5798,Man City (Away)
Mazraoui,DEF,Man Utd,4.4,0.6,0.8,a,0,0,0,0,0,0,0,0.06,0.22,0.28,2.08,0,0,0,0,0,0,0,True,0.0,1.0,Man City,0.0,0.0,0.0,0.0,0,0,0,2102,11056,Man City (Away)
Shaw,DEF,Man Utd,4.4,11.0,1.8,d,0,0,0,0,0,0,1,0.51,0.02,0.53,3.01,0,0,0,0,0,0,0,True,0.0,1.0,Man City,0.0,0.0,0.0,0.0,0,0,0,21871,418040,Man City (Away)
Amass,DEF,Man Utd,4.0,0.2,0.0,a,0,0,0,0,0,0,0,0.00,0.00,0.00,0.00,0,0,0,0,0,0,0,True,0.0,1.0,Man City,0.0,0.0,0.0,0.0,0,0,0,1680,1980,Man City (Away)
Fredricson,DEF,Man Utd,4.0,0.0,0.0,u,0,0,0,0,0,0,0,0.00,0.00,0.00,0.00,0,0,0,0,0,0,0,True,0.0,1.0,Man City,0.0,0.0,0.0,0.0,0,0,0,0,152,Man City (Away)
B.Fernandes,MID,Man Utd,12.0,42.4,7.2,a,90,0,0,0,1,3,1,1.13,2.28,3.41,5.18,0,0,0,0,0,0,1,True,0.0,1.0,Man City,0.0,0.0,0.0,0.0,17,0,2,123022,738829,Man City (Away)
Mbeumo,MID,Man Utd,7.9,23.3,5.8,a,90,0,0,0,1,2,1,0.55,2.80,3.35,5.18,0,0,0,0,0,0,1,True,0.0,1.0,Man City,0.0,0.0,0.0,0.0,9,0,2,156650,519395,Man City (Away)
Cunha,MID,Man Utd,7.9,6.3,4.0,a,90,0,0,0,1,0,2,0.44,0.58,1.02,3.82,0,0,0,0,0,0,1,True,0.0,1.0,Man City,0.0,0.0,0.0,0.0,8,0,2,11751,150256,Man City (Away)
Rashford,MID,Man Utd,7.0,1.6,2.0,a,82,0,0,0,1,0,0,0.29,0.38,0.67,2.88,0,0,0,0,0,0,1,True,0.0,1.0,Man City,0.0,0.0,0.0,0.0,6,0,2,24764,28243,Man City (Away)
Mount,MID,Man Utd,5.4,0.0,0.0,a,0,0,0,0,0,0,0,0.00,0.00,0.00,0.00,0,0,0,0,0,0,0,True,0.0,1.0,Man City,0.0,0.0,0.0,0.0,0,0,0,272,218,Man City (Away)
Amad,MID,Man Utd,5.8,0.3,0.0,i,0,0,0,0,0,0,0,0.00,0.00,0.00,0.00,0,0,0,0,0,0,0,True,0.0,1.0,Man City,0.0,0.0,0.0,0.0,0,0,0,148,13580,Man City (Away)
Mainoo,MID,Man Utd,5.5,1.5,4.5,a,90,0,0,0,1,0,1,0.42,0.24,0.66,3.15,0,0,0,0,0,0,1,True,0.0,1.0,Man City,0.0,0.0,0.0,0.0,20,0,4,30157,12188,Man City (Away)
Ugarte,MID,Man Utd,5.0,0.0,0.0,i,0,0,0,0,0,0,0,0.00,0.00,0.00,0.00,0,0,0,0,0,0,0,True,0.0,1.0,Man City,0.0,0.0,0.0,0.0,0,0,0,25,47,Man City (Away)
J.Fletcher,MID,Man Utd,4.9,0.0,0.0,a,0,0,0,0,0,0,0,0.00,0.00,0.00,0.00,0,0,0,0,0,0,0,True,0.0,1.0,Man City,0.0,0.0,0.0,0.0,0,0,0,101,168,Man City (Away)
Lacey,MID,Man Utd,4.9,0.1,0.2,a,0,0,0,0,0,0,0,0.00,0.00,0.00,0.00,0,0,0,0,0,0,0,True,0.0,1.0,Man City,0.0,0.0,0.0,0.0,0,0,0,197,774,Man City (Away)
Collyer,MID,Man Utd,5.0,0.0,0.0,u,0,0,0,0,0,0,0,0.00,0.00,0.00,0.00,0,0,0,0,0,0,0,True,0.0,1.0,Man City,0.0,0.0,0.0,0.0,0,0,0,0,257,Man City (Away)
Bendito Mantato,MID,Man Utd,4.5,0.2,0.0,a,0,0,0,0,0,0,0,0.00,0.00,0.00,0.00,0,0,0,0,0,0,0,True,0.0,1.0,Man City,0.0,0.0,0.0,0.0,0,0,0,1317,2011,Man City (Away)
Fletcher,MID,Man Utd,4.5,0.3,0.0,a,0,0,0,0,0,0,0,0.00,0.00,0.00,0.00,0,0,0,0,0,0,0,True,0.0,1.0,Man City,0.0,0.0,0.0,0.0,0,0,0,1320,3178,Man City (Away)
Šeško,FWD,Man Utd,7.0,1.8,2.0,a,23,0,0,0,0,1,0,0.01,0.39,0.40,2.00,0,0,0,0,0,0,0,True,0.0,1.0,Man City,0.0,0.0,0.0,0.0,4,0,1,26345,22718,Man City (Away)
Zirkzee,FWD,Man Utd,5.4,0.4,0.2,a,7,0,0,0,0,0,0,0.01,0.00,0.01,0.02,0,0,0,0,0,0,0,True,0.0,1.0,Man City,0.0,0.0,0.0,0.0,4,0,1,3614,8463,Man City (Away)
Obi,FWD,Man Utd,4.5,1.2,0.0,a,0,0,0,0,0,0,0,0.00,0.00,0.00,0.00,0,0,0,0,0,0,0,True,0.0,1.0,Man City,0.0,0.0,0.0,0.0,0,0,0,15048,14273,Man City (Away)
N.Gonzalez,MID,Newcastle,5.5,0.3,1.0,a,0,0,0,0,0,0,0,0.21,0.00,0.21,2.07,0,0,0,0,0,0,0,False,,,Leeds,0.0,0.0,0.0,0.0,0,0,0,3834,3619,Leeds (Home)
Pope,GKP,Newcastle,4.9,1.0,0.0,a,0,0,0,0,0,0,0,0.00,0.00,0.00,0.00,0,0,0,0,0,0,0,False,,,Leeds,0.0,0.0,0.0,0.0,0,0,0,3004,11975,Leeds (Home)
Gillespie,GKP,Newcastle,4.5,0.0,0.0,a,0,0,0,0,0,0,0,0.00,0.00,0.00,0.00,0,0,0,0,0,0,0,False,,,Leeds,0.0,0.0,0.0,0.0,0,0,0,141,291,Leeds (Home)
Jaouen,GKP,Newcastle,4.5,0.0,0.0,d,0,0,0,0,0,0,0,0.00,0.00,0.00,0.00,0,0,0,0,0,0,0,False,,,Leeds,0.0,0.0,0.0,0.0,0,0,0,97,341,Leeds (Home)
Thiaw,DEF,Newcastle,5.0,2.2,2.0,a,0,0,0,0,0,0,0,0.07,0.00,0.07,5.47,0,0,0,0,0,0,0,False,,,Leeds,0.0,0.0,0.0,0.0,0,0,0,48297,45302,Leeds (Home)
Schär,DEF,Newcastle,5.0,0.2,0.2,a,0,0,0,0,0,0,0,0.00,0.00,0.00,0.79,0,0,0,0,0,0,0,False,,,Leeds,0.0,0.0,0.0,0.0,0,0,0,1440,3656,Leeds (Home)
Botman,DEF,Newcastle,5.0,0.7,2.2,a,0,0,0,0,0,0,0,0.17,0.01,0.18,5.47,0,0,0,0,0,0,0,False,,,Leeds,0.0,0.0,0.0,0.0,0,0,0,9972,8764,Leeds (Home)
Burn,DEF,Newcastle,4.9,0.9,0.0,i,0,0,0,0,0,0,0,0.00,0.00,0.00,0.00,0,0,0,0,0,0,0,False,,,Leeds,0.0,0.0,0.0,0.0,0,0,0,239,20556,Leeds (Home)
Hall,DEF,Newcastle,5.2,14.5,4.5,a,0,0,0,0,0,0,1,0.67,0.04,0.71,5.45,0,0,0,0,0,0,0,False,,,Leeds,0.0,0.0,0.0,0.0,0,0,0,563772,115626,Leeds (Home)
Livramento,DEF,Newcastle,4.9,0.1,0.2,a,0,0,0,0,0,0,0,0.00,0.00,0.00,0.02,0,0,0,0,0,0,0,False,,,Leeds,0.0,0.0,0.0,0.0,0,0,0,3493,1041,Leeds (Home)
A.Murphy,DEF,Newcastle,4.0,0.1,0.0,u,0,0,0,0,0,0,0,0.00,0.00,0.00,0.00,0,0,0,0,0,0,0,False,,,Leeds,0.0,0.0,0.0,0.0,0,0,0,0,957,Leeds (Home)
Barnes,MID,Newcastle,6.0,2.8,4.2,a,0,0,0,0,0,1,1,0.06,0.22,0.28,5.47,0,0,0,0,0,0,0,False,,,Leeds,0.0,0.0,0.0,0.0,0,0,0,210527,57859,Leeds (Home)
Elanga,MID,Newcastle,6.2,11.5,4.5,a,0,0,0,0,0,2,0,0.34,0.42,0.76,4.01,0,0,0,0,0,0,0,False,,,Leeds,0.0,0.0,0.0,0.0,0,0,0,326071,195343,Leeds (Home)
J.Ramsey,MID,Newcastle,4.9,0.4,1.8,a,0,0,0,0,0,1,0,0.16,0.17,0.33,1.92,0,0,0,0,0,0,0,False,,,Leeds,0.0,0.0,0.0,0.0,0,0,0,11516,4976,Leeds (Home)
J.Murphy,MID,Newcastle,5.9,0.1,0.5,a,0,0,0,0,0,0,0,0.20,0.00,0.20,1.46,0,0,0,0,0,0,0,False,,,Leeds,0.0,0.0,0.0,0.0,0,0,0,1062,2165,Leeds (Home)
Joelinton,MID,Newcastle,5.4,0.0,0.0,i,0,0,0,0,0,0,0,0.00,0.00,0.00,0.00,0,0,0,0,0,0,0,False,,,Leeds,0.0,0.0,0.0,0.0,0,0,0,33,282,Leeds (Home)
L.Miley,MID,Newcastle,5.5,0.1,2.0,a,0,0,0,0,0,0,0,0.07,0.05,0.12,4.39,0,0,0,0,0,0,0,False,,,Leeds,0.0,0.0,0.0,0.0,0,0,0,1045,1573,Leeds (Home)
Willock,MID,Newcastle,5.0,0.5,2.8,a,0,0,0,0,0,1,0,0.20,0.52,0.72,3.57,0,0,0,0,0,0,0,False,,,Leeds,0.0,0.0,0.0,0.0,0,0,0,16531,9891,Leeds (Home)
Touré,MID,Newcastle,5.8,0.1,0.2,a,0,0,0,0,0,0,0,0.00,0.00,0.00,0.00,0,0,0,0,0,0,0,False,,,Leeds,0.0,0.0,0.0,0.0,0,0,0,376,3407,Leeds (Home)
Steur,MID,Newcastle,4.9,0.1,0.8,a,0,0,0,0,0,0,0,0.00,0.00,0.00,1.90,0,0,0,0,0,0,0,False,,,Leeds,0.0,0.0,0.0,0.0,0,0,0,390,1454,Leeds (Home)
Woltemade,FWD,Newcastle,5.9,0.6,1.0,u,0,0,0,0,0,0,1,0.01,0.02,0.03,0.38,0,0,0,0,0,0,0,False,,,Leeds,0.0,0.0,0.0,0.0,0,0,0,0,39340,Leeds (Home)
Wissa,FWD,Newcastle,6.2,18.6,3.2,a,0,0,0,0,0,1,1,0.05,1.35,1.40,4.30,0,0,0,0,0,0,0,False,,,Leeds,0.0,0.0,0.0,0.0,0,0,0,578506,259090,Leeds (Home)
Osula,FWD,Newcastle,5.9,0.4,1.0,i,0,0,0,0,0,0,1,0.14,0.06,0.20,1.48,0,0,0,0,0,0,0,False,,,Leeds,0.0,0.0,0.0,0.0,0,0,0,234,12886,Leeds (Home)
Neave,FWD,Newcastle,4.5,0.6,0.0,u,0,0,0,0,0,0,0,0.00,0.00,0.00,0.00,0,0,0,0,0,0,0,False,,,Leeds,0.0,0.0,0.0,0.0,0,0,0,0,17854,Leeds (Home)
Bamba,MID,Newcastle,4.9,0.1,0.2,a,0,0,0,0,0,0,0,0.00,0.00,0.00,1.04,0,0,0,0,0,0,0,False,,,Leeds,0.0,0.0,0.0,0.0,0,0,0,539,1637,Leeds (Home)
Horníček,GKP,Newcastle,5.0,1.5,2.5,a,0,0,0,0,0,0,0,0.00,0.00,0.00,5.47,0,0,0,0,0,0,0,False,,,Leeds,0.0,0.0,0.0,0.0,0,0,0,58083,28617,Leeds (Home)
Dedić,DEF,Newcastle,4.5,2.9,3.2,d,0,0,0,0,0,0,1,0.08,0.14,0.22,5.47,0,0,0,0,0,0,0,False,,,Leeds,0.0,0.0,0.0,0.0,0,0,0,107522,115071,Leeds (Home)
Shahar,DEF,Newcastle,4.0,0.2,0.0,u,0,0,0,0,0,0,0,0.00,0.00,0.00,0.00,0,0,0,0,0,0,0,False,,,Leeds,0.0,0.0,0.0,0.0,0,0,0,3372,4416,Leeds (Home)
Fernandez-Pardo,FWD,Newcastle,6.0,0.1,0.5,a,0,0,0,0,0,0,0,0.00,0.00,0.00,0.04,0,0,0,0,0,0,0,False,,,Leeds,0.0,0.0,0.0,0.0,0,0,0,6117,1949,Leeds (Home)
Delap,FWD,Nott'm Forest,5.5,1.2,2.0,a,90,1,0,0,1,1,0,0.14,0.76,0.90,1.95,0,0,0,0,1,0,1,False,1.0,2.0,Aston Villa,0.0,0.0,0.0,0.0,25,0,5,20097,12425,Aston Villa (Home)
Muñoz,DEF,Nott'm Forest,5.4,5.5,0.8,a,90,0,0,0,1,0,0,0.19,0.48,0.67,1.92,0,0,0,0,0,0,1,False,1.0,2.0,Aston Villa,0.0,0.0,0.0,0.0,23,0,2,11222,94696,Aston Villa (Home)
Sels,GKP,Nott'm Forest,5.0,1.5,3.0,a,90,0,0,5,1,0,0,0.01,0.00,0.01,4.10,0,0,0,0,0,0,1,False,1.0,2.0,Aston Villa,0.0,0.0,0.0,0.0,19,0,3,15113,12902,Aston Villa (Home)
John,GKP,Nott'm Forest,4.5,0.1,0.0,a,0,0,0,0,0,0,0,0.00,0.00,0.00,0.00,0,0,0,0,0,0,0,False,1.0,2.0,Aston Villa,0.0,0.0,0.0,0.0,0,0,0,173,411,Aston Villa (Home)
N.Williams,DEF,Nott'm Forest,5.0,8.3,4.2,a,90,0,0,0,1,0,1,0.40,0.32,0.72,4.10,0,0,0,0,0,0,1,False,1.0,2.0,Aston Villa,0.0,0.0,0.0,0.0,9,0,2,91886,84494,Aston Villa (Home)
Morato,DEF,Nott'm Forest,5.0,0.0,0.0,u,0,0,0,0,0,0,0,0.00,0.00,0.00,0.00,0,0,0,0,0,0,0,False,1.0,2.0,Aston Villa,0.0,0.0,0.0,0.0,0,0,0,0,1122,Aston Villa (Home)
Milenković,DEF,Nott'm Forest,5.5,1.5,3.0,d,0,0,0,0,0,0,0,0.03,0.11,0.14,3.28,0,0,0,0,0,0,0,False,1.0,2.0,Aston Villa,0.0,0.0,0.0,0.0,0,0,0,9458,9804,Aston Villa (Home)
Murillo,DEF,Nott'm Forest,5.5,1.8,4.8,a,90,0,1,0,1,0,1,0.29,0.35,0.64,4.10,0,0,0,0,1,0,1,False,1.0,2.0,Aston Villa,0.0,0.0,0.0,0.0,18,0,6,15727,9859,Aston Villa (Home)
Aina,DEF,Nott'm Forest,4.5,2.6,2.0,a,90,0,0,0,1,0,0,0.53,0.04,0.57,3.72,0,0,0,0,0,0,1,False,1.0,2.0,Aston Villa,0.0,0.0,0.0,0.0,11,0,2,8317,51323,Aston Villa (Home)
Jair Cunha,DEF,Nott'm Forest,4.5,0.2,2.5,d,0,0,0,0,0,0,0,0.01,0.03,0.04,3.28,0,0,0,0,0,0,0,False,1.0,2.0,Aston Villa,0.0,0.0,0.0,0.0,0,0,0,8098,4213,Aston Villa (Home)
Savona,DEF,Nott'm Forest,4.5,0.0,0.0,i,0,0,0,0,0,0,0,0.00,0.00,0.00,0.00,0,0,0,0,0,0,0,False,1.0,2.0,Aston Villa,0.0,0.0,0.0,0.0,0,0,0,56,40,Aston Villa (Home)
O.Richards,DEF,Nott'm Forest,4.0,0.2,0.0,a,0,0,0,0,0,0,0,0.00,0.00,0.00,0.00,0,0,0,0,0,0,0,False,1.0,2.0,Aston Villa,0.0,0.0,0.0,0.0,0,0,0,925,1756,Aston Villa (Home)
Abbott,DEF,Nott'm Forest,4.0,0.2,0.0,u,0,0,0,0,0,0,0,0.00,0.00,0.00,0.00,0,0,0,0,0,0,0,False,1.0,2.0,Aston Villa,0.0,0.0,0.0,0.0,0,0,0,0,4322,Aston Villa (Home)
Netz,DEF,Nott'm Forest,4.4,0.0,0.5,a,0,0,0,0,0,0,0,0.00,0.00,0.00,0.13,0,0,0,0,0,0,0,False,1.0,2.0,Aston Villa,0.0,0.0,0.0,0.0,0,0,0,104,368,Aston Villa (Home)
Bindon,DEF,Nott'm Forest,4.0,0.1,0.0,u,0,0,0,0,0,0,0,0.00,0.00,0.00,0.00,0,0,0,0,0,0,0,False,1.0,2.0,Aston Villa,0.0,0.0,0.0,0.0,0,0,0,0,2375,Aston Villa (Home)
Gibbs-White,MID,Nott'm Forest,7.9,10.4,6.5,a,90,0,1,0,1,1,2,1.02,1.56,2.58,4.10,0,0,0,0,0,0,1,False,1.0,2.0,Aston Villa,0.0,0.0,0.0,0.0,42,3,8,175102,148241,Aston Villa (Home)
Hudson-Odoi,MID,Nott'm Forest,5.8,0.2,0.2,a,0,0,0,0,0,0,0,0.00,0.00,0.00,0.00,0,0,0,0,0,0,0,False,1.0,2.0,Aston Villa,0.0,0.0,0.0,0.0,0,0,0,774,3360,Aston Villa (Home)
Ndoye,MID,Nott'm Forest,5.5,0.7,3.5,a,74,0,0,0,1,1,0,0.88,1.05,1.93,3.21,0,0,0,0,1,0,1,False,1.0,2.0,Aston Villa,0.0,0.0,0.0,0.0,1,0,1,9828,13030,Aston Villa (Home)
Hutchinson,MID,Nott'm Forest,5.4,0.1,0.0,u,0,0,0,0,0,0,0,0.00,0.00,0.00,0.00,0,0,0,0,0,0,0,False,1.0,2.0,Aston Villa,0.0,0.0,0.0,0.0,0,0,0,0,2676,Aston Villa (Home)
Bakwa,MID,Nott'm Forest,5.5,0.0,0.0,u,0,0,0,0,0,0,0,0.00,0.00,0.00,0.00,0,0,0,0,0,0,0,False,1.0,2.0,Aston Villa,0.0,0.0,0.0,0.0,0,0,0,0,145,Aston Villa (Home)
McAtee,MID,Nott'm Forest,5.5,0.1,2.5,a,81,0,0,0,1,0,0,0.92,0.16,1.08,3.88,0,0,0,0,1,0,1,False,1.0,2.0,Aston Villa,0.0,0.0,0.0,0.0,18,0,3,1956,1410,Aston Villa (Home)
Dominguez,MID,Nott'm Forest,4.9,0.1,0.2,a,0,0,0,0,0,0,0,0.00,0.00,0.00,0.00,0,0,0,0,0,0,0,False,1.0,2.0,Aston Villa,0.0,0.0,0.0,0.0,0,0,0,312,881,Aston Villa (Home)
I.Sangaré,MID,Nott'm Forest,4.9,0.5,0.8,a,8,0,0,0,0,0,0,0.02,0.09,0.11,0.56,0,0,0,0,0,0,0,False,1.0,2.0,Aston Villa,0.0,0.0,0.0,0.0,2,0,1,2665,12118,Aston Villa (Home)
Yates,MID,Nott'm Forest,4.5,1.3,0.0,a,0,0,0,0,0,0,0,0.00,0.00,0.00,0.00,0,0,0,0,0,0,0,False,1.0,2.0,Aston Villa,0.0,0.0,0.0,0.0,0,0,0,7645,15993,Aston Villa (Home)
Wood,FWD,Nott'm Forest,5.8,1.0,0.8,a,1,0,0,0,0,0,0,0.01,0.12,0.13,0.49,0,0,0,0,0,0,0,False,1.0,2.0,Aston Villa,0.0,0.0,0.0,0.0,3,0,1,4564,21994,Aston Villa (Home)
Igor Jesus,FWD,Nott'm Forest,5.8,2.5,2.8,a,15,1,0,0,0,1,0,0.07,1.09,1.16,2.57,0,0,0,0,0,0,0,False,1.0,2.0,Aston Villa,0.0,0.0,0.0,0.0,34,2,7,12811,74220,Aston Villa (Home)
Kalimuendo,FWD,Nott'm Forest,5.4,0.1,0.2,a,0,0,0,0,0,0,0,0.00,0.00,0.00,0.00,0,0,0,0,0,0,0,False,1.0,2.0,Aston Villa,0.0,0.0,0.0,0.0,0,0,0,1150,869,Aston Villa (Home)
Schlager,MID,Nott'm Forest,5.0,0.1,2.8,a,90,0,0,0,1,0,0,0.08,0.14,0.22,3.76,0,0,0,0,1,0,1,False,1.0,2.0,Aston Villa,0.0,0.0,0.0,0.0,18,0,3,1040,1264,Aston Villa (Home)
Diomande,DEF,Nott'm Forest,5.4,0.5,1.2,a,90,0,0,0,1,0,0,0.00,0.11,0.11,0.82,0,0,0,0,0,0,1,False,1.0,2.0,Aston Villa,0.0,0.0,0.0,0.0,10,0,4,1486,8041,Aston Villa (Home)
Benda,GKP,Nott'm Forest,4.5,0.1,0.0,a,0,0,0,0,0,0,0,0.00,0.00,0.00,0.00,0,0,0,0,0,0,0,False,1.0,2.0,Aston Villa,0.0,0.0,0.0,0.0,0,0,0,543,623,Aston Villa (Home)
Van Hecke,DEF,Spurs,4.9,6.8,4.5,a,90,0,0,0,0,0,0,0.12,0.34,0.46,6.62,1,0,0,0,0,0,1,True,0.0,0.0,Everton,0.0,0.0,0.0,0.0,27,0,8,37570,83096,Everton (Away)
Tosin,DEF,Spurs,4.4,0.2,0.2,a,5,0,0,0,0,0,0,0.00,0.00,0.00,0.03,0,0,0,0,0,0,0,True,0.0,0.0,Everton,0.0,0.0,0.0,0.0,5,0,1,639,1638,Everton (Away)
Marmoush,FWD,Spurs,7.0,2.2,1.5,a,76,0,0,0,0,0,0,0.11,0.36,0.47,2.68,1,0,0,0,0,0,1,True,0.0,0.0,Everton,0.0,0.0,0.0,0.0,9,0,2,46956,40843,Everton (Away)
Sávio,MID,Spurs,6.5,0.7,1.5,a,90,0,0,0,0,0,0,0.53,0.12,0.65,1.60,1,0,0,0,0,0,1,True,0.0,0.0,Everton,0.0,0.0,0.0,0.0,22,0,3,13225,13808,Everton (Away)
Tonali,MID,Spurs,5.4,2.4,3.0,a,90,0,0,0,0,0,0,0.40,0.18,0.58,6.62,1,0,0,0,0,0,1,True,0.0,0.0,Everton,0.0,0.0,0.0,0.0,16,0,3,12899,44165,Everton (Away)
Vicario,GKP,Spurs,4.5,0.1,0.0,u,0,0,0,0,0,0,0,0.00,0.00,0.00,0.00,0,0,0,0,0,0,0,True,0.0,0.0,Everton,0.0,0.0,0.0,0.0,0,0,0,0,2498,Everton (Away)
Austin,GKP,Spurs,4.0,1.0,0.0,a,0,0,0,0,0,0,0,0.00,0.00,0.00,0.00,0,0,0,0,0,0,0,True,0.0,0.0,Everton,0.0,0.0,0.0,0.0,0,0,0,8583,5585,Everton (Away)
Kinsky,GKP,Spurs,4.5,18.5,4.0,a,90,0,0,3,0,0,0,0.00,0.00,0.00,6.62,1,0,0,0,0,0,1,True,0.0,0.0,Everton,0.0,0.0,0.0,0.0,29,0,7,146399,230912,Everton (Away)
Dubravka,GKP,Spurs,4.0,17.7,0.0,a,0,0,0,0,0,0,0,0.00,0.00,0.00,0.00,0,0,0,0,0,0,0,True,0.0,0.0,Everton,0.0,0.0,0.0,0.0,0,0,0,144708,125163,Everton (Away)
Senesi,DEF,Spurs,5.8,4.2,0.8,a,0,0,0,0,0,0,0,0.02,0.00,0.02,3.87,0,0,0,0,0,0,0,True,0.0,0.0,Everton,0.0,0.0,0.0,0.0,0,0,0,4311,108946,Everton (Away)
Pedro Porro,DEF,Spurs,5.5,9.8,2.0,d,0,0,0,0,0,0,0,0.16,0.36,0.52,1.64,0,0,0,0,0,0,0,True,0.0,0.0,Everton,0.0,0.0,0.0,0.0,0,0,0,48477,129180,Everton (Away)
Romero,DEF,Spurs,5.0,0.1,0.0,u,0,0,0,0,0,0,0,0.00,0.00,0.00,0.00,0,0,0,0,0,0,0,True,0.0,0.0,Everton,0.0,0.0,0.0,0.0,0,0,0,0,1362,Everton (Away)
Robertson,DEF,Spurs,4.4,2.7,3.2,a,90,0,0,0,0,0,0,0.17,0.13,0.30,5.89,1,0,0,0,0,0,1,True,0.0,0.0,Everton,0.0,0.0,0.0,0.0,30,1,7,5647,63320,Everton (Away)
Van de Ven,DEF,Spurs,5.0,3.9,3.8,a,90,0,0,0,0,0,0,0.04,0.57,0.61,2.75,1,0,0,0,0,0,1,True,0.0,0.0,Everton,0.0,0.0,0.0,0.0,27,0,6,33873,23753,Everton (Away)
Spence,DEF,Spurs,4.5,0.3,0.0,u,0,0,0,0,0,0,0,0.00,0.00,0.00,0.00,0,0,0,0,0,0,0,True,0.0,0.0,Everton,0.0,0.0,0.0,0.0,0,0,0,0,5357,Everton (Away)
Udogie,DEF,Spurs,4.5,0.4,1.8,d,0,0,0,0,0,0,0,0.23,0.00,0.23,1.17,0,0,0,0,0,0,0,True,0.0,0.0,Everton,0.0,0.0,0.0,0.0,0,0,0,1478,4392,Everton (Away)
Phillips,DEF,Spurs,4.5,0.0,0.0,u,0,0,0,0,0,0,0,0.00,0.00,0.00,0.00,0,0,0,0,0,0,0,True,0.0,0.0,Everton,0.0,0.0,0.0,0.0,0,0,0,0,139,Everton (Away)
Davies,DEF,Spurs,4.0,0.9,0.0,a,0,0,0,0,0,0,0,0.00,0.00,0.00,0.00,0,0,0,0,0,0,0,True,0.0,0.0,Everton,0.0,0.0,0.0,0.0,0,0,0,2570,8955,Everton (Away)
Byfield,DEF,Spurs,4.0,0.1,0.0,a,0,0,0,0,0,0,0,0.00,0.00,0.00,0.00,0,0,0,0,0,0,0,True,0.0,0.0,Everton,0.0,0.0,0.0,0.0,0,0,0,621,565,Everton (Away)
Rowswell,DEF,Spurs,4.0,0.1,0.0,a,0,0,0,0,0,0,0,0.00,0.00,0.00,0.00,0,0,0,0,0,0,0,True,0.0,0.0,Everton,0.0,0.0,0.0,0.0,0,0,0,824,760,Everton (Away)
Souza,DEF,Spurs,4.0,0.2,0.0,u,0,0,0,0,0,0,0,0.00,0.00,0.00,0.00,0,0,0,0,0,0,0,True,0.0,0.0,Everton,0.0,0.0,0.0,0.0,0,0,0,0,4759,Everton (Away)
Kudus,MID,Spurs,6.5,0.1,0.8,a,27,0,0,0,0,0,0,0.22,0.04,0.26,1.11,0,0,0,0,0,0,0,True,0.0,0.0,Everton,0.0,0.0,0.0,0.0,8,0,1,3198,2653,Everton (Away)
Xavi,MID,Spurs,5.9,0.0,0.0,i,0,0,0,0,0,0,0,0.00,0.00,0.00,0.00,0,0,0,0,0,0,0,True,0.0,0.0,Everton,0.0,0.0,0.0,0.0,0,0,0,86,194,Everton (Away)
Tel,MID,Spurs,5.8,0.2,2.0,a,27,0,0,0,0,0,0,0.23,0.21,0.44,5.55,0,0,0,0,0,0,0,True,0.0,0.0,Everton,0.0,0.0,0.0,0.0,3,0,1,1812,8382,Everton (Away)
Maddison,MID,Spurs,6.3,0.4,0.5,a,13,0,0,0,0,0,0,0.02,0.00,0.02,0.88,0,0,0,0,0,0,0,True,0.0,0.0,Everton,0.0,0.0,0.0,0.0,3,0,1,447,13543,Everton (Away)
Bentancur,MID,Spurs,5.5,0.2,2.8,a,62,0,0,0,0,0,0,0.08,0.02,0.10,4.49,1,0,0,0,0,0,1,True,0.0,0.0,Everton,0.0,0.0,0.0,0.0,15,0,3,1225,1397,Everton (Away)
Odobert,MID,Spurs,5.5,0.0,0.0,i,0,0,0,0,0,0,0,0.00,0.00,0.00,0.00,0,0,0,0,0,0,0,True,0.0,0.0,Everton,0.0,0.0,0.0,0.0,0,0,0,36,18,Everton (Away)
P.M.Sarr,MID,Spurs,4.9,0.1,0.0,u,0,0,0,0,0,0,0,0.00,0.00,0.00,0.00,0,0,0,0,0,0,0,True,0.0,0.0,Everton,0.0,0.0,0.0,0.0,0,0,0,0,4648,Everton (Away)
Gallagher,MID,Spurs,5.4,0.2,0.8,a,0,0,0,0,0,0,0,0.12,0.02,0.14,2.58,0,0,0,0,0,0,0,True,0.0,0.0,Everton,0.0,0.0,0.0,0.0,0,0,0,812,2556,Everton (Away)
Bergvall,MID,Spurs,5.4,0.2,0.5,a,27,0,0,0,0,0,0,0.26,0.06,0.32,2.14,0,0,0,0,0,0,0,True,0.0,0.0,Everton,0.0,0.0,0.0,0.0,8,0,1,319,1983,Everton (Away)
Kulusevski,MID,Spurs,6.5,0.0,0.0,i,0,0,0,0,0,0,0,0.00,0.00,0.00,0.00,0,0,0,0,0,0,0,True,0.0,0.0,Everton,0.0,0.0,0.0,0.0,0,0,0,81,154,Everton (Away)
Gray,MID,Spurs,4.9,0.2,1.8,a,84,0,0,0,0,0,0,0.04,0.09,0.13,4.99,1,0,0,0,0,0,1,True,0.0,0.0,Everton,0.0,0.0,0.0,0.0,13,0,3,876,3315,Everton (Away)
Moore,MID,Spurs,5.0,0.1,0.8,u,0,0,0,0,0,0,0,0.02,0.40,0.42,3.26,0,0,0,0,0,0,0,True,0.0,0.0,Everton,0.0,0.0,0.0,0.0,0,0,0,0,5490,Everton (Away)
Olusesi,MID,Spurs,4.4,0.9,0.0,a,0,0,0,0,0,0,0,0.00,0.00,0.00,0.00,0,0,0,0,0,0,0,True,0.0,0.0,Everton,0.0,0.0,0.0,0.0,0,0,0,13763,8087,Everton (Away)
Fernandes,MID,Spurs,5.8,0.9,1.5,a,62,0,0,0,0,0,0,0.26,0.12,0.38,3.61,1,0,0,0,0,0,1,True,0.0,0.0,Everton,0.0,0.0,0.0,0.0,15,0,3,1839,29808,Everton (Away)
Solanke,FWD,Spurs,5.9,0.9,1.2,a,62,0,0,0,0,0,0,0.01,0.44,0.45,1.56,1,0,0,0,0,0,1,True,0.0,0.0,Everton,0.0,0.0,0.0,0.0,4,0,2,5756,19815,Everton (Away)
Richarlison,FWD,Spurs,5.9,0.8,0.5,u,0,0,0,0,0,0,0,0.00,0.00,0.00,3.02,0,0,0,0,0,0,0,True,0.0,0.0,Everton,0.0,0.0,0.0,0.0,0,0,0,0,69368,Everton (Away)
Scarlett,FWD,Spurs,4.5,1.3,0.0,u,0,0,0,0,0,0,0,0.00,0.00,0.00,0.00,0,0,0,0,0,0,0,True,0.0,0.0,Everton,0.0,0.0,0.0,0.0,0,0,0,0,31099,Everton (Away)
Mudryk,MID,Spurs,5.4,0.1,0.2,i,0,0,0,0,0,0,0,0.00,0.00,0.00,0.16,0,0,0,0,0,0,0,True,0.0,0.0,Everton,0.0,0.0,0.0,0.0,0,0,0,1620,2290,Everton (Away)
Williams-Barnett,MID,Spurs,4.5,0.1,0.0,a,0,0,0,0,0,0,0,0.00,0.00,0.00,0.00,0,0,0,0,0,0,0,True,0.0,0.0,Everton,0.0,0.0,0.0,0.0,0,0,0,2324,1921,Everton (Away)
Danso,DEF,Sunderland,5.0,0.2,0.8,a,90,0,0,0,2,0,0,0.16,0.00,0.16,3.09,0,0,0,0,0,0,1,True,0.0,2.0,Arsenal,0.0,0.0,0.0,0.0,6,0,1,1568,1747,Arsenal (Away)
Roefs,GKP,Sunderland,4.9,2.8,2.8,a,90,0,0,3,2,0,0,0.00,0.00,0.00,5.84,0,0,0,0,0,0,1,True,0.0,2.0,Arsenal,0.0,0.0,0.0,0.0,9,0,2,2287,50248,Arsenal (Away)
Patterson,GKP,Sunderland,4.0,0.1,0.0,u,0,0,0,0,0,0,0,0.00,0.00,0.00,0.00,0,0,0,0,0,0,0,True,0.0,2.0,Arsenal,0.0,0.0,0.0,0.0,0,0,0,0,986,Arsenal (Away)
Ellborg,GKP,Sunderland,4.5,0.1,0.0,a,0,0,0,0,0,0,0,0.00,0.00,0.00,0.00,0,0,0,0,0,0,0,True,0.0,2.0,Arsenal,0.0,0.0,0.0,0.0,0,0,0,235,726,Arsenal (Away)
Ballard,DEF,Sunderland,4.9,3.0,3.0,a,90,0,0,0,2,0,0,0.16,0.17,0.33,5.84,0,0,0,0,1,0,1,True,0.0,2.0,Arsenal,0.0,0.0,0.0,0.0,0,0,0,7170,103276,Arsenal (Away)
Mukiele,DEF,Sunderland,5.4,2.1,3.2,a,90,0,0,0,2,0,0,0.05,0.70,0.75,4.04,0,0,0,0,1,0,1,True,0.0,2.0,Arsenal,0.0,0.0,0.0,0.0,-5,0,0,6912,28764,Arsenal (Away)
Hume,DEF,Sunderland,4.4,3.7,2.2,a,0,0,0,0,0,0,0,0.28,0.04,0.32,3.09,0,0,0,0,0,0,0,True,0.0,2.0,Arsenal,0.0,0.0,0.0,0.0,0,0,0,3636,153310,Arsenal (Away)
Alderete,DEF,Sunderland,4.9,0.3,0.2,a,0,0,0,0,0,0,0,0.01,0.00,0.01,0.10,0,0,0,0,0,0,0,True,0.0,2.0,Arsenal,0.0,0.0,0.0,0.0,0,0,0,401,6756,Arsenal (Away)
Reinildo,DEF,Sunderland,4.5,0.3,1.8,s,90,0,0,0,2,0,0,0.32,0.00,0.32,5.05,0,0,0,0,0,1,1,True,0.0,2.0,Arsenal,0.0,0.0,0.0,0.0,-12,0,-2,780,5132,Arsenal (Away)
Seelt,DEF,Sunderland,4.5,0.0,0.0,u,0,0,0,0,0,0,0,0.00,0.00,0.00,0.00,0,0,0,0,0,0,0,True,0.0,2.0,Arsenal,0.0,0.0,0.0,0.0,0,0,0,0,100,Arsenal (Away)
Hjelde,DEF,Sunderland,4.0,0.0,0.0,u,0,0,0,0,0,0,0,0.00,0.00,0.00,0.00,0,0,0,0,0,0,0,True,0.0,2.0,Arsenal,0.0,0.0,0.0,0.0,0,0,0,0,403,Arsenal (Away)
O'Nien,DEF,Sunderland,4.0,2.6,0.2,a,0,0,0,0,0,0,0,0.01,0.01,0.02,1.69,0,0,0,0,0,0,0,True,0.0,2.0,Arsenal,0.0,0.0,0.0,0.0,0,0,0,2683,34037,Arsenal (Away)
Masuaku,DEF,Sunderland,4.0,0.1,0.0,u,0,0,0,0,0,0,0,0.00,0.00,0.00,0.00,0,0,0,0,0,0,0,True,0.0,2.0,Arsenal,0.0,0.0,0.0,0.0,0,0,0,0,1719,Arsenal (Away)
Meunier,DEF,Sunderland,4.5,0.3,2.8,a,75,0,0,0,1,0,0,0.13,0.34,0.47,4.60,0,0,0,0,0,0,1,True,0.0,2.0,Arsenal,0.0,0.0,0.0,0.0,5,0,2,781,2566,Arsenal (Away)
E.Le Fée,MID,Sunderland,5.8,4.2,3.2,a,90,0,0,0,2,1,0,0.82,2.06,2.88,5.64,0,0,1,0,0,0,1,True,0.0,2.0,Arsenal,0.0,0.0,0.0,0.0,6,0,0,9125,146558,Arsenal (Away)
Diarra,MID,Sunderland,5.4,0.0,1.2,i,0,0,0,0,0,0,1,0.16,0.03,0.19,0.12,0,0,0,0,0,0,0,True,0.0,2.0,Arsenal,0.0,0.0,0.0,0.0,0,0,0,27,1528,Arsenal (Away)
Xhaka,MID,Sunderland,5.5,4.1,4.8,a,90,0,0,0,2,0,1,0.94,0.06,1.00,5.84,0,0,0,0,1,0,1,True,0.0,2.0,Arsenal,0.0,0.0,0.0,0.0,19,0,1,23504,61283,Arsenal (Away)
Sadiki,MID,Sunderland,4.9,0.2,2.0,a,90,0,0,0,2,0,0,0.23,0.40,0.63,5.45,0,0,0,0,0,0,1,True,0.0,2.0,Arsenal,0.0,0.0,0.0,0.0,11,0,2,1090,4909,Arsenal (Away)
Adingra,MID,Sunderland,4.9,0.0,0.0,u,0,0,0,0,0,0,0,0.00,0.00,0.00,0.00,0,0,0,0,0,0,0,True,0.0,2.0,Arsenal,0.0,0.0,0.0,0.0,0,0,0,0,1088,Arsenal (Away)
Mundle,MID,Sunderland,4.9,0.0,0.2,i,0,0,0,0,0,0,0,0.00,0.17,0.17,0.09,0,0,0,0,0,0,0,True,0.0,2.0,Arsenal,0.0,0.0,0.0,0.0,0,0,0,53,199,Arsenal (Away)
Rigg,MID,Sunderland,4.9,0.0,0.5,a,0,0,0,0,0,0,0,0.00,0.00,0.00,0.44,0,0,0,0,0,0,0,True,0.0,2.0,Arsenal,0.0,0.0,0.0,0.0,0,0,0,130,634,Arsenal (Away)
Talbi,MID,Sunderland,5.3,0.1,0.2,a,0,0,0,0,0,0,0,0.00,0.00,0.00,0.14,0,0,0,0,0,0,0,True,0.0,2.0,Arsenal,0.0,0.0,0.0,0.0,0,0,0,214,2552,Arsenal (Away)
Jocelin.T,MID,Sunderland,5.0,0.0,0.0,a,0,0,0,0,0,0,0,0.00,0.00,0.00,0.00,0,0,0,0,0,0,0,True,0.0,2.0,Arsenal,0.0,0.0,0.0,0.0,0,0,0,79,91,Arsenal (Away)
N.Angulo,MID,Sunderland,5.0,0.1,3.0,a,69,0,0,0,1,1,0,0.12,0.15,0.27,3.81,0,0,0,0,0,0,1,True,0.0,2.0,Arsenal,0.0,0.0,0.0,0.0,7,0,2,1450,3150,Arsenal (Away)
Brobbey,FWD,Sunderland,5.8,6.4,1.8,a,90,0,0,0,2,0,0,0.07,0.59,0.66,5.36,0,0,0,0,1,0,1,True,0.0,2.0,Arsenal,0.0,0.0,0.0,0.0,4,0,1,13895,260381,Arsenal (Away)
Isidor,FWD,Sunderland,5.5,1.5,3.5,a,20,0,0,0,1,1,1,0.01,1.49,1.50,1.99,0,0,0,0,0,0,0,True,0.0,2.0,Arsenal,0.0,0.0,0.0,0.0,1,0,1,47557,22245,Arsenal (Away)
Methalie,DEF,Sunderland,4.5,0.0,0.0,a,0,0,0,0,0,0,0,0.00,0.00,0.00,0.00,0,0,0,0,0,0,0,True,0.0,2.0,Arsenal,0.0,0.0,0.0,0.0,0,0,0,187,203,Arsenal (Away)
Ahoka,MID,Sunderland,4.5,0.2,0.0,a,0,0,0,0,0,0,0,0.00,0.00,0.00,0.00,0,0,0,0,0,0,0,True,0.0,2.0,Arsenal,0.0,0.0,0.0,0.0,0,0,0,6933,4383,Arsenal (Away)
Fofana,MID,Sunderland,5.5,0.0,1.0,a,14,0,0,0,1,0,0,0.00,0.00,0.00,1.18,0,0,0,0,0,0,0,True,0.0,2.0,Arsenal,0.0,0.0,0.0,0.0,2,0,1,1193,557,Arsenal (Away)
J.Angulo,FWD,Sunderland,4.5,0.5,0.0,a,0,0,0,0,0,0,0,0.00,0.00,0.00,0.00,0,0,0,0,0,0,0,True,0.0,2.0,Arsenal,0.0,0.0,0.0,0.0,0,0,0,32385,9536,Arsenal (Away)
