Web name,Position,Team,Cost,Selected,Form,Status,Minutes,Goals,Assist,Saves,GC,Season Goals,Season Assists,xA,xG,xGI,xGC,CS,OGs,Pens Missed,Pens Saved,Yellow cards,Red cards,Starts,Was home,Team H Score,Team A Score,Opponent Team,Influence,Creativity,Threat,ICT Index,Bps,Bonus,GW Points,Transfers In,Transfers Out,Next Fixture,GW
Raya,GKP,Arsenal,6.0,38.3,6.0,a,90,0,0,1,0,0,0,0.0,0.0,0.0,0.2,1,0,0,0,0,0,1,True,3.0,0.0,Coventry City,11.8,0.0,0.0,1.2,24,0,6,0,0,Aston Villa (Home),1
Arrizabalaga,GKP,Arsenal,5.0,0.1,0.0,a,0,0,0,0,0,0,0,0.0,0.0,0.0,0.0,0,0,0,0,0,0,0,True,3.0,0.0,Coventry City,0.0,0.0,0.0,0.0,0,0,0,0,0,Aston Villa (Home),1
Meslier,GKP,Arsenal,5.0,0.0,0.0,a,0,0,0,0,0,0,0,0.0,0.0,0.0,0.0,0,0,0,0,0,0,0,True,3.0,0.0,Coventry City,0.0,0.0,0.0,0.0,0,0,0,0,0,Aston Villa (Home),1
Gabriel,DEF,Arsenal,8.0,29.1,5.0,a,90,0,0,0,0,0,0,0.01,0.05,0.06,0.2,1,0,0,0,1,0,1,True,3.0,0.0,Coventry City,6.6,1.8,1.0,0.9,21,0,5,0,0,Aston Villa (Home),1
J.Timber,DEF,Arsenal,6.5,0.1,0.0,i,0,0,0,0,0,0,0,0.0,0.0,0.0,0.0,0,0,0,0,0,0,0,True,3.0,0.0,Coventry City,0.0,0.0,0.0,0.0,0,0,0,0,0,Aston Villa (Home),1
Saliba,DEF,Arsenal,6.0,0.3,0.0,i,0,0,0,0,0,0,0,0.0,0.0,0.0,0.0,0,0,0,0,0,0,0,True,3.0,0.0,Coventry City,0.0,0.0,0.0,0.0,0,0,0,0,0,Aston Villa (Home),1
Lewis-Skelly,MID,Arsenal,5.5,0.7,3.0,a,90,0,0,0,0,0,0,0.11,0.06,0.17,0.2,1,0,0,0,0,0,1,True,3.0,0.0,Coventry City,11.0,22.9,7.0,4.1,15,0,3,0,0,Aston Villa (Home),1
Calafiori,DEF,Arsenal,5.6,41.6,9.0,a,80,0,1,0,0,0,1,0.09,0.04,0.13,0.06,1,0,0,0,0,0,1,True,3.0,0.0,Coventry City,26.0,12.2,4.0,4.2,31,0,9,0,0,Aston Villa (Home),1
Hincapie,DEF,Arsenal,5.4,1.5,1.0,a,9,0,0,0,0,0,0,0.0,0.0,0.0,0.15,0,0,0,0,0,0,0,True,3.0,0.0,Coventry City,0.4,0.5,0.0,0.1,3,0,1,0,0,Aston Villa (Home),1
White,DEF,Arsenal,5.5,6.6,11.0,a,90,0,1,0,0,0,1,0.21,0.18,0.39,0.2,1,0,0,0,0,0,1,True,3.0,0.0,Coventry City,33.2,26.8,13.0,7.3,37,2,11,0,0,Aston Villa (Home),1
Mosquera,DEF,Arsenal,5.5,5.8,6.0,a,90,0,0,0,0,0,0,0.0,0.0,0.0,0.2,1,0,0,0,0,0,1,True,3.0,0.0,Coventry City,14.4,0.6,0.0,1.5,27,0,6,0,0,Aston Villa (Home),1
Saka,MID,Arsenal,9.5,10.4,9.0,a,67,1,0,0,0,1,0,0.08,0.64,0.72,0.06,1,0,0,0,0,0,1,True,3.0,0.0,Coventry City,42.8,26.1,33.0,10.2,36,1,9,0,0,Aston Villa (Home),1
Rice,MID,Arsenal,7.5,17.0,3.0,a,67,0,0,0,0,0,0,0.08,0.07,0.15,0.06,1,0,0,0,0,0,1,True,3.0,0.0,Coventry City,6.8,6.4,2.0,1.5,10,0,3,0,0,Aston Villa (Home),1
Eze,MID,Arsenal,6.5,1.8,1.0,a,14,0,0,0,0,0,0,0.0,0.04,0.04,0.15,0,0,0,0,0,0,0,True,3.0,0.0,Coventry City,0.0,1.8,1.0,0.1,4,0,1,0,0,Aston Villa (Home),1
Ødegaard,MID,Arsenal,6.6,11.5,11.0,a,75,1,0,0,0,1,0,0.1,0.21,0.31,0.06,1,0,0,0,0,0,1,True,3.0,0.0,Coventry City,50.6,41.5,31.0,12.3,41,3,11,0,0,Aston Villa (Home),1
Madueke,MID,Arsenal,6.4,0.3,1.0,a,22,0,0,0,0,0,0,0.04,0.0,0.04,0.15,0,0,0,0,0,0,0,True,3.0,0.0,Coventry City,9.4,43.1,0.0,5.3,8,0,1,0,0,Aston Villa (Home),1
Merino,MID,Arsenal,6.0,0.6,1.0,a,14,0,0,0,0,0,0,0.02,0.14,0.16,0.15,0,0,0,0,0,0,0,True,3.0,0.0,Coventry City,3.6,1.2,14.0,1.9,5,0,1,0,0,Aston Villa (Home),1
Martinelli,MID,Arsenal,6.4,0.2,0.0,a,0,0,0,0,0,0,0,0.0,0.0,0.0,0.0,0,0,0,0,0,0,0,True,3.0,0.0,Coventry City,0.0,0.0,0.0,0.0,0,0,0,0,0,Aston Villa (Home),1
Zubimendi,MID,Arsenal,5.5,1.0,1.0,a,22,0,0,0,0,0,0,0.02,0.0,0.02,0.15,0,0,0,0,0,0,0,True,3.0,0.0,Coventry City,3.8,2.3,0.0,0.6,3,0,1,0,0,Aston Villa (Home),1
Dowman,MID,Arsenal,5.4,0.1,0.0,a,0,0,0,0,0,0,0,0.0,0.0,0.0,0.0,0,0,0,0,0,0,0,True,3.0,0.0,Coventry City,0.0,0.0,0.0,0.0,0,0,0,0,0,Aston Villa (Home),1
Nwaneri,MID,Arsenal,5.5,0.0,0.0,a,0,0,0,0,0,0,0,0.0,0.0,0.0,0.0,0,0,0,0,0,0,0,True,3.0,0.0,Coventry City,0.0,0.0,0.0,0.0,0,0,0,0,0,Aston Villa (Home),1
Fábio Vieira,MID,Arsenal,5.5,0.0,0.0,a,0,0,0,0,0,0,0,0.0,0.0,0.0,0.0,0,0,0,0,0,0,0,True,3.0,0.0,Coventry City,0.0,0.0,0.0,0.0,0,0,0,0,0,Aston Villa (Home),1
Nelson,MID,Arsenal,5.5,0.0,0.0,a,0,0,0,0,0,0,0,0.0,0.0,0.0,0.0,0,0,0,0,0,0,0,True,3.0,0.0,Coventry City,0.0,0.0,0.0,0.0,0,0,0,0,0,Aston Villa (Home),1
Gyökeres,FWD,Arsenal,7.4,6.9,0.0,a,0,0,0,0,0,0,0,0.0,0.0,0.0,0.0,0,0,0,0,0,0,0,True,3.0,0.0,Coventry City,0.0,0.0,0.0,0.0,0,0,0,0,0,Aston Villa (Home),1
Havertz,FWD,Arsenal,7.5,7.4,6.0,a,90,1,0,0,0,1,0,0.03,0.26,0.29,0.2,1,0,0,0,0,0,1,True,3.0,0.0,Coventry City,37.2,13.2,25.0,7.5,34,0,6,0,0,Aston Villa (Home),1
G.Jesus,FWD,Arsenal,6.0,0.3,0.0,a,0,0,0,0,0,0,0,0.0,0.0,0.0,0.0,0,0,0,0,0,0,0,True,3.0,0.0,Coventry City,0.0,0.0,0.0,0.0,0,0,0,0,0,Aston Villa (Home),1
Konsa,DEF,Arsenal,4.5,10.9,0.0,a,0,0,0,0,0,0,0,0.0,0.0,0.0,0.0,0,0,0,0,0,0,0,True,3.0,0.0,Coventry City,0.0,0.0,0.0,0.0,0,0,0,0,0,Aston Villa (Home),1
Bruno G.,MID,Arsenal,6.9,2.8,0.0,d,0,0,0,0,0,0,0,0.0,0.0,0.0,0.0,0,0,0,0,0,0,0,True,3.0,0.0,Coventry City,0.0,0.0,0.0,0.0,0,0,0,0,0,Aston Villa (Home),1
Tzolis,MID,Arsenal,6.5,26.0,6.0,a,75,0,1,0,0,0,1,0.14,0.19,0.33,0.06,1,0,0,0,0,0,1,True,3.0,0.0,Coventry City,17.0,39.8,30.0,8.7,30,0,6,0,0,Aston Villa (Home),1
Martinez,GKP,Aston Villa,5.0,4.1,0.0,a,0,0,0,0,0,0,0,0.0,0.0,0.0,0.0,0,0,0,0,0,0,0,False,4.0,0.0,Brighton,0.0,0.0,0.0,0.0,0,0,0,0,0,Arsenal (Away),1
M.Bizot,GKP,Aston Villa,4.5,0.1,1.0,a,90,0,0,3,4,0,0,0.0,0.0,0.0,3.77,0,0,0,0,0,0,1,False,4.0,0.0,Brighton,28.2,0.0,0.0,2.8,1,0,1,0,0,Arsenal (Away),1
Digne,DEF,Aston Villa,4.5,0.1,0.0,u,0,0,0,0,0,0,0,0.0,0.0,0.0,0.0,0,0,0,0,0,0,0,False,4.0,0.0,Brighton,0.0,0.0,0.0,0.0,0,0,0,0,0,Arsenal (Away),1
Cash,DEF,Aston Villa,4.5,7.7,-1.0,a,90,0,0,0,4,0,0,0.0,0.0,0.0,3.77,0,0,0,0,1,0,1,False,4.0,0.0,Brighton,12.0,1.1,0.0,1.3,-8,0,-1,0,0,Arsenal (Away),1
Mings,DEF,Aston Villa,4.5,0.4,1.0,a,16,0,0,0,0,0,0,0.0,0.0,0.0,0.22,0,0,0,0,0,0,0,False,4.0,0.0,Brighton,2.0,0.0,0.0,0.2,5,0,1,0,0,Arsenal (Away),1
Pau,DEF,Aston Villa,4.5,0.4,0.0,a,73,0,0,0,4,0,0,0.0,0.0,0.0,3.55,0,0,0,0,0,0,1,False,4.0,0.0,Brighton,0.0,0.7,0.0,0.0,-14,0,0,0,0,Arsenal (Away),1
Bogarde,MID,Aston Villa,5.0,0.1,1.0,a,16,0,0,0,0,0,0,0.0,0.0,0.0,0.22,0,0,0,0,0,0,0,False,4.0,0.0,Brighton,2.2,0.5,0.0,0.3,3,0,1,0,0,Arsenal (Away),1
Maatsen,DEF,Aston Villa,4.5,0.7,0.0,a,81,0,0,0,4,0,0,0.0,0.03,0.03,3.62,0,0,0,0,0,0,1,False,4.0,0.0,Brighton,9.2,0.8,3.0,1.3,-9,0,0,0,0,Arsenal (Away),1
Lindelöf,DEF,Aston Villa,4.5,0.3,-2.0,a,90,0,0,0,4,0,0,0.0,0.0,0.0,3.77,0,1,0,0,0,0,1,False,4.0,0.0,Brighton,1.8,0.1,0.0,0.2,-13,0,-2,0,0,Arsenal (Away),1
A.García,DEF,Aston Villa,4.0,1.7,0.0,a,0,0,0,0,0,0,0,0.0,0.0,0.0,0.0,0,0,0,0,0,0,0,False,4.0,0.0,Brighton,0.0,0.0,0.0,0.0,0,0,0,0,0,Arsenal (Away),1
Nedeljkovic,DEF,Aston Villa,4.0,0.2,0.0,u,0,0,0,0,0,0,0,0.0,0.0,0.0,0.0,0,0,0,0,0,0,0,False,4.0,0.0,Brighton,0.0,0.0,0.0,0.0,0,0,0,0,0,Arsenal (Away),1
Buendía,MID,Aston Villa,6.0,1.2,2.0,a,85,0,0,0,4,0,0,0.09,0.13,0.22,3.62,0,0,0,0,0,0,1,False,4.0,0.0,Brighton,0.0,16.3,8.0,2.2,4,0,2,0,0,Arsenal (Away),1
Bailey,MID,Aston Villa,5.5,0.1,0.0,a,0,0,0,0,0,0,0,0.0,0.0,0.0,0.0,0,0,0,0,0,0,0,False,4.0,0.0,Brighton,0.0,0.0,0.0,0.0,0,0,0,0,0,Arsenal (Away),1
McGinn,MID,Aston Villa,5.5,2.8,1.0,a,81,0,0,0,4,0,0,0.01,0.04,0.05,3.62,0,0,0,0,1,0,1,False,4.0,0.0,Brighton,1.6,2.4,1.0,0.5,8,0,1,0,0,Arsenal (Away),1
Barkley,MID,Aston Villa,5.0,0.2,2.0,a,73,0,0,0,4,0,0,0.02,0.1,0.12,3.55,0,0,0,0,0,0,1,False,4.0,0.0,Brighton,9.4,21.4,7.0,3.8,11,0,2,0,0,Arsenal (Away),1
Kamara,MID,Aston Villa,5.0,0.3,2.0,a,90,0,0,0,4,0,0,0.0,0.0,0.0,3.77,0,0,0,0,0,0,1,False,4.0,0.0,Brighton,11.2,2.8,0.0,1.4,9,0,2,0,0,Arsenal (Away),1
Onana,MID,Aston Villa,5.0,0.0,0.0,i,0,0,0,0,0,0,0,0.0,0.0,0.0,0.0,0,0,0,0,0,0,0,False,4.0,0.0,Brighton,0.0,0.0,0.0,0.0,0,0,0,0,0,Arsenal (Away),1
Iling Jr,MID,Aston Villa,5.0,0.0,0.0,u,0,0,0,0,0,0,0,0.0,0.0,0.0,0.0,0,0,0,0,0,0,0,False,4.0,0.0,Brighton,0.0,0.0,0.0,0.0,0,0,0,0,0,Arsenal (Away),1
Burrowes,MID,Aston Villa,4.5,0.7,0.0,a,0,0,0,0,0,0,0,0.0,0.0,0.0,0.0,0,0,0,0,0,0,0,False,4.0,0.0,Brighton,0.0,0.0,0.0,0.0,0,0,0,0,0,Arsenal (Away),1
George Hemmings,MID,Aston Villa,4.5,0.7,2.0,a,90,0,0,0,4,0,0,0.0,0.0,0.0,3.77,0,0,0,0,0,0,1,False,4.0,0.0,Brighton,10.6,11.6,2.0,2.4,12,0,2,0,0,Arsenal (Away),1
Alysson,MID,Aston Villa,5.0,0.0,1.0,a,8,0,0,0,0,0,0,0.0,0.0,0.0,0.14,0,0,0,0,0,0,0,False,4.0,0.0,Brighton,4.0,0.0,0.0,0.4,5,0,1,0,0,Arsenal (Away),1
Manzambi,MID,Aston Villa,6.0,0.2,0.0,i,0,0,0,0,0,0,0,0.0,0.0,0.0,0.0,0,0,0,0,0,0,0,False,4.0,0.0,Brighton,0.0,0.0,0.0,0.0,0,0,0,0,0,Arsenal (Away),1
Gomes,MID,Aston Villa,5.5,0.1,-2.0,s,39,0,0,0,4,0,0,0.01,0.0,0.01,2.58,0,0,0,0,0,1,1,False,4.0,0.0,Brighton,1.0,11.0,0.0,1.2,-2,0,-2,0,0,Arsenal (Away),1
Watkins,FWD,Aston Villa,7.9,8.0,0.0,a,0,0,0,0,0,0,0,0.0,0.0,0.0,0.0,0,0,0,0,0,0,0,False,4.0,0.0,Brighton,0.0,0.0,0.0,0.0,0,0,0,0,0,Arsenal (Away),1
Abraham,FWD,Aston Villa,5.5,0.1,0.0,d,0,0,0,0,0,0,0,0.0,0.0,0.0,0.0,0,0,0,0,0,0,0,False,4.0,0.0,Brighton,0.0,0.0,0.0,0.0,0,0,0,0,0,Arsenal (Away),1
Garnacho,MID,Aston Villa,6.0,0.6,1.0,a,4,0,0,0,0,0,0,0.0,0.0,0.0,0.14,0,0,0,0,0,0,0,False,4.0,0.0,Brighton,0.0,0.0,0.0,0.0,2,0,1,0,0,Arsenal (Away),1
Madjo,FWD,Aston Villa,5.5,0.4,0.0,i,0,0,0,0,0,0,0,0.0,0.0,0.0,0.0,0,0,0,0,0,0,0,False,4.0,0.0,Brighton,0.0,0.0,0.0,0.0,0,0,0,0,0,Arsenal (Away),1
Ruggeri,DEF,Aston Villa,4.5,0.1,1.0,a,8,0,0,0,0,0,0,0.0,0.0,0.0,0.14,0,0,0,0,0,0,0,False,4.0,0.0,Brighton,4.0,0.0,0.0,0.4,3,0,1,0,0,Arsenal (Away),1
Suzuki,GKP,Aston Villa,5.0,0.8,0.0,a,0,0,0,0,0,0,0,0.0,0.0,0.0,0.0,0,0,0,0,0,0,0,False,4.0,0.0,Brighton,0.0,0.0,0.0,0.0,0,0,0,0,0,Arsenal (Away),1
Rowe,DEF,Aston Villa,4.0,0.1,0.0,a,0,0,0,0,0,0,0,0.0,0.0,0.0,0.0,0,0,0,0,0,0,0,False,4.0,0.0,Brighton,0.0,0.0,0.0,0.0,0,0,0,0,0,Arsenal (Away),1
Lynch,MID,Aston Villa,4.5,0.1,0.0,a,0,0,0,0,0,0,0,0.0,0.0,0.0,0.0,0,0,0,0,0,0,0,False,4.0,0.0,Brighton,0.0,0.0,0.0,0.0,0,0,0,0,0,Arsenal (Away),1
Wan-Bissaka,DEF,Aston Villa,4.5,0.0,0.0,a,0,0,0,0,0,0,0,0.0,0.0,0.0,0.0,0,0,0,0,0,0,0,False,,,,0.0,0.0,0.0,0.0,0,0,0,0,0,Arsenal (Away),1
Petrović,GKP,Bournemouth,4.5,3.3,2.0,a,90,0,0,4,2,0,0,0.0,0.0,0.0,2.25,0,0,0,0,0,0,1,False,2.0,1.0,Man City,36.8,0.0,0.0,3.7,13,0,2,0,0,Everton (Away),1
Forster,GKP,Bournemouth,4.0,3.2,0.0,a,0,0,0,0,0,0,0,0.0,0.0,0.0,0.0,0,0,0,0,0,0,0,False,2.0,1.0,Man City,0.0,0.0,0.0,0.0,0,0,0,0,0,Everton (Away),1
Dennis,GKP,Bournemouth,4.0,0.2,0.0,u,0,0,0,0,0,0,0,0.0,0.0,0.0,0.0,0,0,0,0,0,0,0,False,2.0,1.0,Man City,0.0,0.0,0.0,0.0,0,0,0,0,0,Everton (Away),1
Hill,DEF,Bournemouth,5.5,0.9,1.0,a,90,0,0,0,2,0,0,0.0,0.0,0.0,2.25,0,0,0,0,0,0,1,False,2.0,1.0,Man City,11.6,0.3,0.0,1.2,0,0,1,0,0,Everton (Away),1
Truffert,DEF,Bournemouth,5.5,4.2,1.0,a,90,0,0,0,2,0,0,0.0,0.0,0.0,2.25,0,0,0,0,0,0,1,False,2.0,1.0,Man City,15.4,1.3,0.0,1.7,0,0,1,0,0,Everton (Away),1
Diakité,DEF,Bournemouth,5.0,0.2,0.0,a,0,0,0,0,0,0,0,0.0,0.0,0.0,0.0,0,0,0,0,0,0,0,False,2.0,1.0,Man City,0.0,0.0,0.0,0.0,0,0,0,0,0,Everton (Away),1
Milosavljević,DEF,Bournemouth,5.0,0.0,0.0,i,0,0,0,0,0,0,0,0.0,0.0,0.0,0.0,0,0,0,0,0,0,0,False,2.0,1.0,Man City,0.0,0.0,0.0,0.0,0,0,0,0,0,Everton (Away),1
Smith,DEF,Bournemouth,4.5,0.1,1.0,a,90,0,0,0,2,0,0,0.0,0.0,0.0,2.25,0,0,0,0,0,0,1,False,2.0,1.0,Man City,7.0,0.6,0.0,0.8,4,0,1,0,0,Everton (Away),1
J.Araujo,DEF,Bournemouth,4.5,0.0,0.0,i,0,0,0,0,0,0,0,0.0,0.0,0.0,0.0,0,0,0,0,0,0,0,False,2.0,1.0,Man City,0.0,0.0,0.0,0.0,0,0,0,0,0,Everton (Away),1
Soler,DEF,Bournemouth,4.0,0.2,0.0,d,0,0,0,0,0,0,0,0.0,0.0,0.0,0.0,0,0,0,0,0,0,0,False,2.0,1.0,Man City,0.0,0.0,0.0,0.0,0,0,0,0,0,Everton (Away),1
Rayan,MID,Bournemouth,6.5,2.8,2.0,a,88,0,0,0,1,0,0,0.03,0.04,0.07,2.06,0,0,0,0,0,0,1,False,2.0,1.0,Man City,6.2,11.3,17.0,3.5,9,0,2,0,0,Everton (Away),1
Tavernier,MID,Bournemouth,6.0,2.4,10.0,a,90,1,0,0,2,1,0,0.08,0.4,0.48,2.25,0,0,0,0,0,0,1,False,2.0,1.0,Man City,40.0,17.2,18.0,7.5,32,3,10,0,0,Everton (Away),1
Scott,MID,Bournemouth,6.0,1.5,2.0,a,90,0,0,0,2,0,0,0.01,0.0,0.01,2.25,0,0,0,0,0,0,1,False,2.0,1.0,Man City,11.4,4.8,0.0,1.6,17,0,2,0,0,Everton (Away),1
Kluivert,MID,Bournemouth,6.0,1.2,3.0,a,74,0,0,0,0,0,0,0.0,0.11,0.11,1.94,1,0,0,0,0,0,1,False,2.0,1.0,Man City,11.0,14.3,17.0,4.2,15,0,3,0,0,Everton (Away),1
Cook,MID,Bournemouth,5.0,0.2,3.0,a,75,0,0,0,0,0,0,0.0,0.0,0.0,1.94,1,0,0,0,0,0,1,False,2.0,1.0,Man City,4.6,2.1,0.0,0.7,8,0,3,0,0,Everton (Away),1
Gannon-Doak,MID,Bournemouth,5.0,0.1,1.0,a,1,0,0,0,1,0,0,0.0,0.0,0.0,0.19,0,0,0,0,0,0,0,False,2.0,1.0,Man City,0.2,0.1,2.0,0.2,3,0,1,0,0,Everton (Away),1
Adams,MID,Bournemouth,5.0,0.2,1.0,a,15,0,0,0,2,0,0,0.0,0.0,0.0,0.31,0,0,0,0,0,0,0,False,2.0,1.0,Man City,3.6,0.6,0.0,0.4,4,0,1,0,0,Everton (Away),1
Brooks,MID,Bournemouth,5.0,0.1,0.0,a,0,0,0,0,0,0,0,0.0,0.0,0.0,0.0,0,0,0,0,0,0,0,False,2.0,1.0,Man City,0.0,0.0,0.0,0.0,0,0,0,0,0,Everton (Away),1
Christie,MID,Bournemouth,5.0,0.0,0.0,a,0,0,0,0,0,0,0,0.0,0.0,0.0,0.0,0,0,0,0,0,0,0,False,2.0,1.0,Man City,0.0,0.0,0.0,0.0,0,0,0,0,0,Everton (Away),1
Tóth.A,MID,Bournemouth,5.0,0.0,1.0,a,15,0,0,0,2,0,0,0.0,0.0,0.0,0.31,0,0,0,0,0,0,0,False,2.0,1.0,Man City,2.8,0.6,0.0,0.3,5,0,1,0,0,Everton (Away),1
Adli,MID,Bournemouth,5.0,0.0,0.0,i,0,0,0,0,0,0,0,0.0,0.0,0.0,0.0,0,0,0,0,0,0,0,False,2.0,1.0,Man City,0.0,0.0,0.0,0.0,0,0,0,0,0,Everton (Away),1
Kroupi.Jr,MID,Bournemouth,7.5,0.3,0.0,i,0,0,0,0,0,0,0,0.0,0.0,0.0,0.0,0,0,0,0,0,0,0,False,2.0,1.0,Man City,0.0,0.0,0.0,0.0,0,0,0,0,0,Everton (Away),1
Evanilson,FWD,Bournemouth,6.0,2.9,4.0,a,74,0,1,0,0,0,1,0.21,0.0,0.21,1.94,1,0,0,0,1,0,1,False,2.0,1.0,Man City,19.4,11.9,2.0,3.3,17,0,4,0,0,Everton (Away),1
Enes Ünal,FWD,Bournemouth,5.5,0.0,0.0,u,0,0,0,0,0,0,0,0.0,0.0,0.0,0.0,0,0,0,0,0,0,0,False,2.0,1.0,Man City,0.0,0.0,0.0,0.0,0,0,0,0,0,Everton (Away),1
Rodríguez,FWD,Bournemouth,6.0,0.1,0.0,a,0,0,0,0,0,0,0,0.0,0.0,0.0,0.0,0,0,0,0,0,0,0,False,2.0,1.0,Man City,0.0,0.0,0.0,0.0,0,0,0,0,0,Everton (Away),1
Silva,DEF,Bournemouth,5.0,0.4,2.0,a,90,0,0,0,2,0,0,0.0,0.0,0.0,2.25,0,0,0,0,1,0,1,False,2.0,1.0,Man City,31.4,0.3,0.0,3.2,5,0,2,0,0,Everton (Away),1
Sanchez,DEF,Bournemouth,4.5,0.2,0.0,a,0,0,0,0,0,0,0,0.0,0.0,0.0,0.0,0,0,0,0,0,0,0,False,2.0,1.0,Man City,0.0,0.0,0.0,0.0,0,0,0,0,0,Everton (Away),1
Jebbison,FWD,Bournemouth,5.0,0.0,1.0,a,15,0,0,0,2,0,0,0.0,0.1,0.1,0.31,0,0,0,0,0,0,0,False,2.0,1.0,Man City,3.4,0.8,17.0,2.1,6,0,1,0,0,Everton (Away),1
Di Gregorio,GKP,Bournemouth,4.5,0.0,0.0,a,0,0,0,0,0,0,0,0.0,0.0,0.0,0.0,0,0,0,0,0,0,0,False,,,,0.0,0.0,0.0,0.0,0,0,0,0,0,Everton (Away),1
Kelleher,GKP,Brentford,5.0,6.5,7.0,a,90,0,0,4,0,0,0,0.01,0.0,0.01,0.57,1,0,0,0,0,0,1,True,3.0,0.0,Spurs,31.4,0.0,0.0,3.1,34,0,7,0,0,Leeds (Home),1
Valdimarsson,GKP,Brentford,4.5,0.1,0.0,a,0,0,0,0,0,0,0,0.0,0.0,0.0,0.0,0,0,0,0,0,0,0,True,3.0,0.0,Spurs,0.0,0.0,0.0,0.0,0,0,0,0,0,Leeds (Home),1
Collins,DEF,Brentford,5.5,2.1,6.0,a,90,0,0,0,0,0,0,0.04,0.34,0.38,0.57,1,0,0,0,0,0,1,True,3.0,0.0,Spurs,11.6,21.5,17.0,5.0,21,0,6,0,0,Leeds (Home),1
Van den Berg,DEF,Brentford,5.0,0.1,0.0,i,0,0,0,0,0,0,0,0.0,0.0,0.0,0.0,0,0,0,0,0,0,0,True,3.0,0.0,Spurs,0.0,0.0,0.0,0.0,0,0,0,0,0,Leeds (Home),1
Lewis-Potter,MID,Brentford,5.5,1.0,10.0,a,90,1,0,0,0,1,0,0.12,0.77,0.89,0.57,1,0,0,0,0,0,1,True,3.0,0.0,Spurs,47.2,15.9,19.0,8.2,37,2,10,0,0,Leeds (Home),1
Ajer,DEF,Brentford,4.5,4.0,8.0,a,90,0,0,0,0,0,0,0.02,0.11,0.13,0.57,1,0,0,0,0,0,1,True,3.0,0.0,Spurs,20.0,0.9,35.0,5.6,29,0,8,0,0,Leeds (Home),1
Kayode,DEF,Brentford,4.6,7.4,13.0,a,75,1,0,0,0,1,0,0.0,0.5,0.5,0.47,1,0,0,0,0,0,1,True,3.0,0.0,Spurs,33.8,1.5,46.0,8.1,36,1,13,0,0,Leeds (Home),1
Henry,DEF,Brentford,4.5,0.2,0.0,a,0,0,0,0,0,0,0,0.0,0.0,0.0,0.0,0,0,0,0,0,0,0,True,3.0,0.0,Spurs,0.0,0.0,0.0,0.0,0,0,0,0,0,Leeds (Home),1
Hickey,DEF,Brentford,4.5,0.1,1.0,a,14,0,0,0,0,0,0,0.0,0.0,0.0,0.1,0,0,0,0,0,0,0,True,3.0,0.0,Spurs,0.0,0.3,0.0,0.0,2,0,1,0,0,Leeds (Home),1
Ji-soo,DEF,Brentford,4.5,0.0,0.0,a,0,0,0,0,0,0,0,0.0,0.0,0.0,0.0,0,0,0,0,0,0,0,True,3.0,0.0,Spurs,0.0,0.0,0.0,0.0,0,0,0,0,0,Leeds (Home),1
Schuster,DEF,Brentford,4.5,0.2,0.0,a,0,0,0,0,0,0,0,0.0,0.0,0.0,0.0,0,0,0,0,0,0,0,True,3.0,0.0,Spurs,0.0,0.0,0.0,0.0,0,0,0,0,0,Leeds (Home),1
Schade,MID,Brentford,6.0,3.5,3.0,a,90,0,0,0,0,0,0,0.01,0.52,0.53,0.57,1,0,0,0,0,0,1,True,3.0,0.0,Spurs,14.4,11.8,59.0,8.5,17,0,3,0,0,Leeds (Home),1
O.Dango,MID,Brentford,6.5,1.1,3.0,a,66,0,0,0,0,0,0,0.29,0.05,0.34,0.47,1,0,0,0,0,0,1,True,3.0,0.0,Spurs,1.0,30.8,15.0,4.7,6,0,3,0,0,Leeds (Home),1
Damsgaard,MID,Brentford,5.5,0.5,1.0,a,14,0,0,0,0,0,0,0.11,0.0,0.11,0.1,0,0,0,0,0,0,0,True,3.0,0.0,Spurs,7.6,26.3,0.0,3.4,6,0,1,0,0,Leeds (Home),1
Jensen,MID,Brentford,5.5,0.2,6.0,a,66,0,1,0,0,0,1,0.34,0.08,0.42,0.47,1,0,0,0,0,0,1,True,3.0,0.0,Spurs,12.6,46.2,13.0,7.2,22,0,6,0,0,Leeds (Home),1
Janelt,MID,Brentford,5.0,0.4,9.0,a,90,1,0,0,0,1,0,0.17,0.39,0.56,0.57,1,0,0,0,1,0,1,True,3.0,0.0,Spurs,53.2,38.8,24.0,11.6,35,0,9,0,0,Leeds (Home),1
Milambo,MID,Brentford,5.0,0.0,0.0,i,0,0,0,0,0,0,0,0.0,0.0,0.0,0.0,0,0,0,0,0,0,0,True,3.0,0.0,Spurs,0.0,0.0,0.0,0.0,0,0,0,0,0,Leeds (Home),1
Carvalho,MID,Brentford,5.0,0.0,0.0,a,0,0,0,0,0,0,0,0.0,0.0,0.0,0.0,0,0,0,0,0,0,0,True,3.0,0.0,Spurs,0.0,0.0,0.0,0.0,0,0,0,0,0,Leeds (Home),1
Yarmoliuk,MID,Brentford,5.0,1.2,1.0,a,23,0,0,0,0,0,0,0.0,0.04,0.04,0.1,0,0,0,0,0,0,0,True,3.0,0.0,Spurs,2.2,0.8,3.0,0.6,7,0,1,0,0,Leeds (Home),1
Dasilva,MID,Brentford,5.0,0.0,0.0,a,0,0,0,0,0,0,0,0.0,0.0,0.0,0.0,0,0,0,0,0,0,0,True,3.0,0.0,Spurs,0.0,0.0,0.0,0.0,0,0,0,0,0,Leeds (Home),1
Anthony,MID,Brentford,6.0,0.2,1.0,a,23,0,0,0,0,0,0,0.35,0.03,0.38,0.1,0,0,0,0,0,0,0,True,3.0,0.0,Spurs,10.6,34.9,1.0,4.7,9,0,1,0,0,Leeds (Home),1
Thiago,FWD,Brentford,8.0,16.7,0.0,a,82,0,0,0,0,0,0,0.08,1.0,1.08,0.5,1,0,1,0,0,0,1,True,3.0,0.0,Spurs,2.2,4.0,8.0,1.4,-3,0,0,0,0,Leeds (Home),1
Furo,FWD,Brentford,4.5,0.9,0.0,a,0,0,0,0,0,0,0,0.0,0.0,0.0,0.0,0,0,0,0,0,0,0,True,3.0,0.0,Spurs,0.0,0.0,0.0,0.0,0,0,0,0,0,Leeds (Home),1
Wilson,FWD,Brentford,5.5,0.4,1.0,a,7,0,0,0,0,0,0,0.04,0.03,0.07,0.07,0,0,0,0,0,0,0,True,3.0,0.0,Spurs,2.2,10.3,5.0,1.8,4,0,1,0,0,Leeds (Home),1
M.Sangaré,MID,Brentford,5.6,8.3,14.0,a,75,0,2,0,0,0,2,0.33,0.05,0.38,0.47,1,0,0,0,0,0,1,True,3.0,0.0,Spurs,31.6,21.8,21.0,7.4,41,3,14,0,0,Leeds (Home),1
Verbruggen,GKP,Brighton,4.5,21.5,6.0,a,90,0,0,0,0,0,0,0.0,0.0,0.0,0.29,1,0,0,0,0,0,1,True,4.0,0.0,Aston Villa,6.6,0.0,0.0,0.7,25,0,6,0,0,Chelsea (Home),1
Steele,GKP,Brighton,4.0,4.0,0.0,a,0,0,0,0,0,0,0,0.0,0.0,0.0,0.0,0,0,0,0,0,0,0,True,4.0,0.0,Aston Villa,0.0,0.0,0.0,0.0,0,0,0,0,0,Chelsea (Home),1
F.Kadıoğlu,DEF,Brighton,4.5,2.3,0.0,a,0,0,0,0,0,0,0,0.0,0.0,0.0,0.0,0,0,0,0,0,0,0,True,4.0,0.0,Aston Villa,0.0,0.0,0.0,0.0,0,0,0,0,0,Chelsea (Home),1
Boscagli,DEF,Brighton,4.5,0.3,6.0,a,90,0,0,0,0,0,0,0.04,0.0,0.04,0.29,1,0,0,0,0,0,1,True,4.0,0.0,Aston Villa,15.2,7.3,6.0,2.9,29,0,6,0,0,Chelsea (Home),1
De Cuyper,DEF,Brighton,4.6,7.8,17.0,a,77,1,1,0,0,1,1,0.21,1.47,1.68,0.29,1,0,0,0,0,0,1,True,4.0,0.0,Aston Villa,40.6,45.3,43.0,12.9,46,2,17,0,0,Chelsea (Home),1
Dunk,DEF,Brighton,4.5,1.2,6.0,a,90,0,0,0,0,0,0,0.04,0.0,0.04,0.29,1,0,0,0,0,0,1,True,4.0,0.0,Aston Villa,13.4,6.4,0.0,2.0,24,0,6,0,0,Chelsea (Home),1
Coppola,DEF,Brighton,4.5,0.0,0.0,a,0,0,0,0,0,0,0,0.0,0.0,0.0,0.0,0,0,0,0,0,0,0,True,4.0,0.0,Aston Villa,0.0,0.0,0.0,0.0,0,0,0,0,0,Chelsea (Home),1
Igor,DEF,Brighton,4.5,0.1,0.0,a,0,0,0,0,0,0,0,0.0,0.0,0.0,0.0,0,0,0,0,0,0,0,True,4.0,0.0,Aston Villa,0.0,0.0,0.0,0.0,0,0,0,0,0,Chelsea (Home),1
Costinha,DEF,Brighton,4.5,0.0,1.0,a,26,0,0,0,0,0,0,0.0,0.12,0.12,0.1,0,0,0,0,0,0,0,True,4.0,0.0,Aston Villa,8.2,1.9,18.0,2.8,7,0,1,0,0,Chelsea (Home),1
Svoboda,DEF,Brighton,5.0,0.1,0.0,a,0,0,0,0,0,0,0,0.0,0.0,0.0,0.0,0,0,0,0,0,0,0,True,4.0,0.0,Aston Villa,0.0,0.0,0.0,0.0,0,0,0,0,0,Chelsea (Home),1
Mitoma,MID,Brighton,6.0,0.0,0.0,i,0,0,0,0,0,0,0,0.0,0.0,0.0,0.0,0,0,0,0,0,0,0,True,4.0,0.0,Aston Villa,0.0,0.0,0.0,0.0,0,0,0,0,0,Chelsea (Home),1
Minteh,MID,Brighton,6.0,0.1,0.0,i,0,0,0,0,0,0,0,0.0,0.0,0.0,0.0,0,0,0,0,0,0,0,True,4.0,0.0,Aston Villa,0.0,0.0,0.0,0.0,0,0,0,0,0,Chelsea (Home),1
Hinshelwood,MID,Brighton,6.0,2.6,16.0,d,63,2,0,0,0,2,0,0.02,1.41,1.43,0.19,1,0,0,0,0,0,1,True,4.0,0.0,Aston Villa,72.8,13.4,59.0,14.5,54,3,16,0,0,Chelsea (Home),1
Groß,MID,Brighton,5.5,13.0,2.0,a,90,0,0,0,0,0,0,0.27,0.0,0.27,0.29,1,0,0,0,1,0,1,True,4.0,0.0,Aston Villa,21.0,56.9,8.0,8.6,18,0,2,0,0,Chelsea (Home),1
Georginio,FWD,Brighton,5.5,1.0,5.0,d,90,0,1,0,0,0,1,0.44,0.08,0.52,0.29,1,0,0,0,0,0,1,True,4.0,0.0,Aston Villa,19.8,11.4,15.0,4.6,22,0,5,0,0,Chelsea (Home),1
O'Riley,MID,Brighton,5.5,0.1,0.0,a,0,0,0,0,0,0,0,0.0,0.0,0.0,0.0,0,0,0,0,0,0,0,True,4.0,0.0,Aston Villa,0.0,0.0,0.0,0.0,0,0,0,0,0,Chelsea (Home),1
Gomez,MID,Brighton,5.0,3.8,6.0,a,85,0,1,0,0,0,1,0.48,0.18,0.66,0.29,1,0,0,0,0,0,1,True,4.0,0.0,Aston Villa,33.0,25.1,41.0,9.9,27,0,6,0,0,Chelsea (Home),1
Buonanotte,MID,Brighton,5.0,0.0,0.0,u,0,0,0,0,0,0,0,0.0,0.0,0.0,0.0,0,0,0,0,0,0,0,True,4.0,0.0,Aston Villa,0.0,0.0,0.0,0.0,0,0,0,0,0,Chelsea (Home),1
Ayari,MID,Brighton,5.5,0.6,2.0,a,63,0,0,0,0,0,0,0.03,0.11,0.14,0.19,1,0,0,0,1,0,1,True,4.0,0.0,Aston Villa,0.0,15.0,6.0,1.7,8,0,2,0,0,Chelsea (Home),1
Wieffer,DEF,Brighton,5.0,0.4,7.0,a,77,0,0,0,0,0,0,0.05,0.09,0.14,0.29,1,0,0,0,0,0,1,True,4.0,0.0,Aston Villa,16.6,26.3,6.0,4.9,32,1,7,0,0,Chelsea (Home),1
Howell,MID,Brighton,4.5,0.1,0.0,u,0,0,0,0,0,0,0,0.0,0.0,0.0,0.0,0,0,0,0,0,0,0,True,4.0,0.0,Aston Villa,0.0,0.0,0.0,0.0,0,0,0,0,0,Chelsea (Home),1
Watson,MID,Brighton,5.0,0.0,0.0,u,0,0,0,0,0,0,0,0.0,0.0,0.0,0.0,0,0,0,0,0,0,0,True,4.0,0.0,Aston Villa,0.0,0.0,0.0,0.0,0,0,0,0,0,Chelsea (Home),1
Oriola,MID,Brighton,4.5,0.3,0.0,a,0,0,0,0,0,0,0,0.0,0.0,0.0,0.0,0,0,0,0,0,0,0,True,4.0,0.0,Aston Villa,0.0,0.0,0.0,0.0,0,0,0,0,0,Chelsea (Home),1
Yohanna,MID,Brighton,5.0,0.1,1.0,a,12,0,0,0,0,0,0,0.03,0.0,0.03,0.0,0,0,0,0,0,0,0,True,4.0,0.0,Aston Villa,0.2,1.3,0.0,0.2,3,0,1,0,0,Chelsea (Home),1
Tzimas,FWD,Brighton,5.5,0.0,0.0,i,0,0,0,0,0,0,0,0.0,0.0,0.0,0.0,0,0,0,0,0,0,0,True,4.0,0.0,Aston Villa,0.0,0.0,0.0,0.0,0,0,0,0,0,Chelsea (Home),1
Kostoulas,FWD,Brighton,5.5,0.2,1.0,a,26,0,0,0,0,0,0,0.0,0.18,0.18,0.1,0,0,0,0,0,0,0,True,4.0,0.0,Aston Villa,0.0,0.4,10.0,0.9,-1,0,1,0,0,Chelsea (Home),1
Ferguson,FWD,Brighton,5.0,0.0,0.0,i,0,0,0,0,0,0,0,0.0,0.0,0.0,0.0,0,0,0,0,0,0,0,True,4.0,0.0,Aston Villa,0.0,0.0,0.0,0.0,0,0,0,0,0,Chelsea (Home),1
Struijk,DEF,Brighton,5.0,0.2,0.0,a,0,0,0,0,0,0,0,0.0,0.0,0.0,0.0,0,0,0,0,0,0,0,True,4.0,0.0,Aston Villa,0.0,0.0,0.0,0.0,0,0,0,0,0,Chelsea (Home),1
Vuskovic,DEF,Brighton,5.0,2.5,6.0,a,90,0,0,0,0,0,0,0.03,0.13,0.16,0.29,1,0,0,0,0,0,1,True,4.0,0.0,Aston Villa,12.4,4.5,12.0,2.9,19,0,6,0,0,Chelsea (Home),1
David,FWD,Brighton,6.0,0.3,0.0,a,0,0,0,0,0,0,0,0.0,0.0,0.0,0.0,0,0,0,0,0,0,0,True,4.0,0.0,Aston Villa,0.0,0.0,0.0,0.0,0,0,0,0,0,Chelsea (Home),1
Osman,MID,Brighton,5.0,0.0,1.0,a,12,0,0,0,0,0,0,0.05,0.0,0.05,0.0,0,0,0,0,0,0,0,True,4.0,0.0,Aston Villa,4.2,15.4,4.0,2.4,7,0,1,0,0,Chelsea (Home),1
Yalcouyé,MID,Brighton,4.5,0.1,1.0,a,4,0,0,0,0,0,0,0.01,0.0,0.01,0.0,0,0,0,0,0,0,0,True,4.0,0.0,Aston Villa,0.6,2.7,0.0,0.3,3,0,1,0,0,Chelsea (Home),1
Hadjam,DEF,Brighton,4.5,0.0,0.0,a,0,0,0,0,0,0,0,0.0,0.0,0.0,0.0,0,0,0,0,0,0,0,False,,,,0.0,0.0,0.0,0.0,0,0,0,0,0,Chelsea (Home),1
Rogers,MID,Chelsea,7.5,26.1,8.0,a,81,1,0,0,2,1,0,0.1,0.96,1.06,1.24,0,0,0,0,0,0,1,False,2.0,3.0,Fulham,48.8,53.5,29.0,13.1,37,1,8,0,0,Brighton (Away),1
Henderson,MID,Chelsea,5.0,0.0,0.0,d,0,0,0,0,0,0,0,0.0,0.0,0.0,0.0,0,0,0,0,0,0,0,False,2.0,3.0,Fulham,0.0,0.0,0.0,0.0,0,0,0,0,0,Brighton (Away),1
Welbeck,FWD,Chelsea,6.0,1.0,0.0,a,0,0,0,0,0,0,0,0.0,0.0,0.0,0.0,0,0,0,0,0,0,0,False,2.0,3.0,Fulham,0.0,0.0,0.0,0.0,0,0,0,0,0,Brighton (Away),1
Sánchez,GKP,Chelsea,5.0,2.3,2.0,a,90,0,0,4,2,0,0,0.01,0.0,0.01,1.33,0,0,0,0,0,0,1,False,2.0,3.0,Fulham,21.4,0.0,0.0,2.1,6,0,2,0,0,Brighton (Away),1
Jörgensen,GKP,Chelsea,5.0,0.0,0.0,u,0,0,0,0,0,0,0,0.0,0.0,0.0,0.0,0,0,0,0,0,0,0,False,2.0,3.0,Fulham,0.0,0.0,0.0,0.0,0,0,0,0,0,Brighton (Away),1
James,DEF,Chelsea,5.5,10.0,0.0,a,90,0,0,0,2,0,0,0.07,0.1,0.17,1.33,0,0,0,0,1,0,1,False,2.0,3.0,Fulham,23.4,16.8,19.0,5.9,5,0,0,0,0,Brighton (Away),1
Chalobah,DEF,Chelsea,5.5,0.1,0.0,u,0,0,0,0,0,0,0,0.0,0.0,0.0,0.0,0,0,0,0,0,0,0,False,2.0,3.0,Fulham,0.0,0.0,0.0,0.0,0,0,0,0,0,Brighton (Away),1
Gusto,DEF,Chelsea,5.0,1.2,1.0,a,75,0,0,0,2,0,0,0.03,0.0,0.03,1.11,0,0,0,0,0,0,1,False,2.0,3.0,Fulham,7.2,9.8,6.0,2.3,2,0,1,0,0,Brighton (Away),1
Fofana,DEF,Chelsea,5.0,0.0,0.0,a,0,0,0,0,0,0,0,0.0,0.0,0.0,0.0,0,0,0,0,0,0,0,False,2.0,3.0,Fulham,0.0,0.0,0.0,0.0,0,0,0,0,0,Brighton (Away),1
B.Badiashile,DEF,Chelsea,4.5,0.0,0.0,u,0,0,0,0,0,0,0,0.0,0.0,0.0,0.0,0,0,0,0,0,0,0,False,2.0,3.0,Fulham,0.0,0.0,0.0,0.0,0,0,0,0,0,Brighton (Away),1
Tosin,DEF,Chelsea,4.5,0.2,0.0,a,0,0,0,0,0,0,0,0.0,0.0,0.0,0.0,0,0,0,0,0,0,0,False,2.0,3.0,Fulham,0.0,0.0,0.0,0.0,0,0,0,0,0,Brighton (Away),1
Hato,DEF,Chelsea,4.5,0.5,1.0,a,64,0,0,0,2,0,0,0.03,0.01,0.04,1.05,0,0,0,0,0,0,1,False,2.0,3.0,Fulham,8.4,12.3,11.0,3.2,5,0,1,0,0,Brighton (Away),1
Colwill,DEF,Chelsea,5.0,1.5,0.0,a,90,0,0,0,2,0,0,0.03,0.01,0.04,1.33,0,0,0,0,1,0,1,False,2.0,3.0,Fulham,6.0,1.6,7.0,1.5,6,0,0,0,0,Brighton (Away),1
M.Sarr,DEF,Chelsea,4.5,0.1,0.0,a,0,0,0,0,0,0,0,0.0,0.0,0.0,0.0,0,0,0,0,0,0,0,False,2.0,3.0,Fulham,0.0,0.0,0.0,0.0,0,0,0,0,0,Brighton (Away),1
Acheampong,DEF,Chelsea,4.5,0.4,3.0,a,90,0,0,0,2,0,0,0.01,0.0,0.01,1.33,0,0,0,0,0,0,1,False,2.0,3.0,Fulham,33.2,2.2,2.0,3.7,13,0,3,0,0,Brighton (Away),1
Palestra,DEF,Chelsea,5.5,2.3,0.0,d,0,0,0,0,0,0,0,0.0,0.0,0.0,0.0,0,0,0,0,0,0,0,False,2.0,3.0,Fulham,0.0,0.0,0.0,0.0,0,0,0,0,0,Brighton (Away),1
Palmer,MID,Chelsea,9.5,15.6,13.0,a,82,1,1,0,2,1,1,0.19,0.28,0.47,1.24,0,0,0,0,0,0,1,False,2.0,3.0,Fulham,65.2,41.3,54.0,16.1,60,3,13,0,0,Brighton (Away),1
Enzo,MID,Chelsea,7.0,4.5,1.0,a,25,0,0,0,0,0,0,0.02,0.0,0.02,0.28,0,0,0,0,0,0,0,False,2.0,3.0,Fulham,3.4,12.0,0.0,1.5,6,0,1,0,0,Brighton (Away),1
Neto,MID,Chelsea,6.5,1.2,1.0,a,14,0,0,0,0,0,0,0.07,0.03,0.1,0.22,0,0,0,0,0,0,0,False,2.0,3.0,Fulham,5.2,4.1,4.0,1.3,9,0,1,0,0,Brighton (Away),1
Estêvão,MID,Chelsea,6.5,1.1,1.0,a,7,0,0,0,0,0,0,0.0,0.0,0.0,0.09,0,0,0,0,0,0,0,False,2.0,3.0,Fulham,0.2,0.4,0.0,0.1,3,0,1,0,0,Brighton (Away),1
Gittens,MID,Chelsea,6.0,0.0,0.0,a,0,0,0,0,0,0,0,0.0,0.0,0.0,0.0,0,0,0,0,0,0,0,False,2.0,3.0,Fulham,0.0,0.0,0.0,0.0,0,0,0,0,0,Brighton (Away),1
Caicedo,MID,Chelsea,5.5,3.0,0.0,d,0,0,0,0,0,0,0,0.0,0.0,0.0,0.0,0,0,0,0,0,0,0,False,2.0,3.0,Fulham,0.0,0.0,0.0,0.0,0,0,0,0,0,Brighton (Away),1
Lavia,MID,Chelsea,5.0,0.1,1.0,a,64,0,0,0,2,0,0,0.03,0.21,0.24,1.05,0,0,0,0,1,0,1,False,2.0,3.0,Fulham,13.6,21.9,33.0,6.9,8,0,1,0,0,Brighton (Away),1
D.Essugo,MID,Chelsea,4.5,0.2,0.0,a,0,0,0,0,0,0,0,0.0,0.0,0.0,0.0,0,0,0,0,0,0,0,False,2.0,3.0,Fulham,0.0,0.0,0.0,0.0,0,0,0,0,0,Brighton (Away),1
Quenda,MID,Chelsea,5.5,0.0,1.0,a,8,0,0,0,0,0,0,0.0,0.0,0.0,0.09,0,0,0,0,0,0,0,False,2.0,3.0,Fulham,1.2,0.3,2.0,0.4,2,0,1,0,0,Brighton (Away),1
João Pedro,FWD,Chelsea,7.6,67.8,11.0,a,90,1,1,0,2,1,1,0.06,0.63,0.69,1.33,0,0,0,0,0,0,1,False,2.0,3.0,Fulham,51.2,23.0,37.0,11.1,45,2,11,0,0,Brighton (Away),1
N.Jackson,FWD,Chelsea,6.5,0.3,0.0,a,0,0,0,0,0,0,0,0.0,0.0,0.0,0.0,0,0,0,0,0,0,0,False,2.0,3.0,Fulham,0.0,0.0,0.0,0.0,0,0,0,0,0,Brighton (Away),1
Marc Guiu,FWD,Chelsea,5.0,0.5,0.0,a,0,0,0,0,0,0,0,0.0,0.0,0.0,0.0,0,0,0,0,0,0,0,False,2.0,3.0,Fulham,0.0,0.0,0.0,0.0,0,0,0,0,0,Brighton (Away),1
Mheuka,FWD,Chelsea,4.5,0.3,0.0,a,0,0,0,0,0,0,0,0.0,0.0,0.0,0.0,0,0,0,0,0,0,0,False,2.0,3.0,Fulham,0.0,0.0,0.0,0.0,0,0,0,0,0,Brighton (Away),1
Emegha,FWD,Chelsea,5.0,0.1,0.0,a,0,0,0,0,0,0,0,0.0,0.0,0.0,0.0,0,0,0,0,0,0,0,False,2.0,3.0,Fulham,0.0,0.0,0.0,0.0,0,0,0,0,0,Brighton (Away),1
Lacroix,DEF,Chelsea,6.0,9.5,6.0,a,90,0,1,0,2,0,1,0.2,0.0,0.2,1.33,0,0,0,0,0,0,1,False,2.0,3.0,Fulham,44.2,11.2,2.0,5.7,25,0,6,0,0,Brighton (Away),1
Penders,GKP,Chelsea,4.5,0.1,0.0,a,0,0,0,0,0,0,0,0.0,0.0,0.0,0.0,0,0,0,0,0,0,0,False,2.0,3.0,Fulham,0.0,0.0,0.0,0.0,0,0,0,0,0,Brighton (Away),1
Anselmino,DEF,Chelsea,4.5,0.0,0.0,a,0,0,0,0,0,0,0,0.0,0.0,0.0,0.0,0,0,0,0,0,0,0,False,2.0,3.0,Fulham,0.0,0.0,0.0,0.0,0,0,0,0,0,Brighton (Away),1
Barco,MID,Chelsea,5.5,0.1,0.0,a,0,0,0,0,0,0,0,0.0,0.0,0.0,0.0,0,0,0,0,0,0,0,False,2.0,3.0,Fulham,0.0,0.0,0.0,0.0,0,0,0,0,0,Brighton (Away),1
Mudryk,MID,Chelsea,5.5,0.0,0.0,a,0,0,0,0,0,0,0,0.0,0.0,0.0,0.0,0,0,0,0,0,0,0,False,2.0,3.0,Fulham,0.0,0.0,0.0,0.0,0,0,0,0,0,Brighton (Away),1
Chavarria,DEF,Chelsea,5.0,0.2,1.0,a,25,0,0,0,0,0,0,0.0,0.0,0.0,0.28,0,0,0,0,0,0,0,False,2.0,3.0,Fulham,2.4,0.2,2.0,0.5,3,0,1,0,0,Brighton (Away),1
Pinnock,DEF,Coventry City,4.5,0.1,0.0,a,0,0,0,0,0,0,0,0.0,0.0,0.0,0.0,0,0,0,0,0,0,0,True,3.0,0.0,Spurs,0.0,0.0,0.0,0.0,0,0,0,0,0,Hull City (Away),1
Onyeka,MID,Coventry City,5.0,0.2,2.0,a,90,0,0,0,3,0,0,0.01,0.0,0.01,1.88,0,0,0,0,0,0,1,False,3.0,0.0,Arsenal,3.6,1.6,0.0,0.5,8,0,2,0,0,Hull City (Away),1
Rushworth,GKP,Coventry City,4.5,1.2,1.0,a,90,0,0,2,3,0,0,0.01,0.0,0.01,1.88,0,0,0,0,0,0,1,False,3.0,0.0,Arsenal,14.2,0.0,0.0,1.4,0,0,1,0,0,Hull City (Away),1
Dovin,GKP,Coventry City,4.0,1.5,0.0,a,0,0,0,0,0,0,0,0.0,0.0,0.0,0.0,0,0,0,0,0,0,0,False,3.0,0.0,Arsenal,0.0,0.0,0.0,0.0,0,0,0,0,0,Hull City (Away),1
Wilson,GKP,Coventry City,4.5,0.5,0.0,a,0,0,0,0,0,0,0,0.0,0.0,0.0,0.0,0,0,0,0,0,0,0,False,3.0,0.0,Arsenal,0.0,0.0,0.0,0.0,0,0,0,0,0,Hull City (Away),1
Thomas,DEF,Coventry City,4.0,7.9,3.0,a,90,0,0,0,3,0,0,0.01,0.02,0.03,1.88,0,0,0,0,0,0,1,False,3.0,0.0,Arsenal,23.2,11.2,1.0,3.5,11,0,3,0,0,Hull City (Away),1
Kitching,DEF,Coventry City,4.0,0.7,0.0,a,0,0,0,0,0,0,0,0.0,0.0,0.0,0.0,0,0,0,0,0,0,0,False,3.0,0.0,Arsenal,0.0,0.0,0.0,0.0,0,0,0,0,0,Hull City (Away),1
van Ewijk,DEF,Coventry City,4.0,13.1,1.0,a,90,0,0,0,3,0,0,0.01,0.0,0.01,1.88,0,0,0,0,0,0,1,False,3.0,0.0,Arsenal,10.6,2.0,2.0,1.5,-8,0,1,0,0,Hull City (Away),1
Dasilva,DEF,Coventry City,4.0,0.8,1.0,a,90,0,0,0,3,0,0,0.02,0.0,0.02,1.88,0,0,0,0,0,0,1,False,3.0,0.0,Arsenal,13.8,3.8,0.0,1.8,-4,0,1,0,0,Hull City (Away),1
Kesler-Hayden,DEF,Coventry City,4.0,0.1,0.0,i,0,0,0,0,0,0,0,0.0,0.0,0.0,0.0,0,0,0,0,0,0,0,False,3.0,0.0,Arsenal,0.0,0.0,0.0,0.0,0,0,0,0,0,Hull City (Away),1
Bidwell,DEF,Coventry City,4.0,0.1,0.0,a,0,0,0,0,0,0,0,0.0,0.0,0.0,0.0,0,0,0,0,0,0,0,False,3.0,0.0,Arsenal,0.0,0.0,0.0,0.0,0,0,0,0,0,Hull City (Away),1
Latibeaudiere,DEF,Coventry City,4.0,0.0,0.0,a,0,0,0,0,0,0,0,0.0,0.0,0.0,0.0,0,0,0,0,0,0,0,False,3.0,0.0,Arsenal,0.0,0.0,0.0,0.0,0,0,0,0,0,Hull City (Away),1
Woolfenden,DEF,Coventry City,4.0,0.2,0.0,i,0,0,0,0,0,0,0,0.0,0.0,0.0,0.0,0,0,0,0,0,0,0,False,3.0,0.0,Arsenal,0.0,0.0,0.0,0.0,0,0,0,0,0,Hull City (Away),1
Brau,DEF,Coventry City,4.0,0.0,0.0,a,0,0,0,0,0,0,0,0.0,0.0,0.0,0.0,0,0,0,0,0,0,0,False,3.0,0.0,Arsenal,0.0,0.0,0.0,0.0,0,0,0,0,0,Hull City (Away),1
Amenda,DEF,Coventry City,4.0,0.9,1.0,a,90,0,0,0,3,0,0,0.01,0.0,0.01,1.88,0,0,0,0,0,0,1,False,3.0,0.0,Arsenal,28.8,0.8,0.0,3.0,1,0,1,0,0,Hull City (Away),1
Rudoni,MID,Coventry City,5.0,0.1,1.0,a,20,0,0,0,0,0,0,0.0,0.15,0.15,0.29,0,0,0,0,0,0,0,False,3.0,0.0,Arsenal,5.6,3.8,17.0,2.6,3,0,1,0,0,Hull City (Away),1
Grimes,MID,Coventry City,5.0,0.2,2.0,a,90,0,0,0,3,0,0,0.01,0.0,0.01,1.88,0,0,0,0,0,0,1,False,3.0,0.0,Arsenal,13.4,3.7,0.0,1.7,14,0,2,0,0,Hull City (Away),1
Sakamoto,MID,Coventry City,5.0,0.1,0.0,a,0,0,0,0,0,0,0,0.0,0.0,0.0,0.0,0,0,0,0,0,0,0,False,3.0,0.0,Arsenal,0.0,0.0,0.0,0.0,0,0,0,0,0,Hull City (Away),1
Mason-Clark,MID,Coventry City,5.5,0.1,0.0,a,0,0,0,0,0,0,0,0.0,0.0,0.0,0.0,0,0,0,0,0,0,0,False,3.0,0.0,Arsenal,0.0,0.0,0.0,0.0,0,0,0,0,0,Hull City (Away),1
Eccles,MID,Coventry City,5.0,0.0,0.0,a,0,0,0,0,0,0,0,0.0,0.0,0.0,0.0,0,0,0,0,0,0,0,False,3.0,0.0,Arsenal,0.0,0.0,0.0,0.0,0,0,0,0,0,Hull City (Away),1
Torp,MID,Coventry City,5.5,0.2,1.0,a,28,0,0,0,0,0,0,0.11,0.0,0.11,0.32,0,0,0,0,0,0,0,False,3.0,0.0,Arsenal,6.8,16.4,0.0,2.3,8,0,1,0,0,Hull City (Away),1
Shepherd,MID,Coventry City,4.5,0.3,0.0,a,0,0,0,0,0,0,0,0.0,0.0,0.0,0.0,0,0,0,0,0,0,0,False,3.0,0.0,Arsenal,0.0,0.0,0.0,0.0,0,0,0,0,0,Hull City (Away),1
Tchaouna,MID,Coventry City,5.5,0.2,2.0,a,81,0,0,0,3,0,0,0.02,0.04,0.06,1.76,0,0,0,0,0,0,1,False,3.0,0.0,Arsenal,1.8,6.0,3.0,1.1,11,0,2,0,0,Hull City (Away),1
Borges Rodrigues,MID,Coventry City,4.5,0.2,0.0,a,0,0,0,0,0,0,0,0.0,0.0,0.0,0.0,0,0,0,0,0,0,0,False,3.0,0.0,Arsenal,0.0,0.0,0.0,0.0,0,0,0,0,0,Hull City (Away),1
Andrews,MID,Coventry City,4.5,0.6,0.0,a,0,0,0,0,0,0,0,0.0,0.0,0.0,0.0,0,0,0,0,0,0,0,False,3.0,0.0,Arsenal,0.0,0.0,0.0,0.0,0,0,0,0,0,Hull City (Away),1
Wright,FWD,Coventry City,5.5,0.1,0.0,i,0,0,0,0,0,0,0,0.0,0.0,0.0,0.0,0,0,0,0,0,0,0,False,3.0,0.0,Arsenal,0.0,0.0,0.0,0.0,0,0,0,0,0,Hull City (Away),1
Thomas-Asante,FWD,Coventry City,5.0,0.8,2.0,a,69,0,0,0,3,0,0,0.02,0.0,0.02,1.6,0,0,0,0,0,0,1,False,3.0,0.0,Arsenal,4.6,1.1,0.0,0.6,9,0,2,0,0,Hull City (Away),1
Simms,FWD,Coventry City,5.0,1.0,2.0,a,69,0,0,0,3,0,0,0.01,0.0,0.01,1.6,0,0,0,0,0,0,1,False,3.0,0.0,Arsenal,2.6,12.3,2.0,1.7,7,0,2,0,0,Hull City (Away),1
Markelo,FWD,Coventry City,5.0,0.0,0.0,u,0,0,0,0,0,0,0,0.0,0.0,0.0,0.0,0,0,0,0,0,0,0,False,3.0,0.0,Arsenal,0.0,0.0,0.0,0.0,0,0,0,0,0,Hull City (Away),1
Bassette,FWD,Coventry City,4.5,0.0,0.0,u,0,0,0,0,0,0,0,0.0,0.0,0.0,0.0,0,0,0,0,0,0,0,False,3.0,0.0,Arsenal,0.0,0.0,0.0,0.0,0,0,0,0,0,Hull City (Away),1
Awoniyi,FWD,Coventry City,5.5,0.8,1.0,a,20,0,0,0,0,0,0,0.0,0.0,0.0,0.29,0,0,0,0,0,0,0,False,3.0,0.0,Arsenal,0.0,1.4,0.0,0.1,4,0,1,0,0,Hull City (Away),1
Yirenkyi,MID,Coventry City,5.0,0.2,1.0,a,61,0,0,0,3,0,0,0.0,0.0,0.0,1.56,0,0,0,0,1,0,1,False,3.0,0.0,Arsenal,0.0,3.1,0.0,0.0,2,0,1,0,0,Hull City (Away),1
Hamer,MID,Coventry City,5.5,0.1,1.0,a,8,0,0,0,0,0,0,0.0,0.0,0.0,0.13,0,0,0,0,0,0,0,False,3.0,0.0,Arsenal,0.4,0.3,0.0,0.1,3,0,1,0,0,Hull City (Away),1
Cherif,FWD,Coventry City,5.0,0.1,0.0,a,0,0,0,0,0,0,0,0.0,0.0,0.0,0.0,0,0,0,0,0,0,0,False,3.0,0.0,Arsenal,0.0,0.0,0.0,0.0,0,0,0,0,0,Hull City (Away),1
Guessand,MID,Crystal Palace,5.5,0.0,1.0,a,27,0,0,0,0,0,0,0.02,0.03,0.05,0.14,0,0,0,0,0,0,0,False,2.0,0.0,Everton,3.2,1.8,7.0,1.2,3,0,1,0,0,Man City (Away),1
Disasi,DEF,Crystal Palace,4.5,0.1,0.0,a,0,0,0,0,0,0,0,0.0,0.0,0.0,0.0,0,0,0,0,0,0,0,False,2.0,3.0,Fulham,0.0,0.0,0.0,0.0,0,0,0,0,0,Man City (Away),1
Henderson,GKP,Crystal Palace,5.0,1.8,2.0,a,90,0,0,3,2,0,0,0.0,0.0,0.0,1.12,0,0,0,0,0,0,1,False,2.0,0.0,Everton,28.2,0.0,0.0,2.8,14,0,2,0,0,Man City (Away),1
Benitez,GKP,Crystal Palace,4.5,0.1,0.0,a,0,0,0,0,0,0,0,0.0,0.0,0.0,0.0,0,0,0,0,0,0,0,False,2.0,0.0,Everton,0.0,0.0,0.0,0.0,0,0,0,0,0,Man City (Away),1
Muñoz,DEF,Crystal Palace,5.5,8.4,0.0,a,54,0,0,0,2,0,0,0.01,0.23,0.24,0.84,0,0,0,0,0,0,1,False,2.0,0.0,Everton,1.2,1.8,21.0,2.4,-4,0,0,0,0,Man City (Away),1
Richards,DEF,Crystal Palace,5.0,0.7,3.0,a,90,0,0,0,2,0,0,0.0,0.0,0.0,1.12,0,0,0,0,0,0,1,False,2.0,0.0,Everton,42.6,0.7,0.0,4.3,13,0,3,0,0,Man City (Away),1
Canvot,DEF,Crystal Palace,5.0,0.3,1.0,a,90,0,0,0,2,0,0,0.01,0.05,0.06,1.12,0,0,0,0,0,0,1,False,2.0,0.0,Everton,27.4,5.7,5.0,3.8,9,0,1,0,0,Man City (Away),1
Mitchell,DEF,Crystal Palace,4.5,5.6,1.0,a,90,0,0,0,2,0,0,0.01,0.0,0.01,1.12,0,0,0,0,0,0,1,False,2.0,0.0,Everton,11.6,13.8,2.0,2.7,9,0,1,0,0,Man City (Away),1
Sosa,DEF,Crystal Palace,4.5,0.0,0.0,a,0,0,0,0,0,0,0,0.0,0.0,0.0,0.0,0,0,0,0,0,0,0,False,2.0,0.0,Everton,0.0,0.0,0.0,0.0,0,0,0,0,0,Man City (Away),1
Chadi Riad,DEF,Crystal Palace,4.5,0.0,1.0,i,72,0,0,0,2,0,0,0.01,0.0,0.01,0.98,0,0,0,0,0,0,1,False,2.0,0.0,Everton,12.6,1.3,0.0,1.4,7,0,1,0,0,Man City (Away),1
Mingueza,DEF,Crystal Palace,4.5,0.1,0.0,a,0,0,0,0,0,0,0,0.0,0.0,0.0,0.0,0,0,0,0,0,0,0,False,2.0,0.0,Everton,0.0,0.0,0.0,0.0,0,0,0,0,0,Man City (Away),1
Sarr,MID,Crystal Palace,6.4,2.7,0.0,i,0,0,0,0,0,0,0,0.0,0.0,0.0,0.0,0,0,0,0,0,0,0,False,2.0,0.0,Everton,0.0,0.0,0.0,0.0,0,0,0,0,0,Man City (Away),1
Wharton,MID,Crystal Palace,5.5,0.9,4.0,a,90,0,0,0,2,0,0,0.24,0.0,0.24,1.12,0,0,0,0,0,0,1,False,2.0,0.0,Everton,16.8,30.9,0.0,4.8,20,0,4,0,0,Man City (Away),1
Yeremy,MID,Crystal Palace,5.5,0.2,1.0,a,35,0,0,0,0,0,0,0.02,0.06,0.08,0.27,0,0,0,0,0,0,0,False,2.0,0.0,Everton,2.0,6.3,6.0,1.4,4,0,1,0,0,Man City (Away),1
Hughes,MID,Crystal Palace,4.5,10.9,0.0,a,0,0,0,0,0,0,0,0.0,0.0,0.0,0.0,0,0,0,0,0,0,0,False,2.0,0.0,Everton,0.0,0.0,0.0,0.0,0,0,0,0,0,Man City (Away),1
Lerma,MID,Crystal Palace,5.0,0.1,0.0,a,0,0,0,0,0,0,0,0.0,0.0,0.0,0.0,0,0,0,0,0,0,0,False,2.0,0.0,Everton,0.0,0.0,0.0,0.0,0,0,0,0,0,Man City (Away),1
Kamada,MID,Crystal Palace,5.0,0.3,3.0,a,90,0,0,0,2,0,0,0.27,0.0,0.27,1.12,0,0,0,0,1,0,1,False,2.0,0.0,Everton,20.4,29.3,0.0,5.0,25,0,3,0,0,Man City (Away),1
Devenny,MID,Crystal Palace,5.0,0.0,0.0,a,0,0,0,0,0,0,0,0.0,0.0,0.0,0.0,0,0,0,0,0,0,0,False,2.0,0.0,Everton,0.0,0.0,0.0,0.0,0,0,0,0,0,Man City (Away),1
Esse,MID,Crystal Palace,5.0,0.0,0.0,a,0,0,0,0,0,0,0,0.0,0.0,0.0,0.0,0,0,0,0,0,0,0,False,2.0,0.0,Everton,0.0,0.0,0.0,0.0,0,0,0,0,0,Man City (Away),1
M.França,MID,Crystal Palace,5.0,0.0,0.0,a,0,0,0,0,0,0,0,0.0,0.0,0.0,0.0,0,0,0,0,0,0,0,False,2.0,0.0,Everton,0.0,0.0,0.0,0.0,0,0,0,0,0,Man City (Away),1
Doucouré,MID,Crystal Palace,5.0,0.1,0.0,a,0,0,0,0,0,0,0,0.0,0.0,0.0,0.0,0,0,0,0,0,0,0,False,2.0,0.0,Everton,0.0,0.0,0.0,0.0,0,0,0,0,0,Man City (Away),1
J.Rak-Sakyi,MID,Crystal Palace,5.0,0.0,0.0,a,0,0,0,0,0,0,0,0.0,0.0,0.0,0.0,0,0,0,0,0,0,0,False,2.0,0.0,Everton,0.0,0.0,0.0,0.0,0,0,0,0,0,Man City (Away),1
Cardines,DEF,Crystal Palace,4.5,0.0,0.0,u,0,0,0,0,0,0,0,0.0,0.0,0.0,0.0,0,0,0,0,0,0,0,False,2.0,0.0,Everton,0.0,0.0,0.0,0.0,0,0,0,0,0,Man City (Away),1
Drakes-Thomas,MID,Crystal Palace,4.5,0.1,0.0,a,0,0,0,0,0,0,0,0.0,0.0,0.0,0.0,0,0,0,0,0,0,0,False,2.0,0.0,Everton,0.0,0.0,0.0,0.0,0,0,0,0,0,Man City (Away),1
Strand Larsen,FWD,Crystal Palace,6.0,0.5,1.0,a,27,0,0,0,0,0,0,0.01,0.25,0.26,0.14,0,0,0,0,0,0,0,False,2.0,0.0,Everton,1.0,3.5,17.0,2.2,3,0,1,0,0,Man City (Away),1
Mateta,FWD,Crystal Palace,6.5,5.3,2.0,a,62,0,0,0,2,0,0,0.02,0.7,0.72,0.98,0,0,0,0,0,0,1,False,2.0,0.0,Everton,1.4,12.3,11.0,2.5,-3,0,2,0,0,Man City (Away),1
Nketiah,FWD,Crystal Palace,5.5,0.5,1.0,a,55,0,0,0,2,0,0,0.58,0.6,1.18,0.84,0,0,0,0,0,0,1,False,2.0,0.0,Everton,10.4,24.5,23.0,5.8,12,0,1,0,0,Man City (Away),1
Uche,FWD,Crystal Palace,5.0,0.0,0.0,u,0,0,0,0,0,0,0,0.0,0.0,0.0,0.0,0,0,0,0,0,0,0,False,2.0,0.0,Everton,0.0,0.0,0.0,0.0,0,0,0,0,0,Man City (Away),1
McNeil,MID,Crystal Palace,5.5,0.2,2.0,a,62,0,0,0,2,0,0,0.02,0.05,0.07,0.98,0,0,0,0,0,0,1,False,2.0,0.0,Everton,9.6,4.7,2.0,1.6,11,0,2,0,0,Man City (Away),1
Matthews,GKP,Crystal Palace,4.0,1.8,0.0,a,0,0,0,0,0,0,0,0.0,0.0,0.0,0.0,0,0,0,0,0,0,0,False,2.0,0.0,Everton,0.0,0.0,0.0,0.0,0,0,0,0,0,Man City (Away),1
Tomiyasu,DEF,Crystal Palace,4.5,0.4,1.0,a,18,0,0,0,0,0,0,0.01,0.0,0.01,0.14,0,0,0,0,0,0,0,False,2.0,0.0,Everton,2.4,2.4,0.0,0.5,3,0,1,0,0,Man City (Away),1
Khalaili,DEF,Crystal Palace,5.0,0.1,1.0,a,35,0,0,0,0,0,0,0.16,0.0,0.16,0.27,0,0,0,0,0,0,0,False,2.0,0.0,Everton,24.0,26.5,4.0,5.5,12,0,1,0,0,Man City (Away),1
Gozo,MID,Crystal Palace,5.0,0.0,0.0,a,0,0,0,0,0,0,0,0.0,0.0,0.0,0.0,0,0,0,0,0,0,0,False,2.0,0.0,Everton,0.0,0.0,0.0,0.0,0,0,0,0,0,Man City (Away),1
Nørgaard,MID,Everton,5.0,0.1,0.0,i,0,0,0,0,0,0,0,0.0,0.0,0.0,0.0,0,0,0,0,0,0,0,True,2.0,0.0,Crystal Palace,0.0,0.0,0.0,0.0,0,0,0,0,0,Bournemouth (Home),1
Johnson,MID,Everton,6.0,0.2,1.0,a,6,0,0,0,0,0,0,0.0,0.0,0.0,0.29,0,0,0,0,0,0,0,True,2.0,0.0,Crystal Palace,4.0,0.3,0.0,0.4,3,0,1,0,0,Bournemouth (Home),1
Pickford,GKP,Everton,5.5,8.8,7.0,a,90,0,0,4,0,0,0,0.02,0.0,0.02,1.96,1,0,0,0,0,0,1,True,2.0,0.0,Crystal Palace,31.8,0.0,0.0,3.2,34,0,7,0,0,Bournemouth (Home),1
Travers,GKP,Everton,5.0,0.0,0.0,a,0,0,0,0,0,0,0,0.0,0.0,0.0,0.0,0,0,0,0,0,0,0,True,2.0,0.0,Crystal Palace,0.0,0.0,0.0,0.0,0,0,0,0,0,Bournemouth (Home),1
King,GKP,Everton,4.5,0.0,0.0,a,0,0,0,0,0,0,0,0.0,0.0,0.0,0.0,0,0,0,0,0,0,0,True,2.0,0.0,Crystal Palace,0.0,0.0,0.0,0.0,0,0,0,0,0,Bournemouth (Home),1
Tarkowski,DEF,Everton,6.0,8.7,6.0,a,90,0,0,0,0,0,0,0.0,0.05,0.05,1.96,1,0,0,0,0,0,1,True,2.0,0.0,Crystal Palace,15.2,0.8,4.0,2.0,25,0,6,0,0,Bournemouth (Home),1
Branthwaite,DEF,Everton,5.5,1.8,6.0,a,90,0,0,0,0,0,0,0.01,0.0,0.01,1.96,1,0,0,0,0,0,1,True,2.0,0.0,Crystal Palace,18.6,0.8,6.0,2.5,27,0,6,0,0,Bournemouth (Home),1
Keane,DEF,Everton,5.0,1.4,0.0,a,0,0,0,0,0,0,0,0.0,0.0,0.0,0.0,0,0,0,0,0,0,0,True,2.0,0.0,Crystal Palace,0.0,0.0,0.0,0.0,0,0,0,0,0,Bournemouth (Home),1
O'Brien,DEF,Everton,5.0,0.4,0.0,a,0,0,0,0,0,0,0,0.0,0.0,0.0,0.0,0,0,0,0,0,0,0,True,2.0,0.0,Crystal Palace,0.0,0.0,0.0,0.0,0,0,0,0,0,Bournemouth (Home),1
Mykolenko,DEF,Everton,4.5,1.6,6.0,a,90,0,0,0,0,0,0,0.05,0.0,0.05,1.96,1,0,0,0,0,0,1,True,2.0,0.0,Crystal Palace,12.8,13.8,2.0,2.9,27,0,6,0,0,Bournemouth (Home),1
Patterson,DEF,Everton,4.5,0.0,0.0,a,0,0,0,0,0,0,0,0.0,0.0,0.0,0.0,0,0,0,0,0,0,0,True,2.0,0.0,Crystal Palace,0.0,0.0,0.0,0.0,0,0,0,0,0,Bournemouth (Home),1
Aznou,DEF,Everton,4.0,0.2,0.0,a,0,0,0,0,0,0,0,0.0,0.0,0.0,0.0,0,0,0,0,0,0,0,True,2.0,0.0,Crystal Palace,0.0,0.0,0.0,0.0,0,0,0,0,0,Bournemouth (Home),1
Dewsbury-Hall,MID,Everton,6.5,4.6,11.0,a,90,1,0,0,0,1,0,0.17,0.12,0.29,1.92,1,0,0,0,0,0,1,True,2.0,0.0,Crystal Palace,42.8,28.3,27.0,9.8,40,3,11,0,0,Bournemouth (Home),1
Ndiaye,MID,Everton,6.0,16.1,9.0,a,90,0,1,0,0,0,1,0.32,0.24,0.56,1.96,1,0,0,0,0,0,1,True,2.0,0.0,Crystal Palace,40.8,39.8,48.0,12.9,36,1,9,0,0,Bournemouth (Home),1
Garner,MID,Everton,6.0,0.1,1.0,a,11,0,0,0,0,0,0,0.03,0.0,0.03,0.34,0,0,0,0,0,0,0,True,2.0,0.0,Crystal Palace,4.8,11.8,2.0,1.9,6,0,1,0,0,Bournemouth (Home),1
Iroegbunam,MID,Everton,5.0,0.0,0.0,i,0,0,0,0,0,0,0,0.0,0.0,0.0,0.0,0,0,0,0,0,0,0,True,2.0,0.0,Crystal Palace,0.0,0.0,0.0,0.0,0,0,0,0,0,Bournemouth (Home),1
George,MID,Everton,5.5,0.3,3.0,a,83,0,0,0,0,0,0,0.08,0.18,0.26,1.67,1,0,0,0,0,0,1,True,2.0,0.0,Crystal Palace,7.0,23.4,25.0,5.5,13,0,3,0,0,Bournemouth (Home),1
Alcaraz,MID,Everton,5.0,0.1,1.0,a,1,0,0,0,0,0,0,0.0,0.02,0.02,0.04,0,0,0,0,0,0,0,True,2.0,0.0,Crystal Palace,5.0,0.3,17.0,2.2,7,0,1,0,0,Bournemouth (Home),1
Armstrong,MID,Everton,5.0,0.2,8.0,a,90,0,1,0,0,0,1,0.04,0.0,0.04,1.96,1,0,0,0,0,0,1,True,2.0,0.0,Crystal Palace,28.8,14.7,4.0,4.8,25,0,8,0,0,Bournemouth (Home),1
Dibling,MID,Everton,5.5,0.0,0.0,a,0,0,0,0,0,0,0,0.0,0.0,0.0,0.0,0,0,0,0,0,0,0,True,2.0,0.0,Crystal Palace,0.0,0.0,0.0,0.0,0,0,0,0,0,Bournemouth (Home),1
Röhl,MID,Everton,5.0,0.1,3.0,a,90,0,0,0,0,0,0,0.06,0.0,0.06,1.96,1,0,0,0,0,0,1,True,2.0,0.0,Crystal Palace,13.8,13.0,2.0,2.9,12,0,3,0,0,Bournemouth (Home),1
Hackney,MID,Everton,5.5,0.3,3.0,d,78,0,0,0,0,0,0,0.01,0.01,0.02,1.62,1,0,0,0,0,0,1,True,2.0,0.0,Crystal Palace,8.6,12.2,5.0,2.6,16,0,3,0,0,Bournemouth (Home),1
Beto,FWD,Everton,5.5,2.4,1.0,a,11,0,0,0,0,0,0,0.0,0.05,0.05,0.34,0,0,0,0,0,0,0,True,2.0,0.0,Crystal Palace,0.0,0.0,2.0,0.2,3,0,1,0,0,Bournemouth (Home),1
Barry,FWD,Everton,5.5,3.2,8.0,a,78,1,0,0,0,1,0,0.09,0.45,0.54,1.62,1,0,0,0,0,0,1,True,2.0,0.0,Crystal Palace,38.0,19.0,41.0,9.8,37,2,8,0,0,Bournemouth (Home),1
Leno,GKP,Fulham,4.5,3.0,2.0,a,90,0,0,3,3,0,0,0.0,0.0,0.0,2.24,0,0,0,0,0,0,1,True,2.0,3.0,Chelsea,29.6,0.0,0.0,3.0,11,0,2,0,0,Sunderland (Home),1
Lecomte,GKP,Fulham,4.0,1.2,0.0,a,0,0,0,0,0,0,0,0.0,0.0,0.0,0.0,0,0,0,0,0,0,0,True,2.0,3.0,Chelsea,0.0,0.0,0.0,0.0,0,0,0,0,0,Sunderland (Home),1
McNally,GKP,Fulham,4.0,0.2,0.0,a,0,0,0,0,0,0,0,0.0,0.0,0.0,0.0,0,0,0,0,0,0,0,True,2.0,3.0,Chelsea,0.0,0.0,0.0,0.0,0,0,0,0,0,Sunderland (Home),1
Andersen,DEF,Fulham,5.0,0.1,0.0,a,0,0,0,0,0,0,0,0.0,0.0,0.0,0.0,0,0,0,0,0,0,0,True,2.0,3.0,Chelsea,0.0,0.0,0.0,0.0,0,0,0,0,0,Sunderland (Home),1
Robinson,DEF,Fulham,4.5,1.7,1.0,a,81,0,0,0,3,0,0,0.04,0.13,0.17,2.21,0,0,0,0,0,0,1,True,2.0,3.0,Chelsea,21.6,25.2,3.0,5.0,4,0,1,0,0,Sunderland (Home),1
J.Cuenca,DEF,Fulham,4.5,0.0,3.0,a,90,0,0,0,3,0,0,0.03,0.0,0.03,2.24,0,0,0,0,0,0,1,True,2.0,3.0,Chelsea,32.8,21.3,0.0,5.4,7,0,3,0,0,Sunderland (Home),1
Tete,DEF,Fulham,4.5,0.3,0.0,a,0,0,0,0,0,0,0,0.0,0.0,0.0,0.0,0,0,0,0,0,0,0,True,2.0,3.0,Chelsea,0.0,0.0,0.0,0.0,0,0,0,0,0,Sunderland (Home),1
Bassey,DEF,Fulham,4.5,0.8,0.0,a,90,0,0,0,3,0,0,0.02,0.02,0.04,2.24,0,0,0,0,1,0,1,True,2.0,3.0,Chelsea,13.8,3.8,2.0,2.0,1,0,0,0,0,Sunderland (Home),1
Castagne,DEF,Fulham,4.5,0.4,6.0,a,90,0,2,0,3,0,2,0.18,0.09,0.27,2.24,0,0,0,0,1,0,1,True,2.0,3.0,Chelsea,38.0,27.8,23.0,8.9,21,0,6,0,0,Sunderland (Home),1
Iwobi,MID,Fulham,5.5,1.0,2.0,a,90,0,0,0,3,0,0,0.04,0.0,0.04,2.24,0,0,0,0,0,0,1,True,2.0,3.0,Chelsea,12.4,11.3,0.0,2.4,17,0,2,0,0,Sunderland (Home),1
Smith Rowe,MID,Fulham,5.5,0.4,0.0,a,0,0,0,0,0,0,0,0.0,0.0,0.0,0.0,0,0,0,0,0,0,0,True,2.0,3.0,Chelsea,0.0,0.0,0.0,0.0,0,0,0,0,0,Sunderland (Home),1
Kevin,MID,Fulham,5.5,0.1,1.0,a,17,0,0,0,0,0,0,0.01,0.0,0.01,0.03,0,0,0,0,0,0,0,True,2.0,3.0,Chelsea,5.2,1.9,0.0,0.7,2,0,1,0,0,Sunderland (Home),1
Bobb,MID,Fulham,5.5,0.3,2.0,a,66,0,0,0,3,0,0,0.26,0.0,0.26,2.21,0,0,0,0,0,0,1,True,2.0,3.0,Chelsea,9.8,13.8,6.0,3.0,10,0,2,0,0,Sunderland (Home),1
Berge,MID,Fulham,5.0,0.4,2.0,a,72,0,0,0,3,0,0,0.03,0.03,0.06,2.21,0,0,0,0,0,0,1,True,2.0,3.0,Chelsea,13.6,23.1,7.0,4.4,14,0,2,0,0,Sunderland (Home),1
Cairney,MID,Fulham,5.0,0.0,0.0,i,0,0,0,0,0,0,0,0.0,0.0,0.0,0.0,0,0,0,0,0,0,0,True,2.0,3.0,Chelsea,0.0,0.0,0.0,0.0,0,0,0,0,0,Sunderland (Home),1
King,MID,Fulham,5.5,0.5,7.0,a,90,1,0,0,3,1,0,0.04,0.17,0.21,2.24,0,0,0,0,0,0,1,True,2.0,3.0,Chelsea,41.6,15.6,41.0,9.8,34,0,7,0,0,Sunderland (Home),1
Sessegnon,DEF,Fulham,4.5,0.4,1.0,a,17,0,0,0,0,0,0,0.0,0.03,0.03,0.03,0,0,0,0,0,0,0,True,2.0,3.0,Chelsea,6.6,0.5,19.0,2.6,7,0,1,0,0,Sunderland (Home),1
Reed,MID,Fulham,4.5,1.4,0.0,a,0,0,0,0,0,0,0,0.0,0.0,0.0,0.0,0,0,0,0,0,0,0,True,2.0,3.0,Chelsea,0.0,0.0,0.0,0.0,0,0,0,0,0,Sunderland (Home),1
Muniz,FWD,Fulham,5.5,0.6,1.0,a,8,0,0,0,0,0,0,0.0,0.02,0.02,0.03,0,0,0,0,0,0,0,True,2.0,3.0,Chelsea,6.0,11.5,7.0,2.5,6,0,1,0,0,Sunderland (Home),1
Kusi-Asare,FWD,Fulham,4.5,7.0,0.0,a,0,0,0,0,0,0,0,0.0,0.0,0.0,0.0,0,0,0,0,0,0,0,True,2.0,3.0,Chelsea,0.0,0.0,0.0,0.0,0,0,0,0,0,Sunderland (Home),1
Gonzalo,FWD,Fulham,6.0,3.6,6.0,a,90,1,0,0,3,1,0,0.01,0.73,0.74,2.24,0,0,0,0,0,0,1,True,2.0,3.0,Chelsea,37.2,4.3,40.0,8.2,33,0,6,0,0,Sunderland (Home),1
Palacios,MID,Fulham,5.5,0.2,2.0,a,72,0,0,0,3,0,0,0.01,0.16,0.17,2.21,0,0,0,0,0,0,1,True,2.0,3.0,Chelsea,2.8,7.3,8.0,1.8,10,0,2,0,0,Sunderland (Home),1
Charles,MID,Fulham,5.0,0.1,1.0,a,23,0,0,0,0,0,0,0.0,0.0,0.0,0.03,0,0,0,0,0,0,0,True,2.0,3.0,Chelsea,3.4,1.3,0.0,0.5,5,0,1,0,0,Sunderland (Home),1
De Fougerolles,DEF,Fulham,4.0,0.1,0.0,a,0,0,0,0,0,0,0,0.0,0.0,0.0,0.0,0,0,0,0,0,0,0,True,2.0,3.0,Chelsea,0.0,0.0,0.0,0.0,0,0,0,0,0,Sunderland (Home),1
Phillips,GKP,Hull City,4.0,1.5,0.0,a,0,0,0,0,0,0,0,0.0,0.0,0.0,0.0,0,0,0,0,0,0,0,True,2.0,0.0,Man Utd,0.0,0.0,0.0,0.0,0,0,0,0,0,Coventry City (Home),1
Butland,GKP,Hull City,4.5,0.1,0.0,i,0,0,0,0,0,0,0,0.0,0.0,0.0,0.0,0,0,0,0,0,0,0,True,2.0,0.0,Man Utd,0.0,0.0,0.0,0.0,0,0,0,0,0,Coventry City (Home),1
Cartwright,GKP,Hull City,4.0,0.0,0.0,u,0,0,0,0,0,0,0,0.0,0.0,0.0,0.0,0,0,0,0,0,0,0,True,2.0,0.0,Man Utd,0.0,0.0,0.0,0.0,0,0,0,0,0,Coventry City (Home),1
Lo-Tutala,GKP,Hull City,4.0,0.0,0.0,u,0,0,0,0,0,0,0,0.0,0.0,0.0,0.0,0,0,0,0,0,0,0,True,2.0,0.0,Man Utd,0.0,0.0,0.0,0.0,0,0,0,0,0,Coventry City (Home),1
Egan,DEF,Hull City,4.0,2.0,8.0,a,90,0,0,0,0,0,0,0.0,0.0,0.0,1.83,1,0,0,0,0,0,1,True,2.0,0.0,Man Utd,43.4,0.1,2.0,4.6,27,0,8,0,0,Coventry City (Home),1
Hughes,DEF,Hull City,4.0,0.1,0.0,i,0,0,0,0,0,0,0,0.0,0.0,0.0,0.0,0,0,0,0,0,0,0,True,2.0,0.0,Man Utd,0.0,0.0,0.0,0.0,0,0,0,0,0,Coventry City (Home),1
Ajayi,DEF,Hull City,4.0,1.8,14.0,a,63,1,0,0,0,1,0,0.0,0.52,0.52,0.86,1,0,0,0,0,0,1,True,2.0,0.0,Man Utd,44.2,0.2,35.0,7.9,39,2,14,0,0,Coventry City (Home),1
Coyle,DEF,Hull City,4.0,0.6,6.0,a,69,0,0,0,0,0,0,0.01,0.0,0.01,1.16,1,0,0,0,0,0,1,True,2.0,0.0,Man Utd,5.8,11.3,0.0,1.7,23,0,6,0,0,Coventry City (Home),1
Drameh,DEF,Hull City,4.0,0.1,1.0,a,20,0,0,0,0,0,0,0.0,0.05,0.05,0.67,0,0,0,0,0,0,0,True,2.0,0.0,Man Utd,2.2,0.0,1.0,0.3,4,0,1,0,0,Coventry City (Home),1
Giles,DEF,Hull City,4.0,0.9,6.0,a,84,0,0,0,0,0,0,0.07,0.02,0.09,1.76,1,0,0,0,0,0,1,True,2.0,0.0,Man Utd,13.8,18.8,4.0,3.7,24,0,6,0,0,Coventry City (Home),1
Jacob,DEF,Hull City,4.0,0.0,0.0,i,0,0,0,0,0,0,0,0.0,0.0,0.0,0.0,0,0,0,0,0,0,0,True,2.0,0.0,Man Utd,0.0,0.0,0.0,0.0,0,0,0,0,0,Coventry City (Home),1
McCarthy,DEF,Hull City,4.0,0.1,0.0,a,0,0,0,0,0,0,0,0.0,0.0,0.0,0.0,0,0,0,0,0,0,0,True,2.0,0.0,Man Utd,0.0,0.0,0.0,0.0,0,0,0,0,0,Coventry City (Home),1
McNair,DEF,Hull City,4.0,0.1,1.0,a,26,0,0,0,0,0,0,0.0,0.0,0.0,0.96,0,0,0,0,0,0,0,True,2.0,0.0,Man Utd,4.2,0.0,0.0,0.4,3,0,1,0,0,Coventry City (Home),1
Belloumi,MID,Hull City,5.0,0.6,3.0,a,90,0,0,0,0,0,0,0.03,0.05,0.08,1.83,1,0,0,0,0,0,1,True,2.0,0.0,Man Utd,10.6,2.2,7.0,2.0,8,0,3,0,0,Coventry City (Home),1
Millar,MID,Hull City,5.0,0.1,0.0,a,19,0,0,0,0,0,0,0.0,0.0,0.0,0.67,0,0,0,0,1,0,0,True,2.0,0.0,Man Utd,2.0,0.3,2.0,0.4,2,0,0,0,0,Coventry City (Home),1
Dowell,MID,Hull City,4.5,0.4,0.0,a,0,0,0,0,0,0,0,0.0,0.0,0.0,0.0,0,0,0,0,0,0,0,True,2.0,0.0,Man Utd,0.0,0.0,0.0,0.0,0,0,0,0,0,Coventry City (Home),1
Crooks,MID,Hull City,4.5,0.7,2.0,a,90,0,0,0,0,0,0,0.0,0.0,0.0,1.83,1,0,0,0,1,0,1,True,2.0,0.0,Man Utd,19.0,2.4,0.0,2.1,9,0,2,0,0,Coventry City (Home),1
Slater,MID,Hull City,4.5,3.8,6.0,a,90,0,1,0,0,0,1,0.44,0.0,0.44,1.83,1,0,0,0,0,0,1,True,2.0,0.0,Man Utd,18.4,19.3,0.0,3.8,20,0,6,0,0,Coventry City (Home),1
Matazo,MID,Hull City,4.5,0.0,0.0,i,0,0,0,0,0,0,0,0.0,0.0,0.0,0.0,0,0,0,0,0,0,0,True,2.0,0.0,Man Utd,0.0,0.0,0.0,0.0,0,0,0,0,0,Coventry City (Home),1
Ömür,MID,Hull City,5.0,0.0,0.0,a,0,0,0,0,0,0,0,0.0,0.0,0.0,0.0,0,0,0,0,0,0,0,True,2.0,0.0,Man Utd,0.0,0.0,0.0,0.0,0,0,0,0,0,Coventry City (Home),1
Kamara,MID,Hull City,5.0,0.0,0.0,u,0,0,0,0,0,0,0,0.0,0.0,0.0,0.0,0,0,0,0,0,0,0,True,2.0,0.0,Man Utd,0.0,0.0,0.0,0.0,0,0,0,0,0,Coventry City (Home),1
Zambrano,MID,Hull City,4.5,0.1,0.0,i,0,0,0,0,0,0,0,0.0,0.0,0.0,0.0,0,0,0,0,0,0,0,True,2.0,0.0,Man Utd,0.0,0.0,0.0,0.0,0,0,0,0,0,Coventry City (Home),1
McBurnie,FWD,Hull City,5.5,2.1,5.0,a,90,0,1,0,0,0,1,0.01,0.16,0.17,1.83,1,0,0,0,0,0,1,True,2.0,0.0,Man Utd,17.2,21.1,52.0,9.0,21,0,5,0,0,Coventry City (Home),1
Akintola,MID,Hull City,5.0,0.0,0.0,a,0,0,0,0,0,0,0,0.0,0.0,0.0,0.0,0,0,0,0,0,0,0,True,2.0,0.0,Man Utd,0.0,0.0,0.0,0.0,0,0,0,0,0,Coventry City (Home),1
Gyabi,MID,Hull City,4.5,0.0,0.0,i,0,0,0,0,0,0,0,0.0,0.0,0.0,0.0,0,0,0,0,0,0,0,True,2.0,0.0,Man Utd,0.0,0.0,0.0,0.0,0,0,0,0,0,Coventry City (Home),1
Destan,FWD,Hull City,4.5,0.3,0.0,u,0,0,0,0,0,0,0,0.0,0.0,0.0,0.0,0,0,0,0,0,0,0,True,2.0,0.0,Man Utd,0.0,0.0,0.0,0.0,0,0,0,0,0,Coventry City (Home),1
Burstow,FWD,Hull City,4.5,0.1,0.0,u,0,0,0,0,0,0,0,0.0,0.0,0.0,0.0,0,0,0,0,0,0,0,True,2.0,0.0,Man Utd,0.0,0.0,0.0,0.0,0,0,0,0,0,Coventry City (Home),1
Gelhardt,MID,Hull City,5.0,0.0,0.0,i,0,0,0,0,0,0,0,0.0,0.0,0.0,0.0,0,0,0,0,0,0,0,True,2.0,0.0,Man Utd,0.0,0.0,0.0,0.0,0,0,0,0,0,Coventry City (Home),1
Targett,DEF,Hull City,4.0,2.3,1.0,a,5,0,0,0,0,0,0,0.0,0.0,0.0,0.07,0,0,0,0,0,0,0,True,2.0,0.0,Man Utd,0.4,0.0,0.0,0.0,3,0,1,0,0,Coventry City (Home),1
Morita,MID,Hull City,5.0,0.0,0.0,a,0,0,0,0,0,0,0,0.0,0.0,0.0,0.0,0,0,0,0,0,0,0,True,2.0,0.0,Man Utd,0.0,0.0,0.0,0.0,0,0,0,0,0,Coventry City (Home),1
Tzolakis,GKP,Hull City,4.5,2.7,10.0,a,90,0,0,5,0,0,0,0.0,0.0,0.0,1.83,1,0,0,0,0,0,1,True,2.0,0.0,Man Utd,34.6,0.0,0.0,3.5,41,3,10,0,0,Coventry City (Home),1
Hjertø-Dahl,MID,Hull City,5.0,0.1,0.0,a,0,0,0,0,0,0,0,0.0,0.0,0.0,0.0,0,0,0,0,0,0,0,True,2.0,0.0,Man Utd,0.0,0.0,0.0,0.0,0,0,0,0,0,Coventry City (Home),1
Stroud,MID,Hull City,5.0,0.1,3.0,a,70,0,0,0,0,0,0,0.03,0.0,0.03,1.16,1,0,0,0,0,0,1,True,2.0,0.0,Man Utd,8.4,4.8,0.0,1.3,11,0,3,0,0,Coventry City (Home),1
Herrington,DEF,Hull City,4.0,0.7,1.0,a,26,0,0,0,0,0,0,0.0,0.0,0.0,0.96,0,0,0,0,0,0,0,True,2.0,0.0,Man Utd,8.0,0.0,0.0,0.8,4,0,1,0,0,Coventry City (Home),1
Mendy,DEF,Hull City,4.0,3.6,15.0,a,63,1,0,0,0,1,0,0.0,0.28,0.28,0.86,1,0,0,0,0,0,1,True,2.0,0.0,Man Utd,51.8,0.6,33.0,8.5,35,1,15,0,0,Coventry City (Home),1
Gourna-Douath,MID,Hull City,5.0,0.0,0.0,a,0,0,0,0,0,0,0,0.0,0.0,0.0,0.0,0,0,0,0,0,0,0,True,2.0,0.0,Man Utd,0.0,0.0,0.0,0.0,0,0,0,0,0,Coventry City (Home),1
Diop,DEF,Ipswich Town,4.0,17.1,2.0,a,90,0,0,0,1,0,0,0.01,0.0,0.01,0.66,0,0,0,0,0,0,1,True,2.0,1.0,Sunderland,7.2,0.8,2.0,1.0,7,0,2,0,0,Man Utd (Home),1
Lukić,MID,Ipswich Town,5.0,0.1,5.0,a,90,0,1,0,1,0,1,0.02,0.0,0.02,0.66,0,0,0,0,0,0,1,True,2.0,1.0,Sunderland,23.4,14.8,2.0,4.0,22,0,5,0,0,Man Utd (Home),1
Walton,GKP,Ipswich Town,4.5,0.5,0.0,a,0,0,0,0,0,0,0,0.0,0.0,0.0,0.0,0,0,0,0,0,0,0,True,2.0,1.0,Sunderland,0.0,0.0,0.0,0.0,0,0,0,0,0,Man Utd (Home),1
Palmer,GKP,Ipswich Town,4.0,4.5,0.0,a,0,0,0,0,0,0,0,0.0,0.0,0.0,0.0,0,0,0,0,0,0,0,True,2.0,1.0,Sunderland,0.0,0.0,0.0,0.0,0,0,0,0,0,Man Utd (Home),1
Button,GKP,Ipswich Town,4.0,0.4,0.0,a,0,0,0,0,0,0,0,0.0,0.0,0.0,0.0,0,0,0,0,0,0,0,True,2.0,1.0,Sunderland,0.0,0.0,0.0,0.0,0,0,0,0,0,Man Utd (Home),1
Kipré,DEF,Ipswich Town,4.0,0.6,0.0,a,0,0,0,0,0,0,0,0.0,0.0,0.0,0.0,0,0,0,0,0,0,0,True,2.0,1.0,Sunderland,0.0,0.0,0.0,0.0,0,0,0,0,0,Man Utd (Home),1
O'Shea,DEF,Ipswich Town,4.0,3.4,4.0,a,90,0,0,0,1,0,0,0.16,0.0,0.16,0.66,0,0,0,0,0,0,1,True,2.0,1.0,Sunderland,48.0,24.5,2.0,7.5,16,0,4,0,0,Man Utd (Home),1
Davis,DEF,Ipswich Town,4.0,4.9,2.0,a,90,0,0,0,1,0,0,0.01,0.0,0.01,0.66,0,0,0,0,0,0,1,True,2.0,1.0,Sunderland,15.2,2.3,0.0,1.8,10,0,2,0,0,Man Utd (Home),1
Greaves,DEF,Ipswich Town,4.0,1.4,2.0,a,90,0,0,0,1,0,0,0.0,0.0,0.0,0.66,0,0,0,0,0,0,1,True,2.0,1.0,Sunderland,16.4,1.3,0.0,1.8,12,0,2,0,0,Man Utd (Home),1
Johnson,DEF,Ipswich Town,4.0,0.1,0.0,a,0,0,0,0,0,0,0,0.0,0.0,0.0,0.0,0,0,0,0,0,0,0,True,2.0,1.0,Sunderland,0.0,0.0,0.0,0.0,0,0,0,0,0,Man Utd (Home),1
Furlong,DEF,Ipswich Town,4.0,0.6,0.0,a,0,0,0,0,0,0,0,0.0,0.0,0.0,0.0,0,0,0,0,0,0,0,True,2.0,1.0,Sunderland,0.0,0.0,0.0,0.0,0,0,0,0,0,Man Utd (Home),1
Núñez,MID,Ipswich Town,5.0,0.1,4.0,a,79,0,0,0,1,0,0,0.03,0.03,0.06,0.63,0,0,0,0,0,0,1,True,2.0,1.0,Sunderland,13.0,7.3,4.0,2.4,26,0,4,0,0,Man Utd (Home),1
Matusiwa,MID,Ipswich Town,5.0,0.0,0.0,i,0,0,0,0,0,0,0,0.0,0.0,0.0,0.0,0,0,0,0,0,0,0,True,2.0,1.0,Sunderland,0.0,0.0,0.0,0.0,0,0,0,0,0,Man Utd (Home),1
Burns,MID,Ipswich Town,5.0,0.0,0.0,u,0,0,0,0,0,0,0,0.0,0.0,0.0,0.0,0,0,0,0,0,0,0,True,2.0,1.0,Sunderland,0.0,0.0,0.0,0.0,0,0,0,0,0,Man Utd (Home),1
Taylor,MID,Ipswich Town,4.5,0.0,0.0,i,0,0,0,0,0,0,0,0.0,0.0,0.0,0.0,0,0,0,0,0,0,0,True,2.0,1.0,Sunderland,0.0,0.0,0.0,0.0,0,0,0,0,0,Man Utd (Home),1
Clarke,MID,Ipswich Town,5.5,0.3,7.0,a,19,1,0,0,0,1,0,0.0,0.1,0.1,0.03,0,0,0,0,0,0,0,True,2.0,1.0,Sunderland,33.6,0.6,18.0,5.2,27,1,7,0,0,Man Utd (Home),1
Ogbene,MID,Ipswich Town,5.0,0.0,0.0,a,0,0,0,0,0,0,0,0.0,0.0,0.0,0.0,0,0,0,0,0,0,0,True,2.0,1.0,Sunderland,0.0,0.0,0.0,0.0,0,0,0,0,0,Man Utd (Home),1
Fatawu,MID,Ipswich Town,5.5,0.2,2.0,a,65,0,0,0,1,0,0,0.41,0.0,0.41,0.63,0,0,0,0,0,0,1,True,2.0,1.0,Sunderland,18.6,28.4,8.0,5.5,22,0,2,0,0,Man Utd (Home),1
Emersonn,FWD,Ipswich Town,5.5,1.7,9.0,a,65,1,0,0,1,1,0,0.06,0.82,0.88,0.63,0,0,0,0,0,0,1,True,2.0,1.0,Sunderland,45.6,26.3,40.0,11.2,41,3,9,0,0,Man Utd (Home),1
Hirst,FWD,Ipswich Town,5.0,0.2,0.0,u,0,0,0,0,0,0,0,0.0,0.0,0.0,0.0,0,0,0,0,0,0,0,True,2.0,1.0,Sunderland,0.0,0.0,0.0,0.0,0,0,0,0,0,Man Utd (Home),1
Philogene,MID,Ipswich Town,5.5,0.1,0.0,i,0,0,0,0,0,0,0,0.0,0.0,0.0,0.0,0,0,0,0,0,0,0,True,2.0,1.0,Sunderland,0.0,0.0,0.0,0.0,0,0,0,0,0,Man Utd (Home),1
Szmodics,MID,Ipswich Town,5.0,0.0,0.0,u,0,0,0,0,0,0,0,0.0,0.0,0.0,0.0,0,0,0,0,0,0,0,True,2.0,1.0,Sunderland,0.0,0.0,0.0,0.0,0,0,0,0,0,Man Utd (Home),1
Akpom,FWD,Ipswich Town,5.0,0.5,1.0,a,24,0,0,0,0,0,0,0.0,0.0,0.0,0.03,0,0,0,0,0,0,0,True,2.0,1.0,Sunderland,1.4,0.0,2.0,0.3,3,0,1,0,0,Man Utd (Home),1
Walle Egeli,FWD,Ipswich Town,4.5,2.4,1.0,a,10,0,0,0,0,0,0,0.0,0.0,0.0,0.03,0,0,0,0,0,0,0,True,2.0,1.0,Sunderland,0.0,0.1,0.0,0.0,3,0,1,0,0,Man Utd (Home),1
Al-Hamadi,FWD,Ipswich Town,5.0,0.1,0.0,u,0,0,0,0,0,0,0,0.0,0.0,0.0,0.0,0,0,0,0,0,0,0,True,2.0,1.0,Sunderland,0.0,0.0,0.0,0.0,0,0,0,0,0,Man Utd (Home),1
McAteer,MID,Ipswich Town,4.5,1.4,1.0,a,24,0,0,0,0,0,0,0.0,0.0,0.0,0.03,0,0,0,0,0,0,0,True,2.0,1.0,Sunderland,1.2,1.3,0.0,0.3,4,0,1,0,0,Man Utd (Home),1
Mehmeti,MID,Ipswich Town,5.0,0.0,0.0,a,0,0,0,0,0,0,0,0.0,0.0,0.0,0.0,0,0,0,0,0,0,0,True,2.0,1.0,Sunderland,0.0,0.0,0.0,0.0,0,0,0,0,0,Man Utd (Home),1
Van Oevelen,GKP,Ipswich Town,4.5,0.0,0.0,u,0,0,0,0,0,0,0,0.0,0.0,0.0,0.0,0,0,0,0,0,0,0,True,2.0,1.0,Sunderland,0.0,0.0,0.0,0.0,0,0,0,0,0,Man Utd (Home),1
Maeda,MID,Ipswich Town,5.5,0.4,2.0,a,79,0,0,0,1,0,0,0.0,0.61,0.61,0.63,0,0,0,0,0,0,1,True,2.0,1.0,Sunderland,12.6,1.4,7.0,2.1,7,0,2,0,0,Man Utd (Home),1
Scherpen,GKP,Ipswich Town,4.5,0.6,2.0,a,90,0,0,2,1,0,0,0.0,0.0,0.0,0.66,0,0,0,0,0,0,1,True,2.0,1.0,Sunderland,14.4,0.0,0.0,1.4,12,0,2,0,0,Man Utd (Home),1
Florentino,MID,Ipswich Town,5.0,0.1,0.0,d,0,0,0,0,0,0,0,0.0,0.0,0.0,0.0,0,0,0,0,0,0,0,True,2.0,1.0,Sunderland,0.0,0.0,0.0,0.0,0,0,0,0,0,Man Utd (Home),1
Enciso,MID,Ipswich Town,5.5,0.5,5.0,a,70,0,1,0,1,0,1,0.31,0.23,0.54,0.63,0,0,0,0,0,0,1,True,2.0,1.0,Sunderland,21.6,14.0,18.0,5.4,24,0,5,0,0,Man Utd (Home),1
Ouattara,DEF,Ipswich Town,4.0,1.0,1.0,a,10,0,0,0,0,0,0,0.0,0.0,0.0,0.03,0,0,0,0,0,0,0,True,2.0,1.0,Sunderland,5.2,10.0,0.0,1.5,4,0,1,0,0,Man Utd (Home),1
Humphreys,MID,Ipswich Town,4.5,0.0,0.0,a,0,0,0,0,0,0,0,0.0,0.0,0.0,0.0,0,0,0,0,0,0,0,True,2.0,1.0,Sunderland,0.0,0.0,0.0,0.0,0,0,0,0,0,Man Utd (Home),1
Wilson,MID,Leeds,6.5,5.7,3.0,a,65,0,0,0,0,0,0,0.02,0.0,0.02,0.53,1,0,0,0,0,0,1,False,0.0,1.0,Nott'm Forest,6.2,15.3,4.0,2.6,8,0,3,0,0,Brentford (Away),1
Perri,GKP,Leeds,4.5,0.6,0.0,a,0,0,0,0,0,0,0,0.0,0.0,0.0,0.0,0,0,0,0,0,0,0,False,0.0,1.0,Nott'm Forest,0.0,0.0,0.0,0.0,0,0,0,0,0,Brentford (Away),1
Bijol,DEF,Leeds,5.0,0.9,10.0,a,90,0,0,0,0,0,0,0.0,0.11,0.11,0.66,1,0,0,0,0,0,1,False,0.0,1.0,Nott'm Forest,23.6,0.4,15.0,3.9,28,2,10,0,0,Brentford (Away),1
Rodon,DEF,Leeds,4.5,3.6,6.0,a,90,0,0,0,0,0,0,0.06,0.03,0.09,0.66,1,0,0,0,0,0,1,False,0.0,1.0,Nott'm Forest,14.4,14.4,5.0,3.4,21,0,6,0,0,Brentford (Away),1
Bogle,DEF,Leeds,4.5,0.6,6.0,a,90,0,0,0,0,0,0,0.0,0.0,0.0,0.66,1,0,0,0,0,0,1,False,0.0,1.0,Nott'm Forest,7.0,1.1,0.0,0.8,24,0,6,0,0,Brentford (Away),1
Gudmundsson,DEF,Leeds,4.5,0.0,0.0,i,0,0,0,0,0,0,0,0.0,0.0,0.0,0.0,0,0,0,0,0,0,0,False,0.0,1.0,Nott'm Forest,0.0,0.0,0.0,0.0,0,0,0,0,0,Brentford (Away),1
Justin,DEF,Leeds,4.5,1.1,10.0,a,90,0,0,0,0,0,0,0.01,0.0,0.01,0.66,1,0,0,0,0,0,1,False,0.0,1.0,Nott'm Forest,24.6,2.3,2.0,2.9,28,2,10,0,0,Brentford (Away),1
Bornauw,DEF,Leeds,4.5,0.0,0.0,u,0,0,0,0,0,0,0,0.0,0.0,0.0,0.0,0,0,0,0,0,0,0,False,0.0,1.0,Nott'm Forest,0.0,0.0,0.0,0.0,0,0,0,0,0,Brentford (Away),1
Muharemović,DEF,Leeds,5.0,3.4,6.0,a,90,0,0,0,0,0,0,0.0,0.09,0.09,0.66,1,0,0,0,0,0,1,False,0.0,1.0,Nott'm Forest,15.6,0.6,17.0,3.3,25,0,6,0,0,Brentford (Away),1
Stach,MID,Leeds,6.0,2.3,13.0,a,90,1,0,0,0,1,0,0.05,0.1,0.15,0.66,1,0,0,0,0,0,1,False,0.0,1.0,Nott'm Forest,47.8,2.3,16.0,6.6,37,3,13,0,0,Brentford (Away),1
Okafor,MID,Leeds,6.0,0.4,1.0,a,24,0,0,0,0,0,0,0.16,0.0,0.16,0.13,0,0,0,0,0,0,0,False,0.0,1.0,Nott'm Forest,10.0,14.0,4.0,2.8,10,0,1,0,0,Brentford (Away),1
Aaronson,MID,Leeds,5.5,0.9,3.0,a,81,0,0,0,0,0,0,0.01,0.01,0.02,0.58,1,0,0,0,0,0,1,False,0.0,1.0,Nott'm Forest,8.0,1.1,7.0,1.6,16,0,3,0,0,Brentford (Away),1
Ampadu,MID,Leeds,5.5,1.4,5.0,a,90,0,0,0,0,0,0,0.04,0.0,0.04,0.66,1,0,0,0,0,0,1,False,0.0,1.0,Nott'm Forest,18.6,23.3,0.0,4.2,18,0,5,0,0,Brentford (Away),1
Longstaff,MID,Leeds,5.0,0.1,1.0,a,8,0,0,0,0,0,0,0.0,0.0,0.0,0.07,0,0,0,0,0,0,0,False,0.0,1.0,Nott'm Forest,0.0,0.2,0.0,0.0,3,0,1,0,0,Brentford (Away),1
Gnonto,MID,Leeds,5.0,0.0,0.0,i,0,0,0,0,0,0,0,0.0,0.0,0.0,0.0,0,0,0,0,0,0,0,False,0.0,1.0,Nott'm Forest,0.0,0.0,0.0,0.0,0,0,0,0,0,Brentford (Away),1
Harrison,MID,Leeds,5.0,0.0,0.0,u,0,0,0,0,0,0,0,0.0,0.0,0.0,0.0,0,0,0,0,0,0,0,False,0.0,1.0,Nott'm Forest,0.0,0.0,0.0,0.0,0,0,0,0,0,Brentford (Away),1
James,MID,Leeds,5.0,0.1,0.0,a,0,0,0,0,0,0,0,0.0,0.0,0.0,0.0,0,0,0,0,0,0,0,False,0.0,1.0,Nott'm Forest,0.0,0.0,0.0,0.0,0,0,0,0,0,Brentford (Away),1
Gruev,MID,Leeds,5.0,0.0,0.0,i,0,0,0,0,0,0,0,0.0,0.0,0.0,0.0,0,0,0,0,0,0,0,False,0.0,1.0,Nott'm Forest,0.0,0.0,0.0,0.0,0,0,0,0,0,Brentford (Away),1
Tanaka,MID,Leeds,5.0,0.2,0.0,a,0,0,0,0,0,0,0,0.0,0.0,0.0,0.0,0,0,0,0,0,0,0,False,0.0,1.0,Nott'm Forest,0.0,0.0,0.0,0.0,0,0,0,0,0,Brentford (Away),1
Calvert-Lewin,FWD,Leeds,6.0,28.8,1.0,a,90,0,0,0,0,0,0,0.0,0.13,0.13,0.66,1,0,0,0,1,0,1,False,0.0,1.0,Nott'm Forest,0.0,0.8,11.0,0.7,-2,0,1,0,0,Brentford (Away),1
Nmecha,FWD,Leeds,5.5,0.5,0.0,a,0,0,0,0,0,0,0,0.0,0.0,0.0,0.0,0,0,0,0,0,0,0,False,0.0,1.0,Nott'm Forest,0.0,0.0,0.0,0.0,0,0,0,0,0,Brentford (Away),1
Piroe,FWD,Leeds,5.0,0.1,0.0,u,0,0,0,0,0,0,0,0.0,0.0,0.0,0.0,0,0,0,0,0,0,0,False,0.0,1.0,Nott'm Forest,0.0,0.0,0.0,0.0,0,0,0,0,0,Brentford (Away),1
Mateo Joseph,FWD,Leeds,4.5,0.1,0.0,i,0,0,0,0,0,0,0,0.0,0.0,0.0,0.0,0,0,0,0,0,0,0,False,0.0,1.0,Nott'm Forest,0.0,0.0,0.0,0.0,0,0,0,0,0,Brentford (Away),1
Trafford,GKP,Leeds,5.0,4.2,9.0,a,90,0,0,3,0,0,0,0.0,0.0,0.0,0.66,1,0,0,0,0,0,1,False,0.0,1.0,Nott'm Forest,19.4,0.0,0.0,1.9,28,2,9,0,0,Brentford (Away),1
Elvedi,DEF,Leeds,4.5,0.0,0.0,a,0,0,0,0,0,0,0,0.0,0.0,0.0,0.0,0,0,0,0,0,0,0,False,0.0,1.0,Nott'm Forest,0.0,0.0,0.0,0.0,0,0,0,0,0,Brentford (Away),1
Lienou,DEF,Leeds,4.0,0.1,0.0,a,0,0,0,0,0,0,0,0.0,0.0,0.0,0.0,0,0,0,0,0,0,0,False,0.0,1.0,Nott'm Forest,0.0,0.0,0.0,0.0,0,0,0,0,0,Brentford (Away),1
Cresswell,MID,Leeds,4.5,0.1,0.0,a,0,0,0,0,0,0,0,0.0,0.0,0.0,0.0,0,0,0,0,0,0,0,False,0.0,1.0,Nott'm Forest,0.0,0.0,0.0,0.0,0,0,0,0,0,Brentford (Away),1
A.Becker,GKP,Liverpool,5.5,3.8,2.0,a,90,0,0,3,2,0,0,0.0,0.0,0.0,1.58,0,0,0,0,0,0,1,False,2.0,2.0,Newcastle,17.8,0.0,0.0,1.8,7,0,2,0,0,Nott'm Forest (Away),1
Mamardashvili,GKP,Liverpool,5.0,0.2,0.0,a,0,0,0,0,0,0,0,0.0,0.0,0.0,0.0,0,0,0,0,0,0,0,False,2.0,2.0,Newcastle,0.0,0.0,0.0,0.0,0,0,0,0,0,Nott'm Forest (Away),1
Woodman,GKP,Liverpool,4.0,1.1,0.0,a,0,0,0,0,0,0,0,0.0,0.0,0.0,0.0,0,0,0,0,0,0,0,False,2.0,2.0,Newcastle,0.0,0.0,0.0,0.0,0,0,0,0,0,Nott'm Forest (Away),1
Pecsi,GKP,Liverpool,4.0,0.0,0.0,u,0,0,0,0,0,0,0,0.0,0.0,0.0,0.0,0,0,0,0,0,0,0,False,2.0,2.0,Newcastle,0.0,0.0,0.0,0.0,0,0,0,0,0,Nott'm Forest (Away),1
Jaros,GKP,Liverpool,4.0,0.0,0.0,i,0,0,0,0,0,0,0,0.0,0.0,0.0,0.0,0,0,0,0,0,0,0,False,2.0,2.0,Newcastle,0.0,0.0,0.0,0.0,0,0,0,0,0,Nott'm Forest (Away),1
Davies,GKP,Liverpool,4.0,0.1,0.0,a,0,0,0,0,0,0,0,0.0,0.0,0.0,0.0,0,0,0,0,0,0,0,False,2.0,2.0,Newcastle,0.0,0.0,0.0,0.0,0,0,0,0,0,Nott'm Forest (Away),1
Virgil,DEF,Liverpool,6.5,19.6,2.0,a,90,0,0,0,2,0,0,0.01,0.25,0.26,1.58,0,0,0,0,1,0,1,False,2.0,2.0,Newcastle,25.6,1.6,24.0,5.1,8,0,2,0,0,Nott'm Forest (Away),1
Frimpong,DEF,Liverpool,5.5,3.4,0.0,a,90,0,0,0,2,0,0,0.09,0.01,0.1,1.58,0,0,0,0,1,0,1,False,2.0,2.0,Newcastle,13.6,37.8,10.0,6.1,3,0,0,0,0,Nott'm Forest (Away),1
Kerkez,DEF,Liverpool,5.5,3.5,0.0,a,90,0,0,0,2,0,0,0.02,0.02,0.04,1.58,0,0,0,0,1,0,1,False,2.0,2.0,Newcastle,18.0,13.8,12.0,4.4,3,0,0,0,0,Nott'm Forest (Away),1
Gomez,DEF,Liverpool,5.0,0.0,0.0,i,0,0,0,0,0,0,0,0.0,0.0,0.0,0.0,0,0,0,0,0,0,0,False,2.0,2.0,Newcastle,0.0,0.0,0.0,0.0,0,0,0,0,0,Nott'm Forest (Away),1
Bradley,DEF,Liverpool,5.0,0.0,0.0,i,0,0,0,0,0,0,0,0.0,0.0,0.0,0.0,0,0,0,0,0,0,0,False,2.0,2.0,Newcastle,0.0,0.0,0.0,0.0,0,0,0,0,0,Nott'm Forest (Away),1
Lucky,DEF,Liverpool,4.0,0.1,0.0,a,0,0,0,0,0,0,0,0.0,0.0,0.0,0.0,0,0,0,0,0,0,0,False,2.0,2.0,Newcastle,0.0,0.0,0.0,0.0,0,0,0,0,0,Nott'm Forest (Away),1
Jacquet,DEF,Liverpool,5.0,2.4,1.0,a,69,0,0,0,2,0,0,0.02,0.0,0.02,1.04,0,0,0,0,0,0,1,False,2.0,2.0,Newcastle,12.4,11.9,0.0,2.4,9,0,1,0,0,Nott'm Forest (Away),1
Leoni,DEF,Liverpool,4.0,0.0,0.0,i,0,0,0,0,0,0,0,0.0,0.0,0.0,0.0,0,0,0,0,0,0,0,False,2.0,2.0,Newcastle,0.0,0.0,0.0,0.0,0,0,0,0,0,Nott'm Forest (Away),1
Tsimikas,DEF,Liverpool,5.0,0.1,0.0,a,0,0,0,0,0,0,0,0.0,0.0,0.0,0.0,0,0,0,0,0,0,0,False,2.0,2.0,Newcastle,0.0,0.0,0.0,0.0,0,0,0,0,0,Nott'm Forest (Away),1
Ramsay,DEF,Liverpool,4.0,0.2,0.0,u,0,0,0,0,0,0,0,0.0,0.0,0.0,0.0,0,0,0,0,0,0,0,False,2.0,2.0,Newcastle,0.0,0.0,0.0,0.0,0,0,0,0,0,Nott'm Forest (Away),1
Wirtz,MID,Liverpool,7.5,11.5,2.0,a,62,0,0,0,2,0,0,0.04,0.26,0.3,0.51,0,0,0,0,0,0,1,False,2.0,2.0,Newcastle,9.8,17.9,29.0,5.7,16,0,2,0,0,Nott'm Forest (Away),1
Gakpo,MID,Liverpool,7.0,6.1,12.0,a,90,1,0,0,2,1,0,0.15,0.3,0.45,1.58,0,0,0,0,0,0,1,False,2.0,2.0,Newcastle,44.0,34.0,37.0,11.5,33,3,12,0,0,Nott'm Forest (Away),1
Szoboszlai,MID,Liverpool,7.0,43.2,8.0,a,90,1,0,0,2,1,0,0.27,0.85,1.12,1.58,0,0,0,0,0,0,1,False,2.0,2.0,Newcastle,50.4,47.1,21.0,11.9,29,1,8,0,0,Nott'm Forest (Away),1
Ngumoha,MID,Liverpool,6.0,1.1,2.0,a,62,0,0,0,2,0,0,0.02,0.04,0.06,0.51,0,0,0,0,0,0,1,False,2.0,2.0,Newcastle,2.4,6.0,5.0,1.3,9,0,2,0,0,Nott'm Forest (Away),1
Chiesa,MID,Liverpool,5.5,0.1,0.0,i,0,0,0,0,0,0,0,0.0,0.0,0.0,0.0,0,0,0,0,0,0,0,False,2.0,2.0,Newcastle,0.0,0.0,0.0,0.0,0,0,0,0,0,Nott'm Forest (Away),1
Gravenberch,MID,Liverpool,6.0,2.0,5.0,a,77,0,1,0,2,0,1,0.05,0.06,0.11,1.1,0,0,0,0,0,0,1,False,2.0,2.0,Newcastle,24.4,16.0,4.0,4.4,26,0,5,0,0,Nott'm Forest (Away),1
Mac Allister,MID,Liverpool,5.5,1.6,1.0,a,27,0,0,0,0,0,0,0.01,0.0,0.01,1.07,0,0,0,0,0,0,0,False,2.0,2.0,Newcastle,5.8,1.4,0.0,0.7,9,0,1,0,0,Nott'm Forest (Away),1
C.Jones,MID,Liverpool,5.5,0.0,0.0,d,0,0,0,0,0,0,0,0.0,0.0,0.0,0.0,0,0,0,0,0,0,0,False,2.0,2.0,Newcastle,0.0,0.0,0.0,0.0,0,0,0,0,0,Nott'm Forest (Away),1
Endo,MID,Liverpool,5.0,0.1,0.0,a,0,0,0,0,0,0,0,0.0,0.0,0.0,0.0,0,0,0,0,0,0,0,False,2.0,2.0,Newcastle,0.0,0.0,0.0,0.0,0,0,0,0,0,Nott'm Forest (Away),1
Nyoni,MID,Liverpool,5.0,0.0,0.0,a,0,0,0,0,0,0,0,0.0,0.0,0.0,0.0,0,0,0,0,0,0,0,False,2.0,2.0,Newcastle,0.0,0.0,0.0,0.0,0,0,0,0,0,Nott'm Forest (Away),1
Bajcetic,MID,Liverpool,5.0,0.0,0.0,i,0,0,0,0,0,0,0,0.0,0.0,0.0,0.0,0,0,0,0,0,0,0,False,2.0,2.0,Newcastle,0.0,0.0,0.0,0.0,0,0,0,0,0,Nott'm Forest (Away),1
Munoz,MID,Liverpool,6.5,0.6,4.0,a,27,0,1,0,0,0,1,0.04,0.1,0.14,1.07,0,0,0,0,0,0,0,False,2.0,2.0,Newcastle,4.0,8.9,14.0,2.7,15,0,4,0,0,Nott'm Forest (Away),1
McConnell,MID,Liverpool,4.5,0.3,0.0,a,0,0,0,0,0,0,0,0.0,0.0,0.0,0.0,0,0,0,0,0,0,0,False,2.0,2.0,Newcastle,0.0,0.0,0.0,0.0,0,0,0,0,0,Nott'm Forest (Away),1
Isak,FWD,Liverpool,9.0,16.5,2.0,a,90,0,0,0,2,0,0,0.01,1.09,1.1,1.58,0,0,0,0,0,0,1,False,2.0,2.0,Newcastle,11.4,14.6,66.0,9.2,6,0,2,0,0,Nott'm Forest (Away),1
Ekitiké,FWD,Liverpool,7.5,0.1,0.0,i,0,0,0,0,0,0,0,0.0,0.0,0.0,0.0,0,0,0,0,0,0,0,False,2.0,2.0,Newcastle,0.0,0.0,0.0,0.0,0,0,0,0,0,Nott'm Forest (Away),1
Koumas,MID,Liverpool,5.0,0.0,1.0,a,12,0,0,0,0,0,0,0.0,0.03,0.03,0.48,0,0,0,0,0,0,0,False,2.0,2.0,Newcastle,1.2,0.5,7.0,0.9,4,0,1,0,0,Nott'm Forest (Away),1
Danns,FWD,Liverpool,4.5,0.0,0.0,i,0,0,0,0,0,0,0,0.0,0.0,0.0,0.0,0,0,0,0,0,0,0,False,2.0,2.0,Newcastle,0.0,0.0,0.0,0.0,0,0,0,0,0,Nott'm Forest (Away),1
Elliott,MID,Liverpool,5.5,0.1,0.0,a,0,0,0,0,0,0,0,0.0,0.0,0.0,0.0,0,0,0,0,0,0,0,False,2.0,2.0,Newcastle,0.0,0.0,0.0,0.0,0,0,0,0,0,Nott'm Forest (Away),1
Araujo,DEF,Liverpool,5.5,2.7,1.0,a,20,0,0,0,0,0,0,0.03,0.0,0.03,0.54,0,0,0,0,0,0,0,False,2.0,2.0,Newcastle,13.2,1.2,0.0,1.4,3,0,1,0,0,Nott'm Forest (Away),1
Grealish,MID,Man City,6.5,0.2,1.0,a,8,0,0,0,0,0,0,0.0,0.0,0.0,0.0,0,0,0,0,0,0,0,True,2.0,1.0,Bournemouth,1.0,0.6,0.0,0.2,2,0,1,0,0,Crystal Palace (Home),1
Donnarumma,GKP,Man City,5.5,8.3,3.0,a,90,0,0,3,1,0,0,0.0,0.0,0.0,0.65,0,0,0,0,0,0,1,True,2.0,1.0,Bournemouth,26.8,0.0,0.0,2.7,12,0,3,0,0,Crystal Palace (Home),1
Bettinelli,GKP,Man City,4.5,0.0,0.0,a,0,0,0,0,0,0,0,0.0,0.0,0.0,0.0,0,0,0,0,0,0,0,True,2.0,1.0,Bournemouth,0.0,0.0,0.0,0.0,0,0,0,0,0,Crystal Palace (Home),1
O'Reilly,DEF,Man City,6.5,20.9,2.0,a,62,0,0,0,1,0,0,0.41,0.07,0.48,0.55,0,0,0,0,0,0,1,True,2.0,1.0,Bournemouth,8.8,30.4,11.0,5.0,5,0,2,0,0,Crystal Palace (Home),1
Guéhi,DEF,Man City,6.0,19.4,10.0,a,90,1,0,0,1,1,0,0.32,0.89,1.21,0.65,0,0,0,0,0,0,1,True,2.0,1.0,Bournemouth,43.6,17.5,28.0,8.9,31,2,10,0,0,Crystal Palace (Home),1
Matheus N.,DEF,Man City,6.0,1.5,1.0,d,33,0,0,0,0,0,0,0.04,0.0,0.04,0.1,0,0,0,0,0,0,0,True,2.0,1.0,Bournemouth,3.8,1.5,4.0,0.9,4,0,1,0,0,Crystal Palace (Home),1
Rúben,DEF,Man City,5.5,1.8,2.0,a,90,0,0,0,1,0,0,0.14,0.0,0.14,0.65,0,0,0,0,0,0,1,True,2.0,1.0,Bournemouth,24.4,17.9,2.0,4.4,11,0,2,0,0,Crystal Palace (Home),1
Gvardiol,DEF,Man City,5.5,13.5,9.0,a,90,1,0,0,1,1,0,0.05,0.19,0.24,0.65,0,0,0,0,0,0,1,True,2.0,1.0,Bournemouth,47.6,13.3,17.0,7.8,28,1,9,0,0,Crystal Palace (Home),1
Aït-Nouri,DEF,Man City,5.5,0.8,0.0,a,0,0,0,0,0,0,0,0.0,0.0,0.0,0.0,0,0,0,0,0,0,0,True,2.0,1.0,Bournemouth,0.0,0.0,0.0,0.0,0,0,0,0,0,Crystal Palace (Home),1
Khusanov,DEF,Man City,5.5,1.7,2.0,a,90,0,0,0,1,0,0,0.02,0.0,0.02,0.65,0,0,0,0,0,0,1,True,2.0,1.0,Bournemouth,17.0,3.4,0.0,2.0,14,0,2,0,0,Crystal Palace (Home),1
Alleyne,DEF,Man City,5.0,0.0,0.0,u,0,0,0,0,0,0,0,0.0,0.0,0.0,0.0,0,0,0,0,0,0,0,True,2.0,1.0,Bournemouth,0.0,0.0,0.0,0.0,0,0,0,0,0,Crystal Palace (Home),1
Lewis,DEF,Man City,4.5,0.2,1.0,a,56,0,0,0,1,0,0,0.02,0.17,0.19,0.55,0,0,0,0,0,0,1,True,2.0,1.0,Bournemouth,3.8,3.8,39.0,4.7,-1,0,1,0,0,Crystal Palace (Home),1
Vitor Reis,DEF,Man City,4.5,0.0,0.0,a,0,0,0,0,0,0,0,0.0,0.0,0.0,0.0,0,0,0,0,0,0,0,True,2.0,1.0,Bournemouth,0.0,0.0,0.0,0.0,0,0,0,0,0,Crystal Palace (Home),1
Semenyo,MID,Man City,8.5,24.2,2.0,a,90,0,0,0,1,0,0,0.02,0.06,0.08,0.65,0,0,0,0,0,0,1,True,2.0,1.0,Bournemouth,5.8,8.9,31.0,4.6,16,0,2,0,0,Crystal Palace (Home),1
Foden,MID,Man City,7.0,4.1,1.0,a,81,0,0,0,1,0,0,0.4,0.12,0.52,0.65,0,0,0,0,1,0,1,True,2.0,1.0,Bournemouth,10.4,49.6,15.0,7.5,15,0,1,0,0,Crystal Palace (Home),1
Cherki,MID,Man City,7.5,10.5,8.0,a,27,0,2,0,0,0,2,0.5,0.0,0.5,0.1,0,0,0,0,0,0,0,True,2.0,1.0,Bournemouth,39.2,48.8,4.0,9.2,28,1,8,0,0,Crystal Palace (Home),1
Doku,MID,Man City,7.5,1.3,0.0,i,0,0,0,0,0,0,0,0.0,0.0,0.0,0.0,0,0,0,0,0,0,0,True,2.0,1.0,Bournemouth,0.0,0.0,0.0,0.0,0,0,0,0,0,Crystal Palace (Home),1
Rodrigo,MID,Man City,6.5,0.0,0.0,u,0,0,0,0,0,0,0,0.0,0.0,0.0,0.0,0,0,0,0,0,0,0,True,2.0,1.0,Bournemouth,0.0,0.0,0.0,0.0,0,0,0,0,0,Crystal Palace (Home),1
Reijnders,MID,Man City,6.0,0.1,0.0,u,0,0,0,0,0,0,0,0.0,0.0,0.0,0.0,0,0,0,0,0,0,0,True,2.0,1.0,Bournemouth,0.0,0.0,0.0,0.0,0,0,0,0,0,Crystal Palace (Home),1
Kovačić,MID,Man City,5.5,0.1,1.0,a,27,0,0,0,0,0,0,0.01,0.0,0.01,0.1,0,0,0,0,0,0,0,True,2.0,1.0,Bournemouth,2.2,2.1,0.0,0.4,3,0,1,0,0,Crystal Palace (Home),1
Echeverri,MID,Man City,5.0,0.0,0.0,a,0,0,0,0,0,0,0,0.0,0.0,0.0,0.0,0,0,0,0,0,0,0,True,2.0,1.0,Bournemouth,0.0,0.0,0.0,0.0,0,0,0,0,0,Crystal Palace (Home),1
Phillips,MID,Man City,5.0,0.0,0.0,u,0,0,0,0,0,0,0,0.0,0.0,0.0,0.0,0,0,0,0,0,0,0,True,2.0,1.0,Bournemouth,0.0,0.0,0.0,0.0,0,0,0,0,0,Crystal Palace (Home),1
Mukasa,MID,Man City,4.5,0.2,0.0,a,0,0,0,0,0,0,0,0.0,0.0,0.0,0.0,0,0,0,0,0,0,0,True,2.0,1.0,Bournemouth,0.0,0.0,0.0,0.0,0,0,0,0,0,Crystal Palace (Home),1
Monga,MID,Man City,5.0,0.0,0.0,a,0,0,0,0,0,0,0,0.0,0.0,0.0,0.0,0,0,0,0,0,0,0,True,2.0,1.0,Bournemouth,0.0,0.0,0.0,0.0,0,0,0,0,0,Crystal Palace (Home),1
Haaland,FWD,Man City,15.5,67.9,2.0,a,90,0,0,0,1,0,0,0.02,0.74,0.76,0.65,0,0,0,0,0,0,1,True,2.0,1.0,Bournemouth,3.8,5.2,50.0,5.9,6,0,2,0,0,Crystal Palace (Home),1
Anderson,MID,Man City,6.4,6.1,2.0,a,62,0,0,0,1,0,0,0.25,0.0,0.25,0.55,0,0,0,0,0,0,1,True,2.0,1.0,Bournemouth,7.2,20.8,0.0,2.8,14,0,2,0,0,Crystal Palace (Home),1
Rulli,GKP,Man City,5.0,0.0,0.0,a,0,0,0,0,0,0,0,0.0,0.0,0.0,0.0,0,0,0,0,0,0,0,True,2.0,1.0,Bournemouth,0.0,0.0,0.0,0.0,0,0,0,0,0,Crystal Palace (Home),1
Bouaddi,MID,Man City,5.5,0.0,0.0,a,0,0,0,0,0,0,0,0.0,0.0,0.0,0.0,0,0,0,0,0,0,0,False,,,,0.0,0.0,0.0,0.0,0,0,0,0,0,Crystal Palace (Home),1
Tielemans,MID,Man Utd,6.0,2.4,2.0,a,66,0,0,0,2,0,0,0.11,0.04,0.15,0.94,0,0,0,0,0,0,1,False,2.0,0.0,Hull City,5.0,11.3,4.0,2.0,13,0,2,0,0,Ipswich Town (Away),1
Baleba,MID,Man Utd,5.0,0.2,0.0,i,0,0,0,0,0,0,0,0.0,0.0,0.0,0.0,0,0,0,0,0,0,0,True,4.0,0.0,Aston Villa,0.0,0.0,0.0,0.0,0,0,0,0,0,Ipswich Town (Away),1
Andrey Santos,MID,Man Utd,5.0,1.0,2.0,a,66,0,0,0,2,0,0,0.23,0.0,0.23,0.94,0,0,0,0,0,0,1,False,2.0,0.0,Hull City,11.4,4.2,2.0,1.8,17,0,2,0,0,Ipswich Town (Away),1
Darlow,GKP,Man Utd,4.5,0.0,0.0,a,0,0,0,0,0,0,0,0.0,0.0,0.0,0.0,0,0,0,0,0,0,0,False,2.0,0.0,Hull City,0.0,0.0,0.0,0.0,0,0,0,0,0,Ipswich Town (Away),1
Lammens,GKP,Man Utd,5.0,15.6,1.0,a,90,0,0,2,2,0,0,0.0,0.0,0.0,1.01,0,0,0,0,0,0,1,False,2.0,0.0,Hull City,20.2,0.0,0.0,2.0,7,0,1,0,0,Ipswich Town (Away),1
Bayindir,GKP,Man Utd,4.5,0.0,0.0,u,0,0,0,0,0,0,0,0.0,0.0,0.0,0.0,0,0,0,0,0,0,0,False,2.0,0.0,Hull City,0.0,0.0,0.0,0.0,0,0,0,0,0,Ipswich Town (Away),1
Heaton,GKP,Man Utd,4.0,0.1,0.0,i,0,0,0,0,0,0,0,0.0,0.0,0.0,0.0,0,0,0,0,0,0,0,False,2.0,0.0,Hull City,0.0,0.0,0.0,0.0,0,0,0,0,0,Ipswich Town (Away),1
Dorgu,MID,Man Utd,6.0,1.1,0.0,a,45,0,0,0,2,0,0,0.03,0.47,0.5,0.92,0,0,0,0,1,0,1,False,2.0,0.0,Hull City,0.0,1.2,16.0,0.7,-11,0,0,0,0,Ipswich Town (Away),1
De Ligt,DEF,Man Utd,5.0,0.0,0.0,i,0,0,0,0,0,0,0,0.0,0.0,0.0,0.0,0,0,0,0,0,0,0,False,2.0,0.0,Hull City,0.0,0.0,0.0,0.0,0,0,0,0,0,Ipswich Town (Away),1
Dalot,DEF,Man Utd,5.0,2.5,1.0,a,10,0,0,0,0,0,0,0.0,0.0,0.0,0.0,0,0,0,0,0,0,0,False,2.0,0.0,Hull City,7.6,11.3,0.0,1.9,6,0,1,0,0,Ipswich Town (Away),1
Maguire,DEF,Man Utd,5.0,17.1,1.0,a,90,0,0,0,2,0,0,0.4,0.04,0.44,1.01,0,0,0,0,0,0,1,False,2.0,0.0,Hull City,25.4,28.6,19.0,7.3,15,0,1,0,0,Ipswich Town (Away),1
Martinez,DEF,Man Utd,5.0,1.3,0.0,a,0,0,0,0,0,0,0,0.0,0.0,0.0,0.0,0,0,0,0,0,0,0,False,2.0,0.0,Hull City,0.0,0.0,0.0,0.0,0,0,0,0,0,Ipswich Town (Away),1
Yoro,DEF,Man Utd,5.0,0.6,0.0,a,0,0,0,0,0,0,0,0.0,0.0,0.0,0.0,0,0,0,0,0,0,0,False,2.0,0.0,Hull City,0.0,0.0,0.0,0.0,0,0,0,0,0,Ipswich Town (Away),1
Heaven,DEF,Man Utd,4.5,0.4,1.0,a,90,0,0,0,2,0,0,0.04,0.12,0.16,1.01,0,0,0,0,0,0,1,False,2.0,0.0,Hull City,6.8,2.6,11.0,2.0,5,0,1,0,0,Ipswich Town (Away),1
Mazraoui,DEF,Man Utd,4.5,0.7,1.0,a,79,0,0,0,2,0,0,0.05,0.22,0.27,1.01,0,0,0,0,0,0,1,False,2.0,0.0,Hull City,17.4,29.4,9.0,5.6,8,0,1,0,0,Ipswich Town (Away),1
Shaw,DEF,Man Utd,4.5,19.7,1.0,a,90,0,0,0,2,0,0,0.26,0.0,0.26,1.01,0,0,0,0,0,0,1,False,2.0,0.0,Hull City,25.2,59.2,6.0,9.0,13,0,1,0,0,Ipswich Town (Away),1
Amass,DEF,Man Utd,4.0,0.2,0.0,a,0,0,0,0,0,0,0,0.0,0.0,0.0,0.0,0,0,0,0,0,0,0,False,2.0,0.0,Hull City,0.0,0.0,0.0,0.0,0,0,0,0,0,Ipswich Town (Away),1
Fredricson,DEF,Man Utd,4.0,0.0,0.0,u,0,0,0,0,0,0,0,0.0,0.0,0.0,0.0,0,0,0,0,0,0,0,False,2.0,0.0,Hull City,0.0,0.0,0.0,0.0,0,0,0,0,0,Ipswich Town (Away),1
B.Fernandes,MID,Man Utd,12.0,48.4,2.0,a,90,0,0,0,2,0,0,0.26,0.08,0.34,1.01,0,0,0,0,0,0,1,False,2.0,0.0,Hull City,20.2,55.4,17.0,9.3,18,0,2,0,0,Ipswich Town (Away),1
Mbeumo,MID,Man Utd,8.0,36.0,2.0,a,90,0,0,0,2,0,0,0.23,0.5,0.73,1.01,0,0,0,0,0,0,1,False,2.0,0.0,Hull City,9.6,28.1,49.0,8.7,12,0,2,0,0,Ipswich Town (Away),1
Cunha,MID,Man Utd,8.0,9.4,2.0,a,79,0,0,0,2,0,0,0.21,0.24,0.45,1.01,0,0,0,0,0,0,1,False,2.0,0.0,Hull City,5.4,28.2,35.0,6.9,14,0,2,0,0,Ipswich Town (Away),1
Rashford,MID,Man Utd,7.0,1.7,1.0,a,45,0,0,0,0,0,0,0.1,0.0,0.1,0.09,0,0,0,0,0,0,0,False,2.0,0.0,Hull City,11.6,48.6,4.0,6.4,9,0,1,0,0,Ipswich Town (Away),1
Mount,MID,Man Utd,5.5,0.0,0.0,d,0,0,0,0,0,0,0,0.0,0.0,0.0,0.0,0,0,0,0,0,0,0,False,2.0,0.0,Hull City,0.0,0.0,0.0,0.0,0,0,0,0,0,Ipswich Town (Away),1
Amad,MID,Man Utd,5.9,1.0,0.0,d,0,0,0,0,0,0,0,0.0,0.0,0.0,0.0,0,0,0,0,0,0,0,False,2.0,0.0,Hull City,0.0,0.0,0.0,0.0,0,0,0,0,0,Ipswich Town (Away),1
Mainoo,MID,Man Utd,5.5,1.0,1.0,a,23,0,0,0,0,0,0,0.01,0.07,0.08,0.07,0,0,0,0,0,0,0,False,2.0,0.0,Hull City,2.8,2.5,2.0,0.7,7,0,1,0,0,Ipswich Town (Away),1
Ugarte,MID,Man Utd,5.0,0.0,0.0,i,0,0,0,0,0,0,0,0.0,0.0,0.0,0.0,0,0,0,0,0,0,0,False,2.0,0.0,Hull City,0.0,0.0,0.0,0.0,0,0,0,0,0,Ipswich Town (Away),1
J.Fletcher,MID,Man Utd,5.0,0.0,0.0,a,0,0,0,0,0,0,0,0.0,0.0,0.0,0.0,0,0,0,0,0,0,0,False,2.0,0.0,Hull City,0.0,0.0,0.0,0.0,0,0,0,0,0,Ipswich Town (Away),1
Lacey,MID,Man Utd,5.0,0.0,1.0,a,10,0,0,0,0,0,0,0.0,0.0,0.0,0.0,0,0,0,0,0,0,0,False,2.0,0.0,Hull City,0.2,0.6,0.0,0.1,3,0,1,0,0,Ipswich Town (Away),1
Collyer,MID,Man Utd,5.0,0.0,0.0,a,0,0,0,0,0,0,0,0.0,0.0,0.0,0.0,0,0,0,0,0,0,0,False,2.0,0.0,Hull City,0.0,0.0,0.0,0.0,0,0,0,0,0,Ipswich Town (Away),1
Bendito Mantato,MID,Man Utd,4.5,0.2,0.0,a,0,0,0,0,0,0,0,0.0,0.0,0.0,0.0,0,0,0,0,0,0,0,False,2.0,0.0,Hull City,0.0,0.0,0.0,0.0,0,0,0,0,0,Ipswich Town (Away),1
Fletcher,MID,Man Utd,4.5,0.3,0.0,a,0,0,0,0,0,0,0,0.0,0.0,0.0,0.0,0,0,0,0,0,0,0,False,2.0,0.0,Hull City,0.0,0.0,0.0,0.0,0,0,0,0,0,Ipswich Town (Away),1
Šeško,FWD,Man Utd,7.0,1.8,1.0,a,23,0,0,0,0,0,0,0.0,0.04,0.04,0.07,0,0,0,0,0,0,0,False,2.0,0.0,Hull City,0.0,0.5,9.0,0.9,2,0,1,0,0,Ipswich Town (Away),1
Zirkzee,FWD,Man Utd,5.5,0.5,0.0,a,0,0,0,0,0,0,0,0.0,0.0,0.0,0.0,0,0,0,0,0,0,0,False,2.0,0.0,Hull City,0.0,0.0,0.0,0.0,0,0,0,0,0,Ipswich Town (Away),1
Obi,FWD,Man Utd,4.5,1.1,0.0,a,0,0,0,0,0,0,0,0.0,0.0,0.0,0.0,0,0,0,0,0,0,0,False,2.0,0.0,Hull City,0.0,0.0,0.0,0.0,0,0,0,0,0,Ipswich Town (Away),1
N.Gonzalez,MID,Newcastle,5.5,0.2,0.0,a,0,0,0,0,0,0,0,0.0,0.0,0.0,0.0,0,0,0,0,0,0,0,True,2.0,1.0,Bournemouth,0.0,0.0,0.0,0.0,0,0,0,0,0,Spurs (Home),1
Pope,GKP,Newcastle,5.0,1.3,0.0,a,0,0,0,0,0,0,0,0.0,0.0,0.0,0.0,0,0,0,0,0,0,0,True,2.0,2.0,Liverpool,0.0,0.0,0.0,0.0,0,0,0,0,0,Spurs (Home),1
Gillespie,GKP,Newcastle,4.5,0.0,0.0,a,0,0,0,0,0,0,0,0.0,0.0,0.0,0.0,0,0,0,0,0,0,0,True,2.0,2.0,Liverpool,0.0,0.0,0.0,0.0,0,0,0,0,0,Spurs (Home),1
Jaouen,GKP,Newcastle,4.5,0.0,0.0,a,0,0,0,0,0,0,0,0.0,0.0,0.0,0.0,0,0,0,0,0,0,0,True,2.0,2.0,Liverpool,0.0,0.0,0.0,0.0,0,0,0,0,0,Spurs (Home),1
Thiaw,DEF,Newcastle,5.0,1.7,3.0,a,90,0,0,0,2,0,0,0.0,0.0,0.0,2.98,0,0,0,0,0,0,1,True,2.0,2.0,Liverpool,37.8,0.2,0.0,3.8,0,0,3,0,0,Spurs (Home),1
Schär,DEF,Newcastle,5.0,0.3,1.0,a,1,0,0,0,1,0,0,0.0,0.0,0.0,0.79,0,0,0,0,0,0,0,True,2.0,2.0,Liverpool,0.0,0.0,0.0,0.0,-1,0,1,0,0,Spurs (Home),1
Botman,DEF,Newcastle,5.0,0.5,3.0,a,90,0,0,0,2,0,0,0.01,0.0,0.01,2.98,0,0,0,0,0,0,1,True,2.0,2.0,Liverpool,32.4,0.3,0.0,3.3,4,0,3,0,0,Spurs (Home),1
Burn,DEF,Newcastle,5.0,1.7,0.0,i,0,0,0,0,0,0,0,0.0,0.0,0.0,0.0,0,0,0,0,0,0,0,True,2.0,2.0,Liverpool,0.0,0.0,0.0,0.0,0,0,0,0,0,Spurs (Home),1
Hall,DEF,Newcastle,5.0,4.1,3.0,a,90,0,0,0,2,0,0,0.35,0.0,0.35,2.98,0,0,0,0,0,0,1,True,2.0,2.0,Liverpool,22.0,15.2,0.0,3.7,8,0,3,0,0,Spurs (Home),1
Livramento,DEF,Newcastle,5.0,0.0,0.0,i,0,0,0,0,0,0,0,0.0,0.0,0.0,0.0,0,0,0,0,0,0,0,True,2.0,2.0,Liverpool,0.0,0.0,0.0,0.0,0,0,0,0,0,Spurs (Home),1
A.Murphy,DEF,Newcastle,4.0,0.1,0.0,u,0,0,0,0,0,0,0,0.0,0.0,0.0,0.0,0,0,0,0,0,0,0,True,2.0,2.0,Liverpool,0.0,0.0,0.0,0.0,0,0,0,0,0,Spurs (Home),1
Barnes,MID,Newcastle,6.0,1.1,2.0,a,90,0,0,0,2,0,0,0.02,0.07,0.09,2.98,0,0,0,0,0,0,1,True,2.0,2.0,Liverpool,5.2,2.4,9.0,1.7,12,0,2,0,0,Spurs (Home),1
Elanga,MID,Newcastle,6.0,2.0,9.0,a,75,1,0,0,1,1,0,0.01,0.22,0.23,1.94,0,0,0,0,0,0,1,True,2.0,2.0,Liverpool,37.4,3.5,28.0,6.9,31,2,9,0,0,Spurs (Home),1
J.Ramsey,MID,Newcastle,5.0,0.3,0.0,a,34,0,0,0,1,0,0,0.01,0.06,0.07,1.5,0,0,0,0,1,0,0,True,2.0,2.0,Liverpool,7.8,1.3,4.0,1.3,1,0,0,0,0,Spurs (Home),1
J.Murphy,MID,Newcastle,6.0,0.2,0.0,a,14,0,0,0,1,0,0,0.0,0.0,0.0,1.04,0,0,0,0,1,0,0,True,2.0,2.0,Liverpool,0.0,0.1,2.0,0.1,-1,0,0,0,0,Spurs (Home),1
Joelinton,MID,Newcastle,5.5,0.0,0.0,i,0,0,0,0,0,0,0,0.0,0.0,0.0,0.0,0,0,0,0,0,0,0,True,2.0,2.0,Liverpool,0.0,0.0,0.0,0.0,0,0,0,0,0,Spurs (Home),1
L.Miley,MID,Newcastle,5.5,0.1,3.0,a,75,0,0,0,1,0,0,0.01,0.05,0.06,1.94,0,0,0,0,1,0,1,True,2.0,2.0,Liverpool,15.6,21.4,3.0,4.0,13,0,3,0,0,Spurs (Home),1
Willock,MID,Newcastle,5.0,0.2,6.0,a,34,1,0,0,1,1,0,0.17,0.09,0.26,1.5,0,0,0,0,0,0,0,True,2.0,2.0,Liverpool,38.4,13.9,9.0,6.1,28,0,6,0,0,Spurs (Home),1
Touré,MID,Newcastle,6.0,0.2,0.0,a,0,0,0,0,0,0,0,0.0,0.0,0.0,0.0,0,0,0,0,0,0,0,True,2.0,2.0,Liverpool,0.0,0.0,0.0,0.0,0,0,0,0,0,Spurs (Home),1
Steur,MID,Newcastle,5.0,0.1,1.0,a,55,0,0,0,1,0,0,0.0,0.0,0.0,1.48,0,0,0,0,0,0,1,True,2.0,2.0,Liverpool,0.4,1.2,0.0,0.2,3,0,1,0,0,Spurs (Home),1
Woltemade,FWD,Newcastle,6.0,1.6,0.0,a,0,0,0,0,0,0,0,0.0,0.0,0.0,0.0,0,0,0,0,0,0,0,True,2.0,2.0,Liverpool,0.0,0.0,0.0,0.0,0,0,0,0,0,Spurs (Home),1
Wissa,FWD,Newcastle,6.0,3.3,4.0,a,90,0,1,0,1,0,1,0.02,1.0,1.02,2.19,0,0,0,0,1,0,1,True,2.0,2.0,Liverpool,20.0,16.3,28.0,6.4,7,0,4,0,0,Spurs (Home),1
Osula,FWD,Newcastle,6.0,1.0,4.0,i,55,0,1,0,1,0,1,0.14,0.06,0.2,1.48,0,0,0,0,0,0,1,True,2.0,2.0,Liverpool,28.2,13.7,8.0,5.0,18,0,4,0,0,Spurs (Home),1
Neave,FWD,Newcastle,4.5,0.8,0.0,a,0,0,0,0,0,0,0,0.0,0.0,0.0,0.0,0,0,0,0,0,0,0,True,2.0,2.0,Liverpool,0.0,0.0,0.0,0.0,0,0,0,0,0,Spurs (Home),1
Bamba,MID,Newcastle,5.0,0.1,1.0,a,14,0,0,0,1,0,0,0.0,0.0,0.0,1.04,0,0,0,0,0,0,0,True,2.0,2.0,Liverpool,4.0,0.0,0.0,0.4,5,0,1,0,0,Spurs (Home),1
Horníček,GKP,Newcastle,5.0,0.7,1.0,a,90,0,0,5,2,0,0,0.0,0.0,0.0,2.98,0,0,0,0,1,0,1,True,2.0,2.0,Liverpool,41.2,0.0,0.0,4.1,12,0,1,0,0,Spurs (Home),1
Dedić,DEF,Newcastle,4.5,0.4,1.0,a,90,0,0,0,2,0,0,0.0,0.03,0.03,2.98,0,0,0,0,0,0,1,True,2.0,2.0,Liverpool,16.4,1.2,5.0,2.3,-1,0,1,0,0,Spurs (Home),1
Shahar,DEF,Newcastle,4.0,0.1,0.0,a,0,0,0,0,0,0,0,0.0,0.0,0.0,0.0,0,0,0,0,0,0,0,True,2.0,2.0,Liverpool,0.0,0.0,0.0,0.0,0,0,0,0,0,Spurs (Home),1
Delap,FWD,Nott'm Forest,5.5,0.5,0.0,a,0,0,0,0,0,0,0,0.0,0.0,0.0,0.0,0,0,0,0,0,0,0,False,2.0,3.0,Fulham,0.0,0.0,0.0,0.0,0,0,0,0,0,Liverpool (Home),1
Sels,GKP,Nott'm Forest,5.0,1.5,2.0,a,90,0,0,2,1,0,0,0.0,0.0,0.0,0.47,0,0,0,0,0,0,1,True,0.0,1.0,Leeds,14.2,0.0,0.0,1.4,11,0,2,0,0,Liverpool (Home),1
John,GKP,Nott'm Forest,4.5,0.1,0.0,a,0,0,0,0,0,0,0,0.0,0.0,0.0,0.0,0,0,0,0,0,0,0,True,0.0,1.0,Leeds,0.0,0.0,0.0,0.0,0,0,0,0,0,Liverpool (Home),1
N.Williams,DEF,Nott'm Forest,5.0,9.1,2.0,a,90,0,0,0,1,0,0,0.02,0.0,0.02,0.47,0,0,0,0,0,0,1,True,0.0,1.0,Leeds,15.2,5.8,6.0,2.7,13,0,2,0,0,Liverpool (Home),1
Morato,DEF,Nott'm Forest,5.0,0.0,0.0,a,0,0,0,0,0,0,0,0.0,0.0,0.0,0.0,0,0,0,0,0,0,0,True,0.0,1.0,Leeds,0.0,0.0,0.0,0.0,0,0,0,0,0,Liverpool (Home),1
Milenković,DEF,Nott'm Forest,5.5,1.8,2.0,a,90,0,0,0,1,0,0,0.02,0.11,0.13,0.47,0,0,0,0,0,0,1,True,0.0,1.0,Leeds,7.6,0.6,14.0,2.2,4,0,2,0,0,Liverpool (Home),1
Murillo,DEF,Nott'm Forest,5.5,1.7,4.0,a,90,0,0,0,1,0,0,0.28,0.0,0.28,0.47,0,0,0,0,0,0,1,True,0.0,1.0,Leeds,32.2,25.9,0.0,5.8,15,0,4,0,0,Liverpool (Home),1
Aina,DEF,Nott'm Forest,4.5,3.5,5.0,a,73,0,0,0,0,0,0,0.17,0.04,0.21,0.34,1,0,0,0,1,0,1,True,0.0,1.0,Leeds,16.0,35.6,11.0,6.3,24,0,5,0,0,Liverpool (Home),1
Jair Cunha,DEF,Nott'm Forest,4.5,0.2,1.0,a,90,0,0,0,1,0,0,0.0,0.0,0.0,0.47,0,0,0,0,1,0,1,True,0.0,1.0,Leeds,20.8,1.3,0.0,2.2,5,0,1,0,0,Liverpool (Home),1
Savona,DEF,Nott'm Forest,4.5,0.0,0.0,i,0,0,0,0,0,0,0,0.0,0.0,0.0,0.0,0,0,0,0,0,0,0,True,0.0,1.0,Leeds,0.0,0.0,0.0,0.0,0,0,0,0,0,Liverpool (Home),1
O.Richards,DEF,Nott'm Forest,4.0,0.2,0.0,a,0,0,0,0,0,0,0,0.0,0.0,0.0,0.0,0,0,0,0,0,0,0,True,0.0,1.0,Leeds,0.0,0.0,0.0,0.0,0,0,0,0,0,Liverpool (Home),1
Abbott,DEF,Nott'm Forest,4.0,0.3,0.0,a,0,0,0,0,0,0,0,0.0,0.0,0.0,0.0,0,0,0,0,0,0,0,True,0.0,1.0,Leeds,0.0,0.0,0.0,0.0,0,0,0,0,0,Liverpool (Home),1
Netz,DEF,Nott'm Forest,4.5,0.0,1.0,a,16,0,0,0,1,0,0,0.0,0.0,0.0,0.13,0,0,0,0,0,0,0,True,0.0,1.0,Leeds,0.0,0.9,0.0,0.1,-2,0,1,0,0,Liverpool (Home),1
Bindon,DEF,Nott'm Forest,4.0,0.2,0.0,a,0,0,0,0,0,0,0,0.0,0.0,0.0,0.0,0,0,0,0,0,0,0,True,0.0,1.0,Leeds,0.0,0.0,0.0,0.0,0,0,0,0,0,Liverpool (Home),1
Gibbs-White,MID,Nott'm Forest,8.0,8.6,2.0,a,90,0,0,0,1,0,0,0.06,0.13,0.19,0.47,0,0,0,0,0,0,1,True,0.0,1.0,Leeds,0.0,9.3,16.0,2.4,10,0,2,0,0,Liverpool (Home),1
Hudson-Odoi,MID,Nott'm Forest,6.0,0.2,0.0,a,0,0,0,0,0,0,0,0.0,0.0,0.0,0.0,0,0,0,0,0,0,0,True,0.0,1.0,Leeds,0.0,0.0,0.0,0.0,0,0,0,0,0,Liverpool (Home),1
Ndoye,MID,Nott'm Forest,5.5,0.4,3.0,a,61,0,0,0,0,0,0,0.0,0.0,0.0,0.25,1,0,0,0,0,0,1,True,0.0,1.0,Leeds,1.4,2.5,0.0,0.4,5,0,3,0,0,Liverpool (Home),1
Hutchinson,MID,Nott'm Forest,5.5,0.2,0.0,a,0,0,0,0,0,0,0,0.0,0.0,0.0,0.0,0,0,0,0,0,0,0,True,0.0,1.0,Leeds,0.0,0.0,0.0,0.0,0,0,0,0,0,Liverpool (Home),1
Bakwa,MID,Nott'm Forest,5.5,0.0,0.0,u,0,0,0,0,0,0,0,0.0,0.0,0.0,0.0,0,0,0,0,0,0,0,True,0.0,1.0,Leeds,0.0,0.0,0.0,0.0,0,0,0,0,0,Liverpool (Home),1
McAtee,MID,Nott'm Forest,5.5,0.1,3.0,a,73,0,0,0,0,0,0,0.16,0.0,0.16,0.34,1,0,0,0,0,0,1,True,0.0,1.0,Leeds,11.6,42.5,0.0,5.4,18,0,3,0,0,Liverpool (Home),1
Dominguez,MID,Nott'm Forest,5.0,0.1,0.0,a,0,0,0,0,0,0,0,0.0,0.0,0.0,0.0,0,0,0,0,0,0,0,True,0.0,1.0,Leeds,0.0,0.0,0.0,0.0,0,0,0,0,0,Liverpool (Home),1
I.Sangaré,MID,Nott'm Forest,5.0,1.0,2.0,i,90,0,0,0,1,0,0,0.01,0.03,0.04,0.47,0,0,0,0,0,0,1,True,0.0,1.0,Leeds,17.8,13.0,3.0,3.4,10,0,2,0,0,Liverpool (Home),1
Yates,MID,Nott'm Forest,4.5,1.4,0.0,a,0,0,0,0,0,0,0,0.0,0.0,0.0,0.0,0,0,0,0,0,0,0,True,0.0,1.0,Leeds,0.0,0.0,0.0,0.0,0,0,0,0,0,Liverpool (Home),1
Wood,FWD,Nott'm Forest,6.0,1.6,1.0,a,28,0,0,0,1,0,0,0.01,0.12,0.13,0.22,0,0,0,0,0,0,0,True,0.0,1.0,Leeds,0.0,2.4,3.0,0.4,3,0,1,0,0,Liverpool (Home),1
Igor Jesus,FWD,Nott'm Forest,6.0,3.8,2.0,a,90,0,0,0,1,0,0,0.02,0.22,0.24,0.47,0,0,0,0,0,0,1,True,0.0,1.0,Leeds,5.2,6.8,31.0,4.3,8,0,2,0,0,Liverpool (Home),1
Kalimuendo,FWD,Nott'm Forest,5.5,0.1,1.0,a,1,0,0,0,0,0,0,0.0,0.0,0.0,0.0,0,0,0,0,0,0,0,True,0.0,1.0,Leeds,0.0,0.0,0.0,0.0,3,0,1,0,0,Liverpool (Home),1
Schlager,MID,Nott'm Forest,5.0,0.1,1.0,a,16,0,0,0,1,0,0,0.0,0.0,0.0,0.13,0,0,0,0,0,0,0,True,0.0,1.0,Leeds,0.6,1.0,2.0,0.4,3,0,1,0,0,Liverpool (Home),1
Diomande,DEF,Nott'm Forest,5.5,0.7,0.0,a,0,0,0,0,0,0,0,0.0,0.0,0.0,0.0,0,0,0,0,0,0,0,True,0.0,1.0,Leeds,0.0,0.0,0.0,0.0,0,0,0,0,0,Liverpool (Home),1
Benda,GKP,Nott'm Forest,4.5,0.1,0.0,a,0,0,0,0,0,0,0,0.0,0.0,0.0,0.0,0,0,0,0,0,0,0,True,0.0,1.0,Leeds,0.0,0.0,0.0,0.0,0,0,0,0,0,Liverpool (Home),1
Van Hecke,DEF,Spurs,5.0,9.7,1.0,a,90,0,0,0,3,0,0,0.03,0.0,0.03,3.87,0,0,0,0,0,0,1,False,3.0,0.0,Brentford,28.2,2.8,2.0,3.3,3,0,1,0,0,Newcastle (Away),1
Marmoush,FWD,Spurs,7.0,1.1,0.0,a,0,0,0,0,0,0,0,0.0,0.0,0.0,0.0,0,0,0,0,0,0,0,True,2.0,1.0,Bournemouth,0.0,0.0,0.0,0.0,0,0,0,0,0,Newcastle (Away),1
Sávio,MID,Spurs,6.5,0.7,0.0,a,0,0,0,0,0,0,0,0.0,0.0,0.0,0.0,0,0,0,0,0,0,0,True,2.0,1.0,Bournemouth,0.0,0.0,0.0,0.0,0,0,0,0,0,Newcastle (Away),1
Tonali,MID,Spurs,5.5,3.8,2.0,a,90,0,0,0,3,0,0,0.06,0.04,0.1,3.87,0,0,0,0,0,0,1,False,3.0,0.0,Brentford,6.2,6.4,8.0,2.1,14,0,2,0,0,Newcastle (Away),1
Vicario,GKP,Spurs,4.5,0.2,0.0,u,0,0,0,0,0,0,0,0.0,0.0,0.0,0.0,0,0,0,0,0,0,0,False,3.0,0.0,Brentford,0.0,0.0,0.0,0.0,0,0,0,0,0,Newcastle (Away),1
Austin,GKP,Spurs,4.0,0.9,0.0,a,0,0,0,0,0,0,0,0.0,0.0,0.0,0.0,0,0,0,0,0,0,0,False,3.0,0.0,Brentford,0.0,0.0,0.0,0.0,0,0,0,0,0,Newcastle (Away),1
Kinsky,GKP,Spurs,4.5,22.7,2.0,a,90,0,0,5,3,0,0,0.0,0.0,0.0,3.87,0,0,0,0,0,0,1,False,3.0,0.0,Brentford,43.6,0.0,0.0,4.4,15,0,2,0,0,Newcastle (Away),1
Dubravka,GKP,Spurs,4.0,18.6,0.0,a,0,0,0,0,0,0,0,0.0,0.0,0.0,0.0,0,0,0,0,0,0,0,False,3.0,0.0,Brentford,0.0,0.0,0.0,0.0,0,0,0,0,0,Newcastle (Away),1
Senesi,DEF,Spurs,6.0,7.6,3.0,a,90,0,0,0,3,0,0,0.02,0.0,0.02,3.87,0,0,0,0,0,0,1,False,3.0,0.0,Brentford,36.6,2.2,0.0,3.9,10,0,3,0,0,Newcastle (Away),1
Pedro Porro,DEF,Spurs,5.5,13.6,0.0,a,0,0,0,0,0,0,0,0.0,0.0,0.0,0.0,0,0,0,0,0,0,0,False,3.0,0.0,Brentford,0.0,0.0,0.0,0.0,0,0,0,0,0,Newcastle (Away),1
Romero,DEF,Spurs,5.0,0.2,0.0,u,0,0,0,0,0,0,0,0.0,0.0,0.0,0.0,0,0,0,0,0,0,0,False,3.0,0.0,Brentford,0.0,0.0,0.0,0.0,0,0,0,0,0,Newcastle (Away),1
Danso,DEF,Spurs,5.0,0.2,0.0,a,0,0,0,0,0,0,0,0.0,0.0,0.0,0.0,0,0,0,0,0,0,0,False,3.0,0.0,Brentford,0.0,0.0,0.0,0.0,0,0,0,0,0,Newcastle (Away),1
Robertson,DEF,Spurs,4.5,3.8,3.0,a,90,0,0,0,3,0,0,0.06,0.0,0.06,3.87,0,0,0,0,0,0,1,False,3.0,0.0,Brentford,31.8,19.2,2.0,5.3,13,0,3,0,0,Newcastle (Away),1
Van de Ven,DEF,Spurs,5.0,4.3,0.0,a,0,0,0,0,0,0,0,0.0,0.0,0.0,0.0,0,0,0,0,0,0,0,False,3.0,0.0,Brentford,0.0,0.0,0.0,0.0,0,0,0,0,0,Newcastle (Away),1
Spence,DEF,Spurs,4.5,0.5,0.0,u,0,0,0,0,0,0,0,0.0,0.0,0.0,0.0,0,0,0,0,0,0,0,False,3.0,0.0,Brentford,0.0,0.0,0.0,0.0,0,0,0,0,0,Newcastle (Away),1
Udogie,DEF,Spurs,4.5,0.5,1.0,a,4,0,0,0,0,0,0,0.02,0.0,0.02,0.44,0,0,0,0,0,0,0,False,3.0,0.0,Brentford,0.0,0.7,0.0,0.0,3,0,1,0,0,Newcastle (Away),1
Phillips,DEF,Spurs,4.5,0.0,0.0,u,0,0,0,0,0,0,0,0.0,0.0,0.0,0.0,0,0,0,0,0,0,0,False,3.0,0.0,Brentford,0.0,0.0,0.0,0.0,0,0,0,0,0,Newcastle (Away),1
Davies,DEF,Spurs,4.0,1.0,0.0,a,0,0,0,0,0,0,0,0.0,0.0,0.0,0.0,0,0,0,0,0,0,0,False,3.0,0.0,Brentford,0.0,0.0,0.0,0.0,0,0,0,0,0,Newcastle (Away),1
Byfield,DEF,Spurs,4.0,0.1,0.0,a,0,0,0,0,0,0,0,0.0,0.0,0.0,0.0,0,0,0,0,0,0,0,False,3.0,0.0,Brentford,0.0,0.0,0.0,0.0,0,0,0,0,0,Newcastle (Away),1
Rowswell,DEF,Spurs,4.0,0.1,0.0,a,0,0,0,0,0,0,0,0.0,0.0,0.0,0.0,0,0,0,0,0,0,0,False,3.0,0.0,Brentford,0.0,0.0,0.0,0.0,0,0,0,0,0,Newcastle (Away),1
Souza,DEF,Spurs,4.0,0.3,0.0,a,0,0,0,0,0,0,0,0.0,0.0,0.0,0.0,0,0,0,0,0,0,0,False,3.0,0.0,Brentford,0.0,0.0,0.0,0.0,0,0,0,0,0,Newcastle (Away),1
Kudus,MID,Spurs,6.5,0.1,0.0,d,0,0,0,0,0,0,0,0.0,0.0,0.0,0.0,0,0,0,0,0,0,0,False,3.0,0.0,Brentford,0.0,0.0,0.0,0.0,0,0,0,0,0,Newcastle (Away),1
Xavi,MID,Spurs,6.0,0.0,0.0,i,0,0,0,0,0,0,0,0.0,0.0,0.0,0.0,0,0,0,0,0,0,0,False,3.0,0.0,Brentford,0.0,0.0,0.0,0.0,0,0,0,0,0,Newcastle (Away),1
Tel,MID,Spurs,6.0,0.5,2.0,a,90,0,0,0,3,0,0,0.06,0.06,0.12,3.87,0,0,0,0,0,0,1,False,3.0,0.0,Brentford,10.4,26.0,9.0,4.5,17,0,2,0,0,Newcastle (Away),1
Maddison,MID,Spurs,6.5,1.1,1.0,d,22,0,0,0,0,0,0,0.01,0.0,0.01,0.85,0,0,0,0,0,0,0,False,3.0,0.0,Brentford,4.4,8.3,8.0,2.1,6,0,1,0,0,Newcastle (Away),1
Bentancur,MID,Spurs,5.5,0.2,1.0,a,45,0,0,0,1,0,0,0.01,0.0,0.01,2.18,0,0,0,0,0,0,0,False,3.0,0.0,Brentford,2.0,14.7,0.0,1.7,8,0,1,0,0,Newcastle (Away),1
Odobert,MID,Spurs,5.5,0.0,0.0,i,0,0,0,0,0,0,0,0.0,0.0,0.0,0.0,0,0,0,0,0,0,0,False,3.0,0.0,Brentford,0.0,0.0,0.0,0.0,0,0,0,0,0,Newcastle (Away),1
P.M.Sarr,MID,Spurs,4.9,0.2,0.0,i,0,0,0,0,0,0,0,0.0,0.0,0.0,0.0,0,0,0,0,0,0,0,False,3.0,0.0,Brentford,0.0,0.0,0.0,0.0,0,0,0,0,0,Newcastle (Away),1
Gallagher,MID,Spurs,5.5,0.3,0.0,a,45,0,0,0,2,0,0,0.06,0.02,0.08,1.7,0,0,0,0,1,0,1,False,3.0,0.0,Brentford,0.0,5.5,1.0,0.5,1,0,0,0,0,Newcastle (Away),1
Bergvall,MID,Spurs,5.5,0.2,1.0,a,45,0,0,0,2,0,0,0.01,0.0,0.01,1.7,0,0,0,0,0,0,1,False,3.0,0.0,Brentford,0.0,2.0,2.0,0.0,2,0,1,0,0,Newcastle (Away),1
Kulusevski,MID,Spurs,6.5,0.0,0.0,i,0,0,0,0,0,0,0,0.0,0.0,0.0,0.0,0,0,0,0,0,0,0,False,3.0,0.0,Brentford,0.0,0.0,0.0,0.0,0,0,0,0,0,Newcastle (Away),1
Gray,MID,Spurs,5.0,0.2,2.0,a,85,0,0,0,3,0,0,0.01,0.0,0.01,3.43,0,0,0,0,0,0,1,False,3.0,0.0,Brentford,6.2,3.3,0.0,1.0,15,0,2,0,0,Newcastle (Away),1
Moore,MID,Spurs,5.0,0.2,2.0,a,67,0,0,0,3,0,0,0.02,0.38,0.4,3.02,0,0,0,0,0,0,1,False,3.0,0.0,Brentford,14.2,5.9,55.0,7.5,10,0,2,0,0,Newcastle (Away),1
Olusesi,MID,Spurs,4.5,0.8,0.0,a,0,0,0,0,0,0,0,0.0,0.0,0.0,0.0,0,0,0,0,0,0,0,False,3.0,0.0,Brentford,0.0,0.0,0.0,0.0,0,0,0,0,0,Newcastle (Away),1
Fernandes,MID,Spurs,6.0,1.7,1.0,a,45,0,0,0,1,0,0,0.06,0.0,0.06,2.18,0,0,0,0,0,0,0,False,3.0,0.0,Brentford,7.2,27.2,2.0,3.6,16,0,1,0,0,Newcastle (Away),1
Solanke,FWD,Spurs,6.0,1.3,1.0,a,22,0,0,0,0,0,0,0.0,0.07,0.07,0.85,0,0,0,0,0,0,0,False,3.0,0.0,Brentford,0.0,0.0,5.0,0.5,3,0,1,0,0,Newcastle (Away),1
Richarlison,FWD,Spurs,6.0,2.9,2.0,a,67,0,0,0,3,0,0,0.0,0.0,0.0,3.02,0,0,0,0,0,0,1,False,3.0,0.0,Brentford,0.0,2.2,0.0,0.2,6,0,2,0,0,Newcastle (Away),1
Scarlett,FWD,Spurs,4.5,1.7,0.0,a,0,0,0,0,0,0,0,0.0,0.0,0.0,0.0,0,0,0,0,0,0,0,False,3.0,0.0,Brentford,0.0,0.0,0.0,0.0,0,0,0,0,0,Newcastle (Away),1
Williams-Barnett,MID,Spurs,4.5,0.1,0.0,a,0,0,0,0,0,0,0,0.0,0.0,0.0,0.0,0,0,0,0,0,0,0,False,3.0,0.0,Brentford,0.0,0.0,0.0,0.0,0,0,0,0,0,Newcastle (Away),1
Roefs,GKP,Sunderland,5.0,4.0,1.0,a,90,0,0,1,2,0,0,0.0,0.0,0.0,1.8,0,0,0,0,0,0,1,False,2.0,1.0,Ipswich Town,15.2,0.0,0.0,1.5,7,0,1,0,0,Fulham (Away),1
Patterson,GKP,Sunderland,4.0,0.2,0.0,u,0,0,0,0,0,0,0,0.0,0.0,0.0,0.0,0,0,0,0,0,0,0,False,2.0,1.0,Ipswich Town,0.0,0.0,0.0,0.0,0,0,0,0,0,Fulham (Away),1
Ellborg,GKP,Sunderland,4.5,0.1,0.0,a,0,0,0,0,0,0,0,0.0,0.0,0.0,0.0,0,0,0,0,0,0,0,False,2.0,1.0,Ipswich Town,0.0,0.0,0.0,0.0,0,0,0,0,0,Fulham (Away),1
Ballard,DEF,Sunderland,5.0,5.1,0.0,a,90,0,0,0,2,0,0,0.01,0.0,0.01,1.8,0,0,0,0,1,0,1,False,2.0,1.0,Ipswich Town,18.2,1.2,0.0,1.9,4,0,0,0,0,Fulham (Away),1
Mukiele,DEF,Sunderland,5.5,2.5,0.0,a,0,0,0,0,0,0,0,0.0,0.0,0.0,0.0,0,0,0,0,0,0,0,False,2.0,1.0,Ipswich Town,0.0,0.0,0.0,0.0,0,0,0,0,0,Fulham (Away),1
Hume,DEF,Sunderland,4.5,6.4,2.0,a,79,0,0,0,1,0,0,0.27,0.04,0.31,1.69,0,0,0,0,0,0,1,False,2.0,1.0,Ipswich Town,9.4,39.4,13.0,6.2,14,0,2,0,0,Fulham (Away),1
Alderete,DEF,Sunderland,5.0,0.5,1.0,a,23,0,0,0,1,0,0,0.01,0.0,0.01,0.1,0,0,0,0,0,0,0,False,2.0,1.0,Ipswich Town,0.0,0.6,0.0,0.0,2,0,1,0,0,Fulham (Away),1
Reinildo,DEF,Sunderland,4.5,0.5,1.0,a,90,0,0,0,2,0,0,0.29,0.0,0.29,1.8,0,0,0,0,0,0,1,False,2.0,1.0,Ipswich Town,23.0,27.5,4.0,5.5,9,0,1,0,0,Fulham (Away),1
Seelt,DEF,Sunderland,4.5,0.0,0.0,a,0,0,0,0,0,0,0,0.0,0.0,0.0,0.0,0,0,0,0,0,0,0,False,2.0,1.0,Ipswich Town,0.0,0.0,0.0,0.0,0,0,0,0,0,Fulham (Away),1
Hjelde,DEF,Sunderland,4.0,0.1,0.0,u,0,0,0,0,0,0,0,0.0,0.0,0.0,0.0,0,0,0,0,0,0,0,False,2.0,1.0,Ipswich Town,0.0,0.0,0.0,0.0,0,0,0,0,0,Fulham (Away),1
O'Nien,DEF,Sunderland,4.0,3.4,1.0,a,66,0,0,0,1,0,0,0.01,0.01,0.02,1.69,0,0,0,0,1,0,1,False,2.0,1.0,Ipswich Town,11.4,1.4,4.0,1.7,1,0,1,0,0,Fulham (Away),1
Masuaku,DEF,Sunderland,4.0,0.2,0.0,u,0,0,0,0,0,0,0,0.0,0.0,0.0,0.0,0,0,0,0,0,0,0,False,2.0,1.0,Ipswich Town,0.0,0.0,0.0,0.0,0,0,0,0,0,Fulham (Away),1
Meunier,DEF,Sunderland,4.5,0.3,1.0,a,90,0,0,0,2,0,0,0.08,0.08,0.16,1.8,0,0,0,0,0,0,1,False,2.0,1.0,Ipswich Town,13.8,5.3,11.0,3.0,5,0,1,0,0,Fulham (Away),1
E.Le Fée,MID,Sunderland,6.0,8.8,2.0,a,79,0,0,0,1,0,0,0.03,0.0,0.03,1.69,0,0,0,0,0,0,1,False,2.0,1.0,Ipswich Town,4.6,9.9,0.0,1.5,13,0,2,0,0,Fulham (Away),1
Diarra,MID,Sunderland,5.5,0.1,1.0,a,10,0,0,0,1,0,0,0.0,0.03,0.03,0.1,0,0,0,0,0,0,0,False,2.0,1.0,Ipswich Town,0.4,0.6,2.0,0.3,3,0,1,0,0,Fulham (Away),1
Xhaka,MID,Sunderland,5.5,4.6,9.0,a,90,0,1,0,2,0,1,0.09,0.0,0.09,1.8,0,0,0,0,0,0,1,False,2.0,1.0,Ipswich Town,18.8,31.4,0.0,5.0,31,2,9,0,0,Fulham (Away),1
Sadiki,MID,Sunderland,5.0,0.3,2.0,a,90,0,0,0,2,0,0,0.03,0.06,0.09,1.8,0,0,0,0,0,0,1,False,2.0,1.0,Ipswich Town,14.6,32.1,25.0,7.2,18,0,2,0,0,Fulham (Away),1
Adingra,MID,Sunderland,5.0,0.1,0.0,i,0,0,0,0,0,0,0,0.0,0.0,0.0,0.0,0,0,0,0,0,0,0,False,2.0,1.0,Ipswich Town,0.0,0.0,0.0,0.0,0,0,0,0,0,Fulham (Away),1
Mundle,MID,Sunderland,5.0,0.0,0.0,a,0,0,0,0,0,0,0,0.0,0.0,0.0,0.0,0,0,0,0,0,0,0,False,2.0,1.0,Ipswich Town,0.0,0.0,0.0,0.0,0,0,0,0,0,Fulham (Away),1
Rigg,MID,Sunderland,5.0,0.1,1.0,a,10,0,0,0,1,0,0,0.0,0.0,0.0,0.1,0,0,0,0,0,0,0,False,2.0,1.0,Ipswich Town,0.0,0.3,0.0,0.0,3,0,1,0,0,Fulham (Away),1
Talbi,MID,Sunderland,5.5,0.2,1.0,a,31,0,0,0,1,0,0,0.0,0.0,0.0,0.14,0,0,0,0,0,0,0,False,2.0,1.0,Ipswich Town,0.0,0.9,0.0,0.0,1,0,1,0,0,Fulham (Away),1
Jocelin.T,MID,Sunderland,5.0,0.0,0.0,a,0,0,0,0,0,0,0,0.0,0.0,0.0,0.0,0,0,0,0,0,0,0,False,2.0,1.0,Ipswich Town,0.0,0.0,0.0,0.0,0,0,0,0,0,Fulham (Away),1
Angulo,MID,Sunderland,5.0,0.1,5.0,a,58,1,0,0,1,1,0,0.01,0.15,0.16,1.66,0,0,0,0,1,0,1,False,2.0,1.0,Ipswich Town,32.8,3.3,16.0,5.2,23,0,5,0,0,Fulham (Away),1
Brobbey,FWD,Sunderland,6.0,12.9,2.0,a,66,0,0,0,1,0,0,0.0,0.3,0.3,1.69,0,0,0,0,0,0,1,False,2.0,1.0,Ipswich Town,0.0,1.5,9.0,1.1,1,0,2,0,0,Fulham (Away),1
Isidor,FWD,Sunderland,5.5,0.9,1.0,a,23,0,0,0,1,0,0,0.0,0.0,0.0,0.1,0,0,0,0,0,0,0,False,2.0,1.0,Ipswich Town,0.0,0.2,0.0,0.0,3,0,1,0,0,Fulham (Away),1
Methalie,DEF,Sunderland,4.5,0.0,0.0,a,0,0,0,0,0,0,0,0.0,0.0,0.0,0.0,0,0,0,0,0,0,0,False,,,,0.0,0.0,0.0,0.0,0,0,0,0,0,Fulham (Away),1
Ahoka,MID,Sunderland,4.5,0.0,0.0,a,0,0,0,0,0,0,0,0.0,0.0,0.0,0.0,0,0,0,0,0,0,0,False,,,,0.0,0.0,0.0,0.0,0,0,0,0,0,Fulham (Away),1
Raya,GKP,Arsenal,6.1,42.2,6.0,a,90,0,0,2,3,0,0,0.01,0.0,0.01,4.03,0,0,0,0,0,0,1,False,3.0,0.0,Brighton,20.6,0.0,0.0,2.1,6,0,1,279598,67028,Leeds (Away),5
Arrizabalaga,GKP,Arsenal,4.9,0.1,0.0,a,0,0,0,0,0,0,0,0.0,0.0,0.0,0.0,0,0,0,0,0,0,0,False,3.0,0.0,Brighton,0.0,0.0,0.0,0.0,0,0,0,181,559,Leeds (Away),5
Meslier,GKP,Arsenal,4.9,0.0,0.0,a,0,0,0,0,0,0,0,0.0,0.0,0.0,0.0,0,0,0,0,0,0,0,False,3.0,0.0,Brighton,0.0,0.0,0.0,0.0,0,0,0,86,201,Leeds (Away),5
Gabriel,DEF,Arsenal,8.0,22.8,5.0,a,90,0,0,0,3,0,0,0.2,0.51,0.71,4.03,0,0,0,0,0,0,1,False,3.0,0.0,Brighton,25.8,13.1,0.0,3.9,6,0,1,48033,118812,Leeds (Away),5
J.Timber,DEF,Arsenal,6.5,0.4,0.2,a,59,0,0,0,3,0,0,0.03,0.0,0.03,2.18,0,0,0,0,0,0,1,False,3.0,0.0,Brighton,4.2,2.3,0.0,0.7,-6,0,0,20088,3818,Leeds (Away),5
Saliba,DEF,Arsenal,5.9,0.2,0.0,i,0,0,0,0,0,0,0,0.0,0.0,0.0,0.0,0,0,0,0,0,0,0,False,3.0,0.0,Brighton,0.0,0.0,0.0,0.0,0,0,0,399,2004,Leeds (Away),5
Lewis-Skelly,MID,Arsenal,5.4,0.6,1.5,a,0,0,0,0,0,0,0,0.23,0.16,0.39,1.02,0,0,0,0,0,0,0,False,3.0,0.0,Brighton,0.0,0.0,0.0,0.0,0,0,0,3227,11143,Leeds (Away),5
Calafiori,DEF,Arsenal,5.8,50.5,5.0,a,90,0,0,0,3,0,2,0.62,0.67,1.29,3.76,0,0,0,0,0,0,1,False,3.0,0.0,Brighton,11.2,23.7,20.0,5.5,-3,0,1,266900,83603,Leeds (Away),5
Hincapie,DEF,Arsenal,5.2,0.9,0.2,a,0,0,0,0,0,0,0,0.0,0.0,0.0,0.28,0,0,0,0,0,0,0,False,3.0,0.0,Brighton,0.0,0.0,0.0,0.0,0,0,0,2559,15648,Leeds (Away),5
White,DEF,Arsenal,5.5,5.0,2.5,d,0,0,0,0,0,0,1,0.29,0.18,0.47,1.15,0,0,0,0,0,0,0,False,3.0,0.0,Brighton,0.0,0.0,0.0,0.0,0,0,0,21167,239394,Leeds (Away),5
Mosquera,DEF,Arsenal,5.3,1.6,1.5,a,0,0,0,0,0,0,0,0.01,0.0,0.01,0.53,0,0,0,0,0,0,0,False,3.0,0.0,Brighton,0.0,0.0,0.0,0.0,0,0,0,476,81877,Leeds (Away),5
Saka,MID,Arsenal,9.5,13.6,5.8,a,80,0,0,0,3,3,0,0.98,3.22,4.2,3.58,0,0,0,0,0,0,1,False,3.0,0.0,Brighton,15.8,46.8,36.0,9.9,14,0,2,221246,64929,Leeds (Away),5
Rice,MID,Arsenal,7.4,11.7,4.2,d,90,0,0,0,3,0,2,0.69,0.12,0.81,3.5,0,0,0,0,1,0,1,False,3.0,0.0,Brighton,10.6,18.1,1.0,3.0,13,0,1,28685,83505,Leeds (Away),5
Eze,MID,Arsenal,6.2,1.0,0.8,a,17,0,0,0,0,0,0,0.09,0.04,0.13,1.33,0,0,0,0,0,0,0,False,3.0,0.0,Brighton,1.2,2.1,4.0,0.7,5,0,1,3026,18041,Leeds (Away),5
Ødegaard,MID,Arsenal,6.8,19.8,4.5,a,72,0,0,0,3,2,0,1.32,1.08,2.4,3.23,0,0,0,0,0,0,1,False,3.0,0.0,Brighton,0.0,6.2,5.0,1.1,10,0,2,326276,132028,Leeds (Away),5
Madueke,MID,Arsenal,6.2,0.2,0.2,a,0,0,0,0,0,0,0,0.05,0.0,0.05,0.15,0,0,0,0,0,0,0,False,3.0,0.0,Brighton,0.0,0.0,0.0,0.0,0,0,0,1193,3636,Leeds (Away),5
Merino,MID,Arsenal,5.8,0.4,0.8,a,30,0,0,0,0,0,0,0.15,0.14,0.29,0.96,0,0,0,0,0,0,0,False,3.0,0.0,Brighton,3.4,0.8,2.0,0.6,4,0,1,1345,6314,Leeds (Away),5
Martinelli,MID,Arsenal,6.3,0.1,0.0,u,0,0,0,0,0,0,0,0.0,0.0,0.0,0.0,0,0,0,0,0,0,0,False,3.0,0.0,Brighton,0.0,0.0,0.0,0.0,0,0,0,0,1499,Leeds (Away),5
Zubimendi,MID,Arsenal,5.3,0.6,1.0,a,30,0,0,0,0,0,0,0.04,0.21,0.25,1.38,0,0,0,0,0,0,0,False,3.0,0.0,Brighton,0.0,0.8,18.0,1.9,2,0,1,1444,9362,Leeds (Away),5
Dowman,MID,Arsenal,5.3,0.1,0.2,a,9,0,0,0,0,0,0,0.08,0.0,0.08,0.31,0,0,0,0,0,0,0,False,3.0,0.0,Brighton,2.0,14.8,0.0,1.7,4,0,1,878,1050,Leeds (Away),5
Nwaneri,MID,Arsenal,5.4,0.0,0.0,u,0,0,0,0,0,0,0,0.0,0.0,0.0,0.0,0,0,0,0,0,0,0,False,3.0,0.0,Brighton,0.0,0.0,0.0,0.0,0,0,0,0,116,Leeds (Away),5
Fábio Vieira,MID,Arsenal,5.5,0.0,0.0,u,0,0,0,0,0,0,0,0.0,0.0,0.0,0.0,0,0,0,0,0,0,0,False,3.0,0.0,Brighton,0.0,0.0,0.0,0.0,0,0,0,0,88,Leeds (Away),5
Nelson,MID,Arsenal,5.5,0.0,0.0,u,0,0,0,0,0,0,0,0.0,0.0,0.0,0.0,0,0,0,0,0,0,0,False,3.0,0.0,Brighton,0.0,0.0,0.0,0.0,0,0,0,0,66,Leeds (Away),5
Gyökeres,FWD,Arsenal,7.1,3.1,0.5,a,17,0,0,0,0,0,0,0.23,0.0,0.23,0.65,0,0,0,0,0,0,0,False,3.0,0.0,Brighton,0.0,14.6,0.0,1.4,5,0,1,5156,57026,Leeds (Away),5
Havertz,FWD,Arsenal,7.6,8.4,3.2,d,90,0,0,0,3,2,0,0.37,1.67,2.04,3.91,0,0,0,0,0,0,1,False,3.0,0.0,Brighton,5.2,5.3,28.0,3.9,5,0,2,147342,102971,Leeds (Away),5
G.Jesus,FWD,Arsenal,5.9,0.1,0.0,u,0,0,0,0,0,0,0,0.0,0.0,0.0,0.0,0,0,0,0,0,0,0,False,3.0,0.0,Brighton,0.0,0.0,0.0,0.0,0,0,0,0,2292,Leeds (Away),5
Konsa,DEF,Arsenal,4.6,19.4,3.0,a,90,0,0,0,3,0,0,0.02,0.23,0.25,3.5,0,0,0,0,0,0,1,False,3.0,0.0,Brighton,10.6,12.3,10.0,3.3,2,0,1,343094,65530,Leeds (Away),5
Bruno G.,MID,Arsenal,6.7,1.8,2.2,a,59,0,0,0,3,1,0,0.16,0.09,0.25,2.18,0,0,0,0,0,0,1,False,3.0,0.0,Brighton,4.2,1.8,6.0,1.2,12,0,1,16199,9883,Leeds (Away),5
Tzolis,MID,Arsenal,6.3,12.2,2.5,a,72,0,0,0,3,0,2,0.55,0.19,0.74,2.73,0,0,0,0,0,0,1,False,3.0,0.0,Brighton,5.0,6.2,6.0,1.7,9,0,2,39605,302938,Leeds (Away),5
M.Bizot,GKP,Aston Villa,4.5,0.1,0.0,i,0,0,0,0,0,0,0,0.0,0.0,0.0,3.77,0,0,0,0,0,0,0,False,2.0,3.0,Spurs,0.0,0.0,0.0,0.0,0,0,0,416,1492,Brentford (Away),5
Digne,DEF,Aston Villa,4.5,0.0,0.0,u,0,0,0,0,0,0,0,0.0,0.0,0.0,0.0,0,0,0,0,0,0,0,False,2.0,3.0,Spurs,0.0,0.0,0.0,0.0,0,0,0,0,431,Brentford (Away),5
Cash,DEF,Aston Villa,4.4,4.8,1.8,a,45,0,0,0,2,0,0,0.04,0.15,0.19,5.95,0,0,0,0,1,0,0,False,2.0,3.0,Spurs,4.0,3.1,0.0,0.7,-7,0,-1,5264,110692,Brentford (Away),5
Mings,DEF,Aston Villa,4.5,0.4,2.2,a,90,0,0,0,2,0,0,0.02,0.2,0.22,4.43,0,0,0,0,0,0,1,False,2.0,3.0,Spurs,27.4,0.6,0.0,2.8,10,0,3,3533,5157,Brentford (Away),5
Pau,DEF,Aston Villa,4.5,0.3,0.8,i,0,0,0,0,0,0,0,0.01,0.0,0.01,4.79,0,0,0,0,0,0,0,False,2.0,3.0,Spurs,0.0,0.0,0.0,0.0,0,0,0,237,9375,Brentford (Away),5
Bogarde,MID,Aston Villa,4.9,0.1,0.0,a,0,0,0,0,0,0,0,0.0,0.0,0.0,0.22,0,0,0,0,0,0,0,False,2.0,3.0,Spurs,0.0,0.0,0.0,0.0,0,0,0,474,961,Brentford (Away),5
Maatsen,DEF,Aston Villa,4.4,0.5,2.2,i,0,0,0,0,0,0,0,0.45,0.28,0.73,6.54,0,0,0,0,0,0,0,False,2.0,3.0,Spurs,0.0,0.0,0.0,0.0,0,0,0,548,31243,Brentford (Away),5
Lindelöf,DEF,Aston Villa,4.5,0.3,2.5,a,90,0,0,0,2,0,0,0.17,0.44,0.61,9.22,0,0,0,0,0,0,1,False,2.0,3.0,Spurs,18.8,10.0,0.0,2.9,1,0,1,3502,3917,Brentford (Away),5
A.García,DEF,Aston Villa,4.0,1.5,0.0,a,0,0,0,0,0,0,0,0.0,0.0,0.0,0.0,0,0,0,0,0,0,0,False,2.0,3.0,Spurs,0.0,0.0,0.0,0.0,0,0,0,7152,14173,Brentford (Away),5
Nedeljkovic,DEF,Aston Villa,4.0,0.1,0.0,u,0,0,0,0,0,0,0,0.0,0.0,0.0,0.0,0,0,0,0,0,0,0,False,2.0,3.0,Spurs,0.0,0.0,0.0,0.0,0,0,0,0,1273,Brentford (Away),5
Buendía,MID,Aston Villa,5.9,1.0,4.8,a,90,1,0,0,2,1,0,0.24,0.92,1.16,7.86,0,0,0,0,0,0,1,False,2.0,3.0,Spurs,61.0,36.3,35.0,13.2,50,3,12,6405,23281,Brentford (Away),5
Bailey,MID,Aston Villa,5.4,0.1,0.0,u,0,0,0,0,0,0,0,0.0,0.0,0.0,0.0,0,0,0,0,0,0,0,False,2.0,3.0,Spurs,0.0,0.0,0.0,0.0,0,0,0,0,1648,Brentford (Away),5
McGinn,MID,Aston Villa,5.4,2.2,4.0,a,83,0,1,0,0,0,2,0.24,0.77,1.01,8.29,1,0,0,0,0,0,1,False,2.0,3.0,Spurs,23.0,33.5,0.0,5.7,19,0,6,18814,24586,Brentford (Away),5
Barkley,MID,Aston Villa,5.0,0.3,2.0,a,6,0,0,0,2,0,0,0.14,0.38,0.52,7.36,0,0,0,0,0,0,0,False,2.0,3.0,Spurs,0.6,0.8,0.0,0.1,3,0,1,2694,4004,Brentford (Away),5
Kamara,MID,Aston Villa,5.0,0.3,3.2,a,83,0,1,0,0,0,1,0.16,0.12,0.28,8.44,1,0,0,0,0,0,1,False,2.0,3.0,Spurs,21.0,13.2,4.0,3.8,26,0,6,1988,4734,Brentford (Away),5
Onana,MID,Aston Villa,4.9,0.0,0.0,i,0,0,0,0,0,0,0,0.0,0.0,0.0,0.0,0,0,0,0,0,0,0,False,2.0,3.0,Spurs,0.0,0.0,0.0,0.0,0,0,0,66,203,Brentford (Away),5
Iling Jr,MID,Aston Villa,5.0,0.0,0.0,u,0,0,0,0,0,0,0,0.0,0.0,0.0,0.0,0,0,0,0,0,0,0,False,2.0,3.0,Spurs,0.0,0.0,0.0,0.0,0,0,0,0,20,Brentford (Away),5
Burrowes,MID,Aston Villa,4.5,0.6,0.0,a,0,0,0,0,0,0,0,0.0,0.0,0.0,0.0,0,0,0,0,0,0,0,False,2.0,3.0,Spurs,0.0,0.0,0.0,0.0,0,0,0,1961,7230,Brentford (Away),5
George Hemmings,MID,Aston Villa,4.5,1.2,1.8,a,18,0,0,0,2,0,0,0.16,0.07,0.23,6.26,0,0,0,0,0,0,0,False,2.0,3.0,Spurs,0.0,1.2,0.0,0.0,2,0,1,14076,17274,Brentford (Away),5
Alysson,MID,Aston Villa,5.0,0.0,1.8,d,0,0,0,0,0,1,0,0.0,0.06,0.06,2.4,0,0,0,0,0,0,0,False,2.0,3.0,Spurs,0.0,0.0,0.0,0.0,0,0,0,1608,625,Brentford (Away),5
Manzambi,MID,Aston Villa,5.9,0.4,3.5,a,71,1,1,0,0,1,1,0.24,0.44,0.68,1.54,1,0,0,0,0,0,1,False,2.0,3.0,Spurs,63.2,25.8,60.0,14.9,45,2,13,1843,990,Brentford (Away),5
Gomes,MID,Aston Villa,5.5,0.0,1.0,a,90,0,0,0,2,0,0,0.03,0.0,0.03,4.14,0,0,0,0,0,0,1,False,2.0,3.0,Spurs,22.6,13.8,0.0,3.6,13,0,4,464,327,Brentford (Away),5
Watkins,FWD,Aston Villa,7.8,2.5,0.0,u,0,0,0,0,0,0,0,0.0,0.0,0.0,0.0,0,0,0,0,0,0,0,False,2.0,3.0,Spurs,0.0,0.0,0.0,0.0,0,0,0,0,35250,Brentford (Away),5
Abraham,FWD,Aston Villa,5.5,0.2,1.0,a,2,0,0,0,1,0,0,0.0,0.0,0.0,2.69,0,0,0,0,0,0,0,False,2.0,3.0,Spurs,0.0,2.4,0.0,0.2,3,0,1,4340,2925,Brentford (Away),5
Garnacho,MID,Aston Villa,5.8,0.3,0.5,a,0,0,0,0,0,0,0,0.0,0.0,0.0,0.49,0,0,0,0,0,0,0,False,2.0,3.0,Spurs,0.0,0.0,0.0,0.0,0,0,0,839,7041,Brentford (Away),5
N.Jackson,FWD,Aston Villa,6.5,1.4,2.5,a,87,1,0,0,1,1,0,0.6,0.68,1.28,2.75,0,0,0,0,1,0,1,False,2.0,3.0,Spurs,37.4,11.4,52.0,10.1,31,1,6,18834,36139,Brentford (Away),5
Madjo,FWD,Aston Villa,5.4,0.2,0.0,i,0,0,0,0,0,0,0,0.0,0.0,0.0,0.0,0,0,0,0,0,0,0,False,2.0,3.0,Spurs,0.0,0.0,0.0,0.0,0,0,0,268,4645,Brentford (Away),5
Ruggeri,DEF,Aston Villa,4.5,0.1,1.0,a,90,0,0,0,2,0,0,0.02,0.03,0.05,2.05,0,0,0,0,0,0,1,False,2.0,3.0,Spurs,19.4,11.5,1.0,3.2,11,0,3,779,1174,Brentford (Away),5
Suzuki,GKP,Aston Villa,5.0,1.9,4.0,a,90,0,0,5,2,0,0,0.01,0.0,0.01,5.45,0,0,0,0,0,0,1,False,2.0,3.0,Spurs,36.2,0.0,0.0,3.6,17,0,2,16586,18810,Brentford (Away),5
Rowe,DEF,Aston Villa,4.0,0.2,0.0,a,0,0,0,0,0,0,0,0.0,0.0,0.0,0.0,0,0,0,0,0,0,0,False,2.0,3.0,Spurs,0.0,0.0,0.0,0.0,0,0,0,1822,1599,Brentford (Away),5
Lynch,MID,Aston Villa,4.5,0.1,0.0,u,0,0,0,0,0,0,0,0.0,0.0,0.0,0.0,0,0,0,0,0,0,0,False,2.0,3.0,Spurs,0.0,0.0,0.0,0.0,0,0,0,0,1367,Brentford (Away),5
Wan-Bissaka,DEF,Aston Villa,4.5,0.2,1.5,a,45,0,0,0,0,0,0,0.07,0.0,0.07,3.27,0,0,0,0,0,0,1,False,2.0,3.0,Spurs,10.4,1.4,0.0,1.2,6,0,1,4595,2312,Brentford (Away),5
Goretzka,MID,Aston Villa,5.9,0.0,0.0,i,0,0,0,0,0,0,0,0.0,0.0,0.0,0.0,0,0,0,0,0,0,0,False,2.0,3.0,Spurs,0.0,0.0,0.0,0.0,0,0,0,47,1364,Brentford (Away),5
Harwood-Bellis,DEF,Aston Villa,4.5,0.0,0.0,a,0,0,0,0,0,0,0,0.0,0.0,0.0,0.0,0,0,0,0,0,0,0,False,2.0,3.0,Spurs,0.0,0.0,0.0,0.0,0,0,0,379,351,Brentford (Away),5
Mbaye,MID,Aston Villa,6.0,0.1,0.7,a,6,0,0,0,2,0,0,0.13,0.02,0.15,1.64,0,0,0,0,0,0,0,False,2.0,3.0,Spurs,0.0,0.0,0.0,0.0,2,0,1,2665,1471,Brentford (Away),5
Wright,GKP,Aston Villa,4.0,0.1,0.0,a,0,0,0,0,0,0,0,0.0,0.0,0.0,0.0,0,0,0,0,0,0,0,False,2.0,3.0,Spurs,0.0,0.0,0.0,0.0,0,0,0,0,0,Brentford (Away),5
Petrović,GKP,Bournemouth,4.5,3.0,1.8,a,90,0,0,2,1,0,0,0.0,0.0,0.0,6.95,0,0,0,0,0,0,1,True,0.0,1.0,Liverpool,18.2,0.0,0.0,1.8,12,0,2,7119,26540,Chelsea (Home),5
Forster,GKP,Bournemouth,4.0,3.5,0.0,a,0,0,0,0,0,0,0,0.0,0.0,0.0,0.0,0,0,0,0,0,0,0,True,0.0,1.0,Liverpool,0.0,0.0,0.0,0.0,0,0,0,22505,15619,Chelsea (Home),5
Dennis,GKP,Bournemouth,4.0,0.1,0.0,u,0,0,0,0,0,0,0,0.0,0.0,0.0,0.0,0,0,0,0,0,0,0,True,0.0,1.0,Liverpool,0.0,0.0,0.0,0.0,0,0,0,0,1059,Chelsea (Home),5
Hill,DEF,Bournemouth,5.5,0.8,2.8,a,90,0,0,0,1,0,0,0.79,0.0,0.79,6.95,0,0,0,0,0,0,1,True,0.0,1.0,Liverpool,43.6,5.1,0.0,4.9,15,0,4,3321,11630,Chelsea (Home),5
Truffert,DEF,Bournemouth,5.4,3.0,2.2,a,90,0,0,0,1,0,0,0.29,0.11,0.4,6.95,0,0,0,0,0,0,1,True,0.0,1.0,Liverpool,12.6,11.8,5.0,2.9,6,0,2,6520,34498,Chelsea (Home),5
Diakité,DEF,Bournemouth,4.9,0.2,0.0,a,0,0,0,0,0,0,0,0.0,0.0,0.0,0.0,0,0,0,0,0,0,0,True,0.0,1.0,Liverpool,0.0,0.0,0.0,0.0,0,0,0,916,2228,Chelsea (Home),5
Milosavljević,DEF,Bournemouth,4.9,0.0,0.0,i,0,0,0,0,0,0,0,0.0,0.0,0.0,0.0,0,0,0,0,0,0,0,True,0.0,1.0,Liverpool,0.0,0.0,0.0,0.0,0,0,0,74,95,Chelsea (Home),5
Smith,DEF,Bournemouth,4.5,0.1,0.8,a,74,0,0,0,1,0,0,0.09,0.01,0.1,6.7,0,0,0,0,0,0,1,True,0.0,1.0,Liverpool,0.0,0.8,0.0,0.0,3,0,2,818,1981,Chelsea (Home),5
J.Araujo,DEF,Bournemouth,4.4,0.0,0.0,i,0,0,0,0,0,0,0,0.0,0.0,0.0,0.0,0,0,0,0,0,0,0,True,0.0,1.0,Liverpool,0.0,0.0,0.0,0.0,0,0,0,101,151,Chelsea (Home),5
Soler,DEF,Bournemouth,4.0,0.3,0.0,a,0,0,0,0,0,0,0,0.0,0.0,0.0,0.0,0,0,0,0,0,0,0,True,0.0,1.0,Liverpool,0.0,0.0,0.0,0.0,0,0,0,2347,2404,Chelsea (Home),5
Rayan,MID,Bournemouth,6.3,1.6,2.0,a,87,0,0,0,1,0,0,0.43,0.87,1.3,6.35,0,0,0,0,0,0,1,True,0.0,1.0,Liverpool,8.4,16.9,8.0,3.3,17,0,2,4733,35360,Chelsea (Home),5
Tavernier,MID,Bournemouth,6.1,6.7,5.2,a,74,0,0,0,1,3,0,0.92,1.7,2.62,6.54,0,0,0,0,0,0,1,True,0.0,1.0,Liverpool,10.8,19.1,4.0,3.4,14,0,2,318303,60985,Chelsea (Home),5
Scott,MID,Bournemouth,6.1,5.7,7.0,a,90,0,0,0,1,1,2,0.42,0.64,1.06,6.82,0,0,0,0,0,0,1,True,0.0,1.0,Liverpool,8.2,40.5,13.0,6.2,17,0,2,72063,77120,Chelsea (Home),5
Kluivert,MID,Bournemouth,6.0,0.9,3.0,i,0,0,0,0,0,1,0,0.08,0.99,1.07,4.48,0,0,0,0,0,0,0,True,0.0,1.0,Liverpool,0.0,0.0,0.0,0.0,0,0,0,14541,11079,Chelsea (Home),5
Cook,MID,Bournemouth,5.0,0.2,1.2,a,15,0,0,0,0,0,0,0.01,0.0,0.01,4.2,0,0,0,0,0,0,0,True,0.0,1.0,Liverpool,2.8,0.3,0.0,0.3,3,0,1,841,3739,Chelsea (Home),5
Gannon-Doak,MID,Bournemouth,4.9,0.1,0.8,a,2,0,0,0,0,0,0,0.05,0.12,0.17,0.6,0,0,0,0,0,0,0,True,0.0,1.0,Liverpool,0.2,0.8,2.0,0.3,3,0,1,338,853,Chelsea (Home),5
Adams,MID,Bournemouth,5.0,0.3,2.8,a,87,0,0,0,1,0,0,0.07,0.03,0.1,2.74,0,0,0,0,0,0,1,True,0.0,1.0,Liverpool,15.4,12.9,0.0,2.8,13,0,4,2995,3866,Chelsea (Home),5
Brooks,MID,Bournemouth,5.0,0.1,0.8,a,15,0,0,0,0,0,0,0.07,0.0,0.07,0.75,0,0,0,0,0,0,0,True,0.0,1.0,Liverpool,5.0,21.7,0.0,2.7,4,0,1,503,897,Chelsea (Home),5
Christie,MID,Bournemouth,5.0,0.0,1.2,a,74,0,0,0,1,0,0,0.13,0.5,0.63,1.64,0,0,0,0,0,0,1,True,0.0,1.0,Liverpool,0.0,2.4,27.0,2.4,0,0,2,541,659,Chelsea (Home),5
Tóth.A,MID,Bournemouth,4.9,0.0,0.2,a,2,0,0,0,0,0,0,0.0,0.0,0.0,0.56,0,0,0,0,0,0,0,True,0.0,1.0,Liverpool,0.2,0.1,0.0,0.0,3,0,1,62,142,Chelsea (Home),5
Adli,MID,Bournemouth,4.9,0.0,0.0,i,0,0,0,0,0,0,0,0.0,0.0,0.0,0.0,0,0,0,0,0,0,0,True,0.0,1.0,Liverpool,0.0,0.0,0.0,0.0,0,0,0,25,209,Chelsea (Home),5
Kroupi.Jr,MID,Bournemouth,7.4,0.2,0.0,i,0,0,0,0,0,0,0,0.0,0.0,0.0,0.0,0,0,0,0,0,0,0,True,0.0,1.0,Liverpool,0.0,0.0,0.0,0.0,0,0,0,141,1829,Chelsea (Home),5
Evanilson,FWD,Bournemouth,6.0,3.2,3.5,a,90,0,0,0,1,0,3,0.52,0.87,1.39,6.45,0,0,0,0,0,0,1,True,0.0,1.0,Liverpool,11.0,3.4,50.0,6.4,12,0,2,44404,46982,Chelsea (Home),5
Enes Ünal,FWD,Bournemouth,5.5,0.0,0.0,u,0,0,0,0,0,0,0,0.0,0.0,0.0,0.0,0,0,0,0,0,0,0,True,0.0,1.0,Liverpool,0.0,0.0,0.0,0.0,0,0,0,0,121,Chelsea (Home),5
Rodríguez,FWD,Bournemouth,6.0,0.1,0.5,a,0,0,0,0,0,0,0,0.0,0.0,0.0,0.18,0,0,0,0,0,0,0,True,0.0,1.0,Liverpool,0.0,0.0,0.0,0.0,0,0,0,939,1374,Chelsea (Home),5
Silva,DEF,Bournemouth,5.0,0.4,2.8,a,90,0,0,0,1,0,0,0.29,0.85,1.14,6.95,0,0,0,0,1,0,1,True,0.0,1.0,Liverpool,32.8,1.5,2.0,3.6,8,0,3,2672,6575,Chelsea (Home),5
Sanchez,DEF,Bournemouth,4.4,0.2,0.0,a,0,0,0,0,0,0,0,0.0,0.0,0.0,0.0,0,0,0,0,0,0,0,True,0.0,1.0,Liverpool,0.0,0.0,0.0,0.0,0,0,0,314,1296,Chelsea (Home),5
Jebbison,FWD,Bournemouth,5.0,0.1,0.5,a,15,0,0,0,0,0,0,0.0,0.1,0.1,0.61,0,0,0,0,0,0,0,True,0.0,1.0,Liverpool,0.2,0.8,4.0,0.5,3,0,1,1986,2048,Chelsea (Home),5
Di Gregorio,GKP,Bournemouth,4.5,0.0,0.0,a,0,0,0,0,0,0,0,0.0,0.0,0.0,0.0,0,0,0,0,0,0,0,True,0.0,1.0,Liverpool,0.0,0.0,0.0,0.0,0,0,0,343,541,Chelsea (Home),5
Kelleher,GKP,Brentford,5.0,6.1,3.2,a,90,0,0,2,0,0,0,0.01,0.0,0.01,6.32,1,0,0,0,0,0,1,True,3.0,0.0,Chelsea,16.4,0.0,0.0,1.6,27,0,6,9126,63050,Aston Villa (Home),5
Valdimarsson,GKP,Brentford,4.5,0.1,0.0,a,0,0,0,0,0,0,0,0.0,0.0,0.0,0.0,0,0,0,0,0,0,0,True,3.0,0.0,Chelsea,0.0,0.0,0.0,0.0,0,0,0,317,884,Aston Villa (Home),5
Collins,DEF,Brentford,5.4,1.0,1.0,i,0,0,0,0,0,0,0,0.05,0.51,0.56,2.13,0,0,0,0,0,0,0,True,3.0,0.0,Chelsea,0.0,0.0,0.0,0.0,0,0,0,104,39392,Aston Villa (Home),5
Van den Berg,DEF,Brentford,4.9,0.1,0.0,i,0,0,0,0,0,0,0,0.0,0.0,0.0,0.0,0,0,0,0,0,0,0,True,3.0,0.0,Chelsea,0.0,0.0,0.0,0.0,0,0,0,37,766,Aston Villa (Home),5
Lewis-Potter,MID,Brentford,5.5,1.7,3.0,a,80,0,0,0,0,1,1,0.79,1.21,2.0,5.69,1,0,0,0,0,0,1,True,3.0,0.0,Chelsea,19.0,15.1,24.0,5.8,15,0,3,6251,42502,Aston Villa (Home),5
Ajer,DEF,Brentford,4.5,3.9,3.2,a,90,0,0,0,0,0,0,0.08,0.13,0.21,6.32,1,0,0,0,0,0,1,True,3.0,0.0,Chelsea,19.4,11.3,4.0,3.5,29,1,7,8947,73970,Aston Villa (Home),5
Kayode,DEF,Brentford,4.6,7.6,2.5,a,68,0,0,0,0,1,0,0.43,0.55,0.98,3.24,1,0,0,0,0,0,1,True,3.0,0.0,Chelsea,2.6,1.0,0.0,0.4,20,0,6,18236,134611,Aston Villa (Home),5
Henry,DEF,Brentford,4.4,0.2,0.2,a,0,0,0,0,0,0,0,0.0,0.0,0.0,0.0,0,0,0,0,0,0,0,True,3.0,0.0,Chelsea,0.0,0.0,0.0,0.0,0,0,0,410,1648,Aston Villa (Home),5
Hickey,DEF,Brentford,4.5,0.1,1.0,a,21,0,0,0,0,0,0,0.06,0.03,0.09,3.07,0,0,0,0,0,0,0,True,3.0,0.0,Chelsea,11.2,0.3,0.0,1.2,5,0,1,329,590,Aston Villa (Home),5
Ji-soo,DEF,Brentford,4.4,0.0,0.0,a,0,0,0,0,0,0,0,0.0,0.0,0.0,0.0,0,0,0,0,0,0,0,True,3.0,0.0,Chelsea,0.0,0.0,0.0,0.0,0,0,0,69,163,Aston Villa (Home),5
Schuster,DEF,Brentford,4.5,0.3,5.2,a,90,0,1,0,0,0,1,0.54,0.1,0.64,4.19,1,0,0,0,0,0,1,True,3.0,0.0,Chelsea,53.0,10.8,4.0,6.8,43,3,14,349,1075,Aston Villa (Home),5
Schade,MID,Brentford,6.2,11.2,9.0,a,90,0,2,0,0,3,2,0.32,1.52,1.84,6.32,1,0,0,0,0,0,1,True,3.0,0.0,Chelsea,11.4,3.5,31.0,4.6,27,0,9,425579,58558,Aston Villa (Home),5
O.Dango,MID,Brentford,6.3,0.5,1.0,a,9,0,0,0,0,0,0,0.39,0.09,0.48,2.81,0,0,0,0,0,0,0,True,3.0,0.0,Chelsea,0.2,0.0,0.0,0.0,2,0,1,1029,14648,Aston Villa (Home),5
Damsgaard,MID,Brentford,5.4,0.4,3.8,a,86,0,0,0,0,0,1,0.73,0.17,0.9,3.06,1,0,0,0,0,0,1,True,3.0,0.0,Chelsea,13.2,23.2,5.0,4.1,15,0,3,1526,7978,Aston Villa (Home),5
Jensen,MID,Brentford,5.4,0.1,0.0,i,0,0,0,0,0,0,1,0.34,0.08,0.42,0.47,0,0,0,0,0,0,0,True,3.0,0.0,Chelsea,0.0,0.0,0.0,0.0,0,0,0,16,1897,Aston Villa (Home),5
Janelt,MID,Brentford,5.0,2.5,4.8,a,90,0,0,0,0,2,0,0.44,0.53,0.97,6.32,1,0,0,0,0,0,1,True,3.0,0.0,Chelsea,18.0,5.8,2.0,2.6,13,0,3,47235,33762,Aston Villa (Home),5
Milambo,MID,Brentford,5.0,0.0,0.0,i,0,0,0,0,0,0,0,0.0,0.0,0.0,0.0,0,0,0,0,0,0,0,True,3.0,0.0,Chelsea,0.0,0.0,0.0,0.0,0,0,0,20,33,Aston Villa (Home),5
Carvalho,MID,Brentford,5.0,0.0,1.5,a,3,1,0,0,0,1,0,0.0,0.43,0.43,0.13,0,0,0,0,0,0,0,True,3.0,0.0,Chelsea,33.2,0.3,33.0,6.7,23,0,6,265,342,Aston Villa (Home),5
Yarmoliuk,MID,Brentford,4.8,0.6,2.0,a,68,0,0,0,0,0,1,0.3,0.1,0.4,4.58,1,0,0,0,0,0,1,True,3.0,0.0,Chelsea,23.4,21.0,7.0,5.1,19,0,3,1926,9450,Aston Villa (Home),5
Dasilva,MID,Brentford,4.9,0.0,0.0,i,0,0,0,0,0,0,0,0.0,0.0,0.0,0.0,0,0,0,0,0,0,0,True,3.0,0.0,Chelsea,0.0,0.0,0.0,0.0,0,0,0,11,293,Aston Villa (Home),5
Anthony,MID,Brentford,5.9,0.1,3.5,a,80,1,0,0,0,1,0,0.54,1.15,1.69,3.5,1,0,0,0,0,0,1,True,3.0,0.0,Chelsea,36.6,11.0,37.0,8.5,31,2,10,635,2097,Aston Villa (Home),5
Thiago,FWD,Brentford,7.8,9.0,2.5,a,90,1,0,0,0,1,0,0.16,3.13,3.29,6.25,1,0,0,0,1,0,1,True,3.0,0.0,Chelsea,28.2,16.0,30.0,7.4,26,0,5,32439,221931,Aston Villa (Home),5
Furo,FWD,Brentford,4.5,0.9,0.0,i,0,0,0,0,0,0,0,0.0,0.0,0.0,0.0,0,0,0,0,0,0,0,True,3.0,0.0,Chelsea,0.0,0.0,0.0,0.0,0,0,0,6535,20393,Aston Villa (Home),5
Wilson,FWD,Brentford,5.4,0.3,0.5,a,0,0,0,0,0,0,0,0.04,0.07,0.11,0.15,0,0,0,0,0,0,0,True,3.0,0.0,Chelsea,0.0,0.0,0.0,0.0,0,0,0,1671,6042,Aston Villa (Home),5
M.Sangaré,MID,Brentford,5.6,10.0,2.0,a,21,0,0,0,0,0,2,0.65,0.41,1.06,4.31,0,0,0,0,1,0,0,True,3.0,0.0,Chelsea,2.2,0.0,0.0,0.2,0,0,0,29169,213906,Aston Villa (Home),5
Diouf,DEF,Brentford,4.5,0.1,0.5,a,9,0,0,0,0,0,0,0.01,0.0,0.01,0.63,0,0,0,0,0,0,0,True,3.0,0.0,Chelsea,2.2,0.3,0.0,0.3,3,0,1,1079,1672,Aston Villa (Home),5
Nunes,MID,Brentford,4.5,0.0,0.0,a,0,0,0,0,0,0,0,0.0,0.0,0.0,0.0,0,0,0,0,0,0,0,True,3.0,0.0,Chelsea,0.0,0.0,0.0,0.0,0,0,0,1742,393,Aston Villa (Home),5
Fredrick,DEF,Brentford,4.0,0.0,0.0,a,0,0,0,0,0,0,0,0.0,0.0,0.0,0.0,0,0,0,0,0,0,0,True,3.0,0.0,Chelsea,0.0,0.0,0.0,0.0,0,0,0,0,0,Aston Villa (Home),5
Balcombe,GKP,Brentford,4.0,0.0,0.0,a,0,0,0,0,0,0,0,0.0,0.0,0.0,0.0,0,0,0,0,0,0,0,True,3.0,0.0,Chelsea,0.0,0.0,0.0,0.0,0,0,0,0,0,Aston Villa (Home),5
Verbruggen,GKP,Brighton,4.5,21.6,4.2,a,90,0,0,2,0,0,0,0.2,0.0,0.2,8.67,1,0,0,0,0,0,1,True,3.0,0.0,Arsenal,20.0,0.0,0.0,2.0,27,0,6,89072,136504,Sunderland (Home),5
Steele,GKP,Brighton,4.0,4.1,0.0,a,0,0,0,0,0,0,0,0.0,0.0,0.0,0.0,0,0,0,0,0,0,0,True,3.0,0.0,Arsenal,0.0,0.0,0.0,0.0,0,0,0,20424,21412,Sunderland (Home),5
F.Kadıoğlu,DEF,Brighton,4.4,1.6,3.2,a,75,0,0,0,0,0,0,0.13,0.12,0.25,7.55,1,0,0,0,1,0,1,True,3.0,0.0,Arsenal,9.4,13.5,5.0,2.8,18,0,5,4277,18260,Sunderland (Home),5
Boscagli,DEF,Brighton,4.5,0.3,3.2,a,90,0,0,0,0,0,0,0.53,0.07,0.6,8.45,1,0,0,0,0,0,1,True,3.0,0.0,Arsenal,13.0,5.2,2.0,2.0,24,0,6,1382,2499,Sunderland (Home),5
De Cuyper,DEF,Brighton,5.0,27.6,5.2,a,90,0,0,0,0,1,3,0.67,1.55,2.22,8.58,1,0,0,0,1,0,1,True,3.0,0.0,Arsenal,14.6,33.8,4.0,5.2,30,1,6,410558,122995,Sunderland (Home),5
Dunk,DEF,Brighton,4.5,1.5,4.0,d,0,0,0,0,0,1,0,0.09,0.03,0.12,7.04,0,0,0,0,0,0,0,True,3.0,0.0,Arsenal,0.0,0.0,0.0,0.0,0,0,0,28113,11621,Sunderland (Home),5
Coppola,DEF,Brighton,4.5,0.0,0.0,a,0,0,0,0,0,0,0,0.0,0.0,0.0,0.0,0,0,0,0,0,0,0,True,3.0,0.0,Arsenal,0.0,0.0,0.0,0.0,0,0,0,180,213,Sunderland (Home),5
Igor,DEF,Brighton,4.5,0.0,0.0,u,0,0,0,0,0,0,0,0.0,0.0,0.0,0.0,0,0,0,0,0,0,0,True,3.0,0.0,Arsenal,0.0,0.0,0.0,0.0,0,0,0,0,883,Sunderland (Home),5
Costinha,DEF,Brighton,4.5,0.0,0.8,a,14,0,0,0,0,0,0,0.3,0.12,0.42,1.02,0,0,0,0,0,0,0,True,3.0,0.0,Arsenal,1.2,3.0,0.0,0.4,2,0,1,216,306,Sunderland (Home),5
Svoboda,DEF,Brighton,5.0,0.1,0.2,a,4,0,0,0,0,0,0,0.0,0.0,0.0,0.14,0,0,0,0,0,0,0,True,3.0,0.0,Arsenal,2.4,0.0,0.0,0.2,5,0,1,647,957,Sunderland (Home),5
Mitoma,MID,Brighton,5.9,0.0,0.0,i,0,0,0,0,0,0,0,0.0,0.0,0.0,0.0,0,0,0,0,0,0,0,True,3.0,0.0,Arsenal,0.0,0.0,0.0,0.0,0,0,0,63,292,Sunderland (Home),5
Minteh,MID,Brighton,5.8,0.0,0.0,i,0,0,0,0,0,0,0,0.0,0.0,0.0,0.0,0,0,0,0,0,0,0,True,3.0,0.0,Arsenal,0.0,0.0,0.0,0.0,0,0,0,28,476,Sunderland (Home),5
Hinshelwood,MID,Brighton,5.9,0.6,0.0,i,0,0,0,0,0,2,0,0.02,1.41,1.43,0.19,0,0,0,0,0,0,0,True,3.0,0.0,Arsenal,0.0,0.0,0.0,0.0,0,0,0,128,26669,Sunderland (Home),5
Groß,MID,Brighton,5.8,28.4,11.2,a,90,1,1,0,0,3,4,0.86,1.77,2.63,8.67,1,0,0,0,0,0,1,True,3.0,0.0,Arsenal,58.4,30.3,16.0,10.5,47,3,14,604409,105358,Sunderland (Home),5
Georginio,FWD,Brighton,5.3,0.5,0.2,a,14,0,0,0,0,0,1,0.45,0.17,0.62,1.03,0,0,0,0,0,0,0,True,3.0,0.0,Arsenal,0.4,0.3,4.0,0.5,2,0,1,2315,12484,Sunderland (Home),5
O'Riley,MID,Brighton,5.4,0.1,0.5,a,4,0,0,0,0,0,0,0.01,0.28,0.29,0.18,0,0,0,0,0,0,0,True,3.0,0.0,Arsenal,6.0,0.0,19.0,2.5,2,0,1,577,1239,Sunderland (Home),5
Gomez,MID,Brighton,5.0,4.0,4.5,a,85,0,1,0,0,0,3,0.78,0.79,1.57,8.49,1,0,0,0,0,0,1,True,3.0,0.0,Arsenal,29.0,22.6,4.0,5.6,19,0,8,13377,82046,Sunderland (Home),5
Buonanotte,MID,Brighton,5.0,0.0,0.0,u,0,0,0,0,0,0,0,0.0,0.0,0.0,0.0,0,0,0,0,0,0,0,True,3.0,0.0,Arsenal,0.0,0.0,0.0,0.0,0,0,0,0,17,Sunderland (Home),5
Ayari,MID,Brighton,5.4,0.4,3.2,a,90,0,0,0,0,1,0,0.18,0.7,0.88,5.64,1,0,0,0,0,0,1,True,3.0,0.0,Arsenal,5.6,12.3,17.0,3.5,7,0,3,3453,4392,Sunderland (Home),5
Wieffer,DEF,Brighton,4.9,0.2,0.0,i,0,0,0,0,0,0,0,0.13,0.12,0.25,3.18,0,0,0,0,0,0,0,True,3.0,0.0,Arsenal,0.0,0.0,0.0,0.0,0,0,0,57,6959,Sunderland (Home),5
Howell,MID,Brighton,4.5,0.0,0.0,u,0,0,0,0,0,0,0,0.0,0.0,0.0,0.0,0,0,0,0,0,0,0,True,3.0,0.0,Arsenal,0.0,0.0,0.0,0.0,0,0,0,0,395,Sunderland (Home),5
Watson,MID,Brighton,5.0,0.0,0.0,u,0,0,0,0,0,0,0,0.0,0.0,0.0,0.0,0,0,0,0,0,0,0,True,3.0,0.0,Arsenal,0.0,0.0,0.0,0.0,0,0,0,0,10,Sunderland (Home),5
Oriola,MID,Brighton,4.5,0.2,0.0,a,0,0,0,0,0,0,0,0.0,0.0,0.0,0.0,0,0,0,0,0,0,0,True,3.0,0.0,Arsenal,0.0,0.0,0.0,0.0,0,0,0,890,3042,Sunderland (Home),5
Yohanna,MID,Brighton,4.8,0.0,0.0,i,0,0,0,0,0,0,0,0.03,0.0,0.03,0.0,0,0,0,0,0,0,0,True,3.0,0.0,Arsenal,0.0,0.0,0.0,0.0,0,0,0,35,1196,Sunderland (Home),5
Tzimas,FWD,Brighton,5.4,0.0,0.0,i,0,0,0,0,0,0,0,0.0,0.0,0.0,0.0,0,0,0,0,0,0,0,True,3.0,0.0,Arsenal,0.0,0.0,0.0,0.0,0,0,0,63,84,Sunderland (Home),5
Kostoulas,FWD,Brighton,5.6,3.8,6.8,a,75,1,1,0,0,2,3,0.06,1.35,1.41,7.67,1,0,0,0,1,0,1,True,3.0,0.0,Arsenal,48.2,11.3,38.0,9.8,40,2,10,57158,15079,Sunderland (Home),5
Ferguson,FWD,Brighton,5.0,0.0,0.0,i,0,0,0,0,0,0,0,0.0,0.0,0.0,0.0,0,0,0,0,0,0,0,True,3.0,0.0,Arsenal,0.0,0.0,0.0,0.0,0,0,0,242,404,Sunderland (Home),5
Struijk,DEF,Brighton,4.9,0.2,1.8,d,85,0,0,0,0,0,0,0.01,0.16,0.17,1.7,1,0,0,0,1,0,1,True,3.0,0.0,Arsenal,20.8,0.6,7.0,2.8,24,0,5,571,2520,Sunderland (Home),5
Vuskovic,DEF,Brighton,5.0,3.6,6.5,a,90,0,0,0,0,1,0,0.07,0.46,0.53,8.45,1,0,0,0,0,0,1,True,3.0,0.0,Arsenal,20.6,1.6,2.0,2.4,27,0,8,27688,34940,Sunderland (Home),5
David,FWD,Brighton,5.9,0.2,0.2,a,0,0,0,0,0,0,0,0.0,0.42,0.42,0.14,0,0,0,0,0,0,0,True,3.0,0.0,Arsenal,0.0,0.0,0.0,0.0,0,0,0,2100,5196,Sunderland (Home),5
Osman,MID,Brighton,5.0,0.0,0.5,a,0,0,0,0,0,0,0,0.07,0.05,0.12,0.32,0,0,0,0,0,0,0,True,3.0,0.0,Arsenal,0.0,0.0,0.0,0.0,0,0,0,148,241,Sunderland (Home),5
Yalcouyé,MID,Brighton,4.5,4.0,4.8,a,5,0,0,0,0,2,0,0.45,1.46,1.91,6.57,0,0,0,0,0,0,0,True,3.0,0.0,Arsenal,2.2,10.3,6.0,1.9,9,0,1,130693,43065,Sunderland (Home),5
Hadjam,DEF,Brighton,4.5,0.0,0.0,a,0,0,0,0,0,0,0,0.0,0.0,0.0,0.0,0,0,0,0,0,0,0,True,3.0,0.0,Arsenal,0.0,0.0,0.0,0.0,0,0,0,513,606,Sunderland (Home),5
Cozier-Duberry,MID,Brighton,5.0,0.0,0.0,u,0,0,0,0,0,0,0,0.0,0.0,0.0,0.0,0,0,0,0,0,0,0,True,3.0,0.0,Arsenal,0.0,0.0,0.0,0.0,0,0,0,0,12,Sunderland (Home),5
Andrés,MID,Brighton,5.5,0.0,4.0,a,84,1,0,0,0,1,1,0.12,0.52,0.64,1.7,1,0,0,0,0,0,1,True,3.0,0.0,Arsenal,33.4,4.8,37.0,7.5,27,0,8,470,231,Sunderland (Home),5
Azeez,MID,Brighton,5.5,0.0,0.0,i,0,0,0,0,0,0,0,0.0,0.0,0.0,0.0,0,0,0,0,0,0,0,True,3.0,0.0,Arsenal,0.0,0.0,0.0,0.0,0,0,0,54,64,Sunderland (Home),5
Ibrahim,MID,Brighton,4.5,0.0,0.0,a,0,0,0,0,0,0,0,0.0,0.0,0.0,0.0,0,0,0,0,0,0,0,True,3.0,0.0,Arsenal,0.0,0.0,0.0,0.0,0,0,0,1163,268,Sunderland (Home),5
Martinez,GKP,Chelsea,5.0,4.8,2.2,a,90,0,0,3,3,0,0,0.01,0.0,0.01,7.49,0,0,0,0,0,0,1,False,3.0,0.0,Brentford,26.0,10.0,0.0,3.6,7,0,2,20981,53784,Bournemouth (Away),5
Rogers,MID,Chelsea,7.7,40.4,5.2,a,90,0,0,0,3,3,1,1.23,1.72,2.95,8.73,0,0,0,0,0,0,1,False,3.0,0.0,Brentford,10.0,20.6,30.0,6.1,17,0,2,697514,69384,Bournemouth (Away),5
Henderson,MID,Chelsea,4.9,0.0,0.5,a,90,0,0,0,3,0,0,0.08,0.0,0.08,2.65,0,0,0,0,0,0,1,False,3.0,0.0,Brentford,16.6,10.4,0.0,2.7,16,0,2,45,428,Bournemouth (Away),5
Welbeck,FWD,Chelsea,5.9,1.0,1.0,a,70,0,0,0,1,0,0,0.14,0.0,0.14,1.99,0,0,0,0,0,0,1,False,3.0,0.0,Brentford,7.2,21.8,8.0,3.7,8,0,2,34909,13973,Bournemouth (Away),5
Sánchez,GKP,Chelsea,4.9,0.7,0.0,u,0,0,0,0,0,0,0,0.01,0.0,0.01,1.33,0,0,0,0,0,0,0,False,3.0,0.0,Brentford,0.0,0.0,0.0,0.0,0,0,0,0,15548,Bournemouth (Away),5
Jörgensen,GKP,Chelsea,5.0,0.0,0.0,u,0,0,0,0,0,0,0,0.0,0.0,0.0,0.0,0,0,0,0,0,0,0,False,3.0,0.0,Brentford,0.0,0.0,0.0,0.0,0,0,0,0,52,Bournemouth (Away),5
James,DEF,Chelsea,5.4,5.9,0.8,d,0,0,0,0,0,0,0,0.26,0.33,0.59,4.9,0,0,0,0,0,0,0,False,3.0,0.0,Brentford,0.0,0.0,0.0,0.0,0,0,0,18198,138832,Bournemouth (Away),5
Chalobah,DEF,Chelsea,5.5,0.1,0.0,u,0,0,0,0,0,0,0,0.0,0.0,0.0,0.0,0,0,0,0,0,0,0,False,3.0,0.0,Brentford,0.0,0.0,0.0,0.0,0,0,0,0,705,Bournemouth (Away),5
Gusto,DEF,Chelsea,4.9,1.0,0.8,a,0,0,0,0,0,0,0,0.12,0.08,0.2,3.5,0,0,0,0,0,0,0,False,3.0,0.0,Brentford,0.0,0.0,0.0,0.0,0,0,0,4607,13888,Bournemouth (Away),5
Fofana,DEF,Chelsea,5.0,0.2,2.0,a,70,0,0,0,1,0,0,0.08,0.0,0.08,5.65,0,0,0,0,0,0,1,False,3.0,0.0,Brentford,22.8,0.8,0.0,2.4,11,0,4,3337,3449,Bournemouth (Away),5
B.Badiashile,DEF,Chelsea,4.5,0.0,0.0,u,0,0,0,0,0,0,0,0.0,0.0,0.0,0.0,0,0,0,0,0,0,0,False,3.0,0.0,Brentford,0.0,0.0,0.0,0.0,0,0,0,0,128,Bournemouth (Away),5
Hato,DEF,Chelsea,4.5,0.8,1.8,a,0,0,0,0,0,0,2,0.21,0.01,0.22,4.81,0,0,0,0,0,0,0,False,3.0,0.0,Brentford,0.0,0.0,0.0,0.0,0,0,0,4867,21725,Bournemouth (Away),5
Colwill,DEF,Chelsea,4.8,0.9,0.8,a,90,0,0,0,3,0,0,0.05,0.01,0.06,6.67,0,0,0,0,0,0,1,False,3.0,0.0,Brentford,15.6,2.4,2.0,2.0,1,0,1,2003,18955,Bournemouth (Away),5
M.Sarr,DEF,Chelsea,4.5,0.0,0.0,u,0,0,0,0,0,0,0,0.0,0.0,0.0,0.0,0,0,0,0,0,0,0,False,3.0,0.0,Brentford,0.0,0.0,0.0,0.0,0,0,0,0,455,Bournemouth (Away),5
Acheampong,DEF,Chelsea,4.5,0.3,0.5,a,19,0,0,0,2,0,0,0.03,0.0,0.03,4.72,0,0,0,0,0,0,0,False,3.0,0.0,Brentford,1.4,1.4,0.0,0.3,-4,0,0,1529,6034,Bournemouth (Away),5
Palestra,DEF,Chelsea,5.3,0.6,0.0,d,0,0,0,0,0,0,0,0.0,0.0,0.0,0.0,0,0,0,0,0,0,0,False,3.0,0.0,Brentford,0.0,0.0,0.0,0.0,0,0,0,260,20925,Bournemouth (Away),5
Palmer,MID,Chelsea,9.7,25.9,3.8,d,90,0,0,0,3,2,2,0.79,1.31,2.1,8.73,0,0,0,0,0,0,1,False,3.0,0.0,Brentford,19.4,25.3,20.0,6.5,21,0,2,192540,166587,Bournemouth (Away),5
Neto,MID,Chelsea,6.5,1.4,3.2,a,86,0,0,0,2,1,0,0.58,0.68,1.26,6.64,0,0,0,0,0,0,1,False,3.0,0.0,Brentford,9.6,7.8,25.0,4.2,13,0,2,15985,22206,Bournemouth (Away),5
Estêvão,MID,Chelsea,6.3,0.7,0.8,a,3,0,0,0,1,0,0,0.07,0.07,0.14,1.01,0,0,0,0,0,0,0,False,3.0,0.0,Brentford,0.2,0.3,0.0,0.1,3,0,1,2997,10149,Bournemouth (Away),5
Gittens,MID,Chelsea,5.8,0.0,0.0,a,0,0,0,0,0,0,0,0.0,0.0,0.0,0.0,0,0,0,0,0,0,0,False,3.0,0.0,Brentford,0.0,0.0,0.0,0.0,0,0,0,198,407,Bournemouth (Away),5
Caicedo,MID,Chelsea,5.3,1.0,0.2,d,0,0,0,0,0,0,0,0.0,0.0,0.0,0.07,0,0,0,0,0,0,0,False,3.0,0.0,Brentford,0.0,0.0,0.0,0.0,0,0,0,584,31719,Bournemouth (Away),5
Lavia,MID,Chelsea,5.0,0.2,2.5,a,0,0,0,0,0,1,0,0.11,0.75,0.86,5.06,0,0,0,0,0,0,0,False,3.0,0.0,Brentford,0.0,0.0,0.0,0.0,0,0,0,2931,4413,Bournemouth (Away),5
D.Essugo,MID,Chelsea,4.5,0.1,0.0,u,0,0,0,0,0,0,0,0.0,0.0,0.0,0.0,0,0,0,0,0,0,0,False,3.0,0.0,Brentford,0.0,0.0,0.0,0.0,0,0,0,0,2058,Bournemouth (Away),5
Quenda,MID,Chelsea,5.3,0.0,0.2,a,19,0,0,0,2,0,0,0.01,0.03,0.04,1.29,0,0,0,0,0,0,0,False,3.0,0.0,Brentford,0.4,1.8,6.0,0.8,3,0,1,155,533,Bournemouth (Away),5
João Pedro,FWD,Chelsea,7.7,65.4,5.5,d,0,0,0,0,0,3,3,0.19,2.17,2.36,6.17,0,0,0,0,0,0,0,False,3.0,0.0,Brentford,0.0,0.0,0.0,0.0,0,0,0,261391,748803,Bournemouth (Away),5
Marc Guiu,FWD,Chelsea,5.0,0.2,0.0,u,0,0,0,0,0,0,0,0.0,0.0,0.0,0.0,0,0,0,0,0,0,0,False,3.0,0.0,Brentford,0.0,0.0,0.0,0.0,0,0,0,0,4081,Bournemouth (Away),5
Mheuka,FWD,Chelsea,4.5,0.5,0.0,a,0,0,0,0,0,0,0,0.0,0.0,0.0,0.0,0,0,0,0,0,0,0,False,3.0,0.0,Brentford,0.0,0.0,0.0,0.0,0,0,0,9469,5890,Bournemouth (Away),5
Emegha,FWD,Chelsea,5.0,0.1,0.0,i,0,0,0,0,0,0,0,0.0,0.0,0.0,0.0,0,0,0,0,0,0,0,False,3.0,0.0,Brentford,0.0,0.0,0.0,0.0,0,0,0,122,2781,Bournemouth (Away),5
Lacroix,DEF,Chelsea,5.9,6.8,1.8,a,90,0,0,0,3,0,1,0.22,0.15,0.37,7.93,0,0,0,0,0,0,1,False,3.0,0.0,Brentford,29.4,1.3,4.0,3.5,-1,0,3,9497,120680,Bournemouth (Away),5
Penders,GKP,Chelsea,4.4,0.1,0.0,a,0,0,0,0,0,0,0,0.0,0.0,0.0,0.0,0,0,0,0,0,0,0,False,3.0,0.0,Brentford,0.0,0.0,0.0,0.0,0,0,0,696,620,Bournemouth (Away),5
Anselmino,DEF,Chelsea,4.5,0.0,0.0,a,0,0,0,0,0,0,0,0.0,0.0,0.0,0.0,0,0,0,0,0,0,0,False,3.0,0.0,Brentford,0.0,0.0,0.0,0.0,0,0,0,188,216,Bournemouth (Away),5
Barco,MID,Chelsea,5.4,0.1,0.8,a,86,0,0,0,2,0,0,0.11,0.07,0.18,2.83,0,0,0,0,0,0,1,False,3.0,0.0,Brentford,11.2,4.3,5.0,2.1,21,0,2,477,1379,Bournemouth (Away),5
Chavarria,DEF,Chelsea,4.9,0.1,1.0,a,90,0,0,0,3,0,0,0.07,0.04,0.11,4.1,0,0,0,0,0,0,1,False,3.0,0.0,Brentford,17.6,27.2,4.0,4.9,7,0,1,529,1674,Bournemouth (Away),5
Nicoll-Jazuli,MID,Chelsea,4.5,0.0,1.0,a,3,0,0,0,1,0,0,0.0,0.0,0.0,0.43,0,0,0,0,0,0,0,False,3.0,0.0,Brentford,4.6,1.7,0.0,0.6,5,0,1,0,0,Bournemouth (Away),5
Pinnock,DEF,Coventry City,4.5,0.1,3.5,a,90,0,0,0,0,0,0,0.0,0.12,0.12,6.57,1,0,0,0,0,0,1,False,0.0,1.0,Nott'm Forest,50.8,0.3,0.0,5.1,24,0,8,402,714,Newcastle (Away),5
Onyeka,MID,Coventry City,4.9,0.1,1.8,a,90,0,0,0,0,0,0,0.02,0.03,0.05,6.31,1,0,0,0,0,0,1,False,0.0,1.0,Nott'm Forest,9.2,1.8,0.0,1.1,10,0,3,346,1609,Newcastle (Away),5
Rushworth,GKP,Coventry City,4.5,0.8,3.8,a,90,0,1,2,0,0,1,0.02,0.0,0.02,8.63,1,0,0,0,0,0,1,False,0.0,1.0,Nott'm Forest,29.0,10.0,0.0,3.9,38,2,11,928,12852,Newcastle (Away),5
Dovin,GKP,Coventry City,4.0,1.0,0.0,u,0,0,0,0,0,0,0,0.0,0.0,0.0,0.0,0,0,0,0,0,0,0,False,0.0,1.0,Nott'm Forest,0.0,0.0,0.0,0.0,0,0,0,0,10379,Newcastle (Away),5
Wilson,GKP,Coventry City,4.4,0.4,0.0,a,0,0,0,0,0,0,0,0.0,0.0,0.0,0.0,0,0,0,0,0,0,0,False,0.0,1.0,Nott'm Forest,0.0,0.0,0.0,0.0,0,0,0,436,1736,Newcastle (Away),5
Thomas,DEF,Coventry City,4.0,8.6,5.2,a,90,0,0,0,0,0,0,0.3,0.49,0.79,8.09,1,0,0,0,0,0,1,False,0.0,1.0,Nott'm Forest,27.2,0.6,8.0,3.6,37,1,9,30974,76201,Newcastle (Away),5
Kitching,DEF,Coventry City,4.0,0.3,0.0,u,0,0,0,0,0,0,0,0.0,0.0,0.0,0.0,0,0,0,0,0,0,0,False,0.0,1.0,Nott'm Forest,0.0,0.0,0.0,0.0,0,0,0,0,5337,Newcastle (Away),5
van Ewijk,DEF,Coventry City,4.0,8.8,1.2,d,0,0,0,0,0,0,0,0.3,0.0,0.3,7.53,0,0,0,0,0,0,0,False,0.0,1.0,Nott'm Forest,0.0,0.0,0.0,0.0,0,0,0,13159,113940,Newcastle (Away),5
Dasilva,DEF,Coventry City,4.0,0.7,4.8,a,90,1,0,0,0,1,0,0.52,0.5,1.02,8.63,1,0,0,0,0,0,1,False,0.0,1.0,Nott'm Forest,47.0,15.7,18.0,8.1,40,3,15,903,4913,Newcastle (Away),5
Kesler-Hayden,DEF,Coventry City,3.9,0.0,0.0,i,0,0,0,0,0,0,0,0.0,0.0,0.0,0.0,0,0,0,0,0,0,0,False,0.0,1.0,Nott'm Forest,0.0,0.0,0.0,0.0,0,0,0,186,503,Newcastle (Away),5
Bidwell,DEF,Coventry City,4.0,0.1,0.0,a,0,0,0,0,0,0,0,0.0,0.0,0.0,0.0,0,0,0,0,0,0,0,False,0.0,1.0,Nott'm Forest,0.0,0.0,0.0,0.0,0,0,0,493,704,Newcastle (Away),5
Latibeaudiere,DEF,Coventry City,4.0,0.0,0.2,a,1,0,0,0,0,0,0,0.0,0.0,0.0,0.02,0,0,0,0,0,0,0,False,0.0,1.0,Nott'm Forest,7.0,0.0,0.0,0.7,3,0,1,155,325,Newcastle (Away),5
Woolfenden,DEF,Coventry City,4.0,0.1,0.0,i,0,0,0,0,0,0,0,0.0,0.0,0.0,0.0,0,0,0,0,0,0,0,False,0.0,1.0,Nott'm Forest,0.0,0.0,0.0,0.0,0,0,0,255,1278,Newcastle (Away),5
Brau,DEF,Coventry City,4.0,0.0,0.0,u,0,0,0,0,0,0,0,0.0,0.0,0.0,0.0,0,0,0,0,0,0,0,False,0.0,1.0,Nott'm Forest,0.0,0.0,0.0,0.0,0,0,0,0,280,Newcastle (Away),5
Amenda,DEF,Coventry City,4.0,0.6,0.8,i,0,0,0,0,0,0,0,0.39,0.02,0.41,7.53,0,0,0,0,0,0,0,False,0.0,1.0,Nott'm Forest,0.0,0.0,0.0,0.0,0,0,0,1397,8683,Newcastle (Away),5
Rudoni,MID,Coventry City,4.9,0.1,3.0,a,73,0,0,0,0,0,0,1.11,0.92,2.03,4.49,1,0,0,0,0,0,1,False,0.0,1.0,Nott'm Forest,13.6,25.3,1.0,4.0,16,0,5,549,1744,Newcastle (Away),5
Grimes,MID,Coventry City,4.9,0.1,2.2,a,90,0,0,0,0,0,0,0.13,0.12,0.25,8.42,1,0,0,0,0,0,1,False,0.0,1.0,Nott'm Forest,12.6,15.3,1.0,2.9,17,0,3,594,2218,Newcastle (Away),5
Sakamoto,MID,Coventry City,4.8,0.1,0.2,a,0,0,0,0,0,0,0,0.02,0.02,0.04,0.69,0,0,0,0,0,0,0,False,0.0,1.0,Nott'm Forest,0.0,0.0,0.0,0.0,0,0,0,142,992,Newcastle (Away),5
Mason-Clark,MID,Coventry City,5.3,0.1,1.2,a,45,0,0,0,0,0,0,0.12,0.51,0.63,3.16,0,0,0,0,0,0,1,False,0.0,1.0,Nott'm Forest,5.2,33.8,6.0,4.5,6,0,1,100,936,Newcastle (Away),5
Eccles,MID,Coventry City,4.8,0.0,0.0,i,0,0,0,0,0,0,0,0.0,0.0,0.0,0.0,0,0,0,0,0,0,0,False,0.0,1.0,Nott'm Forest,0.0,0.0,0.0,0.0,0,0,0,17,331,Newcastle (Away),5
Torp,MID,Coventry City,5.3,0.1,0.5,a,0,0,0,0,0,0,0,0.12,0.0,0.12,1.22,0,0,0,0,0,0,0,False,0.0,1.0,Nott'm Forest,0.0,0.0,0.0,0.0,0,0,0,52,1142,Newcastle (Away),5
Shepherd,MID,Coventry City,4.4,0.3,0.0,a,0,0,0,0,0,0,0,0.0,0.0,0.0,0.0,0,0,0,0,0,0,0,False,0.0,1.0,Nott'm Forest,0.0,0.0,0.0,0.0,0,0,0,2708,2959,Newcastle (Away),5
Tchaouna,MID,Coventry City,5.4,0.1,0.8,a,45,0,0,0,0,0,0,0.18,0.23,0.41,3.23,0,0,0,0,0,0,0,False,0.0,1.0,Nott'm Forest,8.4,1.2,17.0,2.7,5,0,1,39,1097,Newcastle (Away),5
Borges Rodrigues,MID,Coventry City,4.5,0.1,0.0,u,0,0,0,0,0,0,0,0.0,0.0,0.0,0.0,0,0,0,0,0,0,0,False,0.0,1.0,Nott'm Forest,0.0,0.0,0.0,0.0,0,0,0,0,1935,Newcastle (Away),5
Andrews,MID,Coventry City,4.5,0.3,0.0,u,0,0,0,0,0,0,0,0.0,0.0,0.0,0.0,0,0,0,0,0,0,0,False,0.0,1.0,Nott'm Forest,0.0,0.0,0.0,0.0,0,0,0,0,5803,Newcastle (Away),5
Wright,FWD,Coventry City,5.4,0.1,0.0,i,0,0,0,0,0,0,0,0.0,0.0,0.0,0.0,0,0,0,0,0,0,0,False,0.0,1.0,Nott'm Forest,0.0,0.0,0.0,0.0,0,0,0,97,1247,Newcastle (Away),5
Thomas-Asante,FWD,Coventry City,5.0,0.8,1.8,a,90,0,0,0,0,0,0,0.06,0.34,0.39,4.98,1,0,0,0,0,0,1,False,0.0,1.0,Nott'm Forest,15.8,0.6,19.0,3.5,16,0,4,8488,12964,Newcastle (Away),5
Simms,FWD,Coventry City,4.9,0.6,0.5,a,16,0,0,0,0,0,0,0.01,0.3,0.31,2.79,0,0,0,0,0,0,0,False,0.0,1.0,Nott'm Forest,0.2,0.3,0.0,0.1,3,0,1,2905,13425,Newcastle (Away),5
Markelo,FWD,Coventry City,5.0,0.0,0.0,u,0,0,0,0,0,0,0,0.0,0.0,0.0,0.0,0,0,0,0,0,0,0,False,0.0,1.0,Nott'm Forest,0.0,0.0,0.0,0.0,0,0,0,0,105,Newcastle (Away),5
Bassette,FWD,Coventry City,4.5,0.0,0.0,u,0,0,0,0,0,0,0,0.0,0.0,0.0,0.0,0,0,0,0,0,0,0,False,0.0,1.0,Nott'm Forest,0.0,0.0,0.0,0.0,0,0,0,0,273,Newcastle (Away),5
Awoniyi,FWD,Coventry City,5.4,0.4,0.5,s,0,0,0,0,0,0,0,0.04,1.3,1.34,3.55,0,0,0,0,0,0,0,False,0.0,1.0,Nott'm Forest,0.0,0.0,0.0,0.0,0,0,0,586,22047,Newcastle (Away),5
Yirenkyi,MID,Coventry City,4.8,0.1,2.0,a,90,0,0,0,0,0,0,0.15,0.03,0.18,4.25,1,0,0,0,0,0,1,False,0.0,1.0,Nott'm Forest,5.0,11.7,0.0,1.7,10,0,3,236,2746,Newcastle (Away),5
Hamer,MID,Coventry City,5.4,0.1,0.5,a,0,0,0,0,0,0,0,0.02,0.0,0.02,0.82,0,0,0,0,0,0,0,False,0.0,1.0,Nott'm Forest,0.0,0.0,0.0,0.0,0,0,0,64,1011,Newcastle (Away),5
Cherif,FWD,Coventry City,5.0,0.1,0.2,a,0,0,0,0,0,0,0,0.0,0.0,0.0,1.43,0,0,0,0,0,0,0,False,0.0,1.0,Nott'm Forest,0.0,0.0,0.0,0.0,0,0,0,1653,1480,Newcastle (Away),5
Bentley,GKP,Coventry City,4.0,0.6,0.0,a,0,0,0,0,0,0,0,0.0,0.0,0.0,0.0,0,0,0,0,0,0,0,False,0.0,1.0,Nott'm Forest,0.0,0.0,0.0,0.0,0,0,0,13315,2971,Newcastle (Away),5
Gboho,MID,Coventry City,5.5,0.0,0.0,a,0,0,0,0,0,0,0,0.0,0.0,0.0,0.0,0,0,0,0,0,0,0,False,0.0,1.0,Nott'm Forest,0.0,0.0,0.0,0.0,0,0,0,133,42,Newcastle (Away),5
Mfuni,DEF,Coventry City,4.0,0.1,3.0,a,90,0,0,0,0,0,0,0.01,0.0,0.01,1.1,1,0,0,0,0,0,1,False,0.0,1.0,Nott'm Forest,17.6,0.7,4.0,2.2,27,0,6,5501,1534,Newcastle (Away),5
Guessand,MID,Crystal Palace,5.4,0.0,0.2,a,0,0,0,0,0,0,0,0.03,0.03,0.06,0.34,0,0,0,0,0,0,0,False,0.0,0.0,Leeds,0.0,0.0,0.0,0.0,0,0,0,319,802,Nott'm Forest (Away),5
Disasi,DEF,Crystal Palace,4.5,0.1,0.2,s,0,0,0,0,0,0,0,0.04,0.0,0.04,3.72,0,0,0,0,0,0,0,False,0.0,0.0,Leeds,0.0,0.0,0.0,0.0,0,0,0,157,5238,Nott'm Forest (Away),5
Henderson,GKP,Crystal Palace,5.0,1.3,0.8,i,0,0,0,0,0,0,0,0.0,0.0,0.0,6.47,0,0,0,0,0,0,0,False,0.0,0.0,Leeds,0.0,0.0,0.0,0.0,0,0,0,210,59922,Nott'm Forest (Away),5
Benitez,GKP,Crystal Palace,4.5,0.1,2.0,a,90,0,0,2,0,0,0,0.0,0.0,0.0,2.99,1,0,0,0,0,0,1,False,0.0,0.0,Leeds,18.6,0.0,0.0,1.9,26,0,6,1413,795,Nott'm Forest (Away),5
Richards,DEF,Crystal Palace,5.0,0.6,2.8,a,90,0,0,0,0,0,0,0.07,0.08,0.15,9.46,1,0,0,0,0,0,1,False,0.0,0.0,Leeds,22.6,0.5,0.0,2.3,29,0,8,1854,9498,Nott'm Forest (Away),5
Canvot,DEF,Crystal Palace,4.8,0.2,2.2,a,90,0,0,0,0,0,0,0.13,0.05,0.18,7.78,1,0,0,0,0,0,1,False,0.0,0.0,Leeds,19.8,17.2,2.0,3.9,26,0,8,259,4716,Nott'm Forest (Away),5
Mitchell,DEF,Crystal Palace,4.5,6.0,5.8,a,90,0,0,0,0,2,0,0.26,0.77,1.03,8.34,1,0,0,0,0,0,1,False,0.0,0.0,Leeds,19.2,3.7,6.0,2.9,30,1,7,21781,73720,Nott'm Forest (Away),5
Sosa,DEF,Crystal Palace,4.5,0.0,0.0,u,0,0,0,0,0,0,0,0.0,0.0,0.0,0.0,0,0,0,0,0,0,0,False,0.0,0.0,Leeds,0.0,0.0,0.0,0.0,0,0,0,0,274,Nott'm Forest (Away),5
Chadi Riad,DEF,Crystal Palace,4.3,0.0,0.0,i,0,0,0,0,0,0,0,0.01,0.0,0.01,0.98,0,0,0,0,0,0,0,False,0.0,0.0,Leeds,0.0,0.0,0.0,0.0,0,0,0,53,383,Nott'm Forest (Away),5
Mingueza,DEF,Crystal Palace,4.4,0.1,0.5,a,0,0,0,0,0,0,0,0.0,0.0,0.0,0.33,0,0,0,0,0,0,0,False,0.0,0.0,Leeds,0.0,0.0,0.0,0.0,0,0,0,250,958,Nott'm Forest (Away),5
Sarr,MID,Crystal Palace,6.2,0.6,0.2,a,8,0,0,0,0,0,0,0.01,0.0,0.01,0.06,0,0,0,0,0,0,0,False,0.0,0.0,Leeds,0.0,0.5,0.0,0.1,3,0,1,1443,12388,Nott'm Forest (Away),5
Wharton,MID,Crystal Palace,5.4,0.7,2.0,a,90,0,0,0,0,0,0,0.58,0.15,0.73,8.91,1,0,0,0,1,0,1,False,0.0,0.0,Leeds,20.0,26.8,13.0,6.0,13,0,2,2827,11875,Nott'm Forest (Away),5
Yeremy,MID,Crystal Palace,5.5,0.3,3.2,a,81,0,0,0,0,0,2,0.55,0.52,1.07,6.93,1,0,0,0,1,0,1,False,0.0,0.0,Leeds,9.4,8.3,10.0,2.8,10,0,2,1928,14161,Nott'm Forest (Away),5
Hughes,MID,Crystal Palace,4.4,7.3,0.5,a,0,0,0,0,0,0,0,0.04,0.0,0.04,1.12,0,0,0,0,0,0,0,False,0.0,0.0,Leeds,0.0,0.0,0.0,0.0,0,0,0,29011,100935,Nott'm Forest (Away),5
Lerma,MID,Crystal Palace,4.8,0.1,0.2,a,45,0,0,0,0,0,0,0.0,0.26,0.26,1.25,0,0,0,0,1,0,0,False,0.0,0.0,Leeds,15.4,0.5,11.0,2.7,3,0,0,179,856,Nott'm Forest (Away),5
Kamada,MID,Crystal Palace,5.0,0.5,4.5,a,90,0,0,0,0,0,3,0.38,0.47,0.85,8.85,1,0,0,0,0,0,1,False,0.0,0.0,Leeds,1.8,4.0,27.0,3.3,12,0,3,22401,7847,Nott'm Forest (Away),5
Devenny,MID,Crystal Palace,5.0,0.0,0.0,u,0,0,0,0,0,0,0,0.0,0.0,0.0,0.0,0,0,0,0,0,0,0,False,0.0,0.0,Leeds,0.0,0.0,0.0,0.0,0,0,0,0,124,Nott'm Forest (Away),5
Esse,MID,Crystal Palace,5.0,0.0,0.0,u,0,0,0,0,0,0,0,0.0,0.0,0.0,0.0,0,0,0,0,0,0,0,False,0.0,0.0,Leeds,0.0,0.0,0.0,0.0,0,0,0,0,405,Nott'm Forest (Away),5
M.França,MID,Crystal Palace,4.9,0.0,0.0,u,0,0,0,0,0,0,0,0.0,0.0,0.0,0.0,0,0,0,0,0,0,0,False,0.0,0.0,Leeds,0.0,0.0,0.0,0.0,0,0,0,0,675,Nott'm Forest (Away),5
Doucouré,MID,Crystal Palace,4.8,0.0,0.0,a,0,0,0,0,0,0,0,0.0,0.0,0.0,0.0,0,0,0,0,0,0,0,False,0.0,0.0,Leeds,0.0,0.0,0.0,0.0,0,0,0,272,848,Nott'm Forest (Away),5
J.Rak-Sakyi,MID,Crystal Palace,4.9,0.0,0.0,u,0,0,0,0,0,0,0,0.0,0.0,0.0,0.0,0,0,0,0,0,0,0,False,0.0,0.0,Leeds,0.0,0.0,0.0,0.0,0,0,0,0,101,Nott'm Forest (Away),5
Cardines,DEF,Crystal Palace,4.5,0.0,0.0,u,0,0,0,0,0,0,0,0.0,0.0,0.0,0.0,0,0,0,0,0,0,0,False,0.0,0.0,Leeds,0.0,0.0,0.0,0.0,0,0,0,0,8,Nott'm Forest (Away),5
Drakes-Thomas,MID,Crystal Palace,4.5,0.1,0.0,a,0,0,0,0,0,0,0,0.0,0.0,0.0,0.0,0,0,0,0,0,0,0,False,0.0,0.0,Leeds,0.0,0.0,0.0,0.0,0,0,0,360,990,Nott'm Forest (Away),5
Strand Larsen,FWD,Crystal Palace,6.0,0.6,3.2,a,81,0,0,0,0,1,0,0.2,0.43,0.63,6.15,1,0,0,0,0,0,1,False,0.0,0.0,Leeds,13.2,15.1,13.0,4.1,10,0,2,15191,11138,Nott'm Forest (Away),5
Mateta,FWD,Crystal Palace,6.3,1.3,0.0,i,0,0,0,0,0,0,0,0.02,0.7,0.72,0.98,0,0,0,0,0,0,0,False,0.0,0.0,Leeds,0.0,0.0,0.0,0.0,0,0,0,232,29534,Nott'm Forest (Away),5
Nketiah,FWD,Crystal Palace,5.5,0.5,1.8,a,8,0,0,0,0,0,1,0.6,1.1,1.7,4.51,0,0,0,0,0,0,0,False,0.0,0.0,Leeds,0.0,0.6,0.0,0.0,2,0,1,1026,22979,Nott'm Forest (Away),5
Uche,FWD,Crystal Palace,5.0,0.0,0.0,u,0,0,0,0,0,0,0,0.0,0.0,0.0,0.0,0,0,0,0,0,0,0,False,0.0,0.0,Leeds,0.0,0.0,0.0,0.0,0,0,0,0,0,Nott'm Forest (Away),5
McNeil,MID,Crystal Palace,5.4,0.1,0.2,a,0,0,0,0,0,0,0,0.02,0.05,0.07,1.18,0,0,0,0,0,0,0,False,0.0,0.0,Leeds,0.0,0.0,0.0,0.0,0,0,0,185,1559,Nott'm Forest (Away),5
Matthews,GKP,Crystal Palace,4.0,1.7,0.0,a,0,0,0,0,0,0,0,0.0,0.0,0.0,0.0,0,0,0,0,0,0,0,False,0.0,0.0,Leeds,0.0,0.0,0.0,0.0,0,0,0,3461,5793,Nott'm Forest (Away),5
Tomiyasu,DEF,Crystal Palace,4.4,0.3,0.5,d,45,0,0,0,0,0,0,0.03,0.0,0.03,3.98,0,0,0,0,0,0,1,False,0.0,0.0,Leeds,10.6,10.6,2.0,2.3,4,0,1,497,2824,Nott'm Forest (Away),5
Khalaili,DEF,Crystal Palace,5.0,0.3,4.5,a,90,0,0,0,0,1,0,0.33,0.96,1.29,8.41,1,0,0,0,0,0,1,False,0.0,0.0,Leeds,15.8,2.5,2.0,2.0,23,0,6,5814,6531,Nott'm Forest (Away),5
Gozo,MID,Crystal Palace,4.9,0.0,0.5,a,0,0,0,0,0,0,0,0.0,0.0,0.0,0.68,0,0,0,0,0,0,0,False,0.0,0.0,Leeds,0.0,0.0,0.0,0.0,0,0,0,81,198,Nott'm Forest (Away),5
Ahanor,DEF,Crystal Palace,4.5,0.0,1.0,a,0,0,0,0,0,0,0,0.01,0.0,0.01,1.68,0,0,0,0,0,0,0,False,0.0,0.0,Leeds,0.0,0.0,0.0,0.0,0,0,0,710,240,Nott'm Forest (Away),5
Chilwell,DEF,Crystal Palace,4.5,0.4,2.7,a,0,0,0,0,0,1,0,0.01,0.27,0.28,1.12,0,0,0,0,0,0,0,False,0.0,0.0,Leeds,0.0,0.0,0.0,0.0,0,0,0,3269,9457,Nott'm Forest (Away),5
Timber,MID,Crystal Palace,5.0,0.0,3.0,a,90,0,0,0,0,0,0,0.06,0.24,0.3,5.56,1,0,0,0,0,0,1,False,0.0,0.0,Leeds,8.4,24.0,6.0,3.8,13,0,3,1410,628,Nott'm Forest (Away),5
Osorio,MID,Crystal Palace,5.5,0.0,0.3,a,0,0,0,0,0,0,0,0.0,0.0,0.0,0.13,0,0,0,0,0,0,0,False,0.0,0.0,Leeds,0.0,0.0,0.0,0.0,0,0,0,80,171,Nott'm Forest (Away),5
Nørgaard,MID,Everton,4.9,0.0,0.0,i,0,0,0,0,0,0,0,0.0,0.0,0.0,0.0,0,0,0,0,0,0,0,True,1.0,0.0,Ipswich Town,0.0,0.0,0.0,0.0,0,0,0,46,783,Hull City (Home),5
Johnson,MID,Everton,5.9,0.1,2.0,a,65,0,0,0,0,0,0,0.22,1.03,1.25,3.73,1,0,0,0,0,0,1,True,1.0,0.0,Ipswich Town,0.0,0.6,10.0,1.0,6,0,3,2308,1461,Hull City (Home),5
Pickford,GKP,Everton,5.5,9.1,4.5,a,90,0,0,4,0,0,0,0.02,0.0,0.02,6.94,1,0,0,0,0,0,1,True,1.0,0.0,Ipswich Town,35.0,0.0,0.0,3.5,34,1,8,77729,41026,Hull City (Home),5
Travers,GKP,Everton,5.0,0.0,0.0,a,0,0,0,0,0,0,0,0.0,0.0,0.0,0.0,0,0,0,0,0,0,0,True,1.0,0.0,Ipswich Town,0.0,0.0,0.0,0.0,0,0,0,576,462,Hull City (Home),5
King,GKP,Everton,4.5,0.0,0.0,a,0,0,0,0,0,0,0,0.0,0.0,0.0,0.0,0,0,0,0,0,0,0,True,1.0,0.0,Ipswich Town,0.0,0.0,0.0,0.0,0,0,0,243,296,Hull City (Home),5
Tarkowski,DEF,Everton,6.1,16.2,9.2,a,90,0,1,0,0,1,1,0.04,0.18,0.22,6.94,1,0,0,0,0,0,1,True,1.0,0.0,Ipswich Town,36.0,10.7,1.0,4.8,43,3,14,292865,49201,Hull City (Home),5
Branthwaite,DEF,Everton,5.5,2.4,5.2,a,90,0,0,0,0,0,0,0.02,0.17,0.19,6.94,1,0,0,0,0,0,1,True,1.0,0.0,Ipswich Town,32.6,0.9,0.0,3.4,27,0,8,50096,13193,Hull City (Home),5
Keane,DEF,Everton,4.8,0.7,0.0,a,0,0,0,0,0,0,0,0.0,0.0,0.0,0.0,0,0,0,0,0,0,0,True,1.0,0.0,Ipswich Town,0.0,0.0,0.0,0.0,0,0,0,2083,12209,Hull City (Home),5
O'Brien,DEF,Everton,4.8,0.3,0.5,a,1,0,0,0,0,0,0,0.0,0.0,0.0,0.42,0,0,0,0,0,0,0,True,1.0,0.0,Ipswich Town,2.0,0.0,0.0,0.2,3,0,1,1257,2773,Hull City (Home),5
Mykolenko,DEF,Everton,4.6,4.2,5.2,a,90,0,0,0,0,0,0,0.16,0.04,0.2,6.94,1,0,0,0,1,0,1,True,1.0,0.0,Ipswich Town,18.8,7.1,7.0,3.3,29,0,5,238606,24122,Hull City (Home),5
Patterson,DEF,Everton,4.5,0.0,0.0,u,0,0,0,0,0,0,0,0.0,0.0,0.0,0.0,0,0,0,0,0,0,0,True,1.0,0.0,Ipswich Town,0.0,0.0,0.0,0.0,0,0,0,0,321,Hull City (Home),5
Aznou,DEF,Everton,4.0,0.1,0.0,u,0,0,0,0,0,0,0,0.0,0.0,0.0,0.0,0,0,0,0,0,0,0,True,1.0,0.0,Ipswich Town,0.0,0.0,0.0,0.0,0,0,0,0,1647,Hull City (Home),5
Dewsbury-Hall,MID,Everton,6.6,6.0,2.2,a,90,0,0,0,0,1,0,0.83,0.99,1.82,6.74,1,0,0,0,0,0,1,True,1.0,0.0,Ipswich Town,1.6,31.2,28.0,6.1,10,0,3,216116,59560,Hull City (Home),5
Grealish,MID,Everton,6.5,0.5,1.2,a,78,0,0,0,0,0,0,0.44,0.02,0.46,1.67,1,0,0,0,0,0,1,True,1.0,0.0,Ipswich Town,11.2,57.6,8.0,7.7,22,0,3,10313,6038,Hull City (Home),5
Garner,MID,Everton,6.0,0.2,2.5,a,90,0,0,0,0,0,0,0.17,0.2,0.37,3.45,1,0,0,0,0,0,1,True,1.0,0.0,Ipswich Town,10.0,19.2,4.0,3.3,14,0,3,12252,3224,Hull City (Home),5
George,MID,Everton,5.5,0.9,4.0,a,11,0,0,0,0,1,0,0.32,0.35,0.67,3.71,0,0,0,0,0,0,0,True,1.0,0.0,Ipswich Town,0.4,0.8,4.0,0.5,4,0,1,50560,10957,Hull City (Home),5
Alcaraz,MID,Everton,4.9,0.1,0.0,a,0,0,0,0,0,0,0,0.02,0.05,0.07,0.04,0,0,0,0,0,0,0,True,1.0,0.0,Ipswich Town,0.0,0.0,0.0,0.0,0,0,0,539,1031,Hull City (Home),5
Armstrong,MID,Everton,5.0,0.4,2.0,a,90,0,0,0,0,0,1,0.49,0.21,0.7,6.94,1,0,0,0,1,0,1,True,1.0,0.0,Ipswich Town,5.0,26.3,4.0,3.5,13,0,2,5950,8858,Hull City (Home),5
Dibling,MID,Everton,5.4,0.0,0.2,a,24,0,0,0,0,0,0,0.16,0.17,0.33,0.38,0,0,0,0,0,0,0,True,1.0,0.0,Ipswich Town,7.2,24.4,26.0,5.8,10,0,1,288,375,Hull City (Home),5
Röhl,MID,Everton,4.9,0.0,0.8,i,0,0,0,0,0,0,0,0.2,0.0,0.2,4.52,0,0,0,0,0,0,0,True,1.0,0.0,Ipswich Town,0.0,0.0,0.0,0.0,0,0,0,285,1256,Hull City (Home),5
Hackney,MID,Everton,5.4,0.2,1.8,a,1,0,0,0,0,0,1,0.13,0.05,0.18,3.91,0,0,0,0,0,0,0,True,1.0,0.0,Ipswich Town,0.2,0.1,0.0,0.0,3,0,1,726,1962,Hull City (Home),5
Beto,FWD,Everton,5.4,0.6,0.2,u,0,0,0,0,0,0,0,0.0,0.09,0.09,1.92,0,0,0,0,0,0,0,True,1.0,0.0,Ipswich Town,0.0,0.0,0.0,0.0,0,0,0,0,25316,Hull City (Home),5
Barry,FWD,Everton,5.6,8.2,3.0,a,90,1,0,0,0,2,0,0.15,3.5,3.65,5.02,1,0,0,0,0,0,1,True,1.0,0.0,Ipswich Town,34.4,12.3,27.0,7.4,28,0,6,262211,84330,Hull City (Home),5
Maitland-Niles,DEF,Everton,4.5,1.4,7.0,a,90,0,0,0,0,1,0,0.25,0.06,0.31,2.0,1,0,0,0,0,0,1,True,1.0,0.0,Ipswich Town,23.8,26.0,0.0,5.0,39,2,8,54068,6062,Hull City (Home),5
Graham,MID,Everton,4.5,0.1,0.0,a,0,0,0,0,0,0,0,0.0,0.0,0.0,0.0,0,0,0,0,0,0,0,True,1.0,0.0,Ipswich Town,0.0,0.0,0.0,0.0,0,0,0,1585,2244,Hull City (Home),5
Leno,GKP,Fulham,4.5,3.3,4.0,a,90,0,0,5,1,0,0,0.0,0.0,0.0,9.11,0,0,0,0,0,0,1,True,1.0,1.0,Man Utd,34.6,0.0,0.0,3.5,18,0,3,37373,17412,Ipswich Town (Home),5
Lecomte,GKP,Fulham,4.0,1.1,0.0,a,0,0,0,0,0,0,0,0.0,0.0,0.0,0.0,0,0,0,0,0,0,0,True,1.0,1.0,Man Utd,0.0,0.0,0.0,0.0,0,0,0,3635,4286,Ipswich Town (Home),5
McNally,GKP,Fulham,4.0,0.1,0.0,u,0,0,0,0,0,0,0,0.0,0.0,0.0,0.0,0,0,0,0,0,0,0,True,1.0,1.0,Man Utd,0.0,0.0,0.0,0.0,0,0,0,0,908,Ipswich Town (Home),5
Andersen,DEF,Fulham,5.0,0.2,0.8,a,10,0,0,0,1,0,0,0.1,0.0,0.1,4.35,0,0,0,0,0,0,0,True,1.0,1.0,Man Utd,10.0,0.0,0.0,1.0,0,0,1,1831,2077,Ipswich Town (Home),5
Robinson,DEF,Fulham,4.5,1.4,2.8,a,90,0,0,0,1,0,0,0.3,0.26,0.56,9.08,0,0,0,0,0,0,1,True,1.0,1.0,Man Utd,30.0,30.0,0.0,6.0,19,0,2,11569,11279,Ipswich Town (Home),5
J.Cuenca,DEF,Fulham,4.5,0.0,0.0,a,0,0,0,0,0,0,0,0.03,0.0,0.03,2.24,0,0,0,0,0,0,0,True,1.0,1.0,Man Utd,0.0,0.0,0.0,0.0,0,0,0,89,332,Ipswich Town (Home),5
Tete,DEF,Fulham,4.4,0.2,0.0,a,0,0,0,0,0,0,0,0.0,0.0,0.0,0.65,0,0,0,0,0,0,0,True,1.0,1.0,Man Utd,0.0,0.0,0.0,0.0,0,0,0,326,2073,Ipswich Town (Home),5
Bassey,DEF,Fulham,4.5,0.7,3.8,a,90,0,1,0,1,0,1,0.08,0.13,0.21,9.11,0,0,0,0,0,0,1,True,1.0,1.0,Man Utd,26.6,1.8,17.0,4.5,26,1,6,3658,3913,Ipswich Town (Home),5
Castagne,DEF,Fulham,4.5,0.9,3.5,a,90,0,0,0,1,0,2,0.39,0.67,1.06,6.81,0,0,0,0,1,0,1,True,1.0,1.0,Man Utd,20.6,5.2,2.0,2.8,3,0,1,14129,7614,Ipswich Town (Home),5
Iwobi,MID,Fulham,5.4,0.7,3.0,a,70,0,0,0,0,0,0,1.22,0.39,1.61,8.16,1,0,0,0,0,0,1,True,1.0,1.0,Man Utd,21.0,63.3,26.0,11.0,27,2,5,3075,9579,Ipswich Town (Home),5
Smith Rowe,MID,Fulham,5.3,0.2,0.8,a,0,0,0,0,0,0,0,0.02,0.06,0.08,0.87,0,0,0,0,0,0,0,True,1.0,1.0,Man Utd,0.0,0.0,0.0,0.0,0,0,0,582,3491,Ipswich Town (Home),5
Kevin,MID,Fulham,5.3,0.0,0.8,a,19,0,0,0,1,0,0,0.12,0.07,0.19,1.23,0,0,0,0,0,0,0,True,1.0,1.0,Man Utd,5.2,0.1,17.0,2.2,6,0,1,596,671,Ipswich Town (Home),5
Bobb,MID,Fulham,5.5,0.3,2.8,a,70,0,0,0,0,0,0,1.14,0.54,1.68,6.19,1,0,0,0,0,0,1,True,1.0,1.0,Man Utd,4.0,3.7,8.0,1.6,6,0,3,2742,3876,Ipswich Town (Home),5
Berge,MID,Fulham,4.9,0.3,2.2,a,76,0,0,0,0,0,0,0.36,0.08,0.44,7.36,1,0,0,0,0,0,1,True,1.0,1.0,Man Utd,10.0,15.4,7.0,3.2,16,0,3,1643,3196,Ipswich Town (Home),5
Cairney,MID,Fulham,4.9,0.0,0.0,i,0,0,0,0,0,0,0,0.0,0.0,0.0,0.0,0,0,0,0,0,0,0,True,1.0,1.0,Man Utd,0.0,0.0,0.0,0.0,0,0,0,15,61,Ipswich Town (Home),5
King,MID,Fulham,5.5,2.5,4.2,a,79,0,0,0,0,2,0,0.46,1.54,2.0,8.29,1,0,0,0,1,0,1,True,1.0,1.0,Man Utd,3.2,6.8,46.0,5.6,10,0,2,104721,26450,Ipswich Town (Home),5
Sessegnon,DEF,Fulham,4.3,0.3,0.5,a,0,0,0,0,0,0,0,0.44,0.13,0.57,1.8,0,0,0,0,0,0,0,True,1.0,1.0,Man Utd,0.0,0.0,0.0,0.0,0,0,0,228,5290,Ipswich Town (Home),5
Reed,MID,Fulham,4.4,1.1,0.0,a,0,0,0,0,0,0,0,0.0,0.0,0.0,0.0,0,0,0,0,0,0,0,True,1.0,1.0,Man Utd,0.0,0.0,0.0,0.0,0,0,0,16215,16645,Ipswich Town (Home),5
Muniz,FWD,Fulham,5.4,0.4,0.5,a,10,0,0,0,1,0,0,0.0,0.4,0.4,0.85,0,0,0,0,1,0,0,True,1.0,1.0,Man Utd,0.2,0.3,0.0,0.1,-1,0,0,3484,6327,Ipswich Town (Home),5
Kusi-Asare,FWD,Fulham,4.5,5.4,0.0,a,0,0,0,0,0,0,0,0.0,0.0,0.0,0.0,0,0,0,0,0,0,0,True,1.0,1.0,Man Utd,0.0,0.0,0.0,0.0,0,0,0,30186,70844,Ipswich Town (Home),5
Gonzalo,FWD,Fulham,6.0,3.9,2.0,a,79,0,0,0,0,1,0,0.58,2.33,2.91,8.29,1,0,0,0,0,0,1,True,1.0,1.0,Man Utd,0.0,14.8,12.0,2.3,3,0,2,42871,74168,Ipswich Town (Home),5
Palacios,MID,Fulham,5.4,0.2,2.5,a,19,0,0,0,1,1,0,0.03,0.98,1.01,5.46,0,0,0,0,0,0,0,True,1.0,1.0,Man Utd,5.8,10.3,0.0,1.6,5,0,1,1918,2374,Ipswich Town (Home),5
Charles,MID,Fulham,5.0,0.1,3.0,a,90,0,0,0,1,0,0,0.16,0.09,0.25,6.65,0,0,0,0,0,0,1,True,1.0,1.0,Man Utd,40.0,3.4,0.0,4.3,16,0,4,742,693,Ipswich Town (Home),5
De Fougerolles,DEF,Fulham,4.0,0.1,0.0,u,0,0,0,0,0,0,0,0.0,0.0,0.0,0.0,0,0,0,0,0,0,0,True,1.0,1.0,Man Utd,0.0,0.0,0.0,0.0,0,0,0,0,1168,Ipswich Town (Home),5
Zepa,MID,Fulham,4.5,0.3,0.0,a,0,0,0,0,0,0,0,0.0,0.0,0.0,0.0,0,0,0,0,0,0,0,True,1.0,1.0,Man Utd,0.0,0.0,0.0,0.0,0,0,0,996,4857,Ipswich Town (Home),5
Larsson,MID,Fulham,5.0,0.0,1.0,a,13,0,0,0,1,0,0,0.23,0.13,0.36,0.88,0,0,0,0,0,0,0,True,1.0,1.0,Man Utd,3.2,0.1,0.0,0.3,3,0,1,191,125,Ipswich Town (Home),5
Ángel,MID,Fulham,5.0,0.0,0.0,a,0,0,0,0,0,0,0,0.0,0.0,0.0,0.0,0,0,0,0,0,0,0,True,1.0,1.0,Man Utd,0.0,0.0,0.0,0.0,0,0,0,84,74,Ipswich Town (Home),5
Affengruber,DEF,Fulham,4.5,0.1,4.0,a,90,0,0,0,1,0,0,0.02,0.0,0.02,2.88,0,0,0,0,0,0,1,True,1.0,1.0,Man Utd,32.4,11.3,0.0,4.4,17,0,4,2400,493,Ipswich Town (Home),5
Iroegbunam,MID,Hull City,5.0,0.0,0.5,a,45,0,0,0,0,0,0,0.01,0.12,0.13,0.6,0,0,0,0,0,0,0,False,2.0,1.0,Newcastle,6.2,11.3,10.0,2.8,6,0,1,374,273,Everton (Away),5
Phillips,GKP,Hull City,4.0,1.4,0.0,a,0,0,0,0,0,0,0,0.0,0.0,0.0,0.0,0,0,0,0,0,0,0,False,2.0,1.0,Newcastle,0.0,0.0,0.0,0.0,0,0,0,5096,6736,Everton (Away),5
Butland,GKP,Hull City,4.4,0.1,0.0,i,0,0,0,0,0,0,0,0.0,0.0,0.0,0.0,0,0,0,0,0,0,0,False,2.0,1.0,Newcastle,0.0,0.0,0.0,0.0,0,0,0,109,569,Everton (Away),5
Cartwright,GKP,Hull City,4.0,0.0,0.0,u,0,0,0,0,0,0,0,0.0,0.0,0.0,0.0,0,0,0,0,0,0,0,False,2.0,1.0,Newcastle,0.0,0.0,0.0,0.0,0,0,0,0,41,Everton (Away),5
Lo-Tutala,GKP,Hull City,4.0,0.0,0.0,u,0,0,0,0,0,0,0,0.0,0.0,0.0,0.0,0,0,0,0,0,0,0,False,2.0,1.0,Newcastle,0.0,0.0,0.0,0.0,0,0,0,0,135,Everton (Away),5
Egan,DEF,Hull City,4.1,7.0,4.5,a,77,0,0,0,2,0,0,0.0,0.05,0.05,7.27,0,0,0,0,0,0,1,False,2.0,1.0,Newcastle,14.0,0.2,13.0,2.7,2,0,1,120781,44497,Everton (Away),5
Hughes,DEF,Hull City,3.9,0.2,0.0,i,0,0,0,0,0,0,0,0.0,0.0,0.0,0.0,0,0,0,0,0,0,0,False,2.0,1.0,Newcastle,0.0,0.0,0.0,0.0,0,0,0,15378,5637,Everton (Away),5
Ajayi,DEF,Hull City,4.2,14.0,3.2,a,90,0,0,0,2,1,0,0.01,0.66,0.67,6.43,0,0,0,0,0,0,1,False,2.0,1.0,Newcastle,9.4,1.2,10.0,2.1,5,0,1,250066,87117,Everton (Away),5
Coyle,DEF,Hull City,4.0,0.7,2.0,a,90,0,0,0,2,0,0,0.07,0.13,0.2,6.22,0,0,0,0,0,0,1,False,2.0,1.0,Newcastle,6.6,2.8,6.0,1.5,3,0,1,11929,4413,Everton (Away),5
Drameh,DEF,Hull City,4.0,0.0,0.2,u,0,0,0,0,0,0,0,0.0,0.05,0.05,0.87,0,0,0,0,0,0,0,False,2.0,1.0,Newcastle,0.0,0.0,0.0,0.0,0,0,0,0,664,Everton (Away),5
Giles,DEF,Hull City,4.0,2.9,4.5,a,90,0,0,0,2,0,1,0.43,0.02,0.45,7.33,0,0,0,0,1,0,1,False,2.0,1.0,Newcastle,12.2,38.8,0.0,5.1,-1,0,0,141201,22835,Everton (Away),5
Jacob,DEF,Hull City,4.0,0.0,0.0,u,0,0,0,0,0,0,0,0.0,0.0,0.0,0.0,0,0,0,0,0,0,0,False,2.0,1.0,Newcastle,0.0,0.0,0.0,0.0,0,0,0,0,94,Everton (Away),5
McCarthy,DEF,Hull City,4.0,0.1,0.0,a,0,0,0,0,0,0,0,0.0,0.0,0.0,0.0,0,0,0,0,0,0,0,False,2.0,1.0,Newcastle,0.0,0.0,0.0,0.0,0,0,0,1366,941,Everton (Away),5
McNair,DEF,Hull City,4.0,0.1,0.0,a,0,0,0,0,0,0,0,0.0,0.0,0.0,0.96,0,0,0,0,0,0,0,False,2.0,1.0,Newcastle,0.0,0.0,0.0,0.0,0,0,0,725,917,Everton (Away),5
Belloumi,MID,Hull City,5.1,5.0,7.0,a,82,0,1,0,2,2,2,0.43,0.72,1.15,6.44,0,0,0,0,1,0,1,False,2.0,1.0,Newcastle,33.0,29.1,41.0,10.3,22,0,4,362918,33910,Everton (Away),5
Millar,MID,Hull City,5.0,0.0,1.5,u,0,0,0,0,0,1,0,0.0,0.58,0.58,0.87,0,0,0,0,0,0,0,False,2.0,1.0,Newcastle,0.0,0.0,0.0,0.0,0,0,0,0,1008,Everton (Away),5
Dowell,MID,Hull City,4.5,0.3,0.0,a,0,0,0,0,0,0,0,0.0,0.0,0.0,0.0,0,0,0,0,0,0,0,False,2.0,1.0,Newcastle,0.0,0.0,0.0,0.0,0,0,0,1553,4474,Everton (Away),5
Crooks,MID,Hull City,4.4,0.5,0.2,a,45,0,0,0,2,0,0,0.12,0.0,0.12,3.57,0,0,0,0,1,0,1,False,2.0,1.0,Newcastle,7.8,14.5,0.0,2.2,6,0,0,4076,6306,Everton (Away),5
Slater,MID,Hull City,4.5,5.3,2.2,a,77,0,0,0,2,0,1,0.59,0.21,0.8,7.27,0,0,0,0,0,0,1,False,2.0,1.0,Newcastle,4.2,23.8,9.0,3.7,9,0,2,62686,63572,Everton (Away),5
Matazo,MID,Hull City,4.5,0.0,0.0,i,0,0,0,0,0,0,0,0.0,0.0,0.0,0.0,0,0,0,0,0,0,0,False,2.0,1.0,Newcastle,0.0,0.0,0.0,0.0,0,0,0,67,90,Everton (Away),5
Ömür,MID,Hull City,4.9,0.0,0.0,a,0,0,0,0,0,0,0,0.0,0.0,0.0,0.0,0,0,0,0,0,0,0,False,2.0,1.0,Newcastle,0.0,0.0,0.0,0.0,0,0,0,288,312,Everton (Away),5
Kamara,MID,Hull City,5.0,0.0,0.0,u,0,0,0,0,0,0,0,0.0,0.0,0.0,0.0,0,0,0,0,0,0,0,False,2.0,1.0,Newcastle,0.0,0.0,0.0,0.0,0,0,0,0,22,Everton (Away),5
Zambrano,MID,Hull City,4.5,0.1,0.0,a,0,0,0,0,0,0,0,0.0,0.0,0.0,0.0,0,0,0,0,0,0,0,False,2.0,1.0,Newcastle,0.0,0.0,0.0,0.0,0,0,0,1214,1151,Everton (Away),5
McBurnie,FWD,Hull City,5.5,1.9,2.0,a,90,0,0,0,2,0,2,0.13,1.23,1.36,7.21,0,0,0,0,1,0,1,False,2.0,1.0,Newcastle,3.0,12.6,20.0,3.6,5,0,1,35498,28675,Everton (Away),5
Akintola,MID,Hull City,5.0,0.0,0.0,u,0,0,0,0,0,0,0,0.0,0.0,0.0,0.0,0,0,0,0,0,0,0,False,2.0,1.0,Newcastle,0.0,0.0,0.0,0.0,0,0,0,0,1213,Everton (Away),5
Gyabi,MID,Hull City,4.4,0.0,0.0,i,0,0,0,0,0,0,0,0.0,0.0,0.0,0.0,0,0,0,0,0,0,0,False,2.0,1.0,Newcastle,0.0,0.0,0.0,0.0,0,0,0,61,217,Everton (Away),5
Destan,FWD,Hull City,4.5,0.2,0.0,u,0,0,0,0,0,0,0,0.0,0.0,0.0,0.0,0,0,0,0,0,0,0,False,2.0,1.0,Newcastle,0.0,0.0,0.0,0.0,0,0,0,0,2761,Everton (Away),5
Burstow,FWD,Hull City,4.5,0.0,0.0,u,0,0,0,0,0,0,0,0.0,0.0,0.0,0.0,0,0,0,0,0,0,0,False,2.0,1.0,Newcastle,0.0,0.0,0.0,0.0,0,0,0,0,365,Everton (Away),5
Gelhardt,MID,Hull City,5.0,0.0,0.2,a,7,0,0,0,0,0,0,0.02,0.1,0.12,0.13,0,0,0,0,0,0,0,False,2.0,1.0,Newcastle,1.6,1.3,12.0,1.5,5,0,1,281,233,Everton (Away),5
Targett,DEF,Hull City,4.0,1.6,0.0,d,0,0,0,0,0,0,0,0.0,0.0,0.0,0.07,0,0,0,0,0,0,0,False,2.0,1.0,Newcastle,0.0,0.0,0.0,0.0,0,0,0,3674,19477,Everton (Away),5
Morita,MID,Hull City,5.0,0.0,0.2,i,0,0,0,0,0,0,0,0.0,0.0,0.0,1.09,0,0,0,0,0,0,0,False,2.0,1.0,Newcastle,0.0,0.0,0.0,0.0,0,0,0,23,441,Everton (Away),5
Tzolakis,GKP,Hull City,4.7,12.7,6.0,a,90,0,0,3,2,0,0,0.0,0.0,0.0,7.4,0,0,0,1,1,0,1,False,2.0,1.0,Newcastle,48.2,0.0,0.0,4.8,16,0,6,162718,54614,Everton (Away),5
Hjertø-Dahl,MID,Hull City,4.9,0.1,0.2,a,0,0,0,0,0,0,0,0.0,0.0,0.0,0.0,0,0,0,0,0,0,0,False,2.0,1.0,Newcastle,0.0,0.0,0.0,0.0,0,0,0,289,826,Everton (Away),5
Stroud,MID,Hull City,5.0,0.1,1.0,a,0,0,0,0,0,0,0,0.05,0.06,0.11,4.32,0,0,0,0,0,0,0,False,2.0,1.0,Newcastle,0.0,0.0,0.0,0.0,0,0,0,701,909,Everton (Away),5
Herrington,DEF,Hull City,4.0,0.6,1.0,a,90,0,0,0,2,0,0,0.04,0.02,0.06,3.36,0,0,0,0,0,0,1,False,2.0,1.0,Newcastle,23.6,22.4,11.0,5.7,11,0,1,3458,3594,Everton (Away),5
Mendy,DEF,Hull City,4.1,6.3,2.5,a,0,0,0,0,0,1,0,0.0,0.32,0.32,4.02,0,0,0,0,0,0,0,False,2.0,1.0,Newcastle,0.0,0.0,0.0,0.0,0,0,0,13422,166297,Everton (Away),5
Gourna-Douath,MID,Hull City,5.0,0.0,1.0,a,12,0,0,0,0,0,0,0.03,0.03,0.06,2.26,0,0,0,0,0,0,0,False,2.0,1.0,Newcastle,3.2,11.0,2.0,1.6,5,0,1,149,292,Everton (Away),5
Cho,MID,Hull City,5.0,0.0,2.2,a,27,1,0,0,0,1,0,0.36,0.79,1.15,0.98,0,0,0,0,0,0,0,False,2.0,1.0,Newcastle,39.2,25.1,17.0,8.1,25,0,6,401,229,Everton (Away),5
Ansah,FWD,Hull City,5.0,0.0,0.0,i,0,0,0,0,0,0,0,0.0,0.0,0.0,0.0,0,0,0,0,0,0,0,False,2.0,1.0,Newcastle,0.0,0.0,0.0,0.0,0,0,0,151,1318,Everton (Away),5
Vaz,FWD,Hull City,5.0,0.1,0.7,a,12,0,0,0,0,0,0,0.01,0.0,0.01,0.31,0,0,0,0,0,0,0,False,2.0,1.0,Newcastle,2.4,11.2,2.0,1.6,5,0,1,5586,1718,Everton (Away),5
Norton-Cuffy,DEF,Hull City,4.0,0.2,0.3,d,0,0,0,0,0,0,0,0.0,0.05,0.05,0.3,0,0,0,0,0,0,0,False,2.0,1.0,Newcastle,0.0,0.0,0.0,0.0,0,0,0,5014,3577,Everton (Away),5
Thomas,MID,Hull City,5.5,0.0,1.3,a,62,0,0,0,2,0,0,0.11,0.21,0.32,2.04,0,0,0,0,0,0,1,False,2.0,1.0,Newcastle,0.0,15.3,8.0,2.0,2,0,2,1275,514,Everton (Away),5
Mouzakitis,MID,Hull City,5.0,0.0,0.0,a,0,0,0,0,0,0,0,0.0,0.0,0.0,0.0,0,0,0,0,0,0,0,False,2.0,1.0,Newcastle,0.0,0.0,0.0,0.0,0,0,0,212,112,Everton (Away),5
Diop,DEF,Ipswich Town,4.0,12.8,2.5,a,90,0,0,0,1,0,0,0.16,0.06,0.22,8.98,0,0,0,0,0,0,1,False,1.0,0.0,Everton,31.4,10.5,5.0,4.7,13,0,4,19674,112946,Fulham (Away),5
Lukić,MID,Ipswich Town,4.9,0.1,1.5,a,72,0,0,0,1,0,1,0.41,0.02,0.43,7.37,0,0,0,0,0,0,1,False,1.0,0.0,Everton,9.6,16.8,0.0,2.6,14,0,2,469,1385,Fulham (Away),5
Walton,GKP,Ipswich Town,4.4,0.4,0.5,a,90,0,0,1,1,0,0,0.01,0.0,0.01,2.24,0,0,0,0,0,0,1,False,1.0,0.0,Everton,12.0,0.0,0.0,1.2,10,0,2,763,2106,Fulham (Away),5
Palmer,GKP,Ipswich Town,4.0,3.9,0.0,a,0,0,0,0,0,0,0,0.0,0.0,0.0,0.0,0,0,0,0,0,0,0,False,1.0,0.0,Everton,0.0,0.0,0.0,0.0,0,0,0,9183,20140,Fulham (Away),5
Button,GKP,Ipswich Town,4.0,0.6,0.0,a,0,0,0,0,0,0,0,0.0,0.0,0.0,0.0,0,0,0,0,0,0,0,False,1.0,0.0,Everton,0.0,0.0,0.0,0.0,0,0,0,2951,2340,Fulham (Away),5
Kipré,DEF,Ipswich Town,3.9,0.9,0.0,a,0,0,0,0,0,0,0,0.0,0.0,0.0,0.0,0,0,0,0,0,0,0,False,1.0,0.0,Everton,0.0,0.0,0.0,0.0,0,0,0,43068,10246,Fulham (Away),5
O'Shea,DEF,Ipswich Town,4.0,2.7,1.5,a,90,0,0,0,1,0,0,0.26,0.07,0.33,8.98,0,0,0,0,0,0,1,False,1.0,0.0,Everton,28.6,10.5,2.0,4.1,12,0,2,7422,21615,Fulham (Away),5
Davis,DEF,Ipswich Town,4.0,6.9,5.8,a,90,0,0,0,1,2,2,0.46,1.59,2.05,8.98,0,0,0,0,0,0,1,False,1.0,0.0,Everton,10.4,6.3,9.0,2.6,2,0,2,204377,35843,Fulham (Away),5
Greaves,DEF,Ipswich Town,4.0,1.1,0.2,a,0,0,0,0,0,0,0,0.06,0.0,0.06,6.74,0,0,0,0,0,0,0,False,1.0,0.0,Everton,0.0,0.0,0.0,0.0,0,0,0,1426,7695,Fulham (Away),5
Johnson,DEF,Ipswich Town,4.0,0.1,0.0,u,0,0,0,0,0,0,0,0.0,0.0,0.0,0.0,0,0,0,0,0,0,0,False,1.0,0.0,Everton,0.0,0.0,0.0,0.0,0,0,0,0,1177,Fulham (Away),5
Furlong,DEF,Ipswich Town,3.9,0.6,0.2,a,0,0,0,0,0,0,0,0.0,0.0,0.0,0.86,0,0,0,0,0,0,0,False,1.0,0.0,Everton,0.0,0.0,0.0,0.0,0,0,0,11325,4097,Fulham (Away),5
Núñez,MID,Ipswich Town,4.9,0.1,0.5,a,0,0,0,0,0,0,0,0.05,0.03,0.08,3.48,0,0,0,0,0,0,0,False,1.0,0.0,Everton,0.0,0.0,0.0,0.0,0,0,0,337,1767,Fulham (Away),5
Matusiwa,MID,Ipswich Town,4.9,0.0,0.0,a,0,0,0,0,0,0,0,0.0,0.0,0.0,0.0,0,0,0,0,0,0,0,False,1.0,0.0,Everton,0.0,0.0,0.0,0.0,0,0,0,51,36,Fulham (Away),5
Burns,MID,Ipswich Town,5.0,0.0,0.0,u,0,0,0,0,0,0,0,0.0,0.0,0.0,0.0,0,0,0,0,0,0,0,False,1.0,0.0,Everton,0.0,0.0,0.0,0.0,0,0,0,0,21,Fulham (Away),5
Taylor,MID,Ipswich Town,4.4,0.0,0.0,i,0,0,0,0,0,0,0,0.0,0.0,0.0,0.0,0,0,0,0,0,0,0,False,1.0,0.0,Everton,0.0,0.0,0.0,0.0,0,0,0,99,349,Fulham (Away),5
Clarke,MID,Ipswich Town,5.4,0.2,1.0,a,65,0,0,0,1,1,0,0.37,0.3,0.67,1.97,0,0,0,0,0,0,1,False,1.0,0.0,Everton,10.0,30.1,2.0,4.2,10,0,2,514,2903,Fulham (Away),5
Ogbene,MID,Ipswich Town,4.9,0.0,0.0,u,0,0,0,0,0,0,0,0.0,0.0,0.0,0.0,0,0,0,0,0,0,0,False,1.0,0.0,Everton,0.0,0.0,0.0,0.0,0,0,0,0,155,Fulham (Away),5
Fatawu,MID,Ipswich Town,5.4,0.2,1.5,s,66,0,0,0,1,0,1,1.11,0.17,1.28,7.79,0,0,0,0,0,1,1,False,1.0,0.0,Everton,3.2,18.8,21.0,4.3,4,0,-1,636,2667,Fulham (Away),5
Emersonn,FWD,Ipswich Town,5.5,3.5,4.2,a,80,0,0,0,1,2,1,0.12,1.61,1.73,4.29,0,0,0,0,0,0,1,False,1.0,0.0,Everton,2.4,0.6,21.0,2.4,9,0,2,160060,26867,Fulham (Away),5
Hirst,FWD,Ipswich Town,5.0,0.1,0.0,u,0,0,0,0,0,0,0,0.0,0.0,0.0,0.0,0,0,0,0,0,0,0,False,1.0,0.0,Everton,0.0,0.0,0.0,0.0,0,0,0,0,1398,Fulham (Away),5
Philogene,MID,Ipswich Town,5.4,0.1,0.5,a,24,0,0,0,0,0,0,0.01,0.08,0.08,0.97,0,0,0,0,0,0,0,False,1.0,0.0,Everton,1.4,3.8,4.0,0.9,5,0,1,83,405,Fulham (Away),5
Szmodics,MID,Ipswich Town,5.0,0.0,0.0,u,0,0,0,0,0,0,0,0.0,0.0,0.0,0.0,0,0,0,0,0,0,0,False,1.0,0.0,Everton,0.0,0.0,0.0,0.0,0,0,0,0,60,Fulham (Away),5
Akpom,FWD,Ipswich Town,5.0,1.2,1.5,a,9,0,0,0,0,1,0,0.0,1.14,1.14,4.2,0,0,0,0,0,0,0,False,1.0,0.0,Everton,0.0,0.8,5.0,0.6,3,0,1,22206,21609,Fulham (Away),5
Walle Egeli,FWD,Ipswich Town,4.5,3.5,0.0,a,0,0,0,0,0,0,0,0.0,0.0,0.0,0.03,0,0,0,0,0,0,0,False,1.0,0.0,Everton,0.0,0.0,0.0,0.0,0,0,0,62123,49386,Fulham (Away),5
Al-Hamadi,FWD,Ipswich Town,5.0,0.1,0.0,u,0,0,0,0,0,0,0,0.0,0.0,0.0,0.0,0,0,0,0,0,0,0,False,1.0,0.0,Everton,0.0,0.0,0.0,0.0,0,0,0,0,988,Fulham (Away),5
McAteer,MID,Ipswich Town,4.4,1.0,0.5,a,0,0,0,0,0,0,0,0.0,0.05,0.05,0.21,0,0,0,0,0,0,0,False,1.0,0.0,Everton,0.0,0.0,0.0,0.0,0,0,0,2383,14025,Fulham (Away),5
Mehmeti,MID,Ipswich Town,4.8,0.0,0.0,a,0,0,0,0,0,0,0,0.0,0.0,0.0,0.0,0,0,0,0,0,0,0,False,1.0,0.0,Everton,0.0,0.0,0.0,0.0,0,0,0,80,342,Fulham (Away),5
Van Oevelen,GKP,Ipswich Town,4.5,0.0,0.0,u,0,0,0,0,0,0,0,0.0,0.0,0.0,0.0,0,0,0,0,0,0,0,False,1.0,0.0,Everton,0.0,0.0,0.0,0.0,0,0,0,0,237,Fulham (Away),5
Maeda,MID,Ipswich Town,5.3,0.2,1.5,a,16,0,0,0,0,0,0,0.02,0.71,0.73,6.05,0,0,0,0,0,0,0,False,1.0,0.0,Everton,2.2,0.3,4.0,0.7,5,0,1,224,4371,Fulham (Away),5
Scherpen,GKP,Ipswich Town,4.5,0.6,1.2,a,0,0,0,0,0,0,0,0.01,0.0,0.01,6.74,0,0,0,0,0,0,0,False,1.0,0.0,Everton,0.0,0.0,0.0,0.0,0,0,0,2903,4238,Fulham (Away),5
Florentino,MID,Ipswich Town,4.8,0.1,0.5,a,17,0,0,0,0,0,0,0.01,0.0,0.01,0.75,0,0,0,0,0,0,0,False,1.0,0.0,Everton,0.0,1.0,0.0,0.0,1,0,1,181,940,Fulham (Away),5
Enciso,MID,Ipswich Town,5.5,0.8,2.5,a,73,0,0,0,1,0,2,0.89,1.26,2.15,8.47,0,0,0,0,0,0,1,False,1.0,0.0,Everton,4.4,12.9,25.0,4.2,11,0,2,9464,15468,Fulham (Away),5
Ouattara,DEF,Ipswich Town,4.0,0.9,1.2,a,90,0,0,0,1,0,0,0.03,0.02,0.05,3.13,0,0,0,0,0,0,1,False,1.0,0.0,Everton,20.0,11.4,9.0,4.0,17,0,2,2569,5478,Fulham (Away),5
Humphreys,MID,Ipswich Town,4.5,0.0,0.0,u,0,0,0,0,0,0,0,0.0,0.0,0.0,0.0,0,0,0,0,0,0,0,False,1.0,0.0,Everton,0.0,0.0,0.0,0.0,0,0,0,0,489,Fulham (Away),5
Palacios,MID,Ipswich Town,5.0,0.1,2.8,a,80,0,0,0,1,0,0,0.09,0.0,0.09,5.3,0,0,0,0,0,0,1,False,1.0,0.0,Everton,10.0,6.2,0.0,1.6,15,0,2,4756,1349,Fulham (Away),5
Flemming,FWD,Ipswich Town,5.5,0.1,2.0,a,9,0,0,0,0,1,0,0.01,0.64,0.65,0.63,0,0,0,0,1,0,0,False,1.0,0.0,Everton,0.0,10.3,4.0,1.4,-2,0,0,4077,1300,Fulham (Away),5
Wilson,MID,Leeds,6.2,1.7,0.5,i,0,0,0,0,0,0,0,0.09,0.01,0.1,3.28,0,0,0,0,0,0,0,True,0.0,0.0,Crystal Palace,0.0,0.0,0.0,0.0,0,0,0,3457,78547,Arsenal (Home),5
Perri,GKP,Leeds,4.5,0.3,0.0,u,0,0,0,0,0,0,0,0.0,0.0,0.0,0.0,0,0,0,0,0,0,0,True,0.0,0.0,Crystal Palace,0.0,0.0,0.0,0.0,0,0,0,0,3459,Arsenal (Home),5
Bijol,DEF,Leeds,5.0,0.7,0.5,a,0,0,0,0,0,0,0,0.0,0.11,0.11,3.16,0,0,0,0,0,0,0,True,0.0,0.0,Crystal Palace,0.0,0.0,0.0,0.0,0,0,0,3804,13065,Arsenal (Home),5
Rodon,DEF,Leeds,4.3,0.8,0.2,i,0,0,0,0,0,0,0,0.06,0.03,0.09,1.01,0,0,0,0,0,0,0,True,0.0,0.0,Crystal Palace,0.0,0.0,0.0,0.0,0,0,0,56,34960,Arsenal (Home),5
Bogle,DEF,Leeds,4.6,7.0,9.0,a,66,0,0,0,0,2,0,0.08,1.38,1.46,2.89,1,0,0,0,1,0,1,True,0.0,0.0,Crystal Palace,0.0,2.0,11.0,1.3,14,0,5,393603,26630,Arsenal (Home),5
Gudmundsson,DEF,Leeds,4.5,0.1,3.5,a,90,0,0,0,0,0,0,0.21,0.0,0.21,3.83,1,0,0,0,0,0,1,True,0.0,0.0,Crystal Palace,16.0,19.7,2.0,3.8,27,0,6,1740,520,Arsenal (Home),5
Justin,DEF,Leeds,4.5,1.5,4.0,a,90,0,0,0,0,0,0,0.42,0.22,0.64,6.46,1,0,0,0,0,0,1,True,0.0,0.0,Crystal Palace,19.2,14.9,5.0,3.9,31,2,8,10354,11968,Arsenal (Home),5
Bornauw,DEF,Leeds,4.5,0.0,0.0,u,0,0,0,0,0,0,0,0.0,0.0,0.0,0.0,0,0,0,0,0,0,0,True,0.0,0.0,Crystal Palace,0.0,0.0,0.0,0.0,0,0,0,0,22,Arsenal (Home),5
Muharemović,DEF,Leeds,5.0,4.3,5.2,a,90,0,0,0,0,0,1,0.05,0.49,0.54,6.46,1,0,0,0,0,0,1,True,0.0,0.0,Crystal Palace,14.0,0.9,18.0,3.3,22,0,6,74089,25942,Arsenal (Home),5
Stach,MID,Leeds,6.0,2.5,3.5,a,90,0,0,0,0,1,0,0.31,0.97,1.28,6.17,1,0,0,0,0,0,1,True,0.0,0.0,Crystal Palace,16.6,17.1,4.0,3.8,13,0,5,24102,32411,Arsenal (Home),5
Okafor,MID,Leeds,5.8,0.4,4.2,a,75,0,0,0,0,1,0,0.27,0.17,0.44,2.37,1,0,0,0,0,0,1,True,0.0,0.0,Crystal Palace,7.8,1.5,3.0,1.2,17,0,3,19172,5061,Arsenal (Home),5
Aaronson,MID,Leeds,5.3,0.5,1.0,a,22,0,0,0,0,0,0,0.02,0.01,0.03,3.78,0,0,0,0,0,0,0,True,0.0,0.0,Crystal Palace,1.4,0.7,0.0,0.2,5,0,1,849,8790,Arsenal (Home),5
Ampadu,MID,Leeds,5.4,0.9,4.0,a,90,0,0,0,0,0,1,0.26,0.08,0.34,6.46,1,0,0,0,0,0,1,True,0.0,0.0,Crystal Palace,18.8,24.2,0.0,4.3,19,0,5,5751,9951,Arsenal (Home),5
Longstaff,MID,Leeds,4.9,0.1,0.2,a,0,0,0,0,0,0,0,0.0,0.0,0.0,0.35,0,0,0,0,0,0,0,True,0.0,0.0,Crystal Palace,0.0,0.0,0.0,0.0,0,0,0,466,1443,Arsenal (Home),5
Gnonto,MID,Leeds,5.0,0.0,0.0,u,0,0,0,0,0,0,0,0.0,0.0,0.0,0.0,0,0,0,0,0,0,0,True,0.0,0.0,Crystal Palace,0.0,0.0,0.0,0.0,0,0,0,0,179,Arsenal (Home),5
Harrison,MID,Leeds,5.0,0.0,0.0,u,0,0,0,0,0,0,0,0.0,0.0,0.0,0.0,0,0,0,0,0,0,0,True,0.0,0.0,Crystal Palace,0.0,0.0,0.0,0.0,0,0,0,0,10,Arsenal (Home),5
James,MID,Leeds,4.9,0.1,0.8,a,23,0,0,0,0,0,0,0.01,0.35,0.36,1.61,0,0,0,0,0,0,0,True,0.0,0.0,Crystal Palace,1.2,0.2,4.0,0.5,3,0,1,721,1430,Arsenal (Home),5
Gruev,MID,Leeds,5.0,0.0,0.0,a,0,0,0,0,0,0,0,0.0,0.0,0.0,0.0,0,0,0,0,0,0,0,True,0.0,0.0,Crystal Palace,0.0,0.0,0.0,0.0,0,0,0,24,37,Arsenal (Home),5
Tanaka,MID,Leeds,4.9,0.3,3.5,a,67,0,0,0,0,0,2,0.05,0.73,0.78,3.24,1,0,0,0,1,0,1,True,0.0,0.0,Crystal Palace,0.0,1.2,5.0,0.4,0,0,2,10406,3333,Arsenal (Home),5
Calvert-Lewin,FWD,Leeds,6.0,24.8,5.2,a,90,0,0,0,0,2,1,0.08,3.0,3.08,4.85,1,0,0,0,0,0,1,True,0.0,0.0,Crystal Palace,10.2,1.3,19.0,3.1,7,0,2,533433,142974,Arsenal (Home),5
Nmecha,FWD,Leeds,5.4,0.5,1.8,a,14,0,0,0,0,0,1,0.15,0.27,0.42,2.9,0,0,0,0,0,0,0,True,0.0,0.0,Crystal Palace,2.0,0.0,0.0,0.2,4,0,1,6227,7661,Arsenal (Home),5
Piroe,FWD,Leeds,5.0,0.1,0.0,u,0,0,0,0,0,0,0,0.0,0.0,0.0,0.0,0,0,0,0,0,0,0,True,0.0,0.0,Crystal Palace,0.0,0.0,0.0,0.0,0,0,0,0,983,Arsenal (Home),5
Mateo Joseph,FWD,Leeds,4.5,0.1,0.0,i,0,0,0,0,0,0,0,0.0,0.0,0.0,0.0,0,0,0,0,0,0,0,True,0.0,0.0,Crystal Palace,0.0,0.0,0.0,0.0,0,0,0,739,809,Arsenal (Home),5
Trafford,GKP,Leeds,5.0,5.5,4.8,a,90,0,0,5,0,0,0,0.0,0.0,0.0,6.46,1,0,0,0,0,0,1,True,0.0,0.0,Crystal Palace,27.8,0.0,0.0,2.8,34,3,10,32312,31298,Arsenal (Home),5
Elvedi,DEF,Leeds,4.5,0.1,3.2,a,90,0,0,0,0,0,0,0.58,0.12,0.7,5.45,1,0,0,0,0,0,1,True,0.0,0.0,Crystal Palace,20.8,2.3,17.0,4.0,27,0,6,1258,476,Arsenal (Home),5
Lienou,DEF,Leeds,4.0,0.1,0.0,a,0,0,0,0,0,0,0,0.0,0.0,0.0,0.0,0,0,0,0,0,0,0,True,0.0,0.0,Crystal Palace,0.0,0.0,0.0,0.0,0,0,0,1223,974,Arsenal (Home),5
Cresswell,MID,Leeds,4.5,0.1,0.0,a,0,0,0,0,0,0,0,0.0,0.0,0.0,0.0,0,0,0,0,0,0,0,True,0.0,0.0,Crystal Palace,0.0,0.0,0.0,0.0,0,0,0,1362,1933,Arsenal (Home),5
Cairns,GKP,Leeds,4.0,0.2,0.0,a,0,0,0,0,0,0,0,0.0,0.0,0.0,0.0,0,0,0,0,0,0,0,True,0.0,0.0,Crystal Palace,0.0,0.0,0.0,0.0,0,0,0,3467,1461,Arsenal (Home),5
Zetterer,GKP,Leeds,4.0,0.7,0.0,a,0,0,0,0,0,0,0,0.0,0.0,0.0,0.0,0,0,0,0,0,0,0,True,0.0,0.0,Crystal Palace,0.0,0.0,0.0,0.0,0,0,0,18956,4970,Arsenal (Home),5
Bard,DEF,Leeds,4.5,0.0,0.3,a,0,0,0,0,0,0,0,0.0,0.0,0.0,0.3,0,0,0,0,0,0,0,True,0.0,0.0,Crystal Palace,0.0,0.0,0.0,0.0,0,0,0,363,143,Arsenal (Home),5
Bahoya,MID,Leeds,5.0,0.0,0.3,a,1,0,0,0,0,0,0,0.0,0.0,0.0,0.0,0,0,0,0,0,0,0,True,0.0,0.0,Crystal Palace,1.0,0.3,0.0,0.1,5,0,1,363,410,Arsenal (Home),5
A.Becker,GKP,Liverpool,5.5,4.0,6.2,a,90,0,0,2,0,0,0,0.0,0.0,0.0,6.12,1,0,0,0,0,0,1,False,0.0,1.0,Bournemouth,22.4,0.0,0.0,2.2,30,2,8,20069,24482,Man City (Away),5
Mamardashvili,GKP,Liverpool,4.9,0.1,0.0,a,0,0,0,0,0,0,0,0.0,0.0,0.0,0.0,0,0,0,0,0,0,0,False,0.0,1.0,Bournemouth,0.0,0.0,0.0,0.0,0,0,0,439,1285,Man City (Away),5
Woodman,GKP,Liverpool,4.0,1.0,0.0,a,0,0,0,0,0,0,0,0.0,0.0,0.0,0.0,0,0,0,0,0,0,0,False,0.0,1.0,Bournemouth,0.0,0.0,0.0,0.0,0,0,0,2495,4456,Man City (Away),5
Pecsi,GKP,Liverpool,4.0,0.0,0.0,u,0,0,0,0,0,0,0,0.0,0.0,0.0,0.0,0,0,0,0,0,0,0,False,0.0,1.0,Bournemouth,0.0,0.0,0.0,0.0,0,0,0,0,109,Man City (Away),5
Jaros,GKP,Liverpool,4.0,0.0,0.0,i,0,0,0,0,0,0,0,0.0,0.0,0.0,0.0,0,0,0,0,0,0,0,False,0.0,1.0,Bournemouth,0.0,0.0,0.0,0.0,0,0,0,268,161,Man City (Away),5
Davies,GKP,Liverpool,4.0,0.2,0.0,a,0,0,0,0,0,0,0,0.0,0.0,0.0,0.0,0,0,0,0,0,0,0,False,0.0,1.0,Bournemouth,0.0,0.0,0.0,0.0,0,0,0,896,800,Man City (Away),5
Virgil,DEF,Liverpool,6.5,16.2,5.8,a,90,0,0,0,0,0,0,0.08,0.25,0.33,6.12,1,0,0,0,0,0,1,False,0.0,1.0,Bournemouth,25.8,1.8,0.0,2.8,26,0,8,34977,91998,Man City (Away),5
Frimpong,DEF,Liverpool,5.3,1.8,0.5,a,0,0,0,0,0,0,0,0.23,0.01,0.24,3.91,0,0,0,0,0,0,0,False,0.0,1.0,Bournemouth,0.0,0.0,0.0,0.0,0,0,0,3000,42805,Man City (Away),5
Kerkez,DEF,Liverpool,5.4,2.2,3.2,a,90,0,0,0,0,0,0,0.08,0.07,0.15,5.65,1,0,0,0,0,0,1,False,0.0,1.0,Bournemouth,9.8,2.3,2.0,1.4,22,0,6,3035,43472,Man City (Away),5
Gomez,DEF,Liverpool,4.9,0.0,0.0,a,0,0,0,0,0,0,0,0.0,0.0,0.0,0.0,0,0,0,0,0,0,0,False,0.0,1.0,Bournemouth,0.0,0.0,0.0,0.0,0,0,0,197,119,Man City (Away),5
Bradley,DEF,Liverpool,5.0,0.0,0.0,i,0,0,0,0,0,0,0,0.0,0.0,0.0,0.0,0,0,0,0,0,0,0,False,0.0,1.0,Bournemouth,0.0,0.0,0.0,0.0,0,0,0,57,114,Man City (Away),5
Lucky,DEF,Liverpool,4.0,0.1,0.0,a,0,0,0,0,0,0,0,0.0,0.0,0.0,0.0,0,0,0,0,0,0,0,False,0.0,1.0,Bournemouth,0.0,0.0,0.0,0.0,0,0,0,717,1183,Man City (Away),5
Jacquet,DEF,Liverpool,5.0,3.5,5.8,a,90,0,0,0,0,0,0,0.14,0.0,0.14,5.51,1,0,0,0,0,0,1,False,0.0,1.0,Bournemouth,20.0,1.7,0.0,2.2,26,0,6,69754,19011,Man City (Away),5
Leoni,DEF,Liverpool,4.0,0.0,0.0,i,0,0,0,0,0,0,0,0.0,0.0,0.0,0.0,0,0,0,0,0,0,0,False,0.0,1.0,Bournemouth,0.0,0.0,0.0,0.0,0,0,0,126,337,Man City (Away),5
Tsimikas,DEF,Liverpool,4.9,0.1,0.5,a,0,0,0,0,0,0,0,0.02,0.04,0.06,0.47,0,0,0,0,0,0,0,False,0.0,1.0,Bournemouth,0.0,0.0,0.0,0.0,0,0,0,299,661,Man City (Away),5
Ramsay,DEF,Liverpool,4.0,0.1,0.0,u,0,0,0,0,0,0,0,0.0,0.0,0.0,0.0,0,0,0,0,0,0,0,False,0.0,1.0,Bournemouth,0.0,0.0,0.0,0.0,0,0,0,0,1195,Man City (Away),5
Wirtz,MID,Liverpool,7.3,5.7,4.0,a,70,0,1,0,0,0,2,0.4,1.0,1.4,4.82,1,0,0,0,0,0,1,False,0.0,1.0,Bournemouth,13.2,39.3,16.0,6.9,25,0,6,5737,179586,Man City (Away),5
Gakpo,MID,Liverpool,7.2,12.6,5.0,a,90,0,0,0,0,1,3,1.71,0.64,2.35,5.51,1,0,0,0,0,0,1,False,0.0,1.0,Bournemouth,15.8,43.0,7.0,6.6,13,0,3,175676,156133,Man City (Away),5
Szoboszlai,MID,Liverpool,7.0,32.9,3.0,a,80,0,0,0,0,1,0,0.82,1.42,2.24,5.99,1,0,0,0,1,0,1,False,0.0,1.0,Bournemouth,1.6,4.6,2.0,0.8,5,0,2,91695,497521,Man City (Away),5
Ngumoha,MID,Liverpool,5.7,0.5,0.5,a,0,0,0,0,0,0,0,0.05,0.15,0.2,0.68,0,0,0,0,0,0,0,False,0.0,1.0,Bournemouth,0.0,0.0,0.0,0.0,0,0,0,1736,11327,Man City (Away),5
Chiesa,MID,Liverpool,5.3,0.0,0.0,i,0,0,0,0,0,0,0,0.0,0.0,0.0,0.0,0,0,0,0,0,0,0,False,0.0,1.0,Bournemouth,0.0,0.0,0.0,0.0,0,0,0,16,657,Man City (Away),5
Gravenberch,MID,Liverpool,5.8,1.1,1.0,a,9,0,0,0,0,0,1,0.08,0.1,0.18,2.02,0,0,0,0,0,0,0,False,0.0,1.0,Bournemouth,0.0,1.5,0.0,0.1,3,0,1,3604,22928,Man City (Away),5
Mac Allister,MID,Liverpool,5.4,1.3,2.5,a,90,0,0,0,0,0,0,0.49,0.1,0.59,4.85,1,0,0,0,0,0,1,False,0.0,1.0,Bournemouth,14.0,6.5,4.0,2.5,19,0,5,11435,19335,Man City (Away),5
C.Jones,MID,Liverpool,5.5,0.0,0.0,u,0,0,0,0,0,0,0,0.0,0.0,0.0,0.0,0,0,0,0,0,0,0,False,0.0,1.0,Bournemouth,0.0,0.0,0.0,0.0,0,0,0,0,157,Man City (Away),5
Endo,MID,Liverpool,4.9,0.1,0.0,a,0,0,0,0,0,0,0,0.0,0.0,0.0,0.0,0,0,0,0,0,0,0,False,0.0,1.0,Bournemouth,0.0,0.0,0.0,0.0,0,0,0,349,836,Man City (Away),5
Nyoni,MID,Liverpool,4.9,0.0,0.8,a,19,0,0,0,0,0,0,0.0,0.0,0.0,0.36,0,0,0,0,0,0,0,False,0.0,1.0,Bournemouth,9.6,0.6,0.0,1.0,3,0,1,188,538,Man City (Away),5
Bajcetic,MID,Liverpool,5.0,0.0,0.0,u,0,0,0,0,0,0,0,0.0,0.0,0.0,0.0,0,0,0,0,0,0,0,False,0.0,1.0,Bournemouth,0.0,0.0,0.0,0.0,0,0,0,0,9,Man City (Away),5
Munoz,MID,Liverpool,6.5,0.9,2.8,a,18,0,0,0,0,1,1,0.31,0.52,0.83,4.63,0,0,0,0,0,0,0,False,0.0,1.0,Bournemouth,5.8,11.0,0.0,1.7,7,0,1,5622,30611,Man City (Away),5
McConnell,MID,Liverpool,4.4,0.2,0.0,a,0,0,0,0,0,0,0,0.0,0.0,0.0,0.0,0,0,0,0,0,0,0,False,0.0,1.0,Bournemouth,0.0,0.0,0.0,0.0,0,0,0,2718,2620,Man City (Away),5
Isak,FWD,Liverpool,9.1,22.5,7.8,a,80,1,0,0,0,4,0,0.08,3.54,3.62,5.82,1,0,0,0,1,0,1,False,0.0,1.0,Bournemouth,32.6,13.4,31.0,7.7,31,3,8,139899,242932,Man City (Away),5
Ekitiké,FWD,Liverpool,7.4,0.1,0.0,i,0,0,0,0,0,0,0,0.0,0.0,0.0,0.0,0,0,0,0,0,0,0,False,0.0,1.0,Bournemouth,0.0,0.0,0.0,0.0,0,0,0,393,1183,Man City (Away),5
Koumas,MID,Liverpool,5.0,0.0,0.5,a,9,0,0,0,0,0,0,0.0,0.28,0.28,0.72,0,0,0,0,0,0,0,False,0.0,1.0,Bournemouth,3.0,0.0,17.0,2.0,7,0,1,207,295,Man City (Away),5
Danns,FWD,Liverpool,4.5,0.2,0.0,a,0,0,0,0,0,0,0,0.0,0.0,0.0,0.0,0,0,0,0,0,0,0,False,0.0,1.0,Bournemouth,0.0,0.0,0.0,0.0,0,0,0,9567,3341,Man City (Away),5
Elliott,MID,Liverpool,5.4,0.0,0.0,u,0,0,0,0,0,0,0,0.0,0.0,0.0,0.0,0,0,0,0,0,0,0,False,0.0,1.0,Bournemouth,0.0,0.0,0.0,0.0,0,0,0,0,576,Man City (Away),5
Araujo,DEF,Liverpool,5.4,3.0,5.2,a,90,0,0,0,0,0,0,0.06,0.0,0.06,2.75,1,0,0,0,0,0,1,False,0.0,1.0,Bournemouth,12.0,2.8,2.0,1.7,28,1,7,36773,17488,Man City (Away),5
Barcola,MID,Liverpool,8.0,1.8,2.3,a,71,0,0,0,0,0,0,0.13,0.26,0.39,1.43,1,0,0,0,0,0,1,False,0.0,1.0,Bournemouth,2.2,3.3,21.0,2.7,8,0,3,24870,45767,Man City (Away),5
Enzo,MID,Man City,6.9,3.6,3.0,a,90,1,0,0,3,1,0,0.53,0.35,0.88,5.35,0,0,0,0,0,0,1,True,5.0,3.0,Sunderland,39.8,21.2,9.0,7.0,33,0,7,56551,32926,Liverpool (Home),5
Ndiaye,MID,Man City,5.8,6.8,3.2,a,74,0,1,0,3,0,2,0.58,0.38,0.96,9.42,0,0,0,0,0,0,1,True,5.0,3.0,Sunderland,7.6,28.6,10.0,4.6,31,0,5,43488,191140,Liverpool (Home),5
Donnarumma,GKP,Man City,5.5,7.6,4.0,a,90,0,0,4,3,0,0,0.0,0.0,0.0,7.25,0,0,0,0,0,0,1,True,5.0,3.0,Sunderland,31.6,0.0,0.0,3.2,9,0,2,58809,42423,Liverpool (Home),5
Bettinelli,GKP,Man City,4.5,0.0,0.0,a,0,0,0,0,0,0,0,0.0,0.0,0.0,0.0,0,0,0,0,0,0,0,True,5.0,3.0,Sunderland,0.0,0.0,0.0,0.0,0,0,0,80,186,Liverpool (Home),5
O'Reilly,DEF,Man City,6.3,11.0,1.0,a,5,0,0,0,0,0,0,0.43,0.87,1.3,2.1,0,0,0,0,0,0,0,True,5.0,3.0,Sunderland,5.4,0.8,17.0,2.3,3,0,1,12818,191061,Liverpool (Home),5
Guéhi,DEF,Man City,6.0,18.3,5.0,a,90,0,1,0,3,1,1,0.39,0.95,1.34,7.25,0,0,0,0,0,0,1,True,5.0,3.0,Sunderland,32.8,13.1,9.0,5.5,13,0,4,86049,72712,Liverpool (Home),5
Matheus N.,DEF,Man City,5.9,1.0,2.5,a,90,0,0,0,3,0,0,0.06,0.0,0.06,4.67,0,0,0,0,0,0,1,True,5.0,3.0,Sunderland,25.0,3.3,0.0,2.8,0,0,1,7244,4222,Liverpool (Home),5
Rúben,DEF,Man City,5.5,1.9,3.8,a,90,0,0,0,3,0,0,0.74,0.29,1.03,7.25,0,0,0,0,0,0,1,True,5.0,3.0,Sunderland,4.8,0.3,7.0,1.2,-7,0,1,21282,10748,Liverpool (Home),5
Gvardiol,DEF,Man City,5.7,26.7,7.0,a,90,0,1,0,3,1,3,0.74,0.22,0.96,7.25,0,0,0,0,0,0,1,True,5.0,3.0,Sunderland,34.0,11.4,2.0,4.7,22,0,4,589540,41089,Liverpool (Home),5
Aït-Nouri,DEF,Man City,5.3,0.4,0.0,a,0,0,0,0,0,0,0,0.0,0.0,0.0,0.0,0,0,0,0,0,0,0,True,5.0,3.0,Sunderland,0.0,0.0,0.0,0.0,0,0,0,1361,6230,Liverpool (Home),5
Khusanov,DEF,Man City,5.4,1.4,1.8,a,0,0,0,0,0,0,0,0.06,0.0,0.06,2.68,0,0,0,0,0,0,0,True,5.0,3.0,Sunderland,0.0,0.0,0.0,0.0,0,0,0,3443,18656,Liverpool (Home),5
Alleyne,DEF,Man City,5.0,0.0,0.0,u,0,0,0,0,0,0,0,0.0,0.0,0.0,0.0,0,0,0,0,0,0,0,True,5.0,3.0,Sunderland,0.0,0.0,0.0,0.0,0,0,0,0,39,Liverpool (Home),5
Lewis,DEF,Man City,4.4,0.2,0.0,a,0,0,0,0,0,0,0,0.02,0.17,0.19,0.55,0,0,0,0,0,0,0,True,5.0,3.0,Sunderland,0.0,0.0,0.0,0.0,0,0,0,1147,2731,Liverpool (Home),5
Vitor Reis,DEF,Man City,4.5,0.0,0.2,a,0,0,0,0,0,0,0,0.0,0.0,0.0,0.0,0,0,0,0,0,0,0,True,5.0,3.0,Sunderland,0.0,0.0,0.0,0.0,0,0,0,156,238,Liverpool (Home),5
Semenyo,MID,Man City,8.4,15.5,7.8,d,90,2,1,0,3,2,3,1.16,0.33,1.49,7.25,0,0,0,0,0,0,1,True,5.0,3.0,Sunderland,95.6,34.2,42.0,17.2,65,2,17,37411,176837,Liverpool (Home),5
Foden,MID,Man City,6.9,1.8,2.0,s,0,0,0,0,0,0,2,0.88,1.61,2.49,1.91,0,0,0,0,0,0,0,True,5.0,3.0,Sunderland,0.0,0.0,0.0,0.0,0,0,0,2056,206635,Liverpool (Home),5
Cherki,MID,Man City,7.8,28.3,6.5,a,84,1,0,0,3,3,2,1.54,0.72,2.26,5.0,0,0,0,0,0,0,1,True,5.0,3.0,Sunderland,42.8,43.6,27.0,11.3,35,1,8,163004,289238,Liverpool (Home),5
Doku,MID,Man City,7.4,0.7,0.2,a,15,0,0,0,0,0,0,0.32,0.23,0.55,0.42,0,0,0,0,0,0,0,True,5.0,3.0,Sunderland,3.6,13.8,5.0,2.2,7,0,1,271,6971,Liverpool (Home),5
Rodrigo,MID,Man City,6.5,0.0,0.0,u,0,0,0,0,0,0,0,0.0,0.0,0.0,0.0,0,0,0,0,0,0,0,True,5.0,3.0,Sunderland,0.0,0.0,0.0,0.0,0,0,0,0,52,Liverpool (Home),5
Reijnders,MID,Man City,6.0,0.0,0.0,u,0,0,0,0,0,0,0,0.0,0.0,0.0,0.0,0,0,0,0,0,0,0,True,5.0,3.0,Sunderland,0.0,0.0,0.0,0.0,0,0,0,0,224,Liverpool (Home),5
Kovačić,MID,Man City,5.4,0.1,0.2,a,0,0,0,0,0,0,0,0.02,0.0,0.02,0.1,0,0,0,0,0,0,0,True,5.0,3.0,Sunderland,0.0,0.0,0.0,0.0,0,0,0,241,972,Liverpool (Home),5
Echeverri,MID,Man City,4.9,0.0,0.0,u,0,0,0,0,0,0,0,0.0,0.0,0.0,0.0,0,0,0,0,0,0,0,True,5.0,3.0,Sunderland,0.0,0.0,0.0,0.0,0,0,0,0,136,Liverpool (Home),5
Phillips,MID,Man City,5.0,0.0,0.0,u,0,0,0,0,0,0,0,0.0,0.0,0.0,0.0,0,0,0,0,0,0,0,True,5.0,3.0,Sunderland,0.0,0.0,0.0,0.0,0,0,0,0,39,Liverpool (Home),5
Mukasa,MID,Man City,4.5,0.1,0.0,u,0,0,0,0,0,0,0,0.0,0.0,0.0,0.0,0,0,0,0,0,0,0,True,5.0,3.0,Sunderland,0.0,0.0,0.0,0.0,0,0,0,0,1698,Liverpool (Home),5
Monga,MID,Man City,4.9,0.0,0.0,u,0,0,0,0,0,0,0,0.0,0.0,0.0,0.0,0,0,0,0,0,0,0,True,5.0,3.0,Sunderland,0.0,0.0,0.0,0.0,0,0,0,0,122,Liverpool (Home),5
Haaland,FWD,Man City,15.6,73.8,9.2,a,90,1,0,0,3,5,0,0.53,4.42,4.95,7.25,0,0,0,0,0,0,1,True,5.0,3.0,Sunderland,28.6,2.0,57.0,8.8,25,0,6,196912,24421,Liverpool (Home),5
Anderson,MID,Man City,6.3,4.0,3.2,a,90,0,0,0,3,0,0,0.67,0.11,0.78,7.15,0,0,0,0,0,0,1,True,5.0,3.0,Sunderland,13.4,4.7,1.0,1.9,15,0,2,29694,38511,Liverpool (Home),5
Rulli,GKP,Man City,5.0,0.0,0.0,a,0,0,0,0,0,0,0,0.0,0.0,0.0,0.0,0,0,0,0,0,0,0,True,5.0,3.0,Sunderland,0.0,0.0,0.0,0.0,0,0,0,162,191,Liverpool (Home),5
Bouaddi,MID,Man City,5.5,0.2,0.5,a,0,0,0,0,0,0,0,0.12,0.0,0.12,0.37,0,0,0,0,0,0,0,True,5.0,3.0,Sunderland,0.0,0.0,0.0,0.0,0,0,0,2946,3870,Liverpool (Home),5
McAidoo,MID,Man City,4.5,0.1,0.5,a,0,0,0,0,0,0,0,0.0,0.1,0.1,0.02,0,0,0,0,0,0,0,True,5.0,3.0,Sunderland,0.0,0.0,0.0,0.0,0,0,0,905,1872,Liverpool (Home),5
Braithwaite,DEF,Man City,4.0,0.2,0.2,a,0,0,0,0,0,0,0,0.0,0.0,0.0,0.0,0,0,0,0,0,0,0,True,5.0,3.0,Sunderland,0.0,0.0,0.0,0.0,0,0,0,2303,2625,Liverpool (Home),5
Allan,MID,Man City,6.0,0.0,0.0,a,0,0,0,0,0,0,0,0.0,0.0,0.0,0.0,0,0,0,0,0,0,0,True,5.0,3.0,Sunderland,0.0,0.0,0.0,0.0,0,0,0,354,242,Liverpool (Home),5
Samba,MID,Man City,4.5,0.0,0.0,a,0,0,0,0,0,0,0,0.0,0.0,0.0,0.0,0,0,0,0,0,0,0,True,5.0,3.0,Sunderland,0.0,0.0,0.0,0.0,0,0,0,751,875,Liverpool (Home),5
Tielemans,MID,Man Utd,5.8,1.5,3.0,a,90,0,0,0,1,0,0,0.52,0.65,1.17,6.16,0,0,0,0,0,0,1,False,1.0,1.0,Fulham,18.2,22.3,6.0,4.7,22,0,4,8170,25177,Spurs (Away),5
Baleba,MID,Man Utd,4.9,0.1,0.0,a,0,0,0,0,0,0,0,0.0,0.0,0.0,0.0,0,0,0,0,0,0,0,False,1.0,1.0,Fulham,0.0,0.0,0.0,0.0,0,0,0,636,1716,Spurs (Away),5
Andrey Santos,MID,Man Utd,4.8,0.6,0.5,a,0,0,0,0,0,0,0,0.24,0.0,0.24,2.03,0,0,0,0,0,0,0,False,1.0,1.0,Fulham,0.0,0.0,0.0,0.0,0,0,0,2868,12461,Spurs (Away),5
Darlow,GKP,Man Utd,4.5,0.0,0.0,d,0,0,0,0,0,0,0,0.0,0.0,0.0,0.0,0,0,0,0,0,0,0,False,1.0,1.0,Fulham,0.0,0.0,0.0,0.0,0,0,0,169,317,Spurs (Away),5
Lammens,GKP,Man Utd,4.9,9.9,2.5,a,90,0,0,6,1,0,0,0.0,0.0,0.0,6.8,0,0,0,0,0,0,1,False,1.0,1.0,Fulham,47.2,0.0,0.0,4.7,22,0,4,13915,120164,Spurs (Away),5
Bayindir,GKP,Man Utd,4.5,0.0,0.0,u,0,0,0,0,0,0,0,0.0,0.0,0.0,0.0,0,0,0,0,0,0,0,False,1.0,1.0,Fulham,0.0,0.0,0.0,0.0,0,0,0,0,93,Spurs (Away),5
Heaton,GKP,Man Utd,4.0,0.1,0.0,i,0,0,0,0,0,0,0,0.0,0.0,0.0,0.0,0,0,0,0,0,0,0,False,1.0,1.0,Fulham,0.0,0.0,0.0,0.0,0,0,0,373,491,Spurs (Away),5
Dorgu,MID,Man Utd,5.8,0.5,2.5,a,6,0,1,0,0,0,1,0.09,0.78,0.87,3.38,0,0,0,0,0,0,0,False,1.0,1.0,Fulham,18.4,11.2,11.0,4.1,12,0,4,2869,9145,Spurs (Away),5
De Ligt,DEF,Man Utd,5.0,0.0,0.0,i,0,0,0,0,0,0,0,0.0,0.0,0.0,0.0,0,0,0,0,0,0,0,False,1.0,1.0,Fulham,0.0,0.0,0.0,0.0,0,0,0,79,198,Spurs (Away),5
Dalot,DEF,Man Utd,4.9,1.6,1.8,a,90,0,0,0,1,0,0,0.23,0.24,0.47,4.7,0,0,0,0,0,0,1,False,1.0,1.0,Fulham,8.6,15.0,7.0,3.1,11,0,2,3696,20176,Spurs (Away),5
Maguire,DEF,Man Utd,4.8,8.7,2.2,a,90,0,0,0,1,0,1,0.46,0.2,0.66,6.8,0,0,0,0,0,0,1,False,1.0,1.0,Fulham,17.2,17.1,12.0,4.6,17,0,2,13938,156456,Spurs (Away),5
Martinez,DEF,Man Utd,5.0,1.3,1.5,a,90,0,0,0,1,0,0,0.16,0.21,0.37,5.79,0,1,0,0,0,0,1,False,1.0,1.0,Fulham,12.4,13.3,22.0,4.8,6,0,0,10516,9693,Spurs (Away),5
Yoro,DEF,Man Utd,4.8,0.5,0.5,a,0,0,0,0,0,0,0,0.02,0.0,0.02,1.09,0,0,0,0,0,0,0,False,1.0,1.0,Fulham,0.0,0.0,0.0,0.0,0,0,0,617,4939,Spurs (Away),5
Heaven,DEF,Man Utd,4.4,0.3,0.0,a,0,0,0,0,0,0,0,0.04,0.12,0.16,1.01,0,0,0,0,0,0,0,False,1.0,1.0,Fulham,0.0,0.0,0.0,0.0,0,0,0,613,3636,Spurs (Away),5
Mazraoui,DEF,Man Utd,4.4,0.5,0.5,a,0,0,0,0,0,0,0,0.06,0.22,0.28,2.08,0,0,0,0,0,0,0,False,1.0,1.0,Fulham,0.0,0.0,0.0,0.0,0,0,0,2584,7916,Spurs (Away),5
Shaw,DEF,Man Utd,4.3,7.7,2.0,a,83,0,0,0,1,0,1,0.58,0.03,0.61,4.63,0,0,0,0,0,0,1,False,1.0,1.0,Fulham,6.6,6.0,4.0,1.7,7,0,2,2227,362910,Spurs (Away),5
Amass,DEF,Man Utd,4.0,0.2,0.0,a,0,0,0,0,0,0,0,0.0,0.0,0.0,0.0,0,0,0,0,0,0,0,False,1.0,1.0,Fulham,0.0,0.0,0.0,0.0,0,0,0,1392,1713,Spurs (Away),5
Fredricson,DEF,Man Utd,4.0,0.0,0.0,u,0,0,0,0,0,0,0,0.0,0.0,0.0,0.0,0,0,0,0,0,0,0,False,1.0,1.0,Fulham,0.0,0.0,0.0,0.0,0,0,0,0,107,Spurs (Away),5
B.Fernandes,MID,Man Utd,11.9,38.6,7.2,a,90,0,0,0,1,3,1,1.32,2.56,3.88,6.8,0,0,0,0,0,0,1,False,1.0,1.0,Fulham,14.0,58.8,13.0,8.6,15,0,2,68228,350459,Spurs (Away),5
Mbeumo,MID,Man Utd,7.9,20.6,5.8,a,90,0,0,0,1,2,1,0.8,3.07,3.87,6.8,0,0,0,0,0,0,1,False,1.0,1.0,Fulham,14.6,46.3,30.0,9.1,23,0,2,95476,302004,Spurs (Away),5
Cunha,MID,Man Utd,7.9,5.8,6.0,a,90,1,0,0,1,1,2,0.83,0.63,1.46,5.44,0,0,0,0,0,0,1,False,1.0,1.0,Fulham,42.4,35.2,26.0,10.4,32,3,10,11557,87051,Spurs (Away),5
Rashford,MID,Man Utd,7.0,1.5,2.2,d,76,0,0,0,1,0,0,0.43,0.78,1.21,4.5,0,0,0,0,0,0,1,False,1.0,1.0,Fulham,16.6,53.7,58.0,12.8,15,0,2,18390,22905,Spurs (Away),5
Mount,MID,Man Utd,5.4,0.0,0.2,a,10,0,0,0,0,0,0,0.01,0.09,0.1,0.0,0,0,0,0,0,0,0,False,1.0,1.0,Fulham,0.6,1.1,5.0,0.7,3,0,1,361,273,Spurs (Away),5
Amad,MID,Man Utd,5.7,0.3,0.0,i,0,0,0,0,0,0,0,0.0,0.0,0.0,0.0,0,0,0,0,0,0,0,False,1.0,1.0,Fulham,0.0,0.0,0.0,0.0,0,0,0,75,5879,Spurs (Away),5
Mainoo,MID,Man Utd,5.5,1.6,5.2,d,79,0,0,0,1,0,1,0.52,0.3,0.82,4.77,0,0,0,0,0,0,1,False,1.0,1.0,Fulham,11.2,17.4,9.0,3.8,18,0,4,33995,13265,Spurs (Away),5
Ugarte,MID,Man Utd,5.0,0.0,0.0,i,0,0,0,0,0,0,0,0.0,0.0,0.0,0.0,0,0,0,0,0,0,0,False,1.0,1.0,Fulham,0.0,0.0,0.0,0.0,0,0,0,15,36,Spurs (Away),5
J.Fletcher,MID,Man Utd,4.9,0.0,0.0,a,0,0,0,0,0,0,0,0.0,0.0,0.0,0.0,0,0,0,0,0,0,0,False,1.0,1.0,Fulham,0.0,0.0,0.0,0.0,0,0,0,54,125,Spurs (Away),5
Lacey,MID,Man Utd,4.9,0.1,0.0,a,0,0,0,0,0,0,0,0.0,0.0,0.0,0.0,0,0,0,0,0,0,0,False,1.0,1.0,Fulham,0.0,0.0,0.0,0.0,0,0,0,531,563,Spurs (Away),5
Collyer,MID,Man Utd,5.0,0.0,0.0,u,0,0,0,0,0,0,0,0.0,0.0,0.0,0.0,0,0,0,0,0,0,0,False,1.0,1.0,Fulham,0.0,0.0,0.0,0.0,0,0,0,0,135,Spurs (Away),5
Bendito Mantato,MID,Man Utd,4.4,0.2,0.0,a,0,0,0,0,0,0,0,0.0,0.0,0.0,0.0,0,0,0,0,0,0,0,False,1.0,1.0,Fulham,0.0,0.0,0.0,0.0,0,0,0,624,1703,Spurs (Away),5
Fletcher,MID,Man Utd,4.4,0.3,0.0,a,0,0,0,0,0,0,0,0.0,0.0,0.0,0.0,0,0,0,0,0,0,0,False,1.0,1.0,Fulham,0.0,0.0,0.0,0.0,0,0,0,3537,3287,Spurs (Away),5
Šeško,FWD,Man Utd,7.0,1.6,1.8,d,0,0,0,0,0,1,0,0.01,0.39,0.4,2.0,0,0,0,0,0,0,0,False,1.0,1.0,Fulham,0.0,0.0,0.0,0.0,0,0,0,24959,23329,Spurs (Away),5
Zirkzee,FWD,Man Utd,5.3,0.4,0.5,a,13,0,0,0,0,0,0,0.01,0.0,0.01,0.02,0,0,0,0,0,0,0,False,1.0,1.0,Fulham,3.2,10.1,0.0,1.3,4,0,1,2606,6053,Spurs (Away),5
Obi,FWD,Man Utd,4.5,0.9,0.0,u,0,0,0,0,0,0,0,0.0,0.0,0.0,0.0,0,0,0,0,0,0,0,False,1.0,1.0,Fulham,0.0,0.0,0.0,0.0,0,0,0,5061,21262,Spurs (Away),5
N.Gonzalez,MID,Newcastle,5.5,0.2,1.2,a,0,0,0,0,0,0,0,0.21,0.0,0.21,2.34,0,0,0,0,0,0,0,True,2.0,1.0,Hull City,0.0,0.0,0.0,0.0,0,0,0,1106,6835,Coventry City (Home),5
Pope,GKP,Newcastle,4.9,0.9,0.0,a,0,0,0,0,0,0,0,0.0,0.0,0.0,0.0,0,0,0,0,0,0,0,True,2.0,1.0,Hull City,0.0,0.0,0.0,0.0,0,0,0,1831,7235,Coventry City (Home),5
Gillespie,GKP,Newcastle,4.5,0.0,0.0,a,0,0,0,0,0,0,0,0.0,0.0,0.0,0.0,0,0,0,0,0,0,0,True,2.0,1.0,Hull City,0.0,0.0,0.0,0.0,0,0,0,183,216,Coventry City (Home),5
Jaouen,GKP,Newcastle,4.4,0.0,0.0,d,0,0,0,0,0,0,0,0.0,0.0,0.0,0.0,0,0,0,0,0,0,0,True,2.0,1.0,Hull City,0.0,0.0,0.0,0.0,0,0,0,30,255,Coventry City (Home),5
Thiaw,DEF,Newcastle,5.0,2.2,2.8,a,90,0,0,0,1,0,0,0.08,0.0,0.08,9.14,0,0,0,0,0,0,1,True,2.0,1.0,Hull City,31.4,1.4,2.0,3.5,13,0,4,28969,24848,Coventry City (Home),5
Schär,DEF,Newcastle,4.9,0.2,0.2,a,24,0,0,0,1,0,0,0.01,0.0,0.01,1.87,0,0,0,0,0,0,0,True,2.0,1.0,Hull City,25.0,10.5,0.0,3.6,1,0,1,1121,2512,Coventry City (Home),5
Botman,DEF,Newcastle,5.0,0.7,3.0,a,90,0,0,0,1,0,0,0.17,0.06,0.23,9.14,0,0,0,0,0,0,1,True,2.0,1.0,Hull City,35.2,0.8,17.0,5.3,12,0,4,8365,6407,Coventry City (Home),5
Burn,DEF,Newcastle,4.8,0.7,0.0,i,0,0,0,0,0,0,0,0.0,0.0,0.0,0.0,0,0,0,0,0,0,0,True,2.0,1.0,Hull City,0.0,0.0,0.0,0.0,0,0,0,180,12073,Coventry City (Home),5
Hall,DEF,Newcastle,5.3,17.1,7.0,a,90,1,0,0,1,1,1,0.79,0.25,1.04,9.12,0,0,0,0,0,0,1,True,2.0,1.0,Hull City,65.6,29.2,24.0,11.9,38,3,13,220393,112705,Coventry City (Home),5
Livramento,DEF,Newcastle,4.9,0.1,1.0,d,0,0,0,0,0,0,1,0.01,0.0,0.01,0.18,0,0,0,0,0,0,0,True,2.0,1.0,Hull City,0.0,0.0,0.0,0.0,0,0,0,6097,1311,Coventry City (Home),5
A.Murphy,DEF,Newcastle,4.0,0.1,0.0,u,0,0,0,0,0,0,0,0.0,0.0,0.0,0.0,0,0,0,0,0,0,0,True,2.0,1.0,Hull City,0.0,0.0,0.0,0.0,0,0,0,0,592,Coventry City (Home),5
Barnes,MID,Newcastle,6.1,5.6,6.5,a,90,0,2,0,1,1,3,0.48,0.62,1.1,9.14,0,0,0,0,0,0,1,True,2.0,1.0,Hull City,47.6,36.8,27.0,11.1,34,1,9,220394,40978,Coventry City (Home),5
Elanga,MID,Newcastle,6.1,4.6,2.2,i,0,0,0,0,0,2,0,0.34,0.42,0.76,4.01,0,0,0,0,0,0,0,True,2.0,1.0,Hull City,0.0,0.0,0.0,0.0,0,0,0,53653,618276,Coventry City (Home),5
J.Ramsey,MID,Newcastle,4.9,0.2,1.8,i,0,0,0,0,0,1,0,0.16,0.17,0.33,1.92,0,0,0,0,0,0,0,True,2.0,1.0,Hull City,0.0,0.0,0.0,0.0,0,0,0,1789,9995,Coventry City (Home),5
J.Murphy,MID,Newcastle,5.9,0.1,0.8,a,90,0,0,0,1,0,0,0.41,0.03,0.44,4.96,0,0,0,0,1,0,1,True,2.0,1.0,Hull City,9.4,19.7,4.0,3.3,12,0,1,2209,1860,Coventry City (Home),5
Joelinton,MID,Newcastle,5.4,0.0,0.0,i,0,0,0,0,0,0,0,0.0,0.0,0.0,0.0,0,0,0,0,0,0,0,True,2.0,1.0,Hull City,0.0,0.0,0.0,0.0,0,0,0,44,180,Coventry City (Home),5
L.Miley,MID,Newcastle,5.5,0.1,2.2,a,90,0,0,0,1,0,0,0.14,0.05,0.19,7.95,0,0,0,0,0,0,1,True,2.0,1.0,Hull City,21.8,15.6,0.0,3.7,19,0,4,1217,1318,Coventry City (Home),5
Willock,MID,Newcastle,5.0,0.5,4.0,a,86,1,0,0,1,2,0,0.3,0.81,1.11,5.19,0,0,0,0,0,0,1,True,2.0,1.0,Hull City,40.2,7.3,22.0,7.0,38,3,10,7299,8420,Coventry City (Home),5
Touré,MID,Newcastle,5.8,0.1,2.0,a,16,0,0,0,0,1,0,0.01,0.28,0.29,0.76,0,0,0,0,0,0,0,True,2.0,1.0,Hull City,1.0,0.0,0.0,0.1,2,0,1,1837,1512,Coventry City (Home),5
Steur,MID,Newcastle,4.9,0.1,1.8,a,65,0,0,0,0,0,0,0.06,0.0,0.06,4.23,1,0,0,0,0,0,1,True,2.0,1.0,Hull City,16.0,30.3,0.0,4.6,18,0,3,420,996,Coventry City (Home),5
Woltemade,FWD,Newcastle,5.9,0.5,1.0,u,0,0,0,0,0,0,1,0.01,0.02,0.03,0.38,0,0,0,0,0,0,0,True,2.0,1.0,Hull City,0.0,0.0,0.0,0.0,0,0,0,0,11535,Coventry City (Home),5
Wissa,FWD,Newcastle,6.2,18.7,2.8,a,90,0,0,0,1,1,1,0.06,2.35,2.41,7.97,0,0,1,0,0,0,1,True,2.0,1.0,Hull City,8.8,5.2,20.0,3.4,0,0,0,338910,214424,Coventry City (Home),5
Osula,FWD,Newcastle,5.8,0.3,0.0,i,0,0,0,0,0,0,1,0.14,0.06,0.2,1.48,0,0,0,0,0,0,0,True,2.0,1.0,Hull City,0.0,0.0,0.0,0.0,0,0,0,188,6663,Coventry City (Home),5
Neave,FWD,Newcastle,4.5,0.5,0.0,u,0,0,0,0,0,0,0,0.0,0.0,0.0,0.0,0,0,0,0,0,0,0,True,2.0,1.0,Hull City,0.0,0.0,0.0,0.0,0,0,0,0,9244,Coventry City (Home),5
Bamba,MID,Newcastle,4.9,0.1,0.5,a,3,0,0,0,0,0,0,0.0,0.0,0.0,1.29,0,0,0,0,0,0,0,True,2.0,1.0,Hull City,6.2,0.1,0.0,0.6,3,0,1,377,1158,Coventry City (Home),5
Horníček,GKP,Newcastle,5.0,1.5,3.2,a,90,0,0,3,1,0,0,0.0,0.0,0.0,9.14,0,0,0,0,0,0,1,True,2.0,1.0,Hull City,17.0,0.0,0.0,1.7,14,0,3,22769,14571,Coventry City (Home),5
Dedić,DEF,Newcastle,4.5,1.8,3.0,i,0,0,0,0,0,0,1,0.08,0.14,0.22,7.38,0,0,0,0,0,0,0,True,2.0,1.0,Hull City,0.0,0.0,0.0,0.0,0,0,0,11096,103620,Coventry City (Home),5
Shahar,DEF,Newcastle,4.0,0.2,0.0,u,0,0,0,0,0,0,0,0.0,0.0,0.0,0.0,0,0,0,0,0,0,0,True,2.0,1.0,Hull City,0.0,0.0,0.0,0.0,0,0,0,0,5521,Coventry City (Home),5
Fernandez-Pardo,FWD,Newcastle,6.0,0.1,1.3,a,73,0,0,0,1,0,0,0.01,0.05,0.06,2.94,0,0,0,0,0,0,1,True,2.0,1.0,Hull City,1.2,0.8,5.0,0.7,7,0,2,3570,2365,Coventry City (Home),5
Miley,MID,Newcastle,4.5,0.0,0.0,a,0,0,0,0,0,0,0,0.0,0.0,0.0,0.0,0,0,0,0,0,0,0,True,2.0,1.0,Hull City,0.0,0.0,0.0,0.0,0,0,0,3438,602,Coventry City (Home),5
Pivas,DEF,Newcastle,4.0,0.0,0.0,a,0,0,0,0,0,0,0,0.0,0.0,0.0,0.0,0,0,0,0,0,0,0,True,2.0,1.0,Hull City,0.0,0.0,0.0,0.0,0,0,0,0,0,Coventry City (Home),5
Salia,FWD,Newcastle,4.5,0.1,0.0,a,0,0,0,0,0,0,0,0.0,0.0,0.0,0.0,0,0,0,0,0,0,0,True,2.0,1.0,Hull City,0.0,0.0,0.0,0.0,0,0,0,0,0,Coventry City (Home),5
Mills,MID,Newcastle,4.5,0.0,0.0,a,0,0,0,0,0,0,0,0.0,0.0,0.0,0.0,0,0,0,0,0,0,0,True,2.0,1.0,Hull City,0.0,0.0,0.0,0.0,0,0,0,0,0,Coventry City (Home),5
Thompson,MID,Newcastle,4.5,0.0,0.0,a,0,0,0,0,0,0,0,0.0,0.0,0.0,0.0,0,0,0,0,0,0,0,True,2.0,1.0,Hull City,0.0,0.0,0.0,0.0,0,0,0,0,0,Coventry City (Home),5
Delap,FWD,Nott'm Forest,5.6,2.7,2.2,a,90,0,0,0,1,1,0,0.35,0.89,1.24,2.62,0,0,0,0,1,0,1,True,0.0,1.0,Coventry City,5.0,25.1,21.0,5.1,9,0,1,222393,21605,Crystal Palace (Home),5
Muñoz,DEF,Nott'm Forest,5.4,5.7,1.2,a,82,0,0,0,1,0,0,0.21,0.6,0.81,2.59,0,0,0,0,0,0,1,True,0.0,1.0,Coventry City,4.0,3.8,15.0,2.3,5,0,2,100431,52336,Crystal Palace (Home),5
Sels,GKP,Nott'm Forest,5.0,1.6,3.0,a,90,0,0,2,1,0,0,0.01,0.0,0.01,4.77,0,0,0,0,0,0,1,True,0.0,1.0,Coventry City,13.8,0.0,0.0,1.4,10,0,2,39386,13191,Crystal Palace (Home),5
John,GKP,Nott'm Forest,4.5,0.1,0.0,a,0,0,0,0,0,0,0,0.0,0.0,0.0,0.0,0,0,0,0,0,0,0,True,0.0,1.0,Coventry City,0.0,0.0,0.0,0.0,0,0,0,197,332,Crystal Palace (Home),5
N.Williams,DEF,Nott'm Forest,5.0,8.8,4.2,a,90,0,0,0,1,0,1,0.61,0.41,1.02,4.77,0,0,0,0,0,0,1,True,0.0,1.0,Coventry City,20.6,61.8,16.0,9.8,19,0,2,154932,49932,Crystal Palace (Home),5
Morato,DEF,Nott'm Forest,5.0,0.0,0.0,u,0,0,0,0,0,0,0,0.0,0.0,0.0,0.0,0,0,0,0,0,0,0,True,0.0,1.0,Coventry City,0.0,0.0,0.0,0.0,0,0,0,0,425,Crystal Palace (Home),5
Milenković,DEF,Nott'm Forest,5.4,1.0,2.5,i,0,0,0,0,0,0,0,0.03,0.11,0.14,3.28,0,0,0,0,0,0,0,True,0.0,1.0,Coventry City,0.0,0.0,0.0,0.0,0,0,0,256,50464,Crystal Palace (Home),5
Murillo,DEF,Nott'm Forest,5.5,2.1,4.8,a,90,0,0,0,1,0,1,0.37,0.42,0.79,4.77,0,0,0,0,0,0,1,True,0.0,1.0,Coventry City,30.0,24.3,9.0,6.3,16,0,4,61530,11413,Crystal Palace (Home),5
Aina,DEF,Nott'm Forest,4.4,2.4,0.8,a,0,0,0,0,0,0,0,0.53,0.04,0.57,3.72,0,0,0,0,0,0,0,True,0.0,1.0,Coventry City,0.0,0.0,0.0,0.0,0,0,0,21418,24617,Crystal Palace (Home),5
Jair Cunha,DEF,Nott'm Forest,4.5,0.2,2.5,a,90,0,0,0,1,0,0,0.02,0.05,0.07,3.95,0,0,0,0,1,0,1,True,0.0,1.0,Coventry City,14.2,11.8,1.0,2.7,5,0,1,225,4760,Crystal Palace (Home),5
Savona,DEF,Nott'm Forest,4.5,0.0,0.0,i,0,0,0,0,0,0,0,0.0,0.0,0.0,0.0,0,0,0,0,0,0,0,True,0.0,1.0,Coventry City,0.0,0.0,0.0,0.0,0,0,0,17,39,Crystal Palace (Home),5
O.Richards,DEF,Nott'm Forest,4.0,0.2,0.0,a,0,0,0,0,0,0,0,0.0,0.0,0.0,0.0,0,0,0,0,0,0,0,True,0.0,1.0,Coventry City,0.0,0.0,0.0,0.0,0,0,0,1022,1671,Crystal Palace (Home),5
Abbott,DEF,Nott'm Forest,4.0,0.1,0.0,u,0,0,0,0,0,0,0,0.0,0.0,0.0,0.0,0,0,0,0,0,0,0,True,0.0,1.0,Coventry City,0.0,0.0,0.0,0.0,0,0,0,0,2263,Crystal Palace (Home),5
Netz,DEF,Nott'm Forest,4.4,0.0,0.5,a,7,0,0,0,0,0,0,0.02,0.0,0.02,0.13,0,0,0,0,0,0,0,True,0.0,1.0,Coventry City,4.0,16.6,2.0,2.3,5,0,1,246,343,Crystal Palace (Home),5
Bindon,DEF,Nott'm Forest,4.0,0.1,0.0,u,0,0,0,0,0,0,0,0.0,0.0,0.0,0.0,0,0,0,0,0,0,0,True,0.0,1.0,Coventry City,0.0,0.0,0.0,0.0,0,0,0,0,1397,Crystal Palace (Home),5
Gibbs-White,MID,Nott'm Forest,8.0,15.7,6.5,a,90,0,0,0,1,1,2,1.42,1.56,2.98,4.77,0,0,0,0,0,0,1,True,0.0,1.0,Coventry City,22.4,81.4,6.0,11.0,25,0,2,744604,38690,Crystal Palace (Home),5
Hudson-Odoi,MID,Nott'm Forest,5.8,0.1,0.2,a,0,0,0,0,0,0,0,0.0,0.0,0.0,0.0,0,0,0,0,0,0,0,True,0.0,1.0,Coventry City,0.0,0.0,0.0,0.0,0,0,0,1902,2632,Crystal Palace (Home),5
Ndoye,MID,Nott'm Forest,5.5,0.7,3.0,a,58,0,0,0,1,1,0,0.93,1.25,2.18,3.84,0,0,0,0,0,0,1,True,0.0,1.0,Coventry City,1.4,25.3,16.0,4.3,3,0,1,26545,11590,Crystal Palace (Home),5
Hutchinson,MID,Nott'm Forest,5.4,0.1,0.0,u,0,0,0,0,0,0,0,0.0,0.0,0.0,0.0,0,0,0,0,0,0,0,True,0.0,1.0,Coventry City,0.0,0.0,0.0,0.0,0,0,0,0,1093,Crystal Palace (Home),5
Bakwa,MID,Nott'm Forest,5.5,0.0,0.0,u,0,0,0,0,0,0,0,0.0,0.0,0.0,0.0,0,0,0,0,0,0,0,True,0.0,1.0,Coventry City,0.0,0.0,0.0,0.0,0,0,0,0,60,Crystal Palace (Home),5
McAtee,MID,Nott'm Forest,5.5,0.1,2.2,a,82,0,0,0,1,0,0,0.96,0.37,1.33,4.55,0,0,0,0,0,0,1,True,0.0,1.0,Coventry City,13.6,27.0,18.0,5.9,17,0,2,3622,1633,Crystal Palace (Home),5
Dominguez,MID,Nott'm Forest,4.9,0.1,0.2,a,0,0,0,0,0,0,0,0.0,0.0,0.0,0.0,0,0,0,0,0,0,0,True,0.0,1.0,Coventry City,0.0,0.0,0.0,0.0,0,0,0,254,713,Crystal Palace (Home),5
I.Sangaré,MID,Nott'm Forest,4.9,0.4,0.5,a,7,0,0,0,0,0,0,0.02,0.09,0.11,0.56,0,0,0,0,0,0,0,True,0.0,1.0,Coventry City,1.4,0.3,0.0,0.2,3,0,1,1567,7005,Crystal Palace (Home),5
Yates,MID,Nott'm Forest,4.5,1.2,0.0,a,0,0,0,0,0,0,0,0.0,0.0,0.0,0.0,0,0,0,0,0,0,0,True,0.0,1.0,Coventry City,0.0,0.0,0.0,0.0,0,0,0,2939,15096,Crystal Palace (Home),5
Wood,FWD,Nott'm Forest,5.8,0.9,0.8,a,17,0,0,0,0,0,0,0.01,0.12,0.13,0.53,0,0,0,0,0,0,0,True,0.0,1.0,Coventry City,1.0,2.3,0.0,0.3,4,0,1,5666,15594,Crystal Palace (Home),5
Igor Jesus,FWD,Nott'm Forest,5.8,2.6,2.5,a,31,0,0,0,0,1,0,0.08,1.25,1.33,2.61,0,0,0,0,0,0,0,True,0.0,1.0,Coventry City,3.4,9.2,14.0,2.7,4,0,1,70541,32852,Crystal Palace (Home),5
Kalimuendo,FWD,Nott'm Forest,5.4,0.1,0.0,a,0,0,0,0,0,0,0,0.0,0.0,0.0,0.0,0,0,0,0,0,0,0,True,0.0,1.0,Coventry City,0.0,0.0,0.0,0.0,0,0,0,483,825,Crystal Palace (Home),5
Schlager,MID,Nott'm Forest,5.0,0.1,3.0,a,90,0,0,0,1,0,0,0.18,0.19,0.37,4.43,0,0,0,0,0,0,1,True,0.0,1.0,Coventry City,13.6,5.8,4.0,2.3,16,0,2,3063,1289,Crystal Palace (Home),5
Diomande,DEF,Nott'm Forest,5.4,0.5,1.8,a,72,0,0,0,1,0,0,0.01,0.16,0.17,1.45,0,0,0,0,0,0,1,True,0.0,1.0,Coventry City,7.8,0.6,8.0,1.6,4,0,2,4010,3391,Crystal Palace (Home),5
Benda,GKP,Nott'm Forest,4.5,0.1,0.0,a,0,0,0,0,0,0,0,0.0,0.0,0.0,0.0,0,0,0,0,0,0,0,True,0.0,1.0,Coventry City,0.0,0.0,0.0,0.0,0,0,0,422,563,Crystal Palace (Home),5
Van Hecke,DEF,Spurs,4.9,6.6,5.8,a,90,1,0,0,3,1,0,0.42,0.69,1.11,7.78,0,0,0,0,1,0,1,True,2.0,3.0,Aston Villa,62.0,30.4,17.0,10.9,17,0,6,40803,43952,Man Utd (Home),5
Tosin,DEF,Spurs,4.4,0.1,0.2,a,0,0,0,0,0,0,0,0.0,0.0,0.0,0.03,0,0,0,0,0,0,0,True,2.0,3.0,Aston Villa,0.0,0.0,0.0,0.0,0,0,0,437,1037,Man Utd (Home),5
Marmoush,FWD,Spurs,7.0,2.1,2.0,a,90,0,0,0,3,0,0,0.15,0.38,0.53,3.84,0,0,0,0,0,0,1,True,2.0,3.0,Aston Villa,5.6,6.4,6.0,1.8,8,0,2,35220,45341,Man Utd (Home),5
Sávio,MID,Spurs,6.5,0.7,2.0,a,90,0,0,0,3,0,0,0.7,0.41,1.11,2.76,0,0,0,0,0,0,1,True,2.0,3.0,Aston Villa,24.4,59.0,53.0,13.6,29,0,2,12804,13285,Man Utd (Home),5
Tonali,MID,Spurs,5.3,1.9,3.0,a,83,0,0,0,3,0,0,0.61,0.24,0.85,7.72,0,0,0,0,0,0,1,True,2.0,3.0,Aston Villa,16.8,17.6,10.0,4.4,18,0,2,4540,60910,Man Utd (Home),5
Vicario,GKP,Spurs,4.5,0.1,0.0,u,0,0,0,0,0,0,0,0.0,0.0,0.0,0.0,0,0,0,0,0,0,0,True,2.0,3.0,Aston Villa,0.0,0.0,0.0,0.0,0,0,0,0,1689,Man Utd (Home),5
Austin,GKP,Spurs,4.0,1.0,0.0,a,0,0,0,0,0,0,0,0.0,0.0,0.0,0.0,0,0,0,0,0,0,0,True,2.0,3.0,Aston Villa,0.0,0.0,0.0,0.0,0,0,0,6139,4580,Man Utd (Home),5
Kinsky,GKP,Spurs,4.5,17.3,4.0,a,90,0,0,3,3,0,0,0.0,0.0,0.0,7.78,0,0,0,0,0,0,1,True,2.0,3.0,Aston Villa,27.2,0.0,0.0,2.7,5,0,2,95710,97025,Man Utd (Home),5
Dubravka,GKP,Spurs,4.0,17.1,0.0,a,0,0,0,0,0,0,0,0.0,0.0,0.0,0.0,0,0,0,0,0,0,0,True,2.0,3.0,Aston Villa,0.0,0.0,0.0,0.0,0,0,0,59833,84839,Man Utd (Home),5
Senesi,DEF,Spurs,5.8,3.5,0.0,a,0,0,0,0,0,0,0,0.02,0.0,0.02,3.87,0,0,0,0,0,0,0,True,2.0,3.0,Aston Villa,0.0,0.0,0.0,0.0,0,0,0,2509,72698,Man Utd (Home),5
Pedro Porro,DEF,Spurs,5.4,7.7,2.2,d,18,0,0,0,0,0,0,0.16,0.37,0.53,1.68,0,0,0,0,0,0,1,True,2.0,3.0,Aston Villa,0.0,3.9,1.0,0.5,4,0,1,5333,242865,Man Utd (Home),5
Romero,DEF,Spurs,5.0,0.1,0.0,u,0,0,0,0,0,0,0,0.0,0.0,0.0,0.0,0,0,0,0,0,0,0,True,2.0,3.0,Aston Villa,0.0,0.0,0.0,0.0,0,0,0,0,610,Man Utd (Home),5
Robertson,DEF,Spurs,4.4,2.5,3.5,a,90,0,1,0,3,0,1,0.43,0.13,0.56,7.05,0,0,0,0,0,0,1,True,2.0,3.0,Aston Villa,29.8,56.1,6.0,9.2,15,0,4,20149,22707,Man Utd (Home),5
Van de Ven,DEF,Spurs,5.0,3.8,4.0,a,90,0,0,0,3,0,0,0.05,0.59,0.64,3.91,0,0,0,0,0,0,1,True,2.0,3.0,Aston Villa,24.2,2.3,4.0,3.1,7,0,1,29652,20769,Man Utd (Home),5
Spence,DEF,Spurs,4.5,0.2,0.0,u,0,0,0,0,0,0,0,0.0,0.0,0.0,0.0,0,0,0,0,0,0,0,True,2.0,3.0,Aston Villa,0.0,0.0,0.0,0.0,0,0,0,0,2653,Man Utd (Home),5
Udogie,DEF,Spurs,4.4,0.3,1.5,a,0,0,0,0,0,0,0,0.23,0.0,0.23,1.17,0,0,0,0,0,0,0,True,2.0,3.0,Aston Villa,0.0,0.0,0.0,0.0,0,0,0,949,4959,Man Utd (Home),5
Phillips,DEF,Spurs,4.5,0.0,0.0,u,0,0,0,0,0,0,0,0.0,0.0,0.0,0.0,0,0,0,0,0,0,0,True,2.0,3.0,Aston Villa,0.0,0.0,0.0,0.0,0,0,0,0,106,Man Utd (Home),5
Davies,DEF,Spurs,3.9,0.9,0.0,a,0,0,0,0,0,0,0,0.0,0.0,0.0,0.0,0,0,0,0,0,0,0,True,2.0,3.0,Aston Villa,0.0,0.0,0.0,0.0,0,0,0,2044,7738,Man Utd (Home),5
Byfield,DEF,Spurs,4.0,0.1,0.0,a,0,0,0,0,0,0,0,0.0,0.0,0.0,0.0,0,0,0,0,0,0,0,True,2.0,3.0,Aston Villa,0.0,0.0,0.0,0.0,0,0,0,556,573,Man Utd (Home),5
Rowswell,DEF,Spurs,4.0,0.1,0.0,a,0,0,0,0,0,0,0,0.0,0.0,0.0,0.0,0,0,0,0,0,0,0,True,2.0,3.0,Aston Villa,0.0,0.0,0.0,0.0,0,0,0,672,750,Man Utd (Home),5
Souza,DEF,Spurs,4.0,0.2,0.0,u,0,0,0,0,0,0,0,0.0,0.0,0.0,0.0,0,0,0,0,0,0,0,True,2.0,3.0,Aston Villa,0.0,0.0,0.0,0.0,0,0,0,0,2391,Man Utd (Home),5
Kudus,MID,Spurs,6.5,0.2,1.8,a,45,0,1,0,2,0,1,0.42,0.11,0.53,1.46,0,0,0,0,0,0,0,True,2.0,3.0,Aston Villa,24.8,17.5,7.0,4.9,24,0,4,2728,2823,Man Utd (Home),5
Xavi,MID,Spurs,5.9,0.0,0.0,i,0,0,0,0,0,0,0,0.0,0.0,0.0,0.0,0,0,0,0,0,0,0,True,2.0,3.0,Aston Villa,0.0,0.0,0.0,0.0,0,0,0,51,122,Man Utd (Home),5
Tel,MID,Spurs,5.7,0.2,1.5,a,0,0,0,0,0,0,0,0.23,0.21,0.44,5.55,0,0,0,0,0,0,0,True,2.0,3.0,Aston Villa,0.0,0.0,0.0,0.0,0,0,0,897,6217,Man Utd (Home),5
Maddison,MID,Spurs,6.3,0.4,0.5,a,24,0,0,0,2,0,0,0.04,0.06,0.1,1.03,0,0,0,0,0,0,0,True,2.0,3.0,Aston Villa,10.6,2.4,11.0,2.4,9,0,1,1741,4666,Man Utd (Home),5
Bentancur,MID,Spurs,5.5,0.2,3.5,a,83,0,0,0,3,0,0,0.12,0.02,0.14,5.59,0,0,0,0,0,0,1,True,2.0,3.0,Aston Villa,19.0,6.3,2.0,2.7,15,0,4,2106,1609,Man Utd (Home),5
Odobert,MID,Spurs,5.5,0.0,0.0,i,0,0,0,0,0,0,0,0.0,0.0,0.0,0.0,0,0,0,0,0,0,0,True,2.0,3.0,Aston Villa,0.0,0.0,0.0,0.0,0,0,0,23,20,Man Utd (Home),5
P.M.Sarr,MID,Spurs,4.9,0.1,0.0,u,0,0,0,0,0,0,0,0.0,0.0,0.0,0.0,0,0,0,0,0,0,0,True,2.0,3.0,Aston Villa,0.0,0.0,0.0,0.0,0,0,0,0,2148,Man Utd (Home),5
Gallagher,MID,Spurs,5.3,0.2,2.2,a,6,1,0,0,0,1,0,0.12,0.37,0.49,2.65,0,0,0,0,0,0,0,True,2.0,3.0,Aston Villa,38.4,2.3,33.0,7.4,24,0,6,812,2598,Man Utd (Home),5
Bergvall,MID,Spurs,5.3,0.1,0.5,a,6,0,0,0,0,0,0,0.27,0.06,0.33,2.21,0,0,0,0,0,0,0,True,2.0,3.0,Aston Villa,3.0,0.9,2.0,0.6,3,0,1,344,1257,Man Utd (Home),5
Kulusevski,MID,Spurs,6.5,0.0,0.0,i,0,0,0,0,0,0,0,0.0,0.0,0.0,0.0,0,0,0,0,0,0,0,True,2.0,3.0,Aston Villa,0.0,0.0,0.0,0.0,0,0,0,63,93,Man Utd (Home),5
Gray,MID,Spurs,4.9,0.2,1.8,a,71,0,0,0,3,0,0,0.05,0.23,0.28,6.11,0,0,0,0,0,0,0,True,2.0,3.0,Aston Villa,10.8,3.1,17.0,3.1,14,0,2,1629,2266,Man Utd (Home),5
Moore,MID,Spurs,5.0,0.1,0.2,u,0,0,0,0,0,0,0,0.02,0.4,0.42,3.26,0,0,0,0,0,0,0,True,2.0,3.0,Aston Villa,0.0,0.0,0.0,0.0,0,0,0,0,1980,Man Utd (Home),5
Olusesi,MID,Spurs,4.4,1.0,0.0,a,0,0,0,0,0,0,0,0.0,0.0,0.0,0.0,0,0,0,0,0,0,0,True,2.0,3.0,Aston Villa,0.0,0.0,0.0,0.0,0,0,0,32226,14980,Man Utd (Home),5
Fernandes,MID,Spurs,5.7,0.8,1.5,a,45,0,0,0,1,0,0,0.28,0.19,0.47,4.43,0,0,0,0,0,0,1,True,2.0,3.0,Aston Villa,0.0,5.7,9.0,1.1,2,0,1,2671,13945,Man Utd (Home),5
Solanke,FWD,Spurs,5.8,0.8,1.5,a,65,0,0,0,1,0,0,0.01,0.56,0.57,2.57,0,0,0,0,0,0,1,True,2.0,3.0,Aston Villa,5.2,12.6,16.0,3.4,9,0,2,6047,13080,Man Utd (Home),5
Richarlison,FWD,Spurs,5.9,0.6,0.0,u,0,0,0,0,0,0,0,0.0,0.0,0.0,3.02,0,0,0,0,0,0,0,True,2.0,3.0,Aston Villa,0.0,0.0,0.0,0.0,0,0,0,0,22415,Man Utd (Home),5
Scarlett,FWD,Spurs,4.5,1.1,0.0,u,0,0,0,0,0,0,0,0.0,0.0,0.0,0.0,0,0,0,0,0,0,0,True,2.0,3.0,Aston Villa,0.0,0.0,0.0,0.0,0,0,0,0,18539,Man Utd (Home),5
Mudryk,MID,Spurs,5.3,0.0,0.2,i,0,0,0,0,0,0,0,0.0,0.0,0.0,0.16,0,0,0,0,0,0,0,True,2.0,3.0,Aston Villa,0.0,0.0,0.0,0.0,0,0,0,32,2140,Man Utd (Home),5
Williams-Barnett,MID,Spurs,4.5,0.1,0.0,a,0,0,0,0,0,0,0,0.0,0.0,0.0,0.0,0,0,0,0,0,0,0,True,2.0,3.0,Aston Villa,0.0,0.0,0.0,0.0,0,0,0,655,1612,Man Utd (Home),5
Danso,DEF,Sunderland,5.0,0.2,0.8,a,90,0,0,0,5,0,0,0.17,0.07,0.24,5.91,0,0,0,0,0,0,1,False,5.0,3.0,Man City,17.6,11.0,19.0,4.8,-8,0,0,1530,1546,Brighton (Away),5
Roefs,GKP,Sunderland,4.9,2.5,2.5,a,90,0,0,1,5,0,0,0.01,0.0,0.01,8.66,0,0,0,0,0,0,1,False,5.0,3.0,Man City,14.4,0.0,0.0,1.4,-8,0,0,2559,36319,Brighton (Away),5
Patterson,GKP,Sunderland,4.0,0.1,0.0,u,0,0,0,0,0,0,0,0.0,0.0,0.0,0.0,0,0,0,0,0,0,0,False,5.0,3.0,Man City,0.0,0.0,0.0,0.0,0,0,0,0,743,Brighton (Away),5
Ellborg,GKP,Sunderland,4.5,0.1,0.0,a,0,0,0,0,0,0,0,0.0,0.0,0.0,0.0,0,0,0,0,0,0,0,False,5.0,3.0,Man City,0.0,0.0,0.0,0.0,0,0,0,190,550,Brighton (Away),5
Ballard,DEF,Sunderland,4.9,2.5,3.5,d,90,0,0,0,5,0,0,0.16,0.31,0.47,8.66,0,0,0,0,0,0,1,False,5.0,3.0,Man City,28.4,0.3,11.0,4.0,-12,0,2,6303,52793,Brighton (Away),5
Mukiele,DEF,Sunderland,5.4,1.9,3.2,a,90,0,0,0,5,0,0,0.28,0.75,1.03,6.86,0,0,0,0,0,0,1,False,5.0,3.0,Man City,30.2,30.5,11.0,7.2,5,0,0,5413,28949,Brighton (Away),5
Hume,DEF,Sunderland,4.3,2.8,2.0,a,11,0,0,0,1,0,0,0.29,0.14,0.43,4.57,0,0,0,0,0,0,0,False,5.0,3.0,Man City,0.4,0.4,8.0,0.9,-2,0,1,1810,90441,Brighton (Away),5
Alderete,DEF,Sunderland,4.8,0.2,0.0,a,0,0,0,0,0,0,0,0.01,0.0,0.01,0.1,0,0,0,0,0,0,0,False,5.0,3.0,Man City,0.0,0.0,0.0,0.0,0,0,0,280,4216,Brighton (Away),5
Reinildo,DEF,Sunderland,4.4,0.3,1.5,a,0,0,0,0,0,0,0,0.32,0.0,0.32,5.05,0,0,0,0,0,0,0,False,5.0,3.0,Man City,0.0,0.0,0.0,0.0,0,0,0,136,9767,Brighton (Away),5
Seelt,DEF,Sunderland,4.5,0.0,0.0,u,0,0,0,0,0,0,0,0.0,0.0,0.0,0.0,0,0,0,0,0,0,0,False,5.0,3.0,Man City,0.0,0.0,0.0,0.0,0,0,0,0,55,Brighton (Away),5
Hjelde,DEF,Sunderland,4.0,0.0,0.0,u,0,0,0,0,0,0,0,0.0,0.0,0.0,0.0,0,0,0,0,0,0,0,False,5.0,3.0,Man City,0.0,0.0,0.0,0.0,0,0,0,0,298,Brighton (Away),5
O'Nien,DEF,Sunderland,3.9,2.5,0.0,a,0,0,0,0,0,0,0,0.01,0.01,0.02,1.69,0,0,0,0,0,0,0,False,5.0,3.0,Man City,0.0,0.0,0.0,0.0,0,0,0,2157,25194,Brighton (Away),5
Masuaku,DEF,Sunderland,4.0,0.1,0.0,u,0,0,0,0,0,0,0,0.0,0.0,0.0,0.0,0,0,0,0,0,0,0,False,5.0,3.0,Man City,0.0,0.0,0.0,0.0,0,0,0,0,1276,Brighton (Away),5
Meunier,DEF,Sunderland,4.5,0.3,3.2,a,78,0,1,0,4,0,1,0.58,0.34,0.92,5.94,0,0,0,0,0,0,1,False,5.0,3.0,Man City,22.8,12.8,2.0,3.8,5,0,3,971,2130,Brighton (Away),5
E.Le Fée,MID,Sunderland,5.7,3.4,4.0,a,90,0,1,0,5,1,1,1.34,2.06,3.4,8.46,0,0,0,0,0,0,1,False,5.0,3.0,Man City,33.8,72.8,2.0,10.9,33,0,5,5741,101057,Brighton (Away),5
Diarra,MID,Sunderland,5.4,0.0,1.0,i,0,0,0,0,0,0,1,0.16,0.03,0.19,0.12,0,0,0,0,0,0,0,False,5.0,3.0,Man City,0.0,0.0,0.0,0.0,0,0,0,12,672,Brighton (Away),5
Xhaka,MID,Sunderland,5.5,3.6,3.0,a,90,0,0,0,5,0,1,1.32,0.06,1.38,8.66,0,0,0,0,0,0,1,False,5.0,3.0,Man City,24.6,37.3,0.0,6.2,25,0,2,13122,58515,Brighton (Away),5
Sadiki,MID,Sunderland,4.9,0.2,2.0,a,67,0,0,0,4,0,0,0.24,0.44,0.68,6.47,0,0,0,0,0,0,1,False,5.0,3.0,Man City,0.0,3.3,1.0,0.3,9,0,2,1171,3669,Brighton (Away),5
Adingra,MID,Sunderland,4.9,0.0,0.0,u,0,0,0,0,0,0,0,0.0,0.0,0.0,0.0,0,0,0,0,0,0,0,False,5.0,3.0,Man City,0.0,0.0,0.0,0.0,0,0,0,0,645,Brighton (Away),5
Mundle,MID,Sunderland,4.9,0.0,0.2,i,0,0,0,0,0,0,0,0.0,0.17,0.17,0.09,0,0,0,0,0,0,0,False,5.0,3.0,Man City,0.0,0.0,0.0,0.0,0,0,0,15,135,Brighton (Away),5
Rigg,MID,Sunderland,4.9,0.0,0.2,a,0,0,0,0,0,0,0,0.0,0.0,0.0,0.44,0,0,0,0,0,0,0,False,5.0,3.0,Man City,0.0,0.0,0.0,0.0,0,0,0,65,504,Brighton (Away),5
Talbi,MID,Sunderland,5.3,0.1,0.0,a,0,0,0,0,0,0,0,0.0,0.0,0.0,0.14,0,0,0,0,0,0,0,False,5.0,3.0,Man City,0.0,0.0,0.0,0.0,0,0,0,308,1697,Brighton (Away),5
Jocelin.T,MID,Sunderland,5.0,0.0,0.0,a,0,0,0,0,0,0,0,0.0,0.0,0.0,0.0,0,0,0,0,0,0,0,False,5.0,3.0,Man City,0.0,0.0,0.0,0.0,0,0,0,64,88,Brighton (Away),5
N.Angulo,MID,Sunderland,5.0,0.1,2.8,a,59,0,1,0,4,1,1,0.13,0.6,0.73,4.56,0,0,0,0,0,0,1,False,5.0,3.0,Man City,21.4,11.7,13.0,4.6,13,0,4,718,2147,Brighton (Away),5
Brobbey,FWD,Sunderland,5.7,7.0,5.5,d,90,3,0,0,5,3,0,0.11,2.94,3.05,8.18,0,0,0,0,0,0,1,False,5.0,3.0,Man City,104.0,16.1,84.0,20.4,92,3,17,12010,157147,Brighton (Away),5
Isidor,FWD,Sunderland,5.5,1.3,3.5,a,22,0,0,0,1,1,1,0.01,1.49,1.5,3.78,0,0,0,0,0,0,0,False,5.0,3.0,Man City,0.2,0.3,0.0,0.1,3,0,1,6445,25431,Brighton (Away),5
Methalie,DEF,Sunderland,4.5,0.0,-0.2,a,90,0,0,0,5,0,0,0.01,0.03,0.04,2.82,0,0,0,0,1,0,1,False,5.0,3.0,Man City,8.0,2.0,2.0,1.2,-8,0,-1,145,96,Brighton (Away),5
Ahoka,MID,Sunderland,4.5,0.2,0.0,a,0,0,0,0,0,0,0,0.0,0.0,0.0,0.0,0,0,0,0,0,0,0,False,5.0,3.0,Man City,0.0,0.0,0.0,0.0,0,0,0,2205,3619,Brighton (Away),5
Fofana,MID,Sunderland,5.5,0.0,1.0,a,30,0,0,0,1,0,0,0.01,0.39,0.4,3.25,0,0,0,0,0,0,0,False,5.0,3.0,Man City,12.4,0.8,38.0,5.1,6,0,1,472,632,Brighton (Away),5
J.Angulo,FWD,Sunderland,4.5,0.7,0.0,a,0,0,0,0,0,0,0,0.0,0.0,0.0,0.0,0,0,0,0,0,0,0,False,5.0,3.0,Man City,0.0,0.0,0.0,0.0,0,0,0,33544,11643,Brighton (Away),5
Raya,GKP,Arsenal,6.0,37.6,6.0,a,90,0,0,0,0,0,0,0.0,0.0,0.0,0.53,1,0,0,0,0,0,1,False,0.0,1.0,Aston Villa,5.6,0.0,0.0,0.6,21,0,6,106734,81978,Chelsea (Away),2
Arrizabalaga,GKP,Arsenal,5.0,0.1,0.0,a,0,0,0,0,0,0,0,0.0,0.0,0.0,0.0,0,0,0,0,0,0,0,False,0.0,1.0,Aston Villa,0.0,0.0,0.0,0.0,0,0,0,322,1389,Chelsea (Away),2
Meslier,GKP,Arsenal,5.0,0.0,0.0,a,0,0,0,0,0,0,0,0.0,0.0,0.0,0.0,0,0,0,0,0,0,0,False,0.0,1.0,Aston Villa,0.0,0.0,0.0,0.0,0,0,0,101,492,Chelsea (Away),2
Gabriel,DEF,Arsenal,8.0,25.8,6.5,a,90,0,0,0,0,0,0,0.03,0.18,0.21,0.53,1,0,0,0,0,0,1,False,0.0,1.0,Aston Villa,18.2,3.2,6.0,2.7,23,0,8,58765,124108,Chelsea (Away),2
J.Timber,DEF,Arsenal,6.5,0.1,0.0,i,0,0,0,0,0,0,0,0.0,0.0,0.0,0.0,0,0,0,0,0,0,0,False,0.0,1.0,Aston Villa,0.0,0.0,0.0,0.0,0,0,0,401,3104,Chelsea (Away),2
Saliba,DEF,Arsenal,6.0,0.2,0.0,i,0,0,0,0,0,0,0,0.0,0.0,0.0,0.0,0,0,0,0,0,0,0,False,0.0,1.0,Aston Villa,0.0,0.0,0.0,0.0,0,0,0,846,6816,Chelsea (Away),2
Lewis-Skelly,MID,Arsenal,5.5,0.7,3.0,a,70,0,0,0,0,0,0,0.13,0.13,0.26,0.53,1,0,0,0,0,0,1,False,0.0,1.0,Aston Villa,10.6,3.2,5.0,1.9,15,0,3,9693,9051,Chelsea (Away),2
Calafiori,DEF,Arsenal,5.7,44.1,10.0,a,90,0,1,0,0,0,2,0.55,0.15,0.7,0.39,1,0,0,0,0,0,1,False,0.0,1.0,Aston Villa,21.2,11.9,9.0,4.2,30,2,11,310105,41633,Chelsea (Away),2
Hincapie,DEF,Arsenal,5.4,1.2,0.5,a,0,0,0,0,0,0,0,0.0,0.0,0.0,0.15,0,0,0,0,0,0,0,False,0.0,1.0,Aston Villa,0.0,0.0,0.0,0.0,0,0,0,3910,41046,Chelsea (Away),2
White,DEF,Arsenal,5.5,7.2,9.0,a,90,0,0,0,0,0,1,0.26,0.18,0.44,0.53,1,0,0,0,0,0,1,False,0.0,1.0,Aston Villa,16.4,20.3,0.0,3.7,26,1,7,144941,25055,Chelsea (Away),2
Mosquera,DEF,Arsenal,5.5,4.8,6.0,a,78,0,0,0,0,0,0,0.01,0.0,0.01,0.53,1,0,0,0,0,0,1,False,0.0,1.0,Aston Villa,10.2,1.4,0.0,1.2,25,0,6,15410,45949,Chelsea (Away),2
Saka,MID,Arsenal,9.5,10.7,10.0,a,90,1,0,0,0,2,0,0.12,1.27,1.39,0.39,1,0,0,0,0,0,1,False,0.0,1.0,Aston Villa,41.0,8.0,44.0,9.3,46,3,11,88913,35230,Chelsea (Away),2
Rice,MID,Arsenal,7.5,14.6,4.0,a,84,0,0,0,0,0,0,0.18,0.07,0.25,0.39,1,0,0,0,0,0,1,False,0.0,1.0,Aston Villa,24.0,27.6,0.0,5.2,19,0,5,35487,157722,Chelsea (Away),2
Eze,MID,Arsenal,6.4,1.5,1.0,a,45,0,0,0,0,0,0,0.07,0.04,0.11,0.39,0,0,0,0,0,0,0,False,0.0,1.0,Aston Villa,1.6,2.0,2.0,0.6,6,0,1,5716,44492,Chelsea (Away),2
Ødegaard,MID,Arsenal,6.6,11.1,7.0,a,70,0,0,0,0,1,0,0.17,0.29,0.46,0.39,1,0,0,0,0,0,1,False,0.0,1.0,Aston Villa,6.8,6.8,5.0,1.9,13,0,3,289559,36860,Chelsea (Away),2
Madueke,MID,Arsenal,6.3,0.3,0.5,a,0,0,0,0,0,0,0,0.04,0.0,0.04,0.15,0,0,0,0,0,0,0,False,0.0,1.0,Aston Villa,0.0,0.0,0.0,0.0,0,0,0,1412,8231,Chelsea (Away),2
Merino,MID,Arsenal,5.9,0.5,1.0,a,19,0,0,0,0,0,0,0.02,0.14,0.16,0.15,0,0,0,0,0,0,0,False,0.0,1.0,Aston Villa,2.8,1.0,0.0,0.4,7,0,1,2422,15257,Chelsea (Away),2
Martinelli,MID,Arsenal,6.3,0.2,0.0,a,0,0,0,0,0,0,0,0.0,0.0,0.0,0.0,0,0,0,0,0,0,0,False,0.0,1.0,Aston Villa,0.0,0.0,0.0,0.0,0,0,0,1318,7036,Chelsea (Away),2
Zubimendi,MID,Arsenal,5.4,0.8,1.0,a,5,0,0,0,0,0,0,0.02,0.0,0.02,0.15,0,0,0,0,0,0,0,False,0.0,1.0,Aston Villa,4.8,0.9,0.0,0.6,5,0,1,1579,20592,Chelsea (Away),2
Dowman,MID,Arsenal,5.4,0.1,0.0,a,0,0,0,0,0,0,0,0.0,0.0,0.0,0.0,0,0,0,0,0,0,0,False,0.0,1.0,Aston Villa,0.0,0.0,0.0,0.0,0,0,0,473,2330,Chelsea (Away),2
Nwaneri,MID,Arsenal,5.4,0.0,0.0,u,0,0,0,0,0,0,0,0.0,0.0,0.0,0.0,0,0,0,0,0,0,0,False,0.0,1.0,Aston Villa,0.0,0.0,0.0,0.0,0,0,0,76,324,Chelsea (Away),2
Fábio Vieira,MID,Arsenal,5.5,0.0,0.0,u,0,0,0,0,0,0,0,0.0,0.0,0.0,0.0,0,0,0,0,0,0,0,False,0.0,1.0,Aston Villa,0.0,0.0,0.0,0.0,0,0,0,80,215,Chelsea (Away),2
Nelson,MID,Arsenal,5.5,0.0,0.0,u,0,0,0,0,0,0,0,0.0,0.0,0.0,0.0,0,0,0,0,0,0,0,False,0.0,1.0,Aston Villa,0.0,0.0,0.0,0.0,0,0,0,64,172,Chelsea (Away),2
Gyökeres,FWD,Arsenal,7.3,4.9,0.0,a,0,0,0,0,0,0,0,0.0,0.0,0.0,0.0,0,0,0,0,0,0,0,False,0.0,1.0,Aston Villa,0.0,0.0,0.0,0.0,0,0,0,8776,238129,Chelsea (Away),2
Havertz,FWD,Arsenal,7.5,6.8,4.0,a,90,0,0,0,0,1,0,0.06,0.28,0.34,0.53,1,0,0,0,0,0,1,False,0.0,1.0,Aston Villa,2.4,3.4,23.0,2.9,5,0,2,187608,38825,Chelsea (Away),2
G.Jesus,FWD,Arsenal,5.9,0.3,0.0,u,0,0,0,0,0,0,0,0.0,0.0,0.0,0.0,0,0,0,0,0,0,0,False,0.0,1.0,Aston Villa,0.0,0.0,0.0,0.0,0,0,0,1914,7178,Chelsea (Away),2
Konsa,DEF,Arsenal,4.4,10.6,0.5,a,11,0,0,0,0,0,0,0.0,0.0,0.0,0.0,0,0,0,0,0,0,0,False,0.0,1.0,Aston Villa,3.2,0.1,0.0,0.3,3,0,1,49821,229587,Chelsea (Away),2
Bruno G.,MID,Arsenal,6.8,2.1,0.5,a,19,0,0,0,0,0,0,0.01,0.0,0.01,0.0,0,0,0,0,0,0,0,False,0.0,1.0,Aston Villa,1.4,0.8,2.0,0.4,4,0,1,850,126555,Chelsea (Away),2
Tzolis,MID,Arsenal,6.5,20.5,3.0,a,45,0,0,0,0,0,1,0.15,0.19,0.34,0.16,0,0,0,0,1,0,1,False,0.0,1.0,Aston Villa,0.0,11.8,4.0,1.6,1,0,0,236687,55700,Chelsea (Away),2
M.Bizot,GKP,Aston Villa,4.5,0.1,0.5,a,0,0,0,0,0,0,0,0.0,0.0,0.0,3.77,0,0,0,0,0,0,0,True,0.0,1.0,Arsenal,0.0,0.0,0.0,0.0,0,0,0,845,881,Hull City (Home),2
Digne,DEF,Aston Villa,4.5,0.1,0.0,u,0,0,0,0,0,0,0,0.0,0.0,0.0,0.0,0,0,0,0,0,0,0,True,0.0,1.0,Arsenal,0.0,0.0,0.0,0.0,0,0,0,0,4977,Hull City (Home),2
Cash,DEF,Aston Villa,4.5,7.1,0.5,a,77,0,0,0,1,0,0,0.01,0.15,0.16,4.81,0,0,0,0,0,0,1,True,0.0,1.0,Arsenal,14.0,1.8,7.0,2.3,8,0,2,26978,106327,Hull City (Home),2
Mings,DEF,Aston Villa,4.5,0.4,0.5,a,0,0,0,0,0,0,0,0.0,0.0,0.0,0.22,0,0,0,0,0,0,0,True,0.0,1.0,Arsenal,0.0,0.0,0.0,0.0,0,0,0,3253,3507,Hull City (Home),2
Pau,DEF,Aston Villa,4.5,0.4,1.0,a,90,0,0,0,1,0,0,0.01,0.0,0.01,4.59,0,0,0,0,0,0,1,True,0.0,1.0,Arsenal,11.0,0.8,0.0,1.2,6,0,2,1831,5060,Hull City (Home),2
Bogarde,MID,Aston Villa,5.0,0.1,0.5,a,0,0,0,0,0,0,0,0.0,0.0,0.0,0.22,0,0,0,0,0,0,0,True,0.0,1.0,Arsenal,0.0,0.0,0.0,0.0,0,0,0,636,985,Hull City (Home),2
Maatsen,DEF,Aston Villa,4.5,0.8,0.5,a,90,0,0,0,1,0,0,0.0,0.1,0.1,4.66,0,0,0,0,1,0,1,True,0.0,1.0,Arsenal,4.8,0.5,12.0,1.7,-5,0,1,2546,8858,Hull City (Home),2
Lindelöf,DEF,Aston Villa,4.5,0.3,0.0,a,90,0,0,0,1,0,0,0.08,0.0,0.08,4.81,0,0,0,0,0,0,1,True,0.0,1.0,Arsenal,15.0,1.2,0.0,1.6,10,0,2,1775,4011,Hull City (Home),2
A.García,DEF,Aston Villa,4.0,1.8,0.0,a,0,0,0,0,0,0,0,0.0,0.0,0.0,0.0,0,0,0,0,0,0,0,True,0.0,1.0,Arsenal,0.0,0.0,0.0,0.0,0,0,0,7339,13923,Hull City (Home),2
Nedeljkovic,DEF,Aston Villa,4.0,0.2,0.0,u,0,0,0,0,0,0,0,0.0,0.0,0.0,0.0,0,0,0,0,0,0,0,True,0.0,1.0,Arsenal,0.0,0.0,0.0,0.0,0,0,0,0,7238,Hull City (Home),2
Buendía,MID,Aston Villa,6.0,1.2,2.0,a,90,0,0,0,1,0,0,0.11,0.17,0.28,4.66,0,0,0,0,0,0,1,True,0.0,1.0,Arsenal,5.0,13.2,9.0,2.7,9,0,2,5020,21886,Hull City (Home),2
Bailey,MID,Aston Villa,5.4,0.1,0.0,a,0,0,0,0,0,0,0,0.0,0.0,0.0,0.0,0,0,0,0,0,0,0,True,0.0,1.0,Arsenal,0.0,0.0,0.0,0.0,0,0,0,1002,2657,Hull City (Home),2
McGinn,MID,Aston Villa,5.4,2.5,1.0,a,90,0,0,0,1,0,0,0.06,0.09,0.15,4.66,0,0,0,0,1,0,1,True,0.0,1.0,Arsenal,0.0,12.0,10.0,1.7,2,0,1,7606,44653,Hull City (Home),2
Barkley,MID,Aston Villa,5.0,0.3,2.0,a,77,0,0,0,1,0,0,0.04,0.13,0.17,4.59,0,0,0,0,0,0,1,True,0.0,1.0,Arsenal,12.8,23.3,2.0,3.8,23,0,2,1875,2716,Hull City (Home),2
Kamara,MID,Aston Villa,5.0,0.3,2.0,a,90,0,0,0,1,0,0,0.03,0.0,0.03,4.81,0,0,0,0,0,0,1,True,0.0,1.0,Arsenal,10.6,14.2,0.0,2.5,13,0,2,2489,4739,Hull City (Home),2
Onana,MID,Aston Villa,5.0,0.0,0.0,i,0,0,0,0,0,0,0,0.0,0.0,0.0,0.0,0,0,0,0,0,0,0,True,0.0,1.0,Arsenal,0.0,0.0,0.0,0.0,0,0,0,157,529,Hull City (Home),2
Iling Jr,MID,Aston Villa,5.0,0.0,0.0,u,0,0,0,0,0,0,0,0.0,0.0,0.0,0.0,0,0,0,0,0,0,0,True,0.0,1.0,Arsenal,0.0,0.0,0.0,0.0,0,0,0,0,120,Hull City (Home),2
Burrowes,MID,Aston Villa,4.5,0.7,0.0,a,0,0,0,0,0,0,0,0.0,0.0,0.0,0.0,0,0,0,0,0,0,0,True,0.0,1.0,Arsenal,0.0,0.0,0.0,0.0,0,0,0,3513,6768,Hull City (Home),2
George Hemmings,MID,Aston Villa,4.5,1.0,2.0,a,70,0,0,0,1,0,0,0.01,0.0,0.01,4.78,0,0,0,0,0,0,1,True,0.0,1.0,Arsenal,1.8,4.3,0.0,0.6,5,0,2,8743,5484,Hull City (Home),2
Alysson,MID,Aston Villa,5.0,0.0,0.5,a,19,0,0,0,0,0,0,0.0,0.0,0.0,0.16,0,0,0,0,1,0,0,True,0.0,1.0,Arsenal,1.2,0.8,2.0,0.4,2,0,0,343,596,Hull City (Home),2
Manzambi,MID,Aston Villa,5.9,0.1,0.0,i,0,0,0,0,0,0,0,0.0,0.0,0.0,0.0,0,0,0,0,0,0,0,True,0.0,1.0,Arsenal,0.0,0.0,0.0,0.0,0,0,0,232,8790,Hull City (Home),2
Gomes,MID,Aston Villa,5.5,0.0,-1.0,s,0,0,0,0,0,0,0,0.01,0.0,0.01,2.58,0,0,0,0,0,0,0,True,0.0,1.0,Arsenal,0.0,0.0,0.0,0.0,0,0,0,154,1883,Hull City (Home),2
Watkins,FWD,Aston Villa,7.8,4.7,0.0,u,0,0,0,0,0,0,0,0.0,0.0,0.0,0.0,0,0,0,0,0,0,0,True,0.0,1.0,Arsenal,0.0,0.0,0.0,0.0,0,0,0,10632,276460,Hull City (Home),2
Abraham,FWD,Aston Villa,5.5,0.1,0.5,a,19,0,0,0,0,0,0,0.0,0.0,0.0,0.02,0,0,0,0,0,0,0,True,0.0,1.0,Arsenal,0.0,1.3,0.0,0.1,3,0,1,597,2683,Hull City (Home),2
Garnacho,MID,Aston Villa,5.9,0.5,1.0,a,12,0,0,0,0,0,0,0.0,0.0,0.0,0.14,0,0,0,0,0,0,0,True,0.0,1.0,Arsenal,0.2,2.0,0.0,0.2,3,0,1,2021,10575,Hull City (Home),2
N.Jackson,FWD,Aston Villa,6.5,0.9,1.0,a,70,0,0,0,1,0,0,0.1,0.0,0.1,1.01,0,0,0,0,0,0,1,True,0.0,1.0,Arsenal,4.2,5.9,2.0,1.2,11,0,2,26989,5175,Hull City (Home),2
Madjo,FWD,Aston Villa,5.5,0.3,0.0,i,0,0,0,0,0,0,0,0.0,0.0,0.0,0.0,0,0,0,0,0,0,0,True,0.0,1.0,Arsenal,0.0,0.0,0.0,0.0,0,0,0,1166,8923,Hull City (Home),2
Ruggeri,DEF,Aston Villa,4.5,0.1,0.5,a,0,0,0,0,0,0,0,0.0,0.0,0.0,0.14,0,0,0,0,0,0,0,True,0.0,1.0,Arsenal,0.0,0.0,0.0,0.0,0,0,0,856,1099,Hull City (Home),2
Suzuki,GKP,Aston Villa,5.0,1.2,1.0,a,90,0,0,1,1,0,0,0.0,0.0,0.0,1.04,0,0,0,0,0,0,1,True,0.0,1.0,Arsenal,13.6,0.0,0.0,1.4,8,0,2,4229,6771,Hull City (Home),2
Rowe,DEF,Aston Villa,4.0,0.2,0.0,a,0,0,0,0,0,0,0,0.0,0.0,0.0,0.0,0,0,0,0,0,0,0,True,0.0,1.0,Arsenal,0.0,0.0,0.0,0.0,0,0,0,1560,246,Hull City (Home),2
Lynch,MID,Aston Villa,4.5,0.1,0.0,a,0,0,0,0,0,0,0,0.0,0.0,0.0,0.0,0,0,0,0,0,0,0,True,0.0,1.0,Arsenal,0.0,0.0,0.0,0.0,0,0,0,3603,832,Hull City (Home),2
Wan-Bissaka,DEF,Aston Villa,4.5,0.1,1.0,a,12,0,0,0,0,0,0,0.0,0.0,0.0,0.0,0,0,0,0,0,0,0,True,0.0,1.0,Arsenal,3.6,0.8,0.0,0.4,4,0,1,1549,166,Hull City (Home),2
Goretzka,MID,Aston Villa,6.0,0.0,0.0,a,0,0,0,0,0,0,0,0.0,0.0,0.0,0.0,0,0,0,0,0,0,0,True,0.0,1.0,Arsenal,0.0,0.0,0.0,0.0,0,0,0,212,7,Hull City (Home),2
Harwood-Bellis,DEF,Aston Villa,4.5,0.0,0.0,a,0,0,0,0,0,0,0,0.0,0.0,0.0,0.0,0,0,0,0,0,0,0,False,,,,0.0,0.0,0.0,0.0,0,0,0,0,0,Hull City (Home),2
Mbaye,MID,Aston Villa,6.0,0.0,0.0,a,0,0,0,0,0,0,0,0.0,0.0,0.0,0.0,0,0,0,0,0,0,0,False,,,,0.0,0.0,0.0,0.0,0,0,0,0,0,Hull City (Home),2
Petrović,GKP,Bournemouth,4.5,3.4,2.5,a,90,0,0,5,1,0,0,0.0,0.0,0.0,4.09,0,0,0,0,0,0,1,True,1.0,1.0,Everton,33.8,0.0,0.0,3.4,20,0,3,25378,14053,Newcastle (Home),2
Forster,GKP,Bournemouth,4.0,3.4,0.0,a,0,0,0,0,0,0,0,0.0,0.0,0.0,0.0,0,0,0,0,0,0,0,True,1.0,1.0,Everton,0.0,0.0,0.0,0.0,0,0,0,9562,10653,Newcastle (Home),2
Dennis,GKP,Bournemouth,4.0,0.2,0.0,u,0,0,0,0,0,0,0,0.0,0.0,0.0,0.0,0,0,0,0,0,0,0,True,1.0,1.0,Everton,0.0,0.0,0.0,0.0,0,0,0,1133,1517,Newcastle (Home),2
Hill,DEF,Bournemouth,5.5,0.9,2.5,a,90,0,0,0,1,0,0,0.74,0.0,0.74,4.09,0,0,0,0,0,0,1,True,1.0,1.0,Everton,25.6,21.0,4.0,5.1,19,0,4,9153,6741,Newcastle (Home),2
Truffert,DEF,Bournemouth,5.5,3.8,2.5,a,90,0,0,0,1,0,0,0.07,0.0,0.07,4.09,0,0,0,0,0,0,1,True,1.0,1.0,Everton,27.8,23.7,4.0,5.6,27,2,4,20601,25821,Newcastle (Home),2
Diakité,DEF,Bournemouth,5.0,0.2,0.0,a,0,0,0,0,0,0,0,0.0,0.0,0.0,0.0,0,0,0,0,0,0,0,True,1.0,1.0,Everton,0.0,0.0,0.0,0.0,0,0,0,2722,2321,Newcastle (Home),2
Milosavljević,DEF,Bournemouth,5.0,0.0,0.0,i,0,0,0,0,0,0,0,0.0,0.0,0.0,0.0,0,0,0,0,0,0,0,True,1.0,1.0,Everton,0.0,0.0,0.0,0.0,0,0,0,74,296,Newcastle (Home),2
Smith,DEF,Bournemouth,4.5,0.1,1.0,a,90,0,0,0,1,0,0,0.02,0.0,0.02,4.09,0,0,0,0,1,0,1,True,1.0,1.0,Everton,15.6,15.7,0.0,3.1,5,0,1,2845,1018,Newcastle (Home),2
J.Araujo,DEF,Bournemouth,4.5,0.0,0.0,i,0,0,0,0,0,0,0,0.0,0.0,0.0,0.0,0,0,0,0,0,0,0,True,1.0,1.0,Everton,0.0,0.0,0.0,0.0,0,0,0,88,506,Newcastle (Home),2
Soler,DEF,Bournemouth,4.0,0.3,0.0,a,0,0,0,0,0,0,0,0.0,0.0,0.0,0.0,0,0,0,0,0,0,0,True,1.0,1.0,Everton,0.0,0.0,0.0,0.0,0,0,0,416,2427,Newcastle (Home),2
Rayan,MID,Bournemouth,6.5,2.3,2.0,a,90,0,0,0,1,0,0,0.05,0.44,0.49,3.9,0,0,0,0,0,0,1,True,1.0,1.0,Everton,8.6,3.5,44.0,5.6,4,0,2,23680,22179,Newcastle (Home),2
Tavernier,MID,Bournemouth,6.0,2.3,5.5,a,90,0,0,0,1,1,0,0.29,0.49,0.78,4.09,0,0,0,0,1,0,1,True,1.0,1.0,Everton,15.0,38.3,11.0,6.4,20,0,1,87207,12431,Newcastle (Home),2
Scott,MID,Bournemouth,6.0,1.9,7.0,a,86,1,0,0,0,1,0,0.28,0.26,0.54,3.96,1,0,0,0,1,0,1,True,1.0,1.0,Everton,47.6,32.1,21.0,10.1,39,3,12,8520,12886,Newcastle (Home),2
Kluivert,MID,Bournemouth,6.0,1.1,3.0,a,80,0,0,0,0,0,0,0.05,0.72,0.77,3.61,1,0,0,0,0,0,1,True,1.0,1.0,Everton,11.2,26.9,57.0,9.5,12,0,3,16321,9590,Newcastle (Home),2
Cook,MID,Bournemouth,5.0,0.2,3.0,a,68,0,0,0,0,0,0,0.01,0.0,0.01,3.61,1,0,0,0,0,0,1,True,1.0,1.0,Everton,3.8,12.8,0.0,1.7,13,0,3,3259,1707,Newcastle (Home),2
Gannon-Doak,MID,Bournemouth,5.0,0.1,0.5,a,0,0,0,0,0,0,0,0.0,0.0,0.0,0.19,0,0,0,0,0,0,0,True,1.0,1.0,Everton,0.0,0.0,0.0,0.0,0,0,0,365,833,Newcastle (Home),2
Adams,MID,Bournemouth,5.0,0.2,1.0,a,21,0,0,0,1,0,0,0.0,0.0,0.0,0.47,0,0,0,0,0,0,0,True,1.0,1.0,Everton,1.6,1.3,0.0,0.3,4,0,1,3032,2855,Newcastle (Home),2
Brooks,MID,Bournemouth,5.0,0.1,0.5,a,9,0,0,0,1,0,0,0.01,0.0,0.01,0.16,0,0,0,0,0,0,0,True,1.0,1.0,Everton,0.0,1.6,0.0,0.1,3,0,1,602,695,Newcastle (Home),2
Christie,MID,Bournemouth,5.0,0.0,0.5,a,3,0,0,0,1,0,0,0.0,0.0,0.0,0.13,0,0,0,0,0,0,0,True,1.0,1.0,Everton,2.8,0.3,0.0,0.3,5,0,1,560,196,Newcastle (Home),2
Tóth.A,MID,Bournemouth,5.0,0.0,0.5,a,0,0,0,0,0,0,0,0.0,0.0,0.0,0.31,0,0,0,0,0,0,0,True,1.0,1.0,Everton,0.0,0.0,0.0,0.0,0,0,0,100,146,Newcastle (Home),2
Adli,MID,Bournemouth,4.9,0.0,0.0,i,0,0,0,0,0,0,0,0.0,0.0,0.0,0.0,0,0,0,0,0,0,0,True,1.0,1.0,Everton,0.0,0.0,0.0,0.0,0,0,0,54,976,Newcastle (Home),2
Kroupi.Jr,MID,Bournemouth,7.4,0.2,0.0,i,0,0,0,0,0,0,0,0.0,0.0,0.0,0.0,0,0,0,0,0,0,0,True,1.0,1.0,Everton,0.0,0.0,0.0,0.0,0,0,0,462,13408,Newcastle (Home),2
Evanilson,FWD,Bournemouth,6.0,3.2,4.5,a,80,0,1,0,0,0,2,0.25,0.58,0.83,3.61,1,0,0,0,0,0,1,True,1.0,1.0,Everton,15.0,22.2,22.0,5.9,11,0,5,72625,19026,Newcastle (Home),2
Enes Ünal,FWD,Bournemouth,5.5,0.0,0.0,u,0,0,0,0,0,0,0,0.0,0.0,0.0,0.0,0,0,0,0,0,0,0,True,1.0,1.0,Everton,0.0,0.0,0.0,0.0,0,0,0,0,1070,Newcastle (Home),2
Rodríguez,FWD,Bournemouth,6.0,0.1,0.5,a,9,0,0,0,1,0,0,0.0,0.0,0.0,0.16,0,0,0,0,0,0,0,True,1.0,1.0,Everton,0.0,0.0,0.0,0.0,4,0,1,1000,1182,Newcastle (Home),2
Silva,DEF,Bournemouth,5.0,0.4,3.0,a,90,0,0,0,1,0,0,0.03,0.25,0.28,4.09,0,0,0,0,0,0,1,True,1.0,1.0,Everton,18.6,1.8,13.0,3.3,11,0,4,7365,2190,Newcastle (Home),2
Sanchez,DEF,Bournemouth,4.5,0.2,0.0,a,0,0,0,0,0,0,0,0.0,0.0,0.0,0.0,0,0,0,0,0,0,0,True,1.0,1.0,Everton,0.0,0.0,0.0,0.0,0,0,0,452,1465,Newcastle (Home),2
Jebbison,FWD,Bournemouth,5.0,0.1,0.5,a,0,0,0,0,0,0,0,0.0,0.1,0.1,0.31,0,0,0,0,0,0,0,True,1.0,1.0,Everton,0.0,0.0,0.0,0.0,0,0,0,2477,421,Newcastle (Home),2
Di Gregorio,GKP,Bournemouth,4.5,0.0,0.0,a,0,0,0,0,0,0,0,0.0,0.0,0.0,0.0,0,0,0,0,0,0,0,True,1.0,1.0,Everton,0.0,0.0,0.0,0.0,0,0,0,241,27,Newcastle (Home),2
Kelleher,GKP,Brentford,5.0,7.5,4.5,a,90,0,0,1,1,0,0,0.01,0.0,0.01,2.03,0,0,0,0,0,0,1,False,1.0,1.0,Leeds,9.4,0.0,0.0,0.9,7,0,2,74434,19924,Sunderland (Away),2
Valdimarsson,GKP,Brentford,4.5,0.1,0.0,a,0,0,0,0,0,0,0,0.0,0.0,0.0,0.0,0,0,0,0,0,0,0,False,1.0,1.0,Leeds,0.0,0.0,0.0,0.0,0,0,0,642,890,Sunderland (Away),2
Collins,DEF,Brentford,5.5,2.3,4.5,a,90,0,0,0,1,0,0,0.05,0.51,0.56,2.03,0,0,0,0,1,0,1,False,1.0,1.0,Leeds,28.0,0.9,34.0,6.3,14,0,3,25089,9373,Sunderland (Away),2
Van den Berg,DEF,Brentford,4.9,0.1,0.0,i,0,0,0,0,0,0,0,0.0,0.0,0.0,0.0,0,0,0,0,0,0,0,False,1.0,1.0,Leeds,0.0,0.0,0.0,0.0,0,0,0,145,4123,Sunderland (Away),2
Lewis-Potter,MID,Brentford,5.5,2.0,8.0,a,87,0,1,0,1,1,1,0.25,0.79,1.04,2.03,0,0,0,0,0,0,1,False,1.0,1.0,Leeds,38.4,31.6,2.0,7.2,29,1,6,52542,6716,Sunderland (Away),2
Ajer,DEF,Brentford,4.5,5.2,5.5,a,90,0,0,0,1,0,0,0.03,0.11,0.14,2.03,0,0,0,0,1,0,1,False,1.0,1.0,Leeds,37.8,21.0,2.0,6.1,7,0,3,69978,13902,Sunderland (Away),2
Kayode,DEF,Brentford,4.6,9.5,7.5,a,87,0,0,0,1,1,0,0.21,0.52,0.73,1.93,0,0,0,0,0,0,1,False,1.0,1.0,Leeds,14.4,16.0,8.0,3.8,9,0,2,310803,21160,Sunderland (Away),2
Henry,DEF,Brentford,4.5,0.2,0.5,a,2,0,0,0,0,0,0,0.0,0.0,0.0,0.0,0,0,0,0,0,0,0,False,1.0,1.0,Leeds,0.0,0.0,0.0,0.0,3,0,1,544,2146,Sunderland (Away),2
Hickey,DEF,Brentford,4.5,0.1,1.0,a,2,0,0,0,0,0,0,0.02,0.0,0.02,0.1,0,0,0,0,0,0,0,False,1.0,1.0,Leeds,4.0,4.1,0.0,0.8,6,0,1,623,540,Sunderland (Away),2
Ji-soo,DEF,Brentford,4.5,0.0,0.0,a,0,0,0,0,0,0,0,0.0,0.0,0.0,0.0,0,0,0,0,0,0,0,False,1.0,1.0,Leeds,0.0,0.0,0.0,0.0,0,0,0,112,198,Sunderland (Away),2
Schuster,DEF,Brentford,4.5,0.1,0.0,a,0,0,0,0,0,0,0,0.0,0.0,0.0,0.0,0,0,0,0,0,0,0,False,1.0,1.0,Leeds,0.0,0.0,0.0,0.0,0,0,0,142,1206,Sunderland (Away),2
Schade,MID,Brentford,6.0,4.2,6.5,a,87,1,0,0,1,1,0,0.03,0.77,0.8,2.03,0,0,0,0,0,0,1,False,1.0,1.0,Leeds,45.6,11.1,34.0,9.1,34,3,10,24998,25789,Sunderland (Away),2
O.Dango,MID,Brentford,6.5,0.9,2.0,a,29,0,0,0,1,0,0,0.37,0.07,0.44,1.83,0,0,0,0,0,0,0,False,1.0,1.0,Leeds,15.4,15.5,2.0,3.3,16,0,1,7348,10952,Sunderland (Away),2
Damsgaard,MID,Brentford,5.5,0.5,2.0,a,68,0,0,0,0,0,0,0.24,0.03,0.27,0.23,1,0,0,0,0,0,1,False,1.0,1.0,Leeds,16.6,32.4,25.0,7.4,20,0,3,2318,7544,Sunderland (Away),2
Jensen,MID,Brentford,5.5,0.2,3.0,d,0,0,0,0,0,0,1,0.34,0.08,0.42,0.47,0,0,0,0,0,0,0,False,1.0,1.0,Leeds,0.0,0.0,0.0,0.0,0,0,0,3858,1337,Sunderland (Away),2
Janelt,MID,Brentford,5.0,0.6,5.0,a,90,0,0,0,1,1,0,0.31,0.39,0.7,2.03,0,0,0,0,1,0,1,False,1.0,1.0,Leeds,16.4,35.4,4.0,5.6,11,0,1,33759,4285,Sunderland (Away),2
Milambo,MID,Brentford,5.0,0.0,0.0,i,0,0,0,0,0,0,0,0.0,0.0,0.0,0.0,0,0,0,0,0,0,0,False,1.0,1.0,Leeds,0.0,0.0,0.0,0.0,0,0,0,28,45,Sunderland (Away),2
Carvalho,MID,Brentford,5.0,0.0,0.0,a,0,0,0,0,0,0,0,0.0,0.0,0.0,0.0,0,0,0,0,0,0,0,False,1.0,1.0,Leeds,0.0,0.0,0.0,0.0,0,0,0,155,246,Sunderland (Away),2
Yarmoliuk,MID,Brentford,4.9,0.9,1.0,a,21,0,0,0,1,0,0,0.01,0.04,0.05,1.42,0,0,0,0,0,0,0,False,1.0,1.0,Leeds,3.0,12.5,4.0,2.0,4,0,1,745,13179,Sunderland (Away),2
Dasilva,MID,Brentford,5.0,0.0,0.0,a,0,0,0,0,0,0,0,0.0,0.0,0.0,0.0,0,0,0,0,0,0,0,False,1.0,1.0,Leeds,0.0,0.0,0.0,0.0,0,0,0,164,353,Sunderland (Away),2
Anthony,MID,Brentford,6.0,0.2,1.5,a,60,0,0,0,0,0,0,0.41,0.14,0.55,0.19,1,0,0,0,1,0,1,False,1.0,1.0,Leeds,3.2,25.9,15.0,4.4,4,0,2,1958,2391,Sunderland (Away),2
Thiago,FWD,Brentford,8.0,14.3,1.0,a,90,0,0,0,1,0,0,0.09,1.8,1.89,1.96,0,0,0,0,0,0,1,False,1.0,1.0,Leeds,2.4,6.2,55.0,6.4,2,0,2,91772,141167,Sunderland (Away),2
Furo,FWD,Brentford,4.5,1.1,0.0,a,0,0,0,0,0,0,0,0.0,0.0,0.0,0.0,0,0,0,0,0,0,0,False,1.0,1.0,Leeds,0.0,0.0,0.0,0.0,0,0,0,8191,8443,Sunderland (Away),2
Wilson,FWD,Brentford,5.5,0.4,1.0,a,2,0,0,0,0,0,0,0.04,0.07,0.11,0.07,0,0,0,0,0,0,0,False,1.0,1.0,Leeds,0.0,0.1,7.0,0.7,3,0,1,4351,4808,Sunderland (Away),2
M.Sangaré,MID,Brentford,5.7,14.2,9.0,a,90,0,0,0,1,0,2,0.36,0.26,0.62,1.93,0,0,0,0,0,0,1,False,1.0,1.0,Leeds,24.4,25.3,11.0,6.1,16,0,4,443762,23340,Sunderland (Away),2
Diouf,DEF,Brentford,4.5,0.1,0.0,a,0,0,0,0,0,0,0,0.0,0.0,0.0,0.0,0,0,0,0,0,0,0,False,1.0,1.0,Leeds,0.0,0.0,0.0,0.0,0,0,0,600,37,Sunderland (Away),2
Verbruggen,GKP,Brighton,4.5,21.7,3.0,a,90,0,0,1,4,0,0,0.0,0.0,0.0,3.22,0,0,0,0,0,0,1,False,4.0,3.0,Chelsea,10.2,0.0,0.0,1.0,-1,0,0,84756,45480,Leeds (Away),2
Steele,GKP,Brighton,4.0,4.3,0.0,a,0,0,0,0,0,0,0,0.0,0.0,0.0,0.0,0,0,0,0,0,0,0,False,4.0,3.0,Chelsea,0.0,0.0,0.0,0.0,0,0,0,10714,14044,Leeds (Away),2
F.Kadıoğlu,DEF,Brighton,4.4,2.0,0.0,a,90,0,0,0,4,0,0,0.01,0.02,0.03,2.93,0,0,0,0,0,0,1,False,4.0,3.0,Chelsea,2.8,16.7,8.0,2.8,-4,0,0,2580,51404,Leeds (Away),2
Boscagli,DEF,Brighton,4.5,0.3,2.5,a,90,0,0,0,4,0,0,0.15,0.05,0.2,3.22,0,0,0,0,1,0,1,False,4.0,3.0,Chelsea,16.8,26.6,11.0,5.4,-2,0,-1,4103,1559,Leeds (Away),2
De Cuyper,DEF,Brighton,4.7,16.3,8.5,a,90,0,0,0,4,1,1,0.26,1.5,1.76,3.22,0,0,0,0,0,0,1,False,4.0,3.0,Chelsea,8.8,23.7,5.0,3.8,-2,0,0,494998,21158,Leeds (Away),2
Dunk,DEF,Brighton,4.5,1.3,2.5,a,90,0,0,0,4,0,0,0.05,0.0,0.05,3.22,0,0,0,0,1,0,1,False,4.0,3.0,Chelsea,14.8,2.0,0.0,1.7,-4,0,-1,13343,5310,Leeds (Away),2
Coppola,DEF,Brighton,4.5,0.0,0.0,a,0,0,0,0,0,0,0,0.0,0.0,0.0,0.0,0,0,0,0,0,0,0,False,4.0,3.0,Chelsea,0.0,0.0,0.0,0.0,0,0,0,191,224,Leeds (Away),2
Igor,DEF,Brighton,4.5,0.1,0.0,u,0,0,0,0,0,0,0,0.0,0.0,0.0,0.0,0,0,0,0,0,0,0,False,4.0,3.0,Chelsea,0.0,0.0,0.0,0.0,0,0,0,471,875,Leeds (Away),2
Costinha,DEF,Brighton,4.5,0.0,0.5,a,10,0,0,0,0,0,0,0.0,0.12,0.12,0.14,0,0,0,0,1,0,0,False,4.0,3.0,Chelsea,0.0,0.3,0.0,0.0,-1,0,0,285,226,Leeds (Away),2
Svoboda,DEF,Brighton,5.0,0.1,0.0,a,0,0,0,0,0,0,0,0.0,0.0,0.0,0.0,0,0,0,0,0,0,0,False,4.0,3.0,Chelsea,0.0,0.0,0.0,0.0,0,0,0,768,684,Leeds (Away),2
Mitoma,MID,Brighton,6.0,0.0,0.0,i,0,0,0,0,0,0,0,0.0,0.0,0.0,0.0,0,0,0,0,0,0,0,False,4.0,3.0,Chelsea,0.0,0.0,0.0,0.0,0,0,0,159,1237,Leeds (Away),2
Minteh,MID,Brighton,5.9,0.0,0.0,i,0,0,0,0,0,0,0,0.0,0.0,0.0,0.0,0,0,0,0,0,0,0,False,4.0,3.0,Chelsea,0.0,0.0,0.0,0.0,0,0,0,140,3521,Leeds (Away),2
Hinshelwood,MID,Brighton,6.0,1.4,8.0,d,0,0,0,0,0,2,0,0.02,1.41,1.43,0.19,0,0,0,0,0,0,0,False,4.0,3.0,Chelsea,0.0,0.0,0.0,0.0,0,0,0,139828,38085,Leeds (Away),2
Groß,MID,Brighton,5.5,15.2,7.5,a,90,1,1,0,4,1,1,0.38,0.05,0.43,3.22,0,0,0,0,0,0,1,False,4.0,3.0,Chelsea,47.8,33.2,23.0,10.4,46,3,13,24179,105873,Leeds (Away),2
Georginio,FWD,Brighton,5.5,0.8,2.5,d,0,0,0,0,0,0,1,0.44,0.08,0.52,0.29,0,0,0,0,0,0,0,False,4.0,3.0,Chelsea,0.0,0.0,0.0,0.0,0,0,0,23887,15007,Leeds (Away),2
O'Riley,MID,Brighton,5.5,0.1,0.0,a,0,0,0,0,0,0,0,0.0,0.0,0.0,0.0,0,0,0,0,0,0,0,False,4.0,3.0,Chelsea,0.0,0.0,0.0,0.0,0,0,0,656,1352,Leeds (Away),2
Gomez,MID,Brighton,5.0,4.7,5.5,a,90,0,1,0,4,0,2,0.65,0.56,1.21,3.22,0,0,0,0,0,0,1,False,4.0,3.0,Chelsea,4.6,20.3,42.0,6.7,15,0,5,23952,16872,Leeds (Away),2
Buonanotte,MID,Brighton,5.0,0.0,0.0,u,0,0,0,0,0,0,0,0.0,0.0,0.0,0.0,0,0,0,0,0,0,0,False,4.0,3.0,Chelsea,0.0,0.0,0.0,0.0,0,0,0,0,173,Leeds (Away),2
Ayari,MID,Brighton,5.4,0.4,1.0,d,0,0,0,0,0,0,0,0.03,0.11,0.14,0.19,0,0,0,0,0,0,0,False,4.0,3.0,Chelsea,0.0,0.0,0.0,0.0,0,0,0,3334,7611,Leeds (Away),2
Wieffer,DEF,Brighton,5.0,0.5,3.5,a,79,0,0,0,4,0,0,0.13,0.12,0.25,3.18,0,0,0,0,0,0,1,False,4.0,3.0,Chelsea,20.4,9.2,4.0,3.4,6,0,0,13428,3057,Leeds (Away),2
Howell,MID,Brighton,4.5,0.0,0.0,u,0,0,0,0,0,0,0,0.0,0.0,0.0,0.0,0,0,0,0,0,0,0,False,4.0,3.0,Chelsea,0.0,0.0,0.0,0.0,0,0,0,0,1532,Leeds (Away),2
Watson,MID,Brighton,5.0,0.0,0.0,u,0,0,0,0,0,0,0,0.0,0.0,0.0,0.0,0,0,0,0,0,0,0,False,4.0,3.0,Chelsea,0.0,0.0,0.0,0.0,0,0,0,0,56,Leeds (Away),2
Oriola,MID,Brighton,4.5,0.3,0.0,a,0,0,0,0,0,0,0,0.0,0.0,0.0,0.0,0,0,0,0,0,0,0,False,4.0,3.0,Chelsea,0.0,0.0,0.0,0.0,0,0,0,1708,2780,Leeds (Away),2
Yohanna,MID,Brighton,5.0,0.1,0.5,a,0,0,0,0,0,0,0,0.03,0.0,0.03,0.0,0,0,0,0,0,0,0,False,4.0,3.0,Chelsea,0.0,0.0,0.0,0.0,0,0,0,373,879,Leeds (Away),2
Tzimas,FWD,Brighton,5.5,0.0,0.0,i,0,0,0,0,0,0,0,0.0,0.0,0.0,0.0,0,0,0,0,0,0,0,False,4.0,3.0,Chelsea,0.0,0.0,0.0,0.0,0,0,0,84,252,Leeds (Away),2
Kostoulas,FWD,Brighton,5.5,0.4,3.0,a,79,0,1,0,4,0,1,0.02,0.35,0.37,2.99,0,0,0,0,0,0,1,False,4.0,3.0,Chelsea,5.0,15.1,17.0,3.7,17,0,5,1384,2151,Leeds (Away),2
Ferguson,FWD,Brighton,5.0,0.0,0.0,i,0,0,0,0,0,0,0,0.0,0.0,0.0,0.0,0,0,0,0,0,0,0,False,4.0,3.0,Chelsea,0.0,0.0,0.0,0.0,0,0,0,318,623,Leeds (Away),2
Struijk,DEF,Brighton,5.0,0.2,0.0,a,0,0,0,0,0,0,0,0.0,0.0,0.0,0.0,0,0,0,0,0,0,0,False,4.0,3.0,Chelsea,0.0,0.0,0.0,0.0,0,0,0,1416,2554,Leeds (Away),2
Vuskovic,DEF,Brighton,5.0,2.4,3.0,a,90,0,0,0,4,0,0,0.05,0.16,0.21,3.22,0,0,0,0,0,0,1,False,4.0,3.0,Chelsea,22.8,8.3,5.0,3.6,-2,0,0,21186,12347,Leeds (Away),2
David,FWD,Brighton,6.0,0.2,0.5,a,10,0,0,0,0,0,0,0.0,0.0,0.0,0.04,0,0,0,0,0,0,0,False,4.0,3.0,Chelsea,0.0,3.7,0.0,0.4,3,0,1,2519,4141,Leeds (Away),2
Osman,MID,Brighton,5.0,0.0,1.0,a,16,0,0,0,1,0,0,0.06,0.0,0.06,0.1,0,0,0,0,0,0,0,False,4.0,3.0,Chelsea,3.0,1.3,2.0,0.6,6,0,1,218,143,Leeds (Away),2
Yalcouyé,MID,Brighton,4.5,1.9,4.5,a,73,1,0,0,3,1,0,0.17,0.7,0.87,2.83,0,0,0,0,0,0,1,False,4.0,3.0,Chelsea,50.8,20.1,42.0,11.3,39,1,8,4339,952,Leeds (Away),2
Hadjam,DEF,Brighton,4.5,0.0,0.0,a,0,0,0,0,0,0,0,0.0,0.0,0.0,0.0,0,0,0,0,0,0,0,False,4.0,3.0,Chelsea,0.0,0.0,0.0,0.0,0,0,0,1006,54,Leeds (Away),2
Cozier-Duberry,MID,Brighton,5.0,0.0,0.0,u,0,0,0,0,0,0,0,0.0,0.0,0.0,0.0,0,0,0,0,0,0,0,False,4.0,3.0,Chelsea,0.0,0.0,0.0,0.0,0,0,0,0,0,Leeds (Away),2
Andrés,MID,Brighton,5.5,0.0,0.0,a,0,0,0,0,0,0,0,0.0,0.0,0.0,0.0,0,0,0,0,0,0,0,False,,,,0.0,0.0,0.0,0.0,0,0,0,0,0,Leeds (Away),2
Azeez,MID,Brighton,5.5,0.0,0.0,a,0,0,0,0,0,0,0,0.0,0.0,0.0,0.0,0,0,0,0,0,0,0,False,,,,0.0,0.0,0.0,0.0,0,0,0,0,0,Leeds (Away),2
Martinez,GKP,Chelsea,5.0,4.4,1.0,a,90,0,0,4,3,0,0,0.01,0.0,0.01,1.41,0,0,0,0,0,0,1,True,4.0,3.0,Brighton,36.2,20.0,0.0,5.6,18,0,2,14876,8115,Arsenal (Home),2
Rogers,MID,Chelsea,7.5,24.4,6.5,a,90,0,1,0,3,1,1,1.11,1.1,2.21,2.65,0,0,0,0,0,0,1,True,4.0,3.0,Brighton,26.8,46.5,23.0,9.6,28,0,5,251851,71749,Arsenal (Home),2
Henderson,MID,Chelsea,5.0,0.0,0.0,d,0,0,0,0,0,0,0,0.0,0.0,0.0,0.0,0,0,0,0,0,0,0,True,4.0,3.0,Brighton,0.0,0.0,0.0,0.0,0,0,0,214,691,Arsenal (Home),2
Welbeck,FWD,Chelsea,5.9,0.8,0.0,a,0,0,0,0,0,0,0,0.0,0.0,0.0,0.0,0,0,0,0,0,0,0,True,4.0,3.0,Brighton,0.0,0.0,0.0,0.0,0,0,0,3136,22425,Arsenal (Home),2
Sánchez,GKP,Chelsea,4.9,1.5,1.0,u,0,0,0,0,0,0,0,0.01,0.0,0.01,1.33,0,0,0,0,0,0,0,True,4.0,3.0,Brighton,0.0,0.0,0.0,0.0,0,0,0,8924,27191,Arsenal (Home),2
Jörgensen,GKP,Chelsea,5.0,0.0,0.0,u,0,0,0,0,0,0,0,0.0,0.0,0.0,0.0,0,0,0,0,0,0,0,True,4.0,3.0,Brighton,0.0,0.0,0.0,0.0,0,0,0,0,501,Arsenal (Home),2
James,DEF,Chelsea,5.5,8.2,0.5,a,22,0,0,0,1,0,0,0.07,0.1,0.17,1.47,0,0,0,0,0,0,0,True,4.0,3.0,Brighton,0.4,0.4,2.0,0.3,-1,0,1,62525,81318,Arsenal (Home),2
Chalobah,DEF,Chelsea,5.5,0.1,0.0,u,0,0,0,0,0,0,0,0.0,0.0,0.0,0.0,0,0,0,0,0,0,0,True,4.0,3.0,Brighton,0.0,0.0,0.0,0.0,0,0,0,0,8058,Arsenal (Home),2
Gusto,DEF,Chelsea,5.0,1.1,1.0,a,90,0,0,0,3,0,0,0.04,0.0,0.04,2.52,0,0,0,0,0,0,1,True,4.0,3.0,Brighton,7.8,0.7,0.0,0.9,-1,0,1,13325,10947,Arsenal (Home),2
Fofana,DEF,Chelsea,5.0,0.1,0.0,a,67,0,0,0,2,0,0,0.01,0.0,0.01,1.26,0,0,0,0,1,0,1,True,4.0,3.0,Brighton,19.4,0.9,0.0,2.0,-2,0,0,813,261,Arsenal (Home),2
B.Badiashile,DEF,Chelsea,4.5,0.0,0.0,u,0,0,0,0,0,0,0,0.0,0.0,0.0,0.0,0,0,0,0,0,0,0,True,4.0,3.0,Brighton,0.0,0.0,0.0,0.0,0,0,0,232,800,Arsenal (Home),2
Hato,DEF,Chelsea,4.5,0.6,2.5,a,90,0,1,0,3,0,1,0.09,0.01,0.1,2.46,0,0,0,0,0,0,1,True,4.0,3.0,Brighton,30.0,20.7,0.0,5.1,12,0,4,4358,4484,Arsenal (Home),2
Colwill,DEF,Chelsea,5.0,1.3,0.5,a,71,0,0,0,2,0,0,0.03,0.01,0.04,2.64,0,0,0,0,0,0,1,True,4.0,3.0,Brighton,13.2,0.4,0.0,1.4,2,0,1,10571,17779,Arsenal (Home),2
M.Sarr,DEF,Chelsea,4.5,0.0,0.0,u,0,0,0,0,0,0,0,0.0,0.0,0.0,0.0,0,0,0,0,0,0,0,True,4.0,3.0,Brighton,0.0,0.0,0.0,0.0,0,0,0,405,949,Arsenal (Home),2
Acheampong,DEF,Chelsea,4.5,0.4,2.0,a,22,0,0,0,1,0,0,0.01,0.0,0.01,1.47,0,0,0,0,0,0,0,True,4.0,3.0,Brighton,6.2,0.1,0.0,0.6,-1,0,1,8065,3134,Arsenal (Home),2
Palestra,DEF,Chelsea,5.4,1.4,0.0,d,0,0,0,0,0,0,0,0.0,0.0,0.0,0.0,0,0,0,0,0,0,0,True,4.0,3.0,Brighton,0.0,0.0,0.0,0.0,0,0,0,4960,69937,Arsenal (Home),2
Palmer,MID,Chelsea,9.6,18.4,10.0,a,90,1,0,0,3,2,1,0.32,0.94,1.26,2.65,0,0,0,0,0,0,1,True,4.0,3.0,Brighton,40.8,25.3,26.0,9.2,28,0,7,376872,31960,Arsenal (Home),2
Neto,MID,Chelsea,6.5,1.3,4.0,a,67,1,0,0,2,1,0,0.4,0.44,0.84,1.48,0,0,0,0,0,0,1,True,4.0,3.0,Brighton,45.2,25.6,38.0,10.9,32,0,7,5635,23362,Arsenal (Home),2
Estêvão,MID,Chelsea,6.4,0.9,0.5,a,0,0,0,0,0,0,0,0.0,0.0,0.0,0.09,0,0,0,0,0,0,0,True,4.0,3.0,Brighton,0.0,0.0,0.0,0.0,0,0,0,5564,23784,Arsenal (Home),2
Gittens,MID,Chelsea,5.9,0.0,0.0,a,0,0,0,0,0,0,0,0.0,0.0,0.0,0.0,0,0,0,0,0,0,0,True,4.0,3.0,Brighton,0.0,0.0,0.0,0.0,0,0,0,271,773,Arsenal (Home),2
Caicedo,MID,Chelsea,5.4,2.0,0.5,d,13,0,0,0,0,0,0,0.0,0.0,0.0,0.07,0,0,0,0,0,0,0,True,4.0,3.0,Brighton,0.0,0.1,0.0,0.0,3,0,1,9481,98323,Arsenal (Home),2
Lavia,MID,Chelsea,5.0,0.2,4.0,a,67,1,0,0,2,1,0,0.03,0.75,0.78,2.31,0,0,0,0,0,0,1,True,4.0,3.0,Brighton,39.0,0.8,33.0,7.3,32,0,7,1173,919,Arsenal (Home),2
D.Essugo,MID,Chelsea,4.5,0.2,0.0,u,0,0,0,0,0,0,0,0.0,0.0,0.0,0.0,0,0,0,0,0,0,0,True,4.0,3.0,Brighton,0.0,0.0,0.0,0.0,0,0,0,1252,2887,Arsenal (Home),2
Quenda,MID,Chelsea,5.4,0.0,0.5,a,0,0,0,0,0,0,0,0.0,0.0,0.0,0.09,0,0,0,0,0,0,0,True,4.0,3.0,Brighton,0.0,0.0,0.0,0.0,0,0,0,231,820,Arsenal (Home),2
João Pedro,FWD,Chelsea,7.7,69.5,10.0,a,90,1,1,0,3,2,2,0.1,1.86,1.96,2.74,0,1,0,0,0,0,1,True,4.0,3.0,Brighton,52.8,22.5,46.0,12.1,44,2,9,405188,28165,Arsenal (Home),2
Marc Guiu,FWD,Chelsea,5.0,0.4,0.0,u,0,0,0,0,0,0,0,0.0,0.0,0.0,0.0,0,0,0,0,0,0,0,True,4.0,3.0,Brighton,0.0,0.0,0.0,0.0,0,0,0,2178,6146,Arsenal (Home),2
Mheuka,FWD,Chelsea,4.5,0.4,0.0,a,0,0,0,0,0,0,0,0.0,0.0,0.0,0.0,0,0,0,0,0,0,0,True,4.0,3.0,Brighton,0.0,0.0,0.0,0.0,0,0,0,2929,4409,Arsenal (Home),2
Emegha,FWD,Chelsea,5.0,0.2,0.0,a,0,0,0,0,0,0,0,0.0,0.0,0.0,0.0,0,0,0,0,0,0,0,True,4.0,3.0,Brighton,0.0,0.0,0.0,0.0,0,0,0,1450,2334,Arsenal (Home),2
Lacroix,DEF,Chelsea,6.0,8.3,3.5,a,90,0,0,0,3,0,1,0.2,0.02,0.22,2.74,0,0,0,0,0,0,1,True,4.0,3.0,Brighton,13.0,0.1,6.0,1.9,-3,0,1,63522,44807,Arsenal (Home),2
Penders,GKP,Chelsea,4.5,0.1,0.0,a,0,0,0,0,0,0,0,0.0,0.0,0.0,0.0,0,0,0,0,0,0,0,True,4.0,3.0,Brighton,0.0,0.0,0.0,0.0,0,0,0,395,765,Arsenal (Home),2
Anselmino,DEF,Chelsea,4.5,0.0,0.0,a,0,0,0,0,0,0,0,0.0,0.0,0.0,0.0,0,0,0,0,0,0,0,True,4.0,3.0,Brighton,0.0,0.0,0.0,0.0,0,0,0,122,446,Arsenal (Home),2
Barco,MID,Chelsea,5.5,0.1,0.5,a,8,0,0,0,1,0,0,0.0,0.04,0.04,0.07,0,0,0,0,0,0,0,True,4.0,3.0,Brighton,0.0,0.0,4.0,0.2,1,0,1,528,1661,Arsenal (Home),2
Chavarria,DEF,Chelsea,5.0,0.2,1.0,a,18,0,0,0,1,0,0,0.02,0.0,0.02,0.37,0,0,0,0,0,0,0,True,4.0,3.0,Brighton,6.4,0.3,0.0,0.7,1,0,1,1081,2558,Arsenal (Home),2
Pinnock,DEF,Coventry City,4.5,0.1,0.5,a,12,0,0,0,1,0,0,0.0,0.0,0.0,0.54,0,0,0,0,0,0,0,True,0.0,1.0,Hull City,3.8,0.7,0.0,0.5,-1,0,1,574,971,Man City (Home),2
Onyeka,MID,Coventry City,5.0,0.1,1.0,a,0,0,0,0,0,0,0,0.01,0.0,0.01,1.88,0,0,0,0,0,0,0,True,0.0,1.0,Hull City,0.0,0.0,0.0,0.0,0,0,0,2456,1600,Man City (Home),2
Rushworth,GKP,Coventry City,4.5,1.0,1.5,a,90,0,0,1,1,0,0,0.01,0.0,0.01,2.6,0,0,0,0,0,0,1,True,0.0,1.0,Hull City,10.6,0.0,0.0,1.1,10,0,2,11931,4672,Man City (Home),2
Dovin,GKP,Coventry City,4.0,1.4,0.0,u,0,0,0,0,0,0,0,0.0,0.0,0.0,0.0,0,0,0,0,0,0,0,True,0.0,1.0,Hull City,0.0,0.0,0.0,0.0,0,0,0,2634,6411,Man City (Home),2
Wilson,GKP,Coventry City,4.5,0.4,0.0,a,0,0,0,0,0,0,0,0.0,0.0,0.0,0.0,0,0,0,0,0,0,0,True,0.0,1.0,Hull City,0.0,0.0,0.0,0.0,0,0,0,227,3440,Man City (Home),2
Thomas,DEF,Coventry City,4.0,8.4,5.5,a,77,0,0,0,0,0,0,0.02,0.02,0.04,2.06,1,0,0,0,0,0,1,True,0.0,1.0,Hull City,17.0,0.7,0.0,1.8,28,2,8,38111,23890,Man City (Home),2
Kitching,DEF,Coventry City,4.0,0.6,0.0,u,0,0,0,0,0,0,0,0.0,0.0,0.0,0.0,0,0,0,0,0,0,0,True,0.0,1.0,Hull City,0.0,0.0,0.0,0.0,0,0,0,520,4786,Man City (Home),2
van Ewijk,DEF,Coventry City,4.0,11.9,1.5,a,90,0,0,0,1,0,0,0.2,0.0,0.2,2.6,0,0,0,0,0,0,1,True,0.0,1.0,Hull City,15.4,33.9,6.0,5.5,15,0,2,34451,49858,Man City (Home),2
Dasilva,DEF,Coventry City,4.0,0.8,1.5,a,90,0,0,0,1,0,0,0.07,0.18,0.25,2.6,0,0,0,0,0,0,1,True,0.0,1.0,Hull City,15.2,7.3,17.0,4.0,15,0,2,3224,4054,Man City (Home),2
Kesler-Hayden,DEF,Coventry City,4.0,0.0,0.0,i,0,0,0,0,0,0,0,0.0,0.0,0.0,0.0,0,0,0,0,0,0,0,True,0.0,1.0,Hull City,0.0,0.0,0.0,0.0,0,0,0,168,750,Man City (Home),2
Bidwell,DEF,Coventry City,4.0,0.1,0.0,a,0,0,0,0,0,0,0,0.0,0.0,0.0,0.0,0,0,0,0,0,0,0,True,0.0,1.0,Hull City,0.0,0.0,0.0,0.0,0,0,0,506,744,Man City (Home),2
Latibeaudiere,DEF,Coventry City,4.0,0.0,0.0,a,0,0,0,0,0,0,0,0.0,0.0,0.0,0.0,0,0,0,0,0,0,0,True,0.0,1.0,Hull City,0.0,0.0,0.0,0.0,0,0,0,160,420,Man City (Home),2
Woolfenden,DEF,Coventry City,4.0,0.1,0.0,i,0,0,0,0,0,0,0,0.0,0.0,0.0,0.0,0,0,0,0,0,0,0,True,0.0,1.0,Hull City,0.0,0.0,0.0,0.0,0,0,0,946,2228,Man City (Home),2
Brau,DEF,Coventry City,4.0,0.0,0.0,u,0,0,0,0,0,0,0,0.0,0.0,0.0,0.0,0,0,0,0,0,0,0,True,0.0,1.0,Hull City,0.0,0.0,0.0,0.0,0,0,0,256,338,Man City (Home),2
Amenda,DEF,Coventry City,4.0,0.8,1.0,a,90,0,0,0,1,0,0,0.05,0.02,0.07,2.6,0,0,0,0,1,0,1,True,0.0,1.0,Hull City,11.4,2.1,5.0,1.9,4,0,1,3328,4511,Man City (Home),2
Rudoni,MID,Coventry City,5.0,0.1,2.0,a,70,0,0,0,0,0,0,0.09,0.21,0.3,0.31,1,0,0,0,0,0,1,True,0.0,1.0,Hull City,6.8,27.7,4.0,3.9,12,0,3,1250,1299,Man City (Home),2
Grimes,MID,Coventry City,5.0,0.2,2.0,a,90,0,0,0,1,0,0,0.05,0.01,0.06,2.6,0,0,0,0,0,0,1,True,0.0,1.0,Hull City,14.2,20.9,2.0,3.7,14,0,2,2290,1616,Man City (Home),2
Sakamoto,MID,Coventry City,4.9,0.1,0.5,a,31,0,0,0,1,0,0,0.02,0.02,0.04,0.69,0,0,0,0,0,0,0,True,0.0,1.0,Hull City,6.2,5.9,7.0,1.9,8,0,1,137,1455,Man City (Home),2
Mason-Clark,MID,Coventry City,5.4,0.1,0.5,a,57,0,0,0,0,0,0,0.06,0.0,0.06,0.02,0,0,0,0,0,0,1,True,0.0,1.0,Hull City,4.2,16.0,0.0,2.0,4,0,1,489,1578,Man City (Home),2
Eccles,MID,Coventry City,4.9,0.0,0.0,a,0,0,0,0,0,0,0,0.0,0.0,0.0,0.0,0,0,0,0,0,0,0,True,0.0,1.0,Hull City,0.0,0.0,0.0,0.0,0,0,0,69,299,Man City (Home),2
Torp,MID,Coventry City,5.4,0.1,1.0,a,19,0,0,0,1,0,0,0.12,0.0,0.12,1.01,0,0,0,0,0,0,0,True,0.0,1.0,Hull City,0.0,3.6,0.0,0.3,2,0,1,549,1824,Man City (Home),2
Shepherd,MID,Coventry City,4.5,0.3,0.0,a,0,0,0,0,0,0,0,0.0,0.0,0.0,0.0,0,0,0,0,0,0,0,True,0.0,1.0,Hull City,0.0,0.0,0.0,0.0,0,0,0,1013,3171,Man City (Home),2
Tchaouna,MID,Coventry City,5.5,0.1,1.5,a,58,0,0,0,0,0,0,0.15,0.09,0.24,1.78,0,0,0,0,0,0,1,True,0.0,1.0,Hull City,7.0,18.5,5.0,3.1,7,0,1,2762,1451,Man City (Home),2
Borges Rodrigues,MID,Coventry City,4.5,0.2,0.0,u,0,0,0,0,0,0,0,0.0,0.0,0.0,0.0,0,0,0,0,0,0,0,True,0.0,1.0,Hull City,0.0,0.0,0.0,0.0,0,0,0,680,1873,Man City (Home),2
Andrews,MID,Coventry City,4.5,0.5,0.0,u,0,0,0,0,0,0,0,0.0,0.0,0.0,0.0,0,0,0,0,0,0,0,True,0.0,1.0,Hull City,0.0,0.0,0.0,0.0,0,0,0,2576,7194,Man City (Home),2
Wright,FWD,Coventry City,5.4,0.1,0.0,i,0,0,0,0,0,0,0,0.0,0.0,0.0,0.0,0,0,0,0,0,0,0,True,0.0,1.0,Hull City,0.0,0.0,0.0,0.0,0,0,0,107,5425,Man City (Home),2
Thomas-Asante,FWD,Coventry City,5.0,0.8,1.5,a,32,0,0,0,1,0,0,0.02,0.0,0.02,2.29,0,0,0,0,0,0,0,True,0.0,1.0,Hull City,1.2,2.0,2.0,0.5,5,0,1,14594,7888,Man City (Home),2
Simms,FWD,Coventry City,5.0,0.9,1.0,a,0,0,0,0,0,0,0,0.01,0.0,0.01,1.6,0,0,0,0,0,0,0,True,0.0,1.0,Hull City,0.0,0.0,0.0,0.0,0,0,0,19936,9603,Man City (Home),2
Markelo,FWD,Coventry City,5.0,0.0,0.0,u,0,0,0,0,0,0,0,0.0,0.0,0.0,0.0,0,0,0,0,0,0,0,True,0.0,1.0,Hull City,0.0,0.0,0.0,0.0,0,0,0,0,590,Man City (Home),2
Bassette,FWD,Coventry City,4.5,0.0,0.0,u,0,0,0,0,0,0,0,0.0,0.0,0.0,0.0,0,0,0,0,0,0,0,True,0.0,1.0,Hull City,0.0,0.0,0.0,0.0,0,0,0,0,788,Man City (Home),2
Awoniyi,FWD,Coventry City,5.5,0.7,1.5,a,90,0,0,0,1,0,0,0.03,0.93,0.96,1.01,0,0,0,0,0,0,1,True,0.0,1.0,Hull City,10.0,23.6,65.0,9.9,6,0,2,8654,9293,Man City (Home),2
Yirenkyi,MID,Coventry City,5.0,0.2,2.0,a,70,0,0,0,0,0,0,0.13,0.03,0.16,1.58,1,0,0,0,0,0,1,True,0.0,1.0,Hull City,9.4,16.0,7.0,3.2,17,0,3,997,2575,Man City (Home),2
Hamer,MID,Coventry City,5.5,0.1,1.0,a,19,0,0,0,1,0,0,0.02,0.0,0.02,0.82,0,0,0,0,0,0,0,True,0.0,1.0,Hull City,0.2,1.5,0.0,0.2,2,0,1,386,1428,Man City (Home),2
Cherif,FWD,Coventry City,5.0,0.1,0.0,a,0,0,0,0,0,0,0,0.0,0.0,0.0,0.0,0,0,0,0,0,0,0,True,0.0,1.0,Hull City,0.0,0.0,0.0,0.0,0,0,0,1724,1394,Man City (Home),2
Bentley,GKP,Coventry City,4.0,0.2,0.0,a,0,0,0,0,0,0,0,0.0,0.0,0.0,0.0,0,0,0,0,0,0,0,True,0.0,1.0,Hull City,0.0,0.0,0.0,0.0,0,0,0,0,0,Man City (Home),2
Guessand,MID,Crystal Palace,5.5,0.0,1.0,a,27,0,0,0,1,0,0,0.03,0.03,0.06,0.34,0,0,0,0,0,0,0,True,1.0,4.0,Man City,2.2,0.3,0.0,0.3,3,0,1,483,623,Fulham (Home),2
Disasi,DEF,Crystal Palace,4.5,0.1,0.5,a,16,0,0,0,1,0,0,0.0,0.0,0.0,0.2,0,0,0,0,0,0,0,True,1.0,4.0,Man City,1.2,0.0,0.0,0.1,-2,0,1,525,848,Fulham (Home),2
Henderson,GKP,Crystal Palace,5.0,1.8,1.5,a,90,0,0,4,4,0,0,0.0,0.0,0.0,3.33,0,0,0,0,0,0,1,True,1.0,4.0,Man City,30.2,0.0,0.0,3.0,4,0,1,5904,13774,Fulham (Home),2
Benitez,GKP,Crystal Palace,4.5,0.1,0.0,a,0,0,0,0,0,0,0,0.0,0.0,0.0,0.0,0,0,0,0,0,0,0,True,1.0,4.0,Man City,0.0,0.0,0.0,0.0,0,0,0,468,1376,Fulham (Home),2
Richards,DEF,Crystal Palace,5.0,0.7,1.5,a,90,0,0,0,4,0,0,0.0,0.04,0.04,3.33,0,0,0,0,0,0,1,True,1.0,4.0,Man City,15.0,0.1,17.0,3.2,-4,0,0,4208,6454,Fulham (Home),2
Canvot,DEF,Crystal Palace,4.9,0.3,0.5,a,90,0,0,0,4,0,0,0.01,0.05,0.06,3.33,0,0,0,0,0,0,1,True,1.0,4.0,Man City,22.8,0.5,0.0,2.3,-1,0,0,821,4021,Fulham (Home),2
Mitchell,DEF,Crystal Palace,4.5,4.7,0.5,a,90,0,0,0,4,0,0,0.17,0.11,0.28,3.33,0,0,0,0,0,0,1,True,1.0,4.0,Man City,11.6,21.6,7.0,4.0,-8,0,0,5965,50339,Fulham (Home),2
Sosa,DEF,Crystal Palace,4.5,0.0,0.0,u,0,0,0,0,0,0,0,0.0,0.0,0.0,0.0,0,0,0,0,0,0,0,True,1.0,4.0,Man City,0.0,0.0,0.0,0.0,0,0,0,126,352,Fulham (Home),2
Chadi Riad,DEF,Crystal Palace,4.4,0.0,0.5,i,0,0,0,0,0,0,0,0.01,0.0,0.01,0.98,0,0,0,0,0,0,0,True,1.0,4.0,Man City,0.0,0.0,0.0,0.0,0,0,0,320,2843,Fulham (Home),2
Mingueza,DEF,Crystal Palace,4.4,0.1,0.5,a,15,0,0,0,1,0,0,0.0,0.0,0.0,0.2,0,0,0,0,0,0,0,True,1.0,4.0,Man City,2.2,0.1,0.0,0.2,1,0,1,199,1280,Fulham (Home),2
Sarr,MID,Crystal Palace,6.3,1.3,0.0,i,0,0,0,0,0,0,0,0.0,0.0,0.0,0.0,0,0,0,0,0,0,0,True,1.0,4.0,Man City,0.0,0.0,0.0,0.0,0,0,0,2102,206578,Fulham (Home),2
Wharton,MID,Crystal Palace,5.5,0.9,3.0,a,90,0,0,0,4,0,0,0.31,0.0,0.31,3.33,0,0,0,0,0,0,1,True,1.0,4.0,Man City,16.2,24.7,0.0,4.1,21,0,2,6710,7800,Fulham (Home),2
Yeremy,MID,Crystal Palace,5.5,0.2,3.0,a,67,0,1,0,3,0,1,0.09,0.11,0.2,2.28,0,0,0,0,0,0,1,True,1.0,4.0,Man City,10.8,34.2,9.0,5.4,27,0,5,314,2458,Fulham (Home),2
Hughes,MID,Crystal Palace,4.5,9.6,0.0,a,0,0,0,0,0,0,0,0.0,0.0,0.0,0.0,0,0,0,0,0,0,0,True,1.0,4.0,Man City,0.0,0.0,0.0,0.0,0,0,0,20182,90180,Fulham (Home),2
Lerma,MID,Crystal Palace,4.9,0.1,0.0,a,0,0,0,0,0,0,0,0.0,0.0,0.0,0.0,0,0,0,0,0,0,0,True,1.0,4.0,Man City,0.0,0.0,0.0,0.0,0,0,0,204,1450,Fulham (Home),2
Kamada,MID,Crystal Palace,5.0,0.3,2.5,a,90,0,0,0,4,0,0,0.29,0.05,0.34,3.33,0,0,0,0,0,0,1,True,1.0,4.0,Man City,17.6,2.8,7.0,2.7,21,0,2,1944,3094,Fulham (Home),2
Devenny,MID,Crystal Palace,5.0,0.0,0.0,u,0,0,0,0,0,0,0,0.0,0.0,0.0,0.0,0,0,0,0,0,0,0,True,1.0,4.0,Man City,0.0,0.0,0.0,0.0,0,0,0,69,176,Fulham (Home),2
Esse,MID,Crystal Palace,5.0,0.0,0.0,u,0,0,0,0,0,0,0,0.0,0.0,0.0,0.0,0,0,0,0,0,0,0,True,1.0,4.0,Man City,0.0,0.0,0.0,0.0,0,0,0,211,590,Fulham (Home),2
M.França,MID,Crystal Palace,4.9,0.0,0.0,a,0,0,0,0,0,0,0,0.0,0.0,0.0,0.0,0,0,0,0,0,0,0,True,1.0,4.0,Man City,0.0,0.0,0.0,0.0,0,0,0,17,714,Fulham (Home),2
Doucouré,MID,Crystal Palace,4.9,0.1,0.0,a,0,0,0,0,0,0,0,0.0,0.0,0.0,0.0,0,0,0,0,0,0,0,True,1.0,4.0,Man City,0.0,0.0,0.0,0.0,0,0,0,248,1059,Fulham (Home),2
J.Rak-Sakyi,MID,Crystal Palace,5.0,0.0,0.0,a,0,0,0,0,0,0,0,0.0,0.0,0.0,0.0,0,0,0,0,0,0,0,True,1.0,4.0,Man City,0.0,0.0,0.0,0.0,0,0,0,39,90,Fulham (Home),2
Cardines,DEF,Crystal Palace,4.5,0.0,0.0,u,0,0,0,0,0,0,0,0.0,0.0,0.0,0.0,0,0,0,0,0,0,0,True,1.0,4.0,Man City,0.0,0.0,0.0,0.0,0,0,0,0,65,Fulham (Home),2
Drakes-Thomas,MID,Crystal Palace,4.5,0.1,0.0,a,0,0,0,0,0,0,0,0.0,0.0,0.0,0.0,0,0,0,0,0,0,0,True,1.0,4.0,Man City,0.0,0.0,0.0,0.0,0,0,0,399,988,Fulham (Home),2
Strand Larsen,FWD,Crystal Palace,6.0,0.5,1.5,a,62,0,0,0,3,0,0,0.01,0.3,0.31,2.15,0,0,0,0,0,0,1,True,1.0,4.0,Man City,5.2,0.3,4.0,1.0,13,0,2,1510,7771,Fulham (Home),2
Mateta,FWD,Crystal Palace,6.4,2.7,1.0,i,0,0,0,0,0,0,0,0.02,0.7,0.72,0.98,0,0,0,0,0,0,0,True,1.0,4.0,Man City,0.0,0.0,0.0,0.0,0,0,0,23951,72433,Fulham (Home),2
Nketiah,FWD,Crystal Palace,5.5,0.5,1.5,a,67,0,0,0,3,0,0,0.58,0.96,1.54,2.85,0,0,0,0,0,0,1,True,1.0,4.0,Man City,2.6,10.6,8.0,2.1,8,0,2,3263,5780,Fulham (Home),2
Uche,FWD,Crystal Palace,5.0,0.0,0.0,u,0,0,0,0,0,0,0,0.0,0.0,0.0,0.0,0,0,0,0,0,0,0,True,1.0,4.0,Man City,0.0,0.0,0.0,0.0,0,0,0,0,0,Fulham (Home),2
McNeil,MID,Crystal Palace,5.5,0.1,1.5,a,22,0,0,0,1,0,0,0.02,0.05,0.07,1.18,0,0,0,0,0,0,0,True,1.0,4.0,Man City,0.4,0.3,0.0,0.1,2,0,1,472,1828,Fulham (Home),2
Matthews,GKP,Crystal Palace,4.0,1.8,0.0,a,0,0,0,0,0,0,0,0.0,0.0,0.0,0.0,0,0,0,0,0,0,0,True,1.0,4.0,Man City,0.0,0.0,0.0,0.0,0,0,0,5945,6235,Fulham (Home),2
Tomiyasu,DEF,Crystal Palace,4.5,0.3,1.0,a,73,0,0,0,3,0,0,0.01,0.0,0.01,2.15,0,0,0,0,0,0,1,True,1.0,4.0,Man City,12.6,1.3,2.0,1.6,-3,0,1,829,2667,Fulham (Home),2
Khalaili,DEF,Crystal Palace,5.0,0.1,1.5,a,74,0,0,0,3,0,0,0.16,0.02,0.18,2.28,0,0,0,0,1,0,1,True,1.0,4.0,Man City,26.4,1.5,3.0,3.1,9,0,2,462,827,Fulham (Home),2
Gozo,MID,Crystal Palace,5.0,0.0,0.5,a,22,0,0,0,1,0,0,0.0,0.0,0.0,0.2,0,0,0,0,0,0,0,True,1.0,4.0,Man City,1.4,1.3,0.0,0.3,3,0,1,101,173,Fulham (Home),2
Ahanor,DEF,Crystal Palace,4.5,0.0,0.0,a,0,0,0,0,0,0,0,0.0,0.0,0.0,0.0,0,0,0,0,0,0,0,False,,,,0.0,0.0,0.0,0.0,0,0,0,0,0,Fulham (Home),2
Chilwell,DEF,Crystal Palace,4.5,0.0,0.0,a,0,0,0,0,0,0,0,0.0,0.0,0.0,0.0,0,0,0,0,0,0,0,False,,,,0.0,0.0,0.0,0.0,0,0,0,0,0,Fulham (Home),2
Timber,MID,Crystal Palace,5.0,0.0,0.0,a,0,0,0,0,0,0,0,0.0,0.0,0.0,0.0,0,0,0,0,0,0,0,False,,,,0.0,0.0,0.0,0.0,0,0,0,0,0,Fulham (Home),2
Osorio,MID,Crystal Palace,5.5,0.0,0.0,a,0,0,0,0,0,0,0,0.0,0.0,0.0,0.0,0,0,0,0,0,0,0,False,,,,0.0,0.0,0.0,0.0,0,0,0,0,0,Fulham (Home),2
Nørgaard,MID,Everton,4.9,0.1,0.0,i,0,0,0,0,0,0,0,0.0,0.0,0.0,0.0,0,0,0,0,0,0,0,False,1.0,1.0,Bournemouth,0.0,0.0,0.0,0.0,0,0,0,102,2866,Man Utd (Away),2
Johnson,MID,Everton,5.9,0.1,1.0,a,28,0,0,0,0,0,0,0.0,0.0,0.0,1.87,0,0,0,0,0,0,0,False,1.0,1.0,Bournemouth,1.2,0.0,0.0,0.1,1,0,1,732,2580,Man Utd (Away),2
Pickford,GKP,Everton,5.5,8.7,5.0,a,90,0,0,4,1,0,0,0.02,0.0,0.02,4.12,0,0,0,0,0,0,1,False,1.0,1.0,Bournemouth,31.6,0.0,0.0,3.2,22,0,3,63539,28190,Man Utd (Away),2
Travers,GKP,Everton,5.0,0.0,0.0,a,0,0,0,0,0,0,0,0.0,0.0,0.0,0.0,0,0,0,0,0,0,0,False,1.0,1.0,Bournemouth,0.0,0.0,0.0,0.0,0,0,0,290,403,Man Utd (Away),2
King,GKP,Everton,4.5,0.0,0.0,a,0,0,0,0,0,0,0,0.0,0.0,0.0,0.0,0,0,0,0,0,0,0,False,1.0,1.0,Bournemouth,0.0,0.0,0.0,0.0,0,0,0,243,379,Man Utd (Away),2
Tarkowski,DEF,Everton,6.0,10.6,9.0,a,90,1,0,0,1,1,0,0.01,0.15,0.16,4.12,0,0,0,0,0,0,1,False,1.0,1.0,Bournemouth,54.8,11.3,19.0,8.5,27,2,12,42736,37066,Man Utd (Away),2
Branthwaite,DEF,Everton,5.5,1.8,5.0,a,90,0,0,0,1,0,0,0.02,0.09,0.11,4.12,0,0,0,0,0,0,1,False,1.0,1.0,Bournemouth,22.6,1.5,33.0,5.7,6,0,4,19103,8918,Man Utd (Away),2
Keane,DEF,Everton,4.9,1.1,0.0,a,0,0,0,0,0,0,0,0.0,0.0,0.0,0.0,0,0,0,0,0,0,0,False,1.0,1.0,Bournemouth,0.0,0.0,0.0,0.0,0,0,0,3260,24885,Man Utd (Away),2
O'Brien,DEF,Everton,4.9,0.4,0.0,a,0,0,0,0,0,0,0,0.0,0.0,0.0,0.0,0,0,0,0,0,0,0,False,1.0,1.0,Bournemouth,0.0,0.0,0.0,0.0,0,0,0,1403,7729,Man Utd (Away),2
Mykolenko,DEF,Everton,4.5,1.7,5.0,a,90,0,0,0,1,0,0,0.06,0.0,0.06,4.12,0,0,0,0,0,0,1,False,1.0,1.0,Bournemouth,36.8,1.0,0.0,3.8,7,0,4,21784,9070,Man Utd (Away),2
Patterson,DEF,Everton,4.5,0.0,0.0,u,0,0,0,0,0,0,0,0.0,0.0,0.0,0.0,0,0,0,0,0,0,0,False,1.0,1.0,Bournemouth,0.0,0.0,0.0,0.0,0,0,0,207,369,Man Utd (Away),2
Aznou,DEF,Everton,4.0,0.2,0.0,u,0,0,0,0,0,0,0,0.0,0.0,0.0,0.0,0,0,0,0,0,0,0,False,1.0,1.0,Bournemouth,0.0,0.0,0.0,0.0,0,0,0,1009,1688,Man Utd (Away),2
Dewsbury-Hall,MID,Everton,6.5,4.3,6.5,a,90,0,0,0,1,1,0,0.33,0.18,0.51,4.08,0,0,0,0,0,0,1,False,1.0,1.0,Bournemouth,19.4,52.3,9.0,8.1,24,0,2,132647,26951,Man Utd (Away),2
Grealish,MID,Everton,6.5,0.3,0.5,a,0,0,0,0,0,0,0,0.0,0.0,0.0,0.0,0,0,0,0,0,0,0,False,1.0,4.0,Crystal Palace,0.0,0.0,0.0,0.0,0,0,0,1202,2403,Man Utd (Away),2
Garner,MID,Everton,6.0,0.1,1.0,a,61,0,0,0,1,0,0,0.03,0.0,0.03,0.92,0,0,0,0,1,0,1,False,1.0,1.0,Bournemouth,3.4,1.1,0.0,0.5,9,0,1,1533,1649,Man Utd (Away),2
George,MID,Everton,5.5,0.3,2.5,a,61,0,0,0,1,0,0,0.09,0.23,0.32,2.25,0,0,0,0,0,0,1,False,1.0,1.0,Bournemouth,6.0,12.2,16.0,3.4,12,0,2,2273,2482,Man Utd (Away),2
Alcaraz,MID,Everton,5.0,0.1,0.5,a,4,0,0,0,0,0,0,0.02,0.05,0.07,0.04,0,0,0,0,1,0,0,False,1.0,1.0,Bournemouth,0.0,0.5,8.0,0.5,-2,0,0,753,1138,Man Utd (Away),2
Armstrong,MID,Everton,5.0,0.4,5.0,a,86,0,0,0,1,0,1,0.07,0.0,0.07,4.12,0,0,0,0,0,0,1,False,1.0,1.0,Bournemouth,11.2,12.3,0.0,2.4,12,0,2,12786,2467,Man Utd (Away),2
Dibling,MID,Everton,5.4,0.0,0.0,a,0,0,0,0,0,0,0,0.0,0.0,0.0,0.0,0,0,0,0,0,0,0,False,1.0,1.0,Bournemouth,0.0,0.0,0.0,0.0,0,0,0,201,751,Man Utd (Away),2
Röhl,MID,Everton,5.0,0.1,2.5,a,85,0,0,0,1,0,0,0.07,0.0,0.07,4.12,0,0,0,0,0,0,1,False,1.0,1.0,Bournemouth,8.4,2.3,0.0,1.1,13,0,2,518,636,Man Utd (Away),2
Hackney,MID,Everton,5.5,0.2,2.0,a,28,0,0,0,0,0,0,0.02,0.01,0.03,3.2,0,0,0,0,0,0,0,False,1.0,1.0,Bournemouth,7.8,1.4,2.0,1.1,3,0,1,844,3202,Man Utd (Away),2
Beto,FWD,Everton,5.4,1.7,1.0,u,20,0,0,0,0,0,0,0.0,0.09,0.09,1.92,0,0,0,0,0,0,0,False,1.0,1.0,Bournemouth,3.0,0.3,3.0,0.6,2,0,1,7709,42811,Man Utd (Away),2
Barry,FWD,Everton,5.5,4.6,5.0,a,69,0,0,0,1,1,0,0.09,1.93,2.02,2.2,0,0,0,0,0,0,1,False,1.0,1.0,Bournemouth,10.0,11.7,58.0,8.0,6,0,2,150265,22428,Man Utd (Away),2
Maitland-Niles,DEF,Everton,4.5,0.0,0.0,a,0,0,0,0,0,0,0,0.0,0.0,0.0,0.0,0,0,0,0,0,0,0,False,,,,0.0,0.0,0.0,0.0,0,0,0,0,0,Man Utd (Away),2
Leno,GKP,Fulham,4.5,3.1,2.5,a,90,0,0,3,1,0,0,0.0,0.0,0.0,4.26,0,0,0,0,0,0,1,False,1.0,0.0,Sunderland,19.2,0.0,0.0,1.9,11,0,3,12174,11529,Crystal Palace (Away),2
Lecomte,GKP,Fulham,4.0,1.2,0.0,a,0,0,0,0,0,0,0,0.0,0.0,0.0,0.0,0,0,0,0,0,0,0,False,1.0,0.0,Sunderland,0.0,0.0,0.0,0.0,0,0,0,1492,4128,Crystal Palace (Away),2
McNally,GKP,Fulham,4.0,0.2,0.0,u,0,0,0,0,0,0,0,0.0,0.0,0.0,0.0,0,0,0,0,0,0,0,False,1.0,0.0,Sunderland,0.0,0.0,0.0,0.0,0,0,0,805,620,Crystal Palace (Away),2
Andersen,DEF,Fulham,5.0,0.1,0.5,a,90,0,0,0,1,0,0,0.04,0.0,0.04,2.02,0,0,0,0,1,0,1,False,1.0,0.0,Sunderland,17.8,12.9,2.0,3.3,4,0,1,2314,630,Crystal Palace (Away),2
Robinson,DEF,Fulham,4.5,1.6,1.5,a,90,0,0,0,1,0,0,0.06,0.13,0.19,4.23,0,0,0,0,0,0,1,False,1.0,0.0,Sunderland,9.8,4.6,0.0,1.4,10,0,2,11181,9429,Crystal Palace (Away),2
J.Cuenca,DEF,Fulham,4.5,0.0,1.5,a,0,0,0,0,0,0,0,0.03,0.0,0.03,2.24,0,0,0,0,0,0,0,False,1.0,0.0,Sunderland,0.0,0.0,0.0,0.0,0,0,0,781,259,Crystal Palace (Away),2
Tete,DEF,Fulham,4.5,0.2,0.0,a,0,0,0,0,0,0,0,0.0,0.0,0.0,0.0,0,0,0,0,0,0,0,False,1.0,0.0,Sunderland,0.0,0.0,0.0,0.0,0,0,0,338,2061,Crystal Palace (Away),2
Bassey,DEF,Fulham,4.5,0.8,1.0,a,90,0,0,0,1,0,0,0.03,0.02,0.05,4.26,0,0,0,0,0,0,1,False,1.0,0.0,Sunderland,19.4,2.6,0.0,2.2,13,0,2,6863,6042,Crystal Palace (Away),2
Castagne,DEF,Fulham,4.5,0.9,6.0,a,67,0,0,0,0,0,2,0.18,0.09,0.27,2.5,1,0,0,0,0,0,1,False,1.0,0.0,Sunderland,0.0,0.7,0.0,0.0,18,0,6,12096,2615,Crystal Palace (Away),2
Iwobi,MID,Fulham,5.5,0.9,2.0,a,90,0,0,0,1,0,0,0.44,0.01,0.45,4.26,0,0,0,0,0,0,1,False,1.0,0.0,Sunderland,12.0,35.5,2.0,5.0,20,0,2,6095,9396,Crystal Palace (Away),2
Smith Rowe,MID,Fulham,5.5,0.3,0.5,a,14,0,0,0,0,0,0,0.02,0.06,0.08,0.41,0,0,0,0,0,0,0,False,1.0,0.0,Sunderland,5.2,22.8,7.0,3.5,5,0,1,1414,4748,Crystal Palace (Away),2
Kevin,MID,Fulham,5.4,0.0,1.0,a,7,0,0,0,0,0,0,0.05,0.0,0.05,0.2,0,0,0,0,0,0,0,False,1.0,0.0,Sunderland,0.0,1.5,0.0,0.1,2,0,1,419,862,Crystal Palace (Away),2
Bobb,MID,Fulham,5.5,0.3,2.5,a,67,0,0,0,0,0,0,0.27,0.0,0.27,2.47,1,0,0,0,0,0,1,False,1.0,0.0,Sunderland,7.0,12.4,6.0,2.5,8,0,3,4520,2997,Crystal Palace (Away),2
Berge,MID,Fulham,5.0,0.4,2.0,a,82,0,0,0,1,0,0,0.23,0.03,0.26,4.06,0,0,0,0,0,0,1,False,1.0,0.0,Sunderland,6.0,27.9,2.0,3.6,14,0,2,1465,3333,Crystal Palace (Away),2
Cairney,MID,Fulham,5.0,0.0,0.0,i,0,0,0,0,0,0,0,0.0,0.0,0.0,0.0,0,0,0,0,0,0,0,False,1.0,0.0,Sunderland,0.0,0.0,0.0,0.0,0,0,0,12,115,Crystal Palace (Away),2
King,MID,Fulham,5.5,0.7,4.5,a,90,0,0,0,1,1,0,0.07,0.64,0.71,4.26,0,0,0,0,0,0,1,False,1.0,0.0,Sunderland,10.6,4.5,21.0,3.6,8,0,2,34683,4164,Crystal Palace (Away),2
Sessegnon,DEF,Fulham,4.5,0.4,1.0,a,22,0,0,0,1,0,0,0.12,0.05,0.17,1.8,0,0,0,0,0,0,0,False,1.0,0.0,Sunderland,8.6,11.0,8.0,2.8,3,0,1,959,3014,Crystal Palace (Away),2
Reed,MID,Fulham,4.5,1.3,0.0,a,0,0,0,0,0,0,0,0.0,0.0,0.0,0.0,0,0,0,0,0,0,0,False,1.0,0.0,Sunderland,0.0,0.0,0.0,0.0,0,0,0,5582,14503,Crystal Palace (Away),2
Muniz,FWD,Fulham,5.5,0.5,0.5,a,0,0,0,0,0,0,0,0.0,0.02,0.02,0.03,0,0,0,0,0,0,0,False,1.0,0.0,Sunderland,0.0,0.0,0.0,0.0,0,0,0,2812,6890,Crystal Palace (Away),2
Kusi-Asare,FWD,Fulham,4.5,6.7,0.0,a,0,0,0,0,0,0,0,0.0,0.0,0.0,0.0,0,0,0,0,0,0,0,False,1.0,0.0,Sunderland,0.0,0.0,0.0,0.0,0,0,0,23688,44277,Crystal Palace (Away),2
Gonzalo,FWD,Fulham,6.0,4.6,4.0,a,90,0,0,0,1,1,0,0.02,1.0,1.02,4.26,0,0,0,0,0,0,1,False,1.0,0.0,Sunderland,5.6,2.8,24.0,3.2,2,0,2,152218,17207,Crystal Palace (Away),2
Palacios,MID,Fulham,5.5,0.2,1.5,a,75,0,0,0,1,0,0,0.01,0.18,0.19,3.83,0,0,0,0,1,0,1,False,1.0,0.0,Sunderland,3.0,1.3,3.0,0.7,6,0,1,910,1784,Crystal Palace (Away),2
Charles,MID,Fulham,5.0,0.1,1.0,a,22,0,0,0,1,0,0,0.03,0.09,0.12,1.8,0,0,0,0,0,0,0,False,1.0,0.0,Sunderland,0.6,2.8,6.0,0.9,2,0,1,359,808,Crystal Palace (Away),2
De Fougerolles,DEF,Fulham,4.0,0.1,0.0,d,0,0,0,0,0,0,0,0.0,0.0,0.0,0.0,0,0,0,0,0,0,0,False,1.0,0.0,Sunderland,0.0,0.0,0.0,0.0,0,0,0,3051,474,Crystal Palace (Away),2
Zepa,MID,Fulham,4.5,0.3,0.0,a,0,0,0,0,0,0,0,0.0,0.0,0.0,0.0,0,0,0,0,0,0,0,False,1.0,0.0,Sunderland,0.0,0.0,0.0,0.0,0,0,0,0,0,Crystal Palace (Away),2
Larsson,MID,Fulham,5.0,0.0,0.0,a,0,0,0,0,0,0,0,0.0,0.0,0.0,0.0,0,0,0,0,0,0,0,False,,,,0.0,0.0,0.0,0.0,0,0,0,0,0,Crystal Palace (Away),2
Ángel,MID,Fulham,5.0,0.0,0.0,a,0,0,0,0,0,0,0,0.0,0.0,0.0,0.0,0,0,0,0,0,0,0,False,,,,0.0,0.0,0.0,0.0,0,0,0,0,0,Crystal Palace (Away),2
Affengruber,DEF,Fulham,4.5,0.0,0.0,a,0,0,0,0,0,0,0,0.0,0.0,0.0,0.0,0,0,0,0,0,0,0,False,,,,0.0,0.0,0.0,0.0,0,0,0,0,0,Crystal Palace (Away),2
Iroegbunam,MID,Hull City,5.0,0.0,0.5,a,4,0,0,0,0,0,0,0.0,0.0,0.0,0.0,0,0,0,0,0,0,0,False,1.0,1.0,Bournemouth,0.0,0.0,0.0,0.0,2,0,1,21,348,Aston Villa (Away),2
Phillips,GKP,Hull City,4.0,1.5,0.0,a,0,0,0,0,0,0,0,0.0,0.0,0.0,0.0,0,0,0,0,0,0,0,False,0.0,1.0,Coventry City,0.0,0.0,0.0,0.0,0,0,0,3115,7094,Aston Villa (Away),2
Butland,GKP,Hull City,4.5,0.1,0.0,i,0,0,0,0,0,0,0,0.0,0.0,0.0,0.0,0,0,0,0,0,0,0,False,0.0,1.0,Coventry City,0.0,0.0,0.0,0.0,0,0,0,124,1738,Aston Villa (Away),2
Cartwright,GKP,Hull City,4.0,0.0,0.0,u,0,0,0,0,0,0,0,0.0,0.0,0.0,0.0,0,0,0,0,0,0,0,False,0.0,1.0,Coventry City,0.0,0.0,0.0,0.0,0,0,0,0,111,Aston Villa (Away),2
Lo-Tutala,GKP,Hull City,4.0,0.0,0.0,u,0,0,0,0,0,0,0,0.0,0.0,0.0,0.0,0,0,0,0,0,0,0,False,0.0,1.0,Coventry City,0.0,0.0,0.0,0.0,0,0,0,0,383,Aston Villa (Away),2
Egan,DEF,Hull City,4.0,5.0,8.5,a,90,0,0,0,0,0,0,0.0,0.0,0.0,3.12,1,0,0,0,0,0,1,False,0.0,1.0,Coventry City,23.8,0.4,0.0,2.4,25,1,9,42937,11207,Aston Villa (Away),2
Hughes,DEF,Hull City,4.0,0.1,0.0,i,0,0,0,0,0,0,0,0.0,0.0,0.0,0.0,0,0,0,0,0,0,0,False,0.0,1.0,Coventry City,0.0,0.0,0.0,0.0,0,0,0,99,2320,Aston Villa (Away),2
Ajayi,DEF,Hull City,4.1,8.9,10.0,a,90,0,0,0,0,1,0,0.0,0.52,0.52,2.15,1,0,0,0,0,0,1,False,0.0,1.0,Coventry City,15.6,0.8,0.0,1.6,24,0,6,79406,15593,Aston Villa (Away),2
Coyle,DEF,Hull City,4.0,0.5,3.0,d,45,0,0,0,0,0,0,0.01,0.0,0.01,2.25,0,0,0,0,1,0,1,False,0.0,1.0,Coventry City,4.6,0.3,0.0,0.5,2,0,0,2623,5081,Aston Villa (Away),2
Drameh,DEF,Hull City,4.0,0.1,1.0,u,45,0,0,0,0,0,0,0.0,0.05,0.05,0.87,0,0,0,0,0,0,0,False,0.0,1.0,Coventry City,4.2,0.4,0.0,0.5,4,0,1,1108,413,Aston Villa (Away),2
Giles,DEF,Hull City,4.0,1.1,6.0,a,90,0,0,0,0,0,0,0.14,0.02,0.16,3.05,1,0,0,0,0,0,1,False,0.0,1.0,Coventry City,9.6,15.0,2.0,2.7,21,0,6,12892,4191,Aston Villa (Away),2
Jacob,DEF,Hull City,4.0,0.0,0.0,u,0,0,0,0,0,0,0,0.0,0.0,0.0,0.0,0,0,0,0,0,0,0,False,0.0,1.0,Coventry City,0.0,0.0,0.0,0.0,0,0,0,57,228,Aston Villa (Away),2
McCarthy,DEF,Hull City,4.0,0.1,0.0,a,0,0,0,0,0,0,0,0.0,0.0,0.0,0.0,0,0,0,0,0,0,0,False,0.0,1.0,Coventry City,0.0,0.0,0.0,0.0,0,0,0,675,959,Aston Villa (Away),2
McNair,DEF,Hull City,4.0,0.1,0.5,a,0,0,0,0,0,0,0,0.0,0.0,0.0,0.96,0,0,0,0,0,0,0,False,0.0,1.0,Coventry City,0.0,0.0,0.0,0.0,0,0,0,646,690,Aston Villa (Away),2
Belloumi,MID,Hull City,5.0,0.8,4.5,a,82,0,1,0,0,0,1,0.05,0.17,0.22,2.94,1,0,0,0,0,0,1,False,0.0,1.0,Coventry City,23.2,12.1,11.0,4.6,23,0,6,13890,4031,Aston Villa (Away),2
Millar,MID,Hull City,5.0,0.1,3.0,u,31,1,0,0,0,1,0,0.0,0.58,0.58,0.87,0,0,0,0,0,0,0,False,0.0,1.0,Coventry City,34.0,0.8,13.0,4.8,24,0,6,305,987,Aston Villa (Away),2
Dowell,MID,Hull City,4.5,0.4,0.0,a,0,0,0,0,0,0,0,0.0,0.0,0.0,0.0,0,0,0,0,0,0,0,False,0.0,1.0,Coventry City,0.0,0.0,0.0,0.0,0,0,0,1716,4258,Aston Villa (Away),2
Crooks,MID,Hull City,4.5,0.6,1.0,d,0,0,0,0,0,0,0,0.0,0.0,0.0,1.83,0,0,0,0,0,0,0,False,0.0,1.0,Coventry City,0.0,0.0,0.0,0.0,0,0,0,10141,5690,Aston Villa (Away),2
Slater,MID,Hull City,4.5,4.8,4.0,a,90,0,0,0,0,0,1,0.45,0.0,0.45,3.12,1,0,0,0,1,0,1,False,0.0,1.0,Coventry City,9.8,2.8,2.0,1.5,6,0,2,92371,22374,Aston Villa (Away),2
Matazo,MID,Hull City,4.5,0.0,0.0,i,0,0,0,0,0,0,0,0.0,0.0,0.0,0.0,0,0,0,0,0,0,0,False,0.0,1.0,Coventry City,0.0,0.0,0.0,0.0,0,0,0,64,96,Aston Villa (Away),2
Ömür,MID,Hull City,4.9,0.0,0.0,a,0,0,0,0,0,0,0,0.0,0.0,0.0,0.0,0,0,0,0,0,0,0,False,0.0,1.0,Coventry City,0.0,0.0,0.0,0.0,0,0,0,209,387,Aston Villa (Away),2
Kamara,MID,Hull City,5.0,0.0,0.0,u,0,0,0,0,0,0,0,0.0,0.0,0.0,0.0,0,0,0,0,0,0,0,False,0.0,1.0,Coventry City,0.0,0.0,0.0,0.0,0,0,0,0,197,Aston Villa (Away),2
Zambrano,MID,Hull City,4.5,0.1,0.0,i,0,0,0,0,0,0,0,0.0,0.0,0.0,0.0,0,0,0,0,0,0,0,False,0.0,1.0,Coventry City,0.0,0.0,0.0,0.0,0,0,0,491,2149,Aston Villa (Away),2
McBurnie,FWD,Hull City,5.5,2.1,3.0,a,90,0,0,0,0,0,1,0.02,0.16,0.18,3.12,1,0,0,0,1,0,1,False,0.0,1.0,Coventry City,0.8,13.3,8.0,2.2,7,0,1,82641,15941,Aston Villa (Away),2
Akintola,MID,Hull City,5.0,0.0,0.0,a,0,0,0,0,0,0,0,0.0,0.0,0.0,0.0,0,0,0,0,0,0,0,False,0.0,1.0,Coventry City,0.0,0.0,0.0,0.0,0,0,0,914,940,Aston Villa (Away),2
Gyabi,MID,Hull City,4.5,0.0,0.0,i,0,0,0,0,0,0,0,0.0,0.0,0.0,0.0,0,0,0,0,0,0,0,False,0.0,1.0,Coventry City,0.0,0.0,0.0,0.0,0,0,0,64,526,Aston Villa (Away),2
Destan,FWD,Hull City,4.5,0.3,0.0,u,0,0,0,0,0,0,0,0.0,0.0,0.0,0.0,0,0,0,0,0,0,0,False,0.0,1.0,Coventry City,0.0,0.0,0.0,0.0,0,0,0,0,8866,Aston Villa (Away),2
Burstow,FWD,Hull City,4.5,0.0,0.0,u,0,0,0,0,0,0,0,0.0,0.0,0.0,0.0,0,0,0,0,0,0,0,False,0.0,1.0,Coventry City,0.0,0.0,0.0,0.0,0,0,0,0,1210,Aston Villa (Away),2
Gelhardt,MID,Hull City,5.0,0.0,0.0,a,0,0,0,0,0,0,0,0.0,0.0,0.0,0.0,0,0,0,0,0,0,0,False,0.0,1.0,Coventry City,0.0,0.0,0.0,0.0,0,0,0,45,288,Aston Villa (Away),2
Targett,DEF,Hull City,4.0,2.1,0.5,a,0,0,0,0,0,0,0,0.0,0.0,0.0,0.07,0,0,0,0,0,0,0,False,0.0,1.0,Coventry City,0.0,0.0,0.0,0.0,0,0,0,5393,15441,Aston Villa (Away),2
Morita,MID,Hull City,5.0,0.0,0.5,a,45,0,0,0,0,0,0,0.0,0.0,0.0,1.09,0,0,0,0,0,0,1,False,0.0,1.0,Coventry City,11.0,13.4,0.0,2.4,6,0,1,118,328,Aston Villa (Away),2
Tzolakis,GKP,Hull City,4.6,7.6,10.0,a,90,0,0,3,0,0,0,0.0,0.0,0.0,3.12,1,0,0,0,0,0,1,False,0.0,1.0,Coventry City,26.2,0.0,0.0,2.6,32,3,10,101970,12415,Aston Villa (Away),2
Hjertø-Dahl,MID,Hull City,5.0,0.1,0.0,a,0,0,0,0,0,0,0,0.0,0.0,0.0,0.0,0,0,0,0,0,0,0,False,0.0,1.0,Coventry City,0.0,0.0,0.0,0.0,0,0,0,307,969,Aston Villa (Away),2
Stroud,MID,Hull City,5.0,0.1,1.5,a,58,0,0,0,0,0,0,0.04,0.01,0.05,2.25,0,0,0,0,1,0,1,False,0.0,1.0,Coventry City,0.0,4.3,7.0,0.9,-2,0,0,1430,597,Aston Villa (Away),2
Herrington,DEF,Hull City,4.0,0.6,1.0,a,31,0,0,0,0,0,0,0.0,0.0,0.0,1.16,0,0,0,0,0,0,0,False,0.0,1.0,Coventry City,3.0,0.2,0.0,0.3,3,0,1,2771,3602,Aston Villa (Away),2
Mendy,DEF,Hull City,4.0,5.6,8.0,a,58,0,0,0,0,1,0,0.0,0.29,0.29,1.95,0,0,0,0,0,0,1,False,0.0,1.0,Coventry City,27.6,0.0,7.0,3.5,9,0,1,179580,19460,Aston Villa (Away),2
Gourna-Douath,MID,Hull City,5.0,0.0,0.5,a,45,0,0,0,0,0,0,0.01,0.0,0.01,0.2,0,0,0,0,0,0,0,False,0.0,1.0,Coventry City,12.8,0.9,0.0,1.4,6,0,1,135,313,Aston Villa (Away),2
Cho,MID,Hull City,5.0,0.0,1.0,a,7,0,0,0,0,0,0,0.0,0.0,0.0,0.18,0,0,0,0,0,0,0,False,0.0,1.0,Coventry City,0.4,0.3,0.0,0.1,3,0,1,25,2,Aston Villa (Away),2
Ansah,FWD,Hull City,5.0,0.0,0.0,a,0,0,0,0,0,0,0,0.0,0.0,0.0,0.0,0,0,0,0,0,0,0,False,,,,0.0,0.0,0.0,0.0,0,0,0,0,0,Aston Villa (Away),2
Vaz,FWD,Hull City,5.0,0.0,0.0,a,0,0,0,0,0,0,0,0.0,0.0,0.0,0.0,0,0,0,0,0,0,0,False,,,,0.0,0.0,0.0,0.0,0,0,0,0,0,Aston Villa (Away),2
Norton-Cuffy,DEF,Hull City,4.0,0.1,0.0,a,0,0,0,0,0,0,0,0.0,0.0,0.0,0.0,0,0,0,0,0,0,0,False,,,,0.0,0.0,0.0,0.0,0,0,0,0,0,Aston Villa (Away),2
Thomas,MID,Hull City,5.5,0.0,0.0,a,0,0,0,0,0,0,0,0.0,0.0,0.0,0.0,0,0,0,0,0,0,0,False,,,,0.0,0.0,0.0,0.0,0,0,0,0,0,Aston Villa (Away),2
Mouzakitis,MID,Hull City,5.0,0.0,0.0,a,0,0,0,0,0,0,0,0.0,0.0,0.0,0.0,0,0,0,0,0,0,0,False,,,,0.0,0.0,0.0,0.0,0,0,0,0,0,Aston Villa (Away),2
Diop,DEF,Ipswich Town,4.0,15.7,2.0,a,90,0,0,0,5,0,0,0.01,0.0,0.01,5.43,0,0,0,0,0,0,1,False,5.0,2.0,Man Utd,40.8,0.3,0.0,4.1,7,0,2,26513,70924,Liverpool (Away),2
Lukić,MID,Ipswich Town,5.0,0.1,3.0,a,72,0,0,0,4,0,1,0.04,0.02,0.06,4.57,0,0,0,0,1,0,1,False,5.0,2.0,Man Utd,17.4,11.9,2.0,3.1,11,0,1,1178,1345,Liverpool (Away),2
Walton,GKP,Ipswich Town,4.5,0.4,0.0,a,0,0,0,0,0,0,0,0.0,0.0,0.0,0.0,0,0,0,0,0,0,0,False,5.0,2.0,Man Utd,0.0,0.0,0.0,0.0,0,0,0,209,4572,Liverpool (Away),2
Palmer,GKP,Ipswich Town,4.0,4.3,0.0,a,0,0,0,0,0,0,0,0.0,0.0,0.0,0.0,0,0,0,0,0,0,0,False,5.0,2.0,Man Utd,0.0,0.0,0.0,0.0,0,0,0,7686,17348,Liverpool (Away),2
Button,GKP,Ipswich Town,4.0,0.5,0.0,a,0,0,0,0,0,0,0,0.0,0.0,0.0,0.0,0,0,0,0,0,0,0,False,5.0,2.0,Man Utd,0.0,0.0,0.0,0.0,0,0,0,1959,1819,Liverpool (Away),2
Kipré,DEF,Ipswich Town,4.0,0.5,0.0,a,0,0,0,0,0,0,0,0.0,0.0,0.0,0.0,0,0,0,0,0,0,0,False,5.0,2.0,Man Utd,0.0,0.0,0.0,0.0,0,0,0,332,4947,Liverpool (Away),2
O'Shea,DEF,Ipswich Town,4.0,3.3,2.0,a,90,0,0,0,5,0,0,0.17,0.07,0.24,5.43,0,0,0,0,0,0,1,False,5.0,2.0,Man Utd,0.0,0.8,9.0,0.9,-14,0,0,15639,13984,Liverpool (Away),2
Davis,DEF,Ipswich Town,4.0,5.1,4.0,a,90,1,0,0,5,1,0,0.13,0.54,0.67,5.43,0,0,0,0,0,0,1,False,5.0,2.0,Man Utd,47.0,14.7,50.0,11.2,1,0,6,7322,21290,Liverpool (Away),2
Greaves,DEF,Ipswich Town,4.0,1.3,0.5,a,90,0,0,0,5,0,0,0.01,0.0,0.01,5.43,0,1,0,0,1,0,1,False,5.0,2.0,Man Utd,18.4,1.3,0.0,2.0,-13,0,-1,1636,6111,Liverpool (Away),2
Johnson,DEF,Ipswich Town,4.0,0.1,0.0,a,0,0,0,0,0,0,0,0.0,0.0,0.0,0.0,0,0,0,0,0,0,0,False,5.0,2.0,Man Utd,0.0,0.0,0.0,0.0,0,0,0,427,1022,Liverpool (Away),2
Furlong,DEF,Ipswich Town,4.0,0.5,0.5,a,17,0,0,0,1,0,0,0.0,0.0,0.0,0.86,0,0,0,0,0,0,0,False,5.0,2.0,Man Utd,5.0,0.5,0.0,0.6,-1,0,1,269,4416,Liverpool (Away),2
Núñez,MID,Ipswich Town,5.0,0.1,3.0,a,61,0,0,0,3,0,0,0.05,0.03,0.08,3.48,0,0,0,0,0,0,1,False,5.0,2.0,Man Utd,11.6,12.1,2.0,2.6,6,0,2,1197,1393,Liverpool (Away),2
Matusiwa,MID,Ipswich Town,5.0,0.0,0.0,i,0,0,0,0,0,0,0,0.0,0.0,0.0,0.0,0,0,0,0,0,0,0,False,5.0,2.0,Man Utd,0.0,0.0,0.0,0.0,0,0,0,8,112,Liverpool (Away),2
Burns,MID,Ipswich Town,5.0,0.0,0.0,u,0,0,0,0,0,0,0,0.0,0.0,0.0,0.0,0,0,0,0,0,0,0,False,5.0,2.0,Man Utd,0.0,0.0,0.0,0.0,0,0,0,0,191,Liverpool (Away),2
Taylor,MID,Ipswich Town,4.5,0.0,0.0,i,0,0,0,0,0,0,0,0.0,0.0,0.0,0.0,0,0,0,0,0,0,0,False,5.0,2.0,Man Utd,0.0,0.0,0.0,0.0,0,0,0,111,883,Liverpool (Away),2
Clarke,MID,Ipswich Town,5.5,0.2,3.5,a,0,0,0,0,0,1,0,0.0,0.1,0.1,0.03,0,0,0,0,0,0,0,False,5.0,2.0,Man Utd,0.0,0.0,0.0,0.0,0,0,0,3202,2443,Liverpool (Away),2
Ogbene,MID,Ipswich Town,4.9,0.0,0.0,u,0,0,0,0,0,0,0,0.0,0.0,0.0,0.0,0,0,0,0,0,0,0,False,5.0,2.0,Man Utd,0.0,0.0,0.0,0.0,0,0,0,37,243,Liverpool (Away),2
Fatawu,MID,Ipswich Town,5.5,0.2,3.0,a,82,0,1,0,5,0,1,0.63,0.0,0.63,5.22,0,0,0,0,1,0,1,False,5.0,2.0,Man Utd,26.6,42.3,2.0,7.1,25,0,4,570,2768,Liverpool (Away),2
Emersonn,FWD,Ipswich Town,5.5,1.6,5.0,a,45,0,0,0,1,1,0,0.06,0.82,0.88,1.4,0,0,0,0,0,0,1,False,5.0,2.0,Man Utd,1.0,11.1,2.0,1.4,7,0,1,76807,16810,Liverpool (Away),2
Hirst,FWD,Ipswich Town,5.0,0.1,0.0,u,0,0,0,0,0,0,0,0.0,0.0,0.0,0.0,0,0,0,0,0,0,0,False,5.0,2.0,Man Utd,0.0,0.0,0.0,0.0,0,0,0,0,8695,Liverpool (Away),2
Philogene,MID,Ipswich Town,5.4,0.1,0.0,i,0,0,0,0,0,0,0,0.0,0.0,0.0,0.0,0,0,0,0,0,0,0,False,5.0,2.0,Man Utd,0.0,0.0,0.0,0.0,0,0,0,106,3928,Liverpool (Away),2
Szmodics,MID,Ipswich Town,5.0,0.0,0.0,u,0,0,0,0,0,0,0,0.0,0.0,0.0,0.0,0,0,0,0,0,0,0,False,5.0,2.0,Man Utd,0.0,0.0,0.0,0.0,0,0,0,0,409,Liverpool (Away),2
Akpom,FWD,Ipswich Town,5.0,1.0,3.0,a,45,1,0,0,4,1,0,0.0,0.97,0.97,4.04,0,0,0,0,0,0,0,False,5.0,2.0,Man Utd,33.2,1.7,17.0,5.2,30,0,5,4625,6250,Liverpool (Away),2
Walle Egeli,FWD,Ipswich Town,4.5,3.3,0.5,a,0,0,0,0,0,0,0,0.0,0.0,0.0,0.03,0,0,0,0,0,0,0,False,5.0,2.0,Man Utd,0.0,0.0,0.0,0.0,0,0,0,40712,23441,Liverpool (Away),2
Al-Hamadi,FWD,Ipswich Town,5.0,0.1,0.0,u,0,0,0,0,0,0,0,0.0,0.0,0.0,0.0,0,0,0,0,0,0,0,False,5.0,2.0,Man Utd,0.0,0.0,0.0,0.0,0,0,0,755,3002,Liverpool (Away),2
McAteer,MID,Ipswich Town,4.5,1.3,1.0,a,7,0,0,0,0,0,0,0.0,0.0,0.0,0.21,0,0,0,0,0,0,0,False,5.0,2.0,Man Utd,0.2,0.0,0.0,0.0,3,0,1,5615,11565,Liverpool (Away),2
Mehmeti,MID,Ipswich Town,4.9,0.0,0.0,a,0,0,0,0,0,0,0,0.0,0.0,0.0,0.0,0,0,0,0,0,0,0,False,5.0,2.0,Man Utd,0.0,0.0,0.0,0.0,0,0,0,47,686,Liverpool (Away),2
Van Oevelen,GKP,Ipswich Town,4.5,0.0,0.0,u,0,0,0,0,0,0,0,0.0,0.0,0.0,0.0,0,0,0,0,0,0,0,False,5.0,2.0,Man Utd,0.0,0.0,0.0,0.0,0,0,0,54,637,Liverpool (Away),2
Maeda,MID,Ipswich Town,5.5,0.3,2.0,a,72,0,0,0,4,0,0,0.01,0.67,0.68,4.54,0,0,0,0,0,0,1,False,5.0,2.0,Man Utd,8.0,1.4,19.0,2.8,10,0,2,740,4042,Liverpool (Away),2
Scherpen,GKP,Ipswich Town,4.5,0.6,2.0,a,90,0,0,6,5,0,0,0.01,0.0,0.01,5.43,0,0,0,0,0,0,1,False,5.0,2.0,Man Utd,46.4,0.0,0.0,4.6,9,0,2,1329,3576,Liverpool (Away),2
Florentino,MID,Ipswich Town,4.9,0.1,0.0,a,0,0,0,0,0,0,0,0.0,0.0,0.0,0.0,0,0,0,0,0,0,0,False,5.0,2.0,Man Utd,0.0,0.0,0.0,0.0,0,0,0,214,2207,Liverpool (Away),2
Enciso,MID,Ipswich Town,5.5,0.7,5.0,a,90,0,1,0,5,0,2,0.62,0.63,1.25,5.4,0,0,0,0,0,0,1,False,5.0,2.0,Man Utd,21.8,12.4,21.0,5.5,25,0,5,17669,4454,Liverpool (Away),2
Ouattara,DEF,Ipswich Town,4.0,1.0,1.0,a,17,0,0,0,1,0,0,0.0,0.0,0.0,0.89,0,0,0,0,0,0,0,False,5.0,2.0,Man Utd,0.6,0.6,0.0,0.1,-1,0,1,2769,5866,Liverpool (Away),2
Humphreys,MID,Ipswich Town,4.5,0.0,0.0,u,0,0,0,0,0,0,0,0.0,0.0,0.0,0.0,0,0,0,0,0,0,0,False,5.0,2.0,Man Utd,0.0,0.0,0.0,0.0,0,0,0,1275,333,Liverpool (Away),2
Palacios,MID,Ipswich Town,5.0,0.0,1.0,a,28,0,0,0,2,0,0,0.01,0.0,0.01,1.92,0,0,0,0,0,0,0,False,5.0,2.0,Man Utd,7.2,12.0,2.0,2.1,11,0,1,89,5,Liverpool (Away),2
Flemming,FWD,Ipswich Town,5.5,0.0,0.0,a,0,0,0,0,0,0,0,0.0,0.0,0.0,0.0,0,0,0,0,0,0,0,False,,,,0.0,0.0,0.0,0.0,0,0,0,0,0,Liverpool (Away),2
Wilson,MID,Leeds,6.4,4.2,2.0,a,45,0,0,0,0,0,0,0.06,0.01,0.07,1.66,0,0,0,0,0,0,0,True,1.0,1.0,Brentford,8.4,12.1,6.0,2.7,7,0,1,14929,57768,Brighton (Home),2
Perri,GKP,Leeds,4.5,0.5,0.0,u,0,0,0,0,0,0,0,0.0,0.0,0.0,0.0,0,0,0,0,0,0,0,True,1.0,1.0,Brentford,0.0,0.0,0.0,0.0,0,0,0,328,5359,Brighton (Home),2
Bijol,DEF,Leeds,5.0,0.9,5.5,a,45,0,0,0,1,0,0,0.0,0.11,0.11,1.21,0,0,0,0,0,0,1,True,1.0,1.0,Brentford,8.4,0.2,0.0,0.9,0,0,1,45219,8184,Brighton (Home),2
Rodon,DEF,Leeds,4.5,2.6,3.5,i,33,0,0,0,0,0,0,0.06,0.03,0.09,1.01,0,0,0,0,0,0,1,True,1.0,1.0,Brentford,8.6,0.3,2.0,1.1,4,0,1,21600,12574,Brighton (Home),2
Bogle,DEF,Leeds,4.5,0.5,4.0,a,67,0,0,0,1,0,0,0.01,0.0,0.01,1.4,0,0,0,0,0,0,1,True,1.0,1.0,Brentford,18.6,11.3,4.0,3.4,9,0,2,5925,3124,Brighton (Home),2
Gudmundsson,DEF,Leeds,4.5,0.0,0.0,a,0,0,0,0,0,0,0,0.0,0.0,0.0,0.0,0,0,0,0,0,0,0,True,1.0,1.0,Brentford,0.0,0.0,0.0,0.0,0,0,0,66,992,Brighton (Home),2
Justin,DEF,Leeds,4.5,1.4,6.0,a,90,0,0,0,1,0,0,0.02,0.03,0.05,2.33,0,0,0,0,0,0,1,True,1.0,1.0,Brentford,24.6,11.8,9.0,4.5,12,0,2,43534,9391,Brighton (Home),2
Bornauw,DEF,Leeds,4.5,0.0,0.0,u,0,0,0,0,0,0,0,0.0,0.0,0.0,0.0,0,0,0,0,0,0,0,True,1.0,1.0,Brentford,0.0,0.0,0.0,0.0,0,0,0,0,170,Brighton (Home),2
Muharemović,DEF,Leeds,5.0,3.2,5.0,a,90,0,0,0,1,0,0,0.01,0.09,0.1,2.33,0,0,0,0,0,0,1,True,1.0,1.0,Brentford,51.6,0.8,2.0,5.4,17,0,4,21539,11842,Brighton (Home),2
Stach,MID,Leeds,6.0,2.9,8.5,a,90,0,0,0,1,1,0,0.06,0.17,0.23,2.33,0,0,0,0,0,0,1,True,1.0,1.0,Brentford,24.6,17.0,4.0,4.6,13,0,4,81344,13679,Brighton (Home),2
Okafor,MID,Leeds,5.9,0.3,1.5,a,68,0,0,0,1,0,0,0.17,0.08,0.25,0.87,0,0,0,0,0,0,1,True,1.0,1.0,Brentford,6.4,7.5,10.0,2.4,11,0,2,1355,9168,Brighton (Home),2
Aaronson,MID,Leeds,5.5,0.7,2.0,a,45,0,0,0,1,0,0,0.02,0.01,0.03,1.13,0,0,0,0,0,0,1,True,1.0,1.0,Brentford,2.2,0.6,0.0,0.3,6,0,1,2593,8433,Brighton (Home),2
Ampadu,MID,Leeds,5.5,1.2,3.5,a,90,0,0,0,1,0,0,0.13,0.01,0.14,2.33,0,0,0,0,0,0,1,True,1.0,1.0,Brentford,19.6,16.6,1.0,3.7,12,0,2,4591,9441,Brighton (Home),2
Longstaff,MID,Leeds,5.0,0.1,0.5,a,0,0,0,0,0,0,0,0.0,0.0,0.0,0.07,0,0,0,0,0,0,0,True,1.0,1.0,Brentford,0.0,0.0,0.0,0.0,0,0,0,575,1631,Brighton (Home),2
Gnonto,MID,Leeds,5.0,0.0,0.0,u,0,0,0,0,0,0,0,0.0,0.0,0.0,0.0,0,0,0,0,0,0,0,True,1.0,1.0,Brentford,0.0,0.0,0.0,0.0,0,0,0,18,696,Brighton (Home),2
Harrison,MID,Leeds,5.0,0.0,0.0,u,0,0,0,0,0,0,0,0.0,0.0,0.0,0.0,0,0,0,0,0,0,0,True,1.0,1.0,Brentford,0.0,0.0,0.0,0.0,0,0,0,0,36,Brighton (Home),2
James,MID,Leeds,5.0,0.1,0.5,a,22,0,0,0,0,0,0,0.01,0.24,0.25,0.93,0,0,0,0,0,0,0,True,1.0,1.0,Brentford,0.0,1.1,12.0,1.1,2,0,1,863,1736,Brighton (Home),2
Gruev,MID,Leeds,5.0,0.0,0.0,d,0,0,0,0,0,0,0,0.0,0.0,0.0,0.0,0,0,0,0,0,0,0,True,1.0,1.0,Brentford,0.0,0.0,0.0,0.0,0,0,0,9,129,Brighton (Home),2
Tanaka,MID,Leeds,4.9,0.2,0.5,a,45,0,0,0,0,0,0,0.01,0.0,0.01,1.13,0,0,0,0,0,0,0,True,1.0,1.0,Brentford,20.0,1.8,0.0,2.2,6,0,1,899,4233,Brighton (Home),2
Calvert-Lewin,FWD,Leeds,6.0,26.0,4.5,a,90,1,0,0,1,1,0,0.02,1.05,1.07,2.33,0,0,0,0,0,0,1,True,1.0,1.0,Brentford,38.4,4.0,35.0,7.7,31,2,8,84314,188936,Brighton (Home),2
Nmecha,FWD,Leeds,5.5,0.5,2.0,a,21,0,1,0,0,0,1,0.0,0.1,0.1,0.93,0,0,0,0,0,0,0,True,1.0,1.0,Brentford,18.2,20.3,6.0,4.5,18,0,4,1917,9544,Brighton (Home),2
Piroe,FWD,Leeds,5.0,0.1,0.0,u,0,0,0,0,0,0,0,0.0,0.0,0.0,0.0,0,0,0,0,0,0,0,True,1.0,1.0,Brentford,0.0,0.0,0.0,0.0,0,0,0,0,5351,Brighton (Home),2
Mateo Joseph,FWD,Leeds,4.5,0.1,0.0,i,0,0,0,0,0,0,0,0.0,0.0,0.0,0.0,0,0,0,0,0,0,0,True,1.0,1.0,Brentford,0.0,0.0,0.0,0.0,0,0,0,325,1051,Brighton (Home),2
Trafford,GKP,Leeds,5.0,5.1,6.0,a,90,0,0,4,1,0,0,0.0,0.0,0.0,2.33,0,0,0,0,0,0,1,True,1.0,1.0,Brentford,37.6,0.0,0.0,3.8,20,0,3,63794,15104,Brighton (Home),2
Elvedi,DEF,Leeds,4.5,0.0,0.5,a,56,0,0,0,1,0,0,0.0,0.0,0.0,1.32,0,0,0,0,0,0,0,True,1.0,1.0,Brentford,16.0,1.1,6.0,2.3,9,0,1,354,279,Brighton (Home),2
Lienou,DEF,Leeds,4.0,0.1,0.0,a,0,0,0,0,0,0,0,0.0,0.0,0.0,0.0,0,0,0,0,0,0,0,True,1.0,1.0,Brentford,0.0,0.0,0.0,0.0,0,0,0,1488,319,Brighton (Home),2
Cresswell,MID,Leeds,4.5,0.1,0.0,a,0,0,0,0,0,0,0,0.0,0.0,0.0,0.0,0,0,0,0,0,0,0,True,1.0,1.0,Brentford,0.0,0.0,0.0,0.0,0,0,0,3029,710,Brighton (Home),2
Cairns,GKP,Leeds,4.0,0.2,0.0,a,0,0,0,0,0,0,0,0.0,0.0,0.0,0.0,0,0,0,0,0,0,0,True,1.0,1.0,Brentford,0.0,0.0,0.0,0.0,0,0,0,0,0,Brighton (Home),2
Zetterer,GKP,Leeds,4.0,0.2,0.0,a,0,0,0,0,0,0,0,0.0,0.0,0.0,0.0,0,0,0,0,0,0,0,False,,,,0.0,0.0,0.0,0.0,0,0,0,0,0,Brighton (Home),2
Bard,DEF,Leeds,4.5,0.0,0.0,a,0,0,0,0,0,0,0,0.0,0.0,0.0,0.0,0,0,0,0,0,0,0,False,,,,0.0,0.0,0.0,0.0,0,0,0,0,0,Brighton (Home),2
Bahoya,MID,Leeds,5.0,0.0,0.0,a,0,0,0,0,0,0,0,0.0,0.0,0.0,0.0,0,0,0,0,0,0,0,False,,,,0.0,0.0,0.0,0.0,0,0,0,0,0,Brighton (Home),2
A.Becker,GKP,Liverpool,5.5,3.8,1.0,a,90,0,0,1,2,0,0,0.0,0.0,0.0,3.88,0,0,0,0,1,0,1,True,2.0,2.0,Nott'm Forest,7.6,0.0,0.0,0.8,-5,0,0,25307,21223,Ipswich Town (Home),2
Mamardashvili,GKP,Liverpool,4.9,0.1,0.0,a,0,0,0,0,0,0,0,0.0,0.0,0.0,0.0,0,0,0,0,0,0,0,True,2.0,2.0,Nott'm Forest,0.0,0.0,0.0,0.0,0,0,0,658,2038,Ipswich Town (Home),2
Woodman,GKP,Liverpool,4.0,1.1,0.0,a,0,0,0,0,0,0,0,0.0,0.0,0.0,0.0,0,0,0,0,0,0,0,True,2.0,2.0,Nott'm Forest,0.0,0.0,0.0,0.0,0,0,0,3263,5523,Ipswich Town (Home),2
Pecsi,GKP,Liverpool,4.0,0.0,0.0,u,0,0,0,0,0,0,0,0.0,0.0,0.0,0.0,0,0,0,0,0,0,0,True,2.0,2.0,Nott'm Forest,0.0,0.0,0.0,0.0,0,0,0,0,448,Ipswich Town (Home),2
Jaros,GKP,Liverpool,4.0,0.0,0.0,i,0,0,0,0,0,0,0,0.0,0.0,0.0,0.0,0,0,0,0,0,0,0,True,2.0,2.0,Nott'm Forest,0.0,0.0,0.0,0.0,0,0,0,163,179,Ipswich Town (Home),2
Davies,GKP,Liverpool,4.0,0.2,0.0,a,0,0,0,0,0,0,0,0.0,0.0,0.0,0.0,0,0,0,0,0,0,0,True,2.0,2.0,Nott'm Forest,0.0,0.0,0.0,0.0,0,0,0,644,713,Ipswich Town (Home),2
Virgil,DEF,Liverpool,6.5,17.7,1.5,a,90,0,0,0,2,0,0,0.04,0.25,0.29,3.88,0,0,0,0,0,0,1,True,2.0,2.0,Nott'm Forest,24.6,4.3,2.0,3.1,5,0,1,74614,79120,Ipswich Town (Home),2
Frimpong,DEF,Liverpool,5.5,3.1,0.5,a,70,0,0,0,2,0,0,0.11,0.01,0.12,3.81,0,0,0,0,0,0,1,True,2.0,2.0,Nott'm Forest,12.8,13.8,4.0,3.1,9,0,1,24520,33569,Ipswich Town (Home),2
Kerkez,DEF,Liverpool,5.5,3.0,0.5,a,70,0,0,0,2,0,0,0.03,0.02,0.05,3.81,0,0,0,0,0,0,1,True,2.0,2.0,Nott'm Forest,24.0,12.8,0.0,3.7,9,0,1,15645,34387,Ipswich Town (Home),2
Gomez,DEF,Liverpool,5.0,0.0,0.0,i,0,0,0,0,0,0,0,0.0,0.0,0.0,0.0,0,0,0,0,0,0,0,True,2.0,2.0,Nott'm Forest,0.0,0.0,0.0,0.0,0,0,0,79,409,Ipswich Town (Home),2
Bradley,DEF,Liverpool,5.0,0.0,0.0,i,0,0,0,0,0,0,0,0.0,0.0,0.0,0.0,0,0,0,0,0,0,0,True,2.0,2.0,Nott'm Forest,0.0,0.0,0.0,0.0,0,0,0,79,219,Ipswich Town (Home),2
Lucky,DEF,Liverpool,4.0,0.1,0.0,a,0,0,0,0,0,0,0,0.0,0.0,0.0,0.0,0,0,0,0,0,0,0,True,2.0,2.0,Nott'm Forest,0.0,0.0,0.0,0.0,0,0,0,608,1137,Ipswich Town (Home),2
Jacquet,DEF,Liverpool,5.0,2.6,2.0,a,76,0,0,0,2,0,0,0.07,0.0,0.07,3.27,0,0,0,0,0,0,1,True,2.0,2.0,Nott'm Forest,30.8,15.1,2.0,4.8,13,0,3,22712,18156,Ipswich Town (Home),2
Leoni,DEF,Liverpool,4.0,0.0,0.0,i,0,0,0,0,0,0,0,0.0,0.0,0.0,0.0,0,0,0,0,0,0,0,True,2.0,2.0,Nott'm Forest,0.0,0.0,0.0,0.0,0,0,0,182,519,Ipswich Town (Home),2
Tsimikas,DEF,Liverpool,5.0,0.1,0.5,a,19,0,0,0,0,0,0,0.01,0.04,0.05,0.07,0,0,0,0,0,0,0,True,2.0,2.0,Nott'm Forest,3.6,1.3,9.0,1.4,4,0,1,339,982,Ipswich Town (Home),2
Ramsay,DEF,Liverpool,4.0,0.1,0.0,u,0,0,0,0,0,0,0,0.0,0.0,0.0,0.0,0,0,0,0,0,0,0,True,2.0,2.0,Nott'm Forest,0.0,0.0,0.0,0.0,0,0,0,638,3752,Ipswich Town (Home),2
Wirtz,MID,Liverpool,7.5,10.0,3.0,a,90,0,1,0,2,0,1,0.24,0.49,0.73,2.81,0,0,0,0,1,0,1,True,2.0,2.0,Nott'm Forest,27.8,24.3,22.0,7.4,23,0,4,24923,123262,Ipswich Town (Home),2
Gakpo,MID,Liverpool,7.1,8.4,8.5,a,70,0,1,0,2,1,1,0.8,0.3,1.1,3.81,0,0,0,0,0,0,1,True,2.0,2.0,Nott'm Forest,23.2,27.8,6.0,5.7,21,0,5,205704,27751,Ipswich Town (Home),2
Szoboszlai,MID,Liverpool,7.0,41.3,6.0,a,90,0,0,0,2,1,0,0.44,1.01,1.45,3.88,0,0,0,0,0,0,1,True,2.0,2.0,Nott'm Forest,21.4,40.7,4.0,6.6,24,0,4,245003,67405,Ipswich Town (Home),2
Ngumoha,MID,Liverpool,5.9,0.8,1.5,a,19,0,0,0,0,0,0,0.05,0.04,0.09,0.58,0,0,0,0,0,0,0,True,2.0,2.0,Nott'm Forest,2.0,1.3,2.0,0.5,5,0,1,5547,14877,Ipswich Town (Home),2
Chiesa,MID,Liverpool,5.4,0.1,0.0,i,0,0,0,0,0,0,0,0.0,0.0,0.0,0.0,0,0,0,0,0,0,0,True,2.0,2.0,Nott'm Forest,0.0,0.0,0.0,0.0,0,0,0,585,3550,Ipswich Town (Home),2
Gravenberch,MID,Liverpool,6.0,1.7,3.0,a,19,0,0,0,0,0,1,0.06,0.06,0.12,1.17,0,0,0,0,0,0,0,True,2.0,2.0,Nott'm Forest,4.4,12.1,0.0,1.7,7,0,1,15005,15183,Ipswich Town (Home),2
Mac Allister,MID,Liverpool,5.5,1.4,1.5,a,76,0,0,0,2,0,0,0.4,0.0,0.4,3.3,0,0,0,0,0,0,1,True,2.0,2.0,Nott'm Forest,12.6,7.7,0.0,2.0,10,0,2,6567,21508,Ipswich Town (Home),2
C.Jones,MID,Liverpool,5.5,0.0,0.0,u,0,0,0,0,0,0,0,0.0,0.0,0.0,0.0,0,0,0,0,0,0,0,True,2.0,2.0,Nott'm Forest,0.0,0.0,0.0,0.0,0,0,0,33,1128,Ipswich Town (Home),2
Endo,MID,Liverpool,5.0,0.1,0.0,a,0,0,0,0,0,0,0,0.0,0.0,0.0,0.0,0,0,0,0,0,0,0,True,2.0,2.0,Nott'm Forest,0.0,0.0,0.0,0.0,0,0,0,485,985,Ipswich Town (Home),2
Nyoni,MID,Liverpool,5.0,0.0,0.5,a,13,0,0,0,0,0,0,0.0,0.0,0.0,0.07,0,0,0,0,0,0,0,True,2.0,2.0,Nott'm Forest,6.4,2.2,0.0,0.9,3,0,1,139,673,Ipswich Town (Home),2
Bajcetic,MID,Liverpool,5.0,0.0,0.0,u,0,0,0,0,0,0,0,0.0,0.0,0.0,0.0,0,0,0,0,0,0,0,True,2.0,2.0,Nott'm Forest,0.0,0.0,0.0,0.0,0,0,0,8,29,Ipswich Town (Home),2
Munoz,MID,Liverpool,6.5,1.2,5.0,a,90,1,0,0,2,1,1,0.23,0.42,0.65,3.37,0,0,0,0,1,0,1,True,2.0,2.0,Nott'm Forest,42.2,16.8,29.0,8.8,24,0,6,6486,5913,Ipswich Town (Home),2
McConnell,MID,Liverpool,4.5,0.2,0.0,a,0,0,0,0,0,0,0,0.0,0.0,0.0,0.0,0,0,0,0,0,0,0,True,2.0,2.0,Nott'm Forest,0.0,0.0,0.0,0.0,0,0,0,883,2900,Ipswich Town (Home),2
Isak,FWD,Liverpool,9.0,16.8,5.0,a,90,1,0,0,2,1,0,0.01,2.08,2.09,3.88,0,0,0,0,0,0,1,True,2.0,2.0,Nott'm Forest,34.0,10.3,48.0,9.2,30,2,8,73036,101133,Ipswich Town (Home),2
Ekitiké,FWD,Liverpool,7.5,0.1,0.0,i,0,0,0,0,0,0,0,0.0,0.0,0.0,0.0,0,0,0,0,0,0,0,True,2.0,2.0,Nott'm Forest,0.0,0.0,0.0,0.0,0,0,0,709,3807,Ipswich Town (Home),2
Koumas,MID,Liverpool,5.0,0.0,0.5,a,0,0,0,0,0,0,0,0.0,0.03,0.03,0.48,0,0,0,0,0,0,0,True,2.0,2.0,Nott'm Forest,0.0,0.0,0.0,0.0,0,0,0,156,210,Ipswich Town (Home),2
Danns,FWD,Liverpool,4.5,0.0,0.0,a,0,0,0,0,0,0,0,0.0,0.0,0.0,0.0,0,0,0,0,0,0,0,True,2.0,2.0,Nott'm Forest,0.0,0.0,0.0,0.0,0,0,0,309,562,Ipswich Town (Home),2
Elliott,MID,Liverpool,5.4,0.1,0.0,u,0,0,0,0,0,0,0,0.0,0.0,0.0,0.0,0,0,0,0,0,0,0,True,2.0,2.0,Nott'm Forest,0.0,0.0,0.0,0.0,0,0,0,380,1216,Ipswich Town (Home),2
Araujo,DEF,Liverpool,5.4,2.1,0.5,a,13,0,0,0,0,0,0,0.04,0.0,0.04,0.61,0,0,0,0,1,0,0,True,2.0,2.0,Nott'm Forest,5.8,2.3,0.0,0.8,-1,0,0,23907,33774,Ipswich Town (Home),2
Barcola,MID,Liverpool,8.0,1.1,0.0,a,0,0,0,0,0,0,0,0.0,0.0,0.0,0.0,0,0,0,0,0,0,0,False,,,,0.0,0.0,0.0,0.0,0,0,0,0,0,Ipswich Town (Home),2
Enzo,MID,Man City,6.9,3.4,0.5,a,0,0,0,0,0,0,0,0.02,0.0,0.02,0.28,0,0,0,0,0,0,0,True,4.0,3.0,Brighton,0.0,0.0,0.0,0.0,0,0,0,14954,89165,Coventry City (Away),2
Ndiaye,MID,Man City,6.0,12.7,6.5,a,90,0,0,0,1,0,1,0.39,0.26,0.65,4.12,0,0,0,0,0,0,1,False,1.0,1.0,Bournemouth,12.6,14.5,10.0,3.7,16,0,4,122688,60020,Coventry City (Away),2
Donnarumma,GKP,Man City,5.5,8.0,1.5,a,90,0,0,1,1,0,0,0.0,0.0,0.0,1.31,0,1,0,0,0,0,1,False,1.0,4.0,Crystal Palace,6.8,0.0,0.0,0.7,5,0,0,34008,44952,Coventry City (Away),2
Bettinelli,GKP,Man City,4.5,0.0,0.0,a,0,0,0,0,0,0,0,0.0,0.0,0.0,0.0,0,0,0,0,0,0,0,False,1.0,4.0,Crystal Palace,0.0,0.0,0.0,0.0,0,0,0,135,236,Coventry City (Away),2
O'Reilly,DEF,Man City,6.5,18.9,2.0,a,88,0,0,0,1,0,0,0.43,0.09,0.52,1.21,0,0,0,0,0,0,1,False,1.0,4.0,Crystal Palace,3.6,7.8,5.0,1.6,11,0,2,68784,107330,Coventry City (Away),2
Guéhi,DEF,Man City,6.0,18.8,6.0,a,90,0,0,0,1,1,0,0.36,0.89,1.25,1.31,0,0,0,0,0,0,1,False,1.0,4.0,Crystal Palace,24.2,15.8,0.0,4.0,12,0,2,182745,41758,Coventry City (Away),2
Matheus N.,DEF,Man City,5.9,1.0,0.5,d,0,0,0,0,0,0,0,0.04,0.0,0.04,0.1,0,0,0,0,0,0,0,False,1.0,4.0,Crystal Palace,0.0,0.0,0.0,0.0,0,0,0,3031,17493,Coventry City (Away),2
Rúben,DEF,Man City,5.5,1.8,2.0,a,90,0,0,0,1,0,0,0.71,0.09,0.8,1.31,0,0,0,0,0,0,1,False,1.0,4.0,Crystal Palace,27.0,22.3,35.0,8.4,19,0,2,9858,12557,Coventry City (Away),2
Gvardiol,DEF,Man City,5.6,18.4,7.0,a,74,0,1,0,1,1,1,0.09,0.19,0.28,1.31,0,0,0,0,0,0,1,False,1.0,4.0,Crystal Palace,27.6,30.8,2.0,6.0,18,0,5,228418,35357,Coventry City (Away),2
Aït-Nouri,DEF,Man City,5.4,0.6,0.0,a,0,0,0,0,0,0,0,0.0,0.0,0.0,0.0,0,0,0,0,0,0,0,False,1.0,4.0,Crystal Palace,0.0,0.0,0.0,0.0,0,0,0,2616,16779,Coventry City (Away),2
Khusanov,DEF,Man City,5.5,1.6,2.0,a,88,0,0,0,1,0,0,0.04,0.0,0.04,1.31,0,0,0,0,0,0,1,False,1.0,4.0,Crystal Palace,21.0,5.3,4.0,3.0,17,0,2,6086,14537,Coventry City (Away),2
Alleyne,DEF,Man City,5.0,0.0,0.0,u,0,0,0,0,0,0,0,0.0,0.0,0.0,0.0,0,0,0,0,0,0,0,False,1.0,4.0,Crystal Palace,0.0,0.0,0.0,0.0,0,0,0,0,357,Coventry City (Away),2
Lewis,DEF,Man City,4.5,0.2,0.5,a,0,0,0,0,0,0,0,0.02,0.17,0.19,0.55,0,0,0,0,0,0,0,False,1.0,4.0,Crystal Palace,0.0,0.0,0.0,0.0,0,0,0,3620,2523,Coventry City (Away),2
Vitor Reis,DEF,Man City,4.5,0.0,0.5,a,1,0,0,0,0,0,0,0.0,0.0,0.0,0.0,0,0,0,0,0,0,0,False,1.0,4.0,Crystal Palace,1.2,0.9,0.0,0.2,3,0,1,102,240,Coventry City (Away),2
Semenyo,MID,Man City,8.5,20.1,3.5,a,90,0,1,0,1,0,1,0.59,0.12,0.71,1.31,0,0,0,0,0,0,1,False,1.0,4.0,Crystal Palace,29.2,43.0,40.0,11.2,33,0,5,49100,173210,Coventry City (Away),2
Foden,MID,Man City,7.0,5.5,5.0,a,90,0,2,0,1,0,2,0.85,0.99,1.84,1.31,0,0,0,0,0,0,1,False,1.0,4.0,Crystal Palace,42.8,45.8,17.0,10.6,38,1,9,20147,46521,Coventry City (Away),2
Cherki,MID,Man City,7.7,28.3,11.0,a,81,2,0,0,1,2,2,1.05,0.35,1.4,0.76,0,0,0,0,1,0,1,False,1.0,4.0,Crystal Palace,74.8,47.8,49.0,17.2,60,3,14,203318,41402,Coventry City (Away),2
Doku,MID,Man City,7.4,0.9,0.0,i,0,0,0,0,0,0,0,0.0,0.0,0.0,0.0,0,0,0,0,0,0,0,False,1.0,4.0,Crystal Palace,0.0,0.0,0.0,0.0,0,0,0,494,70015,Coventry City (Away),2
Rodrigo,MID,Man City,6.5,0.0,0.0,u,0,0,0,0,0,0,0,0.0,0.0,0.0,0.0,0,0,0,0,0,0,0,False,1.0,4.0,Crystal Palace,0.0,0.0,0.0,0.0,0,0,0,0,796,Coventry City (Away),2
Reijnders,MID,Man City,6.0,0.0,0.0,u,0,0,0,0,0,0,0,0.0,0.0,0.0,0.0,0,0,0,0,0,0,0,False,1.0,4.0,Crystal Palace,0.0,0.0,0.0,0.0,0,0,0,0,5624,Coventry City (Away),2
Kovačić,MID,Man City,5.5,0.1,1.0,a,15,0,0,0,0,0,0,0.02,0.0,0.02,0.1,0,0,0,0,0,0,0,False,1.0,4.0,Crystal Palace,2.0,3.1,0.0,0.5,9,0,1,829,1289,Coventry City (Away),2
Echeverri,MID,Man City,4.9,0.0,0.0,u,0,0,0,0,0,0,0,0.0,0.0,0.0,0.0,0,0,0,0,0,0,0,False,1.0,4.0,Crystal Palace,0.0,0.0,0.0,0.0,0,0,0,93,297,Coventry City (Away),2
Phillips,MID,Man City,5.0,0.0,0.0,u,0,0,0,0,0,0,0,0.0,0.0,0.0,0.0,0,0,0,0,0,0,0,False,1.0,4.0,Crystal Palace,0.0,0.0,0.0,0.0,0,0,0,0,305,Coventry City (Away),2
Mukasa,MID,Man City,4.5,0.1,0.0,u,0,0,0,0,0,0,0,0.0,0.0,0.0,0.0,0,0,0,0,0,0,0,False,1.0,4.0,Crystal Palace,0.0,0.0,0.0,0.0,0,0,0,927,2486,Coventry City (Away),2
Monga,MID,Man City,4.9,0.0,0.0,u,0,0,0,0,0,0,0,0.0,0.0,0.0,0.0,0,0,0,0,0,0,0,False,1.0,4.0,Crystal Palace,0.0,0.0,0.0,0.0,0,0,0,76,283,Coventry City (Away),2
Haaland,FWD,Man City,15.5,71.5,7.5,a,90,2,0,0,1,2,0,0.02,1.4,1.42,1.31,0,0,0,0,0,0,1,False,1.0,4.0,Crystal Palace,69.0,0.1,51.0,12.0,60,3,13,69605,103852,Coventry City (Away),2
Anderson,MID,Man City,6.4,5.1,2.5,a,81,0,0,0,1,0,0,0.47,0.07,0.54,1.21,0,0,0,0,1,0,1,False,1.0,4.0,Crystal Palace,25.0,20.2,13.0,5.8,25,0,3,10236,153305,Coventry City (Away),2
Rulli,GKP,Man City,5.0,0.0,0.0,a,0,0,0,0,0,0,0,0.0,0.0,0.0,0.0,0,0,0,0,0,0,0,False,1.0,4.0,Crystal Palace,0.0,0.0,0.0,0.0,0,0,0,94,224,Coventry City (Away),2
Bouaddi,MID,Man City,5.5,0.1,1.0,a,8,0,0,0,0,0,0,0.12,0.0,0.12,0.0,0,0,0,0,0,0,0,False,1.0,4.0,Crystal Palace,1.8,4.3,0.0,0.6,3,0,1,3055,349,Coventry City (Away),2
McAidoo,MID,Man City,4.5,0.1,1.0,a,8,0,0,0,0,0,0,0.0,0.1,0.1,0.0,0,0,0,0,0,0,0,False,1.0,4.0,Crystal Palace,0.0,0.5,1.0,0.1,3,0,1,0,0,Coventry City (Away),2
Braithwaite,DEF,Man City,4.0,0.1,1.0,a,1,0,0,0,0,0,0,0.0,0.0,0.0,0.0,0,0,0,0,0,0,0,False,1.0,4.0,Crystal Palace,0.6,0.8,0.0,0.1,3,0,1,0,0,Coventry City (Away),2
Allan,MID,Man City,6.0,0.0,0.0,a,0,0,0,0,0,0,0,0.0,0.0,0.0,0.0,0,0,0,0,0,0,0,False,,,,0.0,0.0,0.0,0.0,0,0,0,0,0,Coventry City (Away),2
Tielemans,MID,Man Utd,5.9,2.0,3.0,a,90,0,0,0,2,0,0,0.22,0.51,0.73,3.0,0,0,0,0,0,0,1,True,5.0,2.0,Ipswich Town,33.2,46.3,20.0,10.0,26,0,4,12631,35704,Everton (Home),2
Baleba,MID,Man Utd,5.0,0.1,0.0,i,0,0,0,0,0,0,0,0.0,0.0,0.0,0.0,0,0,0,0,0,0,0,True,5.0,2.0,Ipswich Town,0.0,0.0,0.0,0.0,0,0,0,2324,4421,Everton (Home),2
Andrey Santos,MID,Man Utd,4.9,0.8,1.5,a,10,0,0,0,1,0,0,0.23,0.0,0.23,1.94,0,0,0,0,0,0,0,True,5.0,2.0,Ipswich Town,6.2,0.7,0.0,0.7,2,0,1,7456,15149,Everton (Home),2
Darlow,GKP,Man Utd,4.5,0.0,0.0,a,0,0,0,0,0,0,0,0.0,0.0,0.0,0.0,0,0,0,0,0,0,0,True,5.0,2.0,Ipswich Town,0.0,0.0,0.0,0.0,0,0,0,242,257,Everton (Home),2
Lammens,GKP,Man Utd,5.0,13.7,1.5,a,90,0,0,3,2,0,0,0.0,0.0,0.0,3.07,0,0,0,0,0,0,1,True,5.0,2.0,Ipswich Town,27.0,0.0,0.0,2.7,11,0,2,34714,88610,Everton (Home),2
Bayindir,GKP,Man Utd,4.5,0.0,0.0,u,0,0,0,0,0,0,0,0.0,0.0,0.0,0.0,0,0,0,0,0,0,0,True,5.0,2.0,Ipswich Town,0.0,0.0,0.0,0.0,0,0,0,0,588,Everton (Home),2
Heaton,GKP,Man Utd,4.0,0.1,0.0,i,0,0,0,0,0,0,0,0.0,0.0,0.0,0.0,0,0,0,0,0,0,0,True,5.0,2.0,Ipswich Town,0.0,0.0,0.0,0.0,0,0,0,215,1005,Everton (Home),2
Dorgu,MID,Man Utd,5.9,0.8,0.5,a,10,0,0,0,1,0,0,0.04,0.65,0.69,1.92,0,0,0,0,0,0,0,True,5.0,2.0,Ipswich Town,7.0,11.7,39.0,5.8,4,0,1,4808,28661,Everton (Home),2
De Ligt,DEF,Man Utd,5.0,0.0,0.0,i,0,0,0,0,0,0,0,0.0,0.0,0.0,0.0,0,0,0,0,0,0,0,True,5.0,2.0,Ipswich Town,0.0,0.0,0.0,0.0,0,0,0,117,498,Everton (Home),2
Dalot,DEF,Man Utd,5.0,2.2,1.5,a,73,0,0,0,1,0,0,0.12,0.15,0.27,1.06,0,0,0,0,0,0,1,True,5.0,2.0,Ipswich Town,16.4,42.2,33.0,9.2,12,0,2,8190,33632,Everton (Home),2
Maguire,DEF,Man Utd,5.0,14.5,2.5,a,90,0,1,0,2,0,1,0.41,0.07,0.48,3.07,0,0,0,0,0,0,1,True,5.0,2.0,Ipswich Town,7.2,1.5,6.0,1.5,13,0,4,52953,106311,Everton (Home),2
Martinez,DEF,Man Utd,5.0,1.2,0.5,a,90,0,0,0,2,0,0,0.06,0.03,0.09,2.06,0,0,0,0,0,0,1,True,5.0,2.0,Ipswich Town,4.8,1.8,3.0,1.0,2,0,1,6775,19575,Everton (Home),2
Yoro,DEF,Man Utd,4.9,0.6,0.5,a,16,0,0,0,1,0,0,0.01,0.0,0.01,1.0,0,0,0,0,0,0,0,True,5.0,2.0,Ipswich Town,1.8,1.8,0.0,0.4,-2,0,1,1536,10744,Everton (Home),2
Heaven,DEF,Man Utd,4.5,0.3,0.5,a,0,0,0,0,0,0,0,0.04,0.12,0.16,1.01,0,0,0,0,0,0,0,True,5.0,2.0,Ipswich Town,0.0,0.0,0.0,0.0,0,0,0,3088,4191,Everton (Home),2
Mazraoui,DEF,Man Utd,4.5,0.6,1.0,a,17,0,0,0,1,0,0,0.05,0.22,0.27,2.01,0,0,0,0,0,0,0,True,5.0,2.0,Ipswich Town,1.4,1.3,0.0,0.3,-1,0,1,5854,6092,Everton (Home),2
Shaw,DEF,Man Utd,4.5,16.2,1.5,a,72,0,0,0,1,0,0,0.28,0.0,0.28,2.07,0,0,0,0,0,0,1,True,5.0,2.0,Ipswich Town,18.4,1.6,4.0,2.4,12,0,2,42927,117089,Everton (Home),2
Amass,DEF,Man Utd,4.0,0.2,0.0,a,0,0,0,0,0,0,0,0.0,0.0,0.0,0.0,0,0,0,0,0,0,0,True,5.0,2.0,Ipswich Town,0.0,0.0,0.0,0.0,0,0,0,888,1981,Everton (Home),2
Fredricson,DEF,Man Utd,4.0,0.0,0.0,u,0,0,0,0,0,0,0,0.0,0.0,0.0,0.0,0,0,0,0,0,0,0,True,5.0,2.0,Ipswich Town,0.0,0.0,0.0,0.0,0,0,0,0,680,Everton (Home),2
B.Fernandes,MID,Man Utd,12.0,48.6,12.5,a,90,3,1,0,2,3,1,0.74,2.1,2.84,3.07,0,0,0,0,0,0,1,True,5.0,2.0,Ipswich Town,132.4,62.5,66.0,26.1,87,3,23,48518,228580,Everton (Home),2
Mbeumo,MID,Man Utd,8.0,28.5,6.5,a,90,1,1,0,2,1,1,0.44,2.26,2.7,3.07,0,0,0,0,1,0,1,True,5.0,2.0,Ipswich Town,45.6,43.3,35.0,12.4,37,2,11,82225,220188,Everton (Home),2
Cunha,MID,Man Utd,8.0,8.0,5.5,a,79,0,2,0,1,0,2,0.36,0.35,0.71,2.07,0,0,0,0,0,0,1,True,5.0,2.0,Ipswich Town,20.0,27.6,28.0,7.6,31,1,9,26854,92957,Everton (Home),2
Rashford,MID,Man Utd,7.0,1.6,1.5,a,79,0,0,0,1,0,0,0.15,0.26,0.41,1.15,0,0,0,0,0,0,1,True,5.0,2.0,Ipswich Town,16.0,34.3,58.0,10.8,17,0,2,15064,22078,Everton (Home),2
Mount,MID,Man Utd,5.4,0.0,0.0,d,0,0,0,0,0,0,0,0.0,0.0,0.0,0.0,0,0,0,0,0,0,0,True,5.0,2.0,Ipswich Town,0.0,0.0,0.0,0.0,0,0,0,35,695,Everton (Home),2
Amad,MID,Man Utd,5.8,0.6,0.0,i,0,0,0,0,0,0,0,0.0,0.0,0.0,0.0,0,0,0,0,0,0,0,True,5.0,2.0,Ipswich Town,0.0,0.0,0.0,0.0,0,0,0,1576,59459,Everton (Home),2
Mainoo,MID,Man Utd,5.5,1.1,2.5,a,79,0,0,0,1,0,0,0.28,0.21,0.49,1.13,0,0,0,0,0,0,1,True,5.0,2.0,Ipswich Town,15.2,7.2,9.0,3.1,25,0,4,3460,13693,Everton (Home),2
Ugarte,MID,Man Utd,5.0,0.0,0.0,i,0,0,0,0,0,0,0,0.0,0.0,0.0,0.0,0,0,0,0,0,0,0,True,5.0,2.0,Ipswich Town,0.0,0.0,0.0,0.0,0,0,0,24,88,Everton (Home),2
J.Fletcher,MID,Man Utd,5.0,0.0,0.0,a,0,0,0,0,0,0,0,0.0,0.0,0.0,0.0,0,0,0,0,0,0,0,True,5.0,2.0,Ipswich Town,0.0,0.0,0.0,0.0,0,0,0,41,169,Everton (Home),2
Lacey,MID,Man Utd,5.0,0.1,0.5,a,0,0,0,0,0,0,0,0.0,0.0,0.0,0.0,0,0,0,0,0,0,0,True,5.0,2.0,Ipswich Town,0.0,0.0,0.0,0.0,0,0,0,327,590,Everton (Home),2
Collyer,MID,Man Utd,5.0,0.0,0.0,u,0,0,0,0,0,0,0,0.0,0.0,0.0,0.0,0,0,0,0,0,0,0,True,5.0,2.0,Ipswich Town,0.0,0.0,0.0,0.0,0,0,0,60,234,Everton (Home),2
Bendito Mantato,MID,Man Utd,4.5,0.2,0.0,a,0,0,0,0,0,0,0,0.0,0.0,0.0,0.0,0,0,0,0,0,0,0,True,5.0,2.0,Ipswich Town,0.0,0.0,0.0,0.0,0,0,0,961,2371,Everton (Home),2
Fletcher,MID,Man Utd,4.5,0.3,0.0,a,0,0,0,0,0,0,0,0.0,0.0,0.0,0.0,0,0,0,0,0,0,0,True,5.0,2.0,Ipswich Town,0.0,0.0,0.0,0.0,0,0,0,1328,3984,Everton (Home),2
Šeško,FWD,Man Utd,7.0,1.6,1.0,a,10,0,0,0,1,0,0,0.01,0.04,0.05,1.07,0,0,0,0,0,0,0,True,5.0,2.0,Ipswich Town,2.2,10.5,2.0,1.5,5,0,1,30554,15126,Everton (Home),2
Zirkzee,FWD,Man Utd,5.4,0.5,0.0,a,0,0,0,0,0,0,0,0.0,0.0,0.0,0.0,0,0,0,0,0,0,0,True,5.0,2.0,Ipswich Town,0.0,0.0,0.0,0.0,0,0,0,2045,13131,Everton (Home),2
Obi,FWD,Man Utd,4.5,1.2,0.0,a,0,0,0,0,0,0,0,0.0,0.0,0.0,0.0,0,0,0,0,0,0,0,True,5.0,2.0,Ipswich Town,0.0,0.0,0.0,0.0,0,0,0,6316,11569,Everton (Home),2
N.Gonzalez,MID,Newcastle,5.5,0.2,1.0,a,70,0,0,0,0,0,0,0.2,0.0,0.2,0.74,1,0,0,0,1,0,1,False,0.0,2.0,Spurs,7.2,29.5,0.0,3.7,9,0,2,2387,1742,Bournemouth (Away),2
Pope,GKP,Newcastle,5.0,1.1,0.0,a,0,0,0,0,0,0,0,0.0,0.0,0.0,0.0,0,0,0,0,0,0,0,False,0.0,2.0,Spurs,0.0,0.0,0.0,0.0,0,0,0,2706,12304,Bournemouth (Away),2
Gillespie,GKP,Newcastle,4.5,0.0,0.0,a,0,0,0,0,0,0,0,0.0,0.0,0.0,0.0,0,0,0,0,0,0,0,False,0.0,2.0,Spurs,0.0,0.0,0.0,0.0,0,0,0,162,231,Bournemouth (Away),2
Jaouen,GKP,Newcastle,4.5,0.0,0.0,a,0,0,0,0,0,0,0,0.0,0.0,0.0,0.0,0,0,0,0,0,0,0,False,0.0,2.0,Spurs,0.0,0.0,0.0,0.0,0,0,0,124,348,Bournemouth (Away),2
Thiaw,DEF,Newcastle,5.0,2.1,4.5,a,90,0,0,0,0,0,0,0.02,0.0,0.02,4.1,1,0,0,0,0,0,1,False,0.0,2.0,Spurs,6.8,1.5,0.0,0.8,25,0,6,19798,10898,Bournemouth (Away),2
Schär,DEF,Newcastle,5.0,0.2,0.5,a,0,0,0,0,0,0,0,0.0,0.0,0.0,0.79,0,0,0,0,0,0,0,False,0.0,2.0,Spurs,0.0,0.0,0.0,0.0,0,0,0,1895,1885,Bournemouth (Away),2
Botman,DEF,Newcastle,5.0,0.6,4.0,a,90,0,0,0,0,0,0,0.01,0.01,0.02,4.1,1,0,0,0,1,0,1,False,0.0,2.0,Spurs,11.2,1.8,2.0,1.5,22,0,5,8885,3282,Bournemouth (Away),2
Burn,DEF,Newcastle,4.9,1.2,0.0,i,0,0,0,0,0,0,0,0.0,0.0,0.0,0.0,0,0,0,0,0,0,0,False,0.0,2.0,Spurs,0.0,0.0,0.0,0.0,0,0,0,6247,75311,Bournemouth (Away),2
Hall,DEF,Newcastle,5.1,9.4,7.0,a,90,0,0,0,0,0,0,0.66,0.03,0.69,4.1,1,0,0,0,0,0,1,False,0.0,2.0,Spurs,39.0,27.3,4.0,7.0,52,3,11,52701,19436,Bournemouth (Away),2
Livramento,DEF,Newcastle,4.9,0.0,0.0,i,0,0,0,0,0,0,0,0.0,0.0,0.0,0.0,0,0,0,0,0,0,0,False,0.0,2.0,Spurs,0.0,0.0,0.0,0.0,0,0,0,91,1228,Bournemouth (Away),2
A.Murphy,DEF,Newcastle,4.0,0.1,0.0,u,0,0,0,0,0,0,0,0.0,0.0,0.0,0.0,0,0,0,0,0,0,0,False,0.0,2.0,Spurs,0.0,0.0,0.0,0.0,0,0,0,0,3276,Bournemouth (Away),2
Barnes,MID,Newcastle,6.0,1.1,2.5,a,90,0,0,0,0,0,0,0.03,0.11,0.14,4.1,1,0,0,0,0,0,1,False,0.0,2.0,Spurs,7.2,22.1,7.0,3.6,9,0,3,14995,10330,Bournemouth (Away),2
Elanga,MID,Newcastle,6.1,9.3,8.5,a,81,1,0,0,0,2,0,0.11,0.42,0.53,2.68,1,0,0,0,0,0,1,False,0.0,2.0,Spurs,36.8,15.3,29.0,8.1,32,0,8,95441,11873,Bournemouth (Away),2
J.Ramsey,MID,Newcastle,5.0,0.3,0.5,a,8,0,0,0,0,0,0,0.14,0.06,0.2,1.88,0,0,0,0,0,0,0,False,0.0,2.0,Spurs,0.2,4.2,0.0,0.4,3,0,1,1442,4680,Bournemouth (Away),2
J.Murphy,MID,Newcastle,5.9,0.1,0.5,a,8,0,0,0,0,0,0,0.2,0.0,0.2,1.42,0,0,0,0,0,0,0,False,0.0,2.0,Spurs,2.2,3.1,2.0,0.7,3,0,1,717,2682,Bournemouth (Away),2
Joelinton,MID,Newcastle,5.4,0.0,0.0,i,0,0,0,0,0,0,0,0.0,0.0,0.0,0.0,0,0,0,0,0,0,0,False,0.0,2.0,Spurs,0.0,0.0,0.0,0.0,0,0,0,48,1068,Bournemouth (Away),2
L.Miley,MID,Newcastle,5.5,0.1,3.0,a,90,0,0,0,0,0,0,0.05,0.05,0.1,3.06,1,0,0,0,0,0,1,False,0.0,2.0,Spurs,11.2,14.7,0.0,2.6,16,0,3,1391,534,Bournemouth (Away),2
Willock,MID,Newcastle,5.0,0.4,4.5,a,70,0,0,0,0,1,0,0.19,0.16,0.35,2.24,1,0,0,0,0,0,1,False,0.0,2.0,Spurs,0.0,4.3,8.0,0.5,0,0,3,8763,1932,Bournemouth (Away),2
Touré,MID,Newcastle,5.9,0.2,0.5,a,1,0,0,0,0,0,0,0.0,0.0,0.0,0.0,0,0,0,0,0,0,0,False,0.0,2.0,Spurs,0.0,0.0,0.0,0.0,3,0,1,513,4458,Bournemouth (Away),2
Steur,MID,Newcastle,5.0,0.1,1.0,a,19,0,0,0,0,0,0,0.0,0.0,0.0,1.86,0,0,0,0,0,0,0,False,0.0,2.0,Spurs,5.0,0.0,0.0,0.5,4,0,1,762,1000,Bournemouth (Away),2
Woltemade,FWD,Newcastle,5.9,1.1,2.0,u,19,0,1,0,0,0,1,0.01,0.02,0.03,0.38,0,0,0,0,0,0,0,False,0.0,2.0,Spurs,18.2,10.5,11.0,4.0,18,0,4,7193,30784,Bournemouth (Away),2
Wissa,FWD,Newcastle,6.1,13.4,6.0,a,81,1,0,0,0,1,1,0.02,1.35,1.37,2.93,1,0,0,0,0,0,1,False,0.0,2.0,Spurs,35.6,10.3,46.0,9.2,37,2,8,158957,24088,Bournemouth (Away),2
Osula,FWD,Newcastle,5.9,0.5,2.0,i,0,0,0,0,0,0,1,0.14,0.06,0.2,1.48,0,0,0,0,0,0,0,False,0.0,2.0,Spurs,0.0,0.0,0.0,0.0,0,0,0,20344,26507,Bournemouth (Away),2
Neave,FWD,Newcastle,4.5,0.9,0.0,a,0,0,0,0,0,0,0,0.0,0.0,0.0,0.0,0,0,0,0,0,0,0,False,0.0,2.0,Spurs,0.0,0.0,0.0,0.0,0,0,0,6478,8125,Bournemouth (Away),2
Bamba,MID,Newcastle,5.0,0.1,0.5,a,0,0,0,0,0,0,0,0.0,0.0,0.0,1.04,0,0,0,0,0,0,0,False,0.0,2.0,Spurs,0.0,0.0,0.0,0.0,0,0,0,690,1667,Bournemouth (Away),2
Horníček,GKP,Newcastle,5.0,1.1,4.0,a,90,0,0,4,0,0,0,0.0,0.0,0.0,4.1,1,0,0,0,0,0,1,False,0.0,2.0,Spurs,34.6,0.0,0.0,3.5,32,0,7,5537,4258,Bournemouth (Away),2
Dedić,DEF,Newcastle,4.5,2.7,6.0,a,90,0,1,0,0,0,1,0.06,0.03,0.09,4.1,1,0,0,0,0,0,1,False,0.0,2.0,Spurs,42.6,30.4,0.0,7.3,37,2,11,10359,2156,Bournemouth (Away),2
Shahar,DEF,Newcastle,4.0,0.3,0.0,a,0,0,0,0,0,0,0,0.0,0.0,0.0,0.0,0,0,0,0,0,0,0,False,0.0,2.0,Spurs,0.0,0.0,0.0,0.0,0,0,0,3993,645,Bournemouth (Away),2
Fernandez-Pardo,FWD,Newcastle,6.0,0.0,0.0,a,0,0,0,0,0,0,0,0.0,0.0,0.0,0.0,0,0,0,0,0,0,0,False,,,,0.0,0.0,0.0,0.0,0,0,0,0,0,Bournemouth (Away),2
Delap,FWD,Nott'm Forest,5.5,0.8,0.5,a,24,0,0,0,1,0,0,0.0,0.07,0.07,0.33,0,0,0,0,0,0,0,False,2.0,2.0,Liverpool,4.0,10.1,7.0,2.1,9,0,1,7740,7565,Spurs (Away),2
Muñoz,DEF,Nott'm Forest,5.4,6.6,0.0,a,0,0,0,0,0,0,0,0.01,0.23,0.24,0.84,0,0,0,0,0,0,0,True,1.0,4.0,Man City,0.0,0.0,0.0,0.0,0,0,0,15645,125426,Spurs (Away),2
Sels,GKP,Nott'm Forest,5.0,1.4,1.5,a,90,0,0,2,2,0,0,0.01,0.0,0.01,2.22,0,0,0,0,0,0,1,False,2.0,2.0,Liverpool,16.6,0.0,0.0,1.7,6,0,1,3350,11746,Spurs (Away),2
John,GKP,Nott'm Forest,4.5,0.1,0.0,a,0,0,0,0,0,0,0,0.0,0.0,0.0,0.0,0,0,0,0,0,0,0,False,2.0,2.0,Liverpool,0.0,0.0,0.0,0.0,0,0,0,178,466,Spurs (Away),2
N.Williams,DEF,Nott'm Forest,5.0,8.3,4.0,a,90,0,1,0,2,0,1,0.17,0.12,0.29,2.22,0,0,0,0,0,0,1,False,2.0,2.0,Liverpool,34.4,25.3,6.0,6.6,16,0,6,14150,82134,Spurs (Away),2
Morato,DEF,Nott'm Forest,5.0,0.0,0.0,u,0,0,0,0,0,0,0,0.0,0.0,0.0,0.0,0,0,0,0,0,0,0,False,2.0,2.0,Liverpool,0.0,0.0,0.0,0.0,0,0,0,230,667,Spurs (Away),2
Milenković,DEF,Nott'm Forest,5.5,1.6,2.5,a,90,0,0,0,2,0,0,0.02,0.11,0.13,2.22,0,0,0,0,0,0,1,False,2.0,2.0,Liverpool,17.0,0.0,0.0,1.7,3,0,3,2591,17041,Spurs (Away),2
Murillo,DEF,Nott'm Forest,5.5,1.6,2.5,a,90,0,0,0,2,0,0,0.28,0.18,0.46,2.22,0,0,0,0,0,0,1,False,2.0,2.0,Liverpool,11.2,0.3,8.0,2.0,2,0,1,8580,11837,Spurs (Away),2
Aina,DEF,Nott'm Forest,4.5,3.1,2.5,a,85,0,0,0,2,0,0,0.52,0.04,0.56,2.09,0,0,0,0,1,0,1,False,2.0,2.0,Liverpool,11.8,15.5,4.0,3.1,2,0,0,17770,22837,Spurs (Away),2
Jair Cunha,DEF,Nott'm Forest,4.5,0.2,1.0,a,90,0,0,0,2,0,0,0.0,0.0,0.0,2.22,0,0,0,0,0,0,1,False,2.0,2.0,Liverpool,14.6,0.4,0.0,1.5,6,0,1,259,1559,Spurs (Away),2
Savona,DEF,Nott'm Forest,4.5,0.0,0.0,i,0,0,0,0,0,0,0,0.0,0.0,0.0,0.0,0,0,0,0,0,0,0,False,2.0,2.0,Liverpool,0.0,0.0,0.0,0.0,0,0,0,113,48,Spurs (Away),2
O.Richards,DEF,Nott'm Forest,4.0,0.2,0.0,a,0,0,0,0,0,0,0,0.0,0.0,0.0,0.0,0,0,0,0,0,0,0,False,2.0,2.0,Liverpool,0.0,0.0,0.0,0.0,0,0,0,495,2008,Spurs (Away),2
Abbott,DEF,Nott'm Forest,4.0,0.2,0.0,u,0,0,0,0,0,0,0,0.0,0.0,0.0,0.0,0,0,0,0,0,0,0,False,2.0,2.0,Liverpool,0.0,0.0,0.0,0.0,0,0,0,996,2223,Spurs (Away),2
Netz,DEF,Nott'm Forest,4.5,0.0,1.0,a,4,0,0,0,0,0,0,0.0,0.0,0.0,0.13,0,0,0,0,0,0,0,False,2.0,2.0,Liverpool,2.0,0.0,0.0,0.2,5,0,1,112,288,Spurs (Away),2
Bindon,DEF,Nott'm Forest,4.0,0.2,0.0,u,0,0,0,0,0,0,0,0.0,0.0,0.0,0.0,0,0,0,0,0,0,0,False,2.0,2.0,Liverpool,0.0,0.0,0.0,0.0,0,0,0,365,1417,Spurs (Away),2
Gibbs-White,MID,Nott'm Forest,7.9,9.7,7.5,a,90,1,1,0,2,1,1,0.1,0.92,1.02,2.22,0,0,0,0,0,0,1,False,2.0,2.0,Liverpool,56.4,12.5,17.0,8.6,36,3,13,8780,283093,Spurs (Away),2
Hudson-Odoi,MID,Nott'm Forest,5.9,0.2,0.5,a,1,0,0,0,0,0,0,0.0,0.0,0.0,0.0,0,0,0,0,0,0,0,False,2.0,2.0,Liverpool,0.0,0.3,0.0,0.0,2,0,1,726,5484,Spurs (Away),2
Ndoye,MID,Nott'm Forest,5.5,0.7,6.0,a,65,1,0,0,1,1,0,0.63,0.35,0.98,1.67,0,0,0,0,0,0,1,False,2.0,2.0,Liverpool,35.8,23.0,36.0,9.5,30,2,9,1491,5262,Spurs (Away),2
Hutchinson,MID,Nott'm Forest,5.4,0.1,0.0,u,0,0,0,0,0,0,0,0.0,0.0,0.0,0.0,0,0,0,0,0,0,0,False,2.0,2.0,Liverpool,0.0,0.0,0.0,0.0,0,0,0,214,2246,Spurs (Away),2
Bakwa,MID,Nott'm Forest,5.5,0.0,0.0,u,0,0,0,0,0,0,0,0.0,0.0,0.0,0.0,0,0,0,0,0,0,0,False,2.0,2.0,Liverpool,0.0,0.0,0.0,0.0,0,0,0,107,405,Spurs (Away),2
McAtee,MID,Nott'm Forest,5.5,0.1,2.5,a,90,0,0,0,2,0,0,0.32,0.0,0.32,2.09,0,0,0,0,0,0,1,False,2.0,2.0,Liverpool,8.2,18.5,0.0,2.7,16,0,2,674,475,Spurs (Away),2
Dominguez,MID,Nott'm Forest,5.0,0.1,0.5,a,1,0,0,0,0,0,0,0.0,0.0,0.0,0.0,0,0,0,0,0,0,0,False,2.0,2.0,Liverpool,0.2,0.0,0.0,0.0,3,0,1,214,1062,Spurs (Away),2
I.Sangaré,MID,Nott'm Forest,4.9,0.6,1.0,a,0,0,0,0,0,0,0,0.01,0.03,0.04,0.47,0,0,0,0,0,0,0,False,2.0,2.0,Liverpool,0.0,0.0,0.0,0.0,0,0,0,2850,17977,Spurs (Away),2
Yates,MID,Nott'm Forest,4.5,1.5,0.0,a,0,0,0,0,0,0,0,0.0,0.0,0.0,0.0,0,0,0,0,0,0,0,False,2.0,2.0,Liverpool,0.0,0.0,0.0,0.0,0,0,0,1743,37083,Spurs (Away),2
Wood,FWD,Nott'm Forest,5.9,1.2,0.5,a,0,0,0,0,0,0,0,0.01,0.12,0.13,0.22,0,0,0,0,0,0,0,False,2.0,2.0,Liverpool,0.0,0.0,0.0,0.0,0,0,0,4569,29351,Spurs (Away),2
Igor Jesus,FWD,Nott'm Forest,5.9,3.1,1.5,a,90,0,0,0,2,0,0,0.06,0.96,1.02,2.22,0,0,0,0,1,0,1,False,2.0,2.0,Liverpool,8.6,13.3,38.0,6.0,4,0,1,10237,58550,Spurs (Away),2
Kalimuendo,FWD,Nott'm Forest,5.4,0.0,0.5,a,0,0,0,0,0,0,0,0.0,0.0,0.0,0.0,0,0,0,0,0,0,0,False,2.0,2.0,Liverpool,0.0,0.0,0.0,0.0,0,0,0,339,757,Spurs (Away),2
Schlager,MID,Nott'm Forest,5.0,0.1,2.5,a,90,0,0,0,2,0,0,0.0,0.05,0.05,1.88,0,0,0,0,0,0,1,False,2.0,2.0,Liverpool,21.2,0.7,7.0,2.9,15,0,4,158,1144,Spurs (Away),2
Diomande,DEF,Nott'm Forest,5.4,0.6,0.0,a,0,0,0,0,0,0,0,0.0,0.0,0.0,0.0,0,0,0,0,0,0,0,False,2.0,2.0,Liverpool,0.0,0.0,0.0,0.0,0,0,0,3484,12101,Spurs (Away),2
Benda,GKP,Nott'm Forest,4.5,0.1,0.0,a,0,0,0,0,0,0,0,0.0,0.0,0.0,0.0,0,0,0,0,0,0,0,False,2.0,2.0,Liverpool,0.0,0.0,0.0,0.0,0,0,0,625,544,Spurs (Away),2
Van Hecke,DEF,Spurs,4.9,7.5,1.0,a,90,0,0,0,2,0,0,0.06,0.11,0.17,4.59,0,0,0,0,0,0,1,True,0.0,2.0,Newcastle,26.6,13.7,33.0,7.3,9,0,1,36604,98768,Nott'm Forest (Home),2
Tosin,DEF,Spurs,4.5,0.2,0.0,a,0,0,0,0,0,0,0,0.0,0.0,0.0,0.0,0,0,0,0,0,0,0,True,4.0,3.0,Brighton,0.0,0.0,0.0,0.0,0,0,0,263,2120,Nott'm Forest (Home),2
Marmoush,FWD,Spurs,7.0,2.1,1.0,a,90,0,0,0,2,0,0,0.07,0.17,0.24,0.72,0,0,0,0,0,0,1,True,0.0,2.0,Newcastle,9.2,35.1,28.0,7.2,14,0,2,39808,19361,Nott'm Forest (Home),2
Sávio,MID,Spurs,6.5,0.7,0.0,d,0,0,0,0,0,0,0,0.0,0.0,0.0,0.0,0,0,0,0,0,0,0,True,0.0,2.0,Newcastle,0.0,0.0,0.0,0.0,0,0,0,55747,6864,Nott'm Forest (Home),2
Tonali,MID,Spurs,5.4,2.9,2.0,a,74,0,0,0,2,0,0,0.08,0.09,0.17,4.59,0,0,0,0,0,0,1,True,0.0,2.0,Newcastle,5.0,26.3,4.0,3.5,16,0,2,14119,52216,Nott'm Forest (Home),2
Vicario,GKP,Spurs,4.5,0.2,0.0,u,0,0,0,0,0,0,0,0.0,0.0,0.0,0.0,0,0,0,0,0,0,0,True,0.0,2.0,Newcastle,0.0,0.0,0.0,0.0,0,0,0,0,11437,Nott'm Forest (Home),2
Austin,GKP,Spurs,4.0,1.0,0.0,a,0,0,0,0,0,0,0,0.0,0.0,0.0,0.0,0,0,0,0,0,0,0,True,0.0,2.0,Newcastle,0.0,0.0,0.0,0.0,0,0,0,3212,3702,Nott'm Forest (Home),2
Kinsky,GKP,Spurs,4.5,19.5,1.5,a,90,0,0,0,2,0,0,0.0,0.0,0.0,4.59,0,0,0,0,0,0,1,True,0.0,2.0,Newcastle,3.8,0.0,0.0,0.4,4,0,1,40625,82151,Nott'm Forest (Home),2
Dubravka,GKP,Spurs,4.0,18.2,0.0,a,0,0,0,0,0,0,0,0.0,0.0,0.0,0.0,0,0,0,0,0,0,0,True,0.0,2.0,Newcastle,0.0,0.0,0.0,0.0,0,0,0,35086,63817,Nott'm Forest (Home),2
Senesi,DEF,Spurs,5.9,5.7,1.5,a,0,0,0,0,0,0,0,0.02,0.0,0.02,3.87,0,0,0,0,0,0,0,True,0.0,2.0,Newcastle,0.0,0.0,0.0,0.0,0,0,0,15942,64235,Nott'm Forest (Home),2
Pedro Porro,DEF,Spurs,5.5,11.7,0.5,a,90,0,0,0,2,0,0,0.1,0.33,0.43,0.72,0,0,0,0,0,0,1,True,0.0,2.0,Newcastle,9.4,7.9,21.0,3.8,1,0,1,20574,317518,Nott'm Forest (Home),2
Romero,DEF,Spurs,5.0,0.1,0.0,u,0,0,0,0,0,0,0,0.0,0.0,0.0,0.0,0,0,0,0,0,0,0,True,0.0,2.0,Newcastle,0.0,0.0,0.0,0.0,0,0,0,0,10779,Nott'm Forest (Home),2
Robertson,DEF,Spurs,4.5,3.3,2.5,a,67,0,0,0,1,0,0,0.08,0.06,0.14,4.35,0,0,0,0,0,0,1,True,0.0,2.0,Newcastle,11.2,16.8,25.0,5.3,7,0,2,22171,23298,Nott'm Forest (Home),2
Van de Ven,DEF,Spurs,5.0,3.8,0.0,a,90,0,0,0,2,0,0,0.02,0.0,0.02,0.72,0,0,0,0,1,0,1,True,0.0,2.0,Newcastle,15.2,2.1,0.0,1.7,5,0,0,8374,124703,Nott'm Forest (Home),2
Spence,DEF,Spurs,4.5,0.3,0.0,u,0,0,0,0,0,0,0,0.0,0.0,0.0,0.0,0,0,0,0,0,0,0,True,0.0,2.0,Newcastle,0.0,0.0,0.0,0.0,0,0,0,0,45782,Nott'm Forest (Home),2
Udogie,DEF,Spurs,4.5,0.4,1.0,a,22,0,0,0,1,0,0,0.21,0.0,0.21,0.68,0,0,0,0,0,0,0,True,0.0,2.0,Newcastle,5.2,11.5,2.0,1.9,2,0,1,1685,4692,Nott'm Forest (Home),2
Phillips,DEF,Spurs,4.5,0.0,0.0,u,0,0,0,0,0,0,0,0.0,0.0,0.0,0.0,0,0,0,0,0,0,0,True,0.0,2.0,Newcastle,0.0,0.0,0.0,0.0,0,0,0,0,658,Nott'm Forest (Home),2
Davies,DEF,Spurs,4.0,1.0,0.0,a,0,0,0,0,0,0,0,0.0,0.0,0.0,0.0,0,0,0,0,0,0,0,True,0.0,2.0,Newcastle,0.0,0.0,0.0,0.0,0,0,0,2877,8983,Nott'm Forest (Home),2
Byfield,DEF,Spurs,4.0,0.1,0.0,a,0,0,0,0,0,0,0,0.0,0.0,0.0,0.0,0,0,0,0,0,0,0,True,0.0,2.0,Newcastle,0.0,0.0,0.0,0.0,0,0,0,319,558,Nott'm Forest (Home),2
Rowswell,DEF,Spurs,4.0,0.1,0.0,a,0,0,0,0,0,0,0,0.0,0.0,0.0,0.0,0,0,0,0,0,0,0,True,0.0,2.0,Newcastle,0.0,0.0,0.0,0.0,0,0,0,335,695,Nott'm Forest (Home),2
Souza,DEF,Spurs,4.0,0.3,0.0,u,0,0,0,0,0,0,0,0.0,0.0,0.0,0.0,0,0,0,0,0,0,0,True,0.0,2.0,Newcastle,0.0,0.0,0.0,0.0,0,0,0,1193,2694,Nott'm Forest (Home),2
Kudus,MID,Spurs,6.5,0.1,0.5,a,22,0,0,0,1,0,0,0.01,0.04,0.05,0.24,0,0,0,0,0,0,0,True,0.0,2.0,Newcastle,1.2,3.3,11.0,1.6,4,0,1,269,2406,Nott'm Forest (Home),2
Xavi,MID,Spurs,6.0,0.0,0.0,i,0,0,0,0,0,0,0,0.0,0.0,0.0,0.0,0,0,0,0,0,0,0,True,0.0,2.0,Newcastle,0.0,0.0,0.0,0.0,0,0,0,77,356,Nott'm Forest (Home),2
Tel,MID,Spurs,5.9,0.3,2.0,a,67,0,0,0,1,0,0,0.09,0.2,0.29,4.35,0,0,0,0,0,0,1,True,0.0,2.0,Newcastle,3.8,3.3,34.0,4.1,10,0,2,4174,10461,Nott'm Forest (Home),2
Maddison,MID,Spurs,6.4,0.6,0.5,d,0,0,0,0,0,0,0,0.01,0.0,0.01,0.85,0,0,0,0,0,0,0,True,0.0,2.0,Newcastle,0.0,0.0,0.0,0.0,0,0,0,2686,36986,Nott'm Forest (Home),2
Bentancur,MID,Spurs,5.5,0.2,1.5,a,90,0,0,0,2,0,0,0.03,0.0,0.03,2.9,0,0,0,0,0,0,1,True,0.0,2.0,Newcastle,15.4,7.1,0.0,2.3,17,0,2,602,2031,Nott'm Forest (Home),2
Odobert,MID,Spurs,5.5,0.0,0.0,i,0,0,0,0,0,0,0,0.0,0.0,0.0,0.0,0,0,0,0,0,0,0,True,0.0,2.0,Newcastle,0.0,0.0,0.0,0.0,0,0,0,16,19,Nott'm Forest (Home),2
P.M.Sarr,MID,Spurs,4.9,0.2,0.0,u,0,0,0,0,0,0,0,0.0,0.0,0.0,0.0,0,0,0,0,0,0,0,True,0.0,2.0,Newcastle,0.0,0.0,0.0,0.0,0,0,0,113,10464,Nott'm Forest (Home),2
Gallagher,MID,Spurs,5.4,0.2,0.0,a,0,0,0,0,0,0,0,0.06,0.02,0.08,1.7,0,0,0,0,0,0,0,True,0.0,2.0,Newcastle,0.0,0.0,0.0,0.0,0,0,0,1208,4647,Nott'm Forest (Home),2
Bergvall,MID,Spurs,5.4,0.2,0.5,a,0,0,0,0,0,0,0,0.01,0.0,0.01,1.7,0,0,0,0,0,0,0,True,0.0,2.0,Newcastle,0.0,0.0,0.0,0.0,0,0,0,635,2199,Nott'm Forest (Home),2
Kulusevski,MID,Spurs,6.5,0.0,0.0,i,0,0,0,0,0,0,0,0.0,0.0,0.0,0.0,0,0,0,0,0,0,0,True,0.0,2.0,Newcastle,0.0,0.0,0.0,0.0,0,0,0,75,241,Nott'm Forest (Home),2
Gray,MID,Spurs,5.0,0.2,2.0,a,67,0,0,0,1,0,0,0.01,0.0,0.01,3.91,0,0,0,0,0,0,1,True,0.0,2.0,Newcastle,1.8,1.5,0.0,0.3,9,0,2,1711,2544,Nott'm Forest (Home),2
Moore,MID,Spurs,5.0,0.1,1.5,a,22,0,0,0,1,0,0,0.02,0.4,0.42,3.26,0,0,0,0,0,0,0,True,0.0,2.0,Newcastle,0.0,0.4,1.0,0.0,1,0,1,2419,2526,Nott'm Forest (Home),2
Olusesi,MID,Spurs,4.5,0.7,0.0,a,0,0,0,0,0,0,0,0.0,0.0,0.0,0.0,0,0,0,0,0,0,0,True,0.0,2.0,Newcastle,0.0,0.0,0.0,0.0,0,0,0,2014,9312,Nott'm Forest (Home),2
Fernandes,MID,Spurs,5.9,1.3,1.5,a,90,0,0,0,2,0,0,0.23,0.01,0.24,2.9,0,0,0,0,0,0,1,True,0.0,2.0,Newcastle,14.0,46.3,1.0,6.1,18,0,2,4529,31329,Nott'm Forest (Home),2
Solanke,FWD,Spurs,5.9,1.1,1.0,a,15,0,0,0,0,0,0,0.0,0.27,0.27,0.85,0,0,0,0,0,0,0,True,0.0,2.0,Newcastle,3.2,0.3,6.0,1.0,6,0,1,8212,20818,Nott'm Forest (Home),2
Richarlison,FWD,Spurs,5.9,1.8,1.0,a,0,0,0,0,0,0,0,0.0,0.0,0.0,3.02,0,0,0,0,0,0,0,True,0.0,2.0,Newcastle,0.0,0.0,0.0,0.0,0,0,0,14723,46471,Nott'm Forest (Home),2
Scarlett,FWD,Spurs,4.5,1.8,0.0,u,0,0,0,0,0,0,0,0.0,0.0,0.0,0.0,0,0,0,0,0,0,0,True,0.0,2.0,Newcastle,0.0,0.0,0.0,0.0,0,0,0,13184,17180,Nott'm Forest (Home),2
Mudryk,MID,Spurs,5.4,0.1,0.0,a,0,0,0,0,0,0,0,0.0,0.0,0.0,0.0,0,0,0,0,0,0,0,True,4.0,3.0,Brighton,0.0,0.0,0.0,0.0,0,0,0,234,976,Nott'm Forest (Home),2
Williams-Barnett,MID,Spurs,4.5,0.1,0.0,a,0,0,0,0,0,0,0,0.0,0.0,0.0,0.0,0,0,0,0,0,0,0,True,0.0,2.0,Newcastle,0.0,0.0,0.0,0.0,0,0,0,2636,584,Nott'm Forest (Home),2
Danso,DEF,Sunderland,5.0,0.2,0.0,a,0,0,0,0,0,0,0,0.0,0.0,0.0,0.0,0,0,0,0,0,0,0,True,0.0,2.0,Newcastle,0.0,0.0,0.0,0.0,0,0,0,1020,2432,Brentford (Home),2
Roefs,GKP,Sunderland,5.0,3.4,3.5,a,90,0,0,0,0,0,0,0.0,0.0,0.0,2.75,1,0,0,0,0,0,1,True,1.0,0.0,Fulham,4.0,0.0,0.0,0.4,22,0,6,4766,30334,Brentford (Home),2
Patterson,GKP,Sunderland,4.0,0.1,0.0,u,0,0,0,0,0,0,0,0.0,0.0,0.0,0.0,0,0,0,0,0,0,0,True,1.0,0.0,Fulham,0.0,0.0,0.0,0.0,0,0,0,0,2307,Brentford (Home),2
Ellborg,GKP,Sunderland,4.5,0.1,0.0,a,0,0,0,0,0,0,0,0.0,0.0,0.0,0.0,0,0,0,0,0,0,0,True,1.0,0.0,Fulham,0.0,0.0,0.0,0.0,0,0,0,209,854,Brentford (Home),2
Ballard,DEF,Sunderland,5.0,4.1,4.0,a,90,0,0,0,0,0,0,0.01,0.03,0.04,2.75,1,0,0,0,0,0,1,True,1.0,0.0,Fulham,23.6,1.2,7.0,3.2,27,0,8,12798,49704,Brentford (Home),2
Mukiele,DEF,Sunderland,5.5,2.4,4.5,a,90,0,0,0,0,0,0,0.01,0.0,0.01,0.95,1,0,0,0,0,0,1,True,1.0,0.0,Fulham,42.6,8.0,2.0,5.3,28,1,9,5588,38587,Brentford (Home),2
Hume,DEF,Sunderland,4.5,5.4,4.0,a,90,0,0,0,0,0,0,0.28,0.04,0.32,2.64,1,0,0,0,0,0,1,True,1.0,0.0,Fulham,18.6,19.1,2.0,4.0,24,0,6,13619,37371,Brentford (Home),2
Alderete,DEF,Sunderland,5.0,0.4,0.5,a,0,0,0,0,0,0,0,0.01,0.0,0.01,0.1,0,0,0,0,0,0,0,True,1.0,0.0,Fulham,0.0,0.0,0.0,0.0,0,0,0,2597,5264,Brentford (Home),2
Reinildo,DEF,Sunderland,4.5,0.4,3.5,a,90,0,0,0,0,0,0,0.3,0.0,0.3,2.75,1,0,0,0,0,0,1,True,1.0,0.0,Fulham,16.4,6.0,2.0,2.4,26,0,6,975,3578,Brentford (Home),2
Seelt,DEF,Sunderland,4.5,0.0,0.0,u,0,0,0,0,0,0,0,0.0,0.0,0.0,0.0,0,0,0,0,0,0,0,True,1.0,0.0,Fulham,0.0,0.0,0.0,0.0,0,0,0,58,127,Brentford (Home),2
Hjelde,DEF,Sunderland,4.0,0.0,0.0,u,0,0,0,0,0,0,0,0.0,0.0,0.0,0.0,0,0,0,0,0,0,0,True,1.0,0.0,Fulham,0.0,0.0,0.0,0.0,0,0,0,0,990,Brentford (Home),2
O'Nien,DEF,Sunderland,4.0,3.0,0.5,a,0,0,0,0,0,0,0,0.01,0.01,0.02,1.69,0,0,0,0,0,0,0,True,1.0,0.0,Fulham,0.0,0.0,0.0,0.0,0,0,0,4602,17539,Brentford (Home),2
Masuaku,DEF,Sunderland,4.0,0.2,0.0,u,0,0,0,0,0,0,0,0.0,0.0,0.0,0.0,0,0,0,0,0,0,0,True,1.0,0.0,Fulham,0.0,0.0,0.0,0.0,0,0,0,0,4868,Brentford (Home),2
Meunier,DEF,Sunderland,4.5,0.3,3.5,a,90,0,0,0,0,0,0,0.13,0.1,0.23,2.75,1,0,0,0,0,0,1,True,1.0,0.0,Fulham,22.6,20.0,9.0,5.2,27,0,6,1010,1718,Brentford (Home),2
E.Le Fée,MID,Sunderland,5.9,6.1,2.5,a,89,0,0,0,0,0,0,0.2,0.37,0.57,2.55,1,0,0,0,0,0,1,True,1.0,0.0,Fulham,3.4,21.2,30.0,5.5,13,0,3,11386,115110,Brentford (Home),2
Diarra,MID,Sunderland,5.5,0.1,2.5,i,18,0,1,0,0,0,1,0.16,0.03,0.19,0.12,0,0,0,0,0,0,0,True,1.0,0.0,Fulham,15.2,10.3,0.0,2.6,15,0,4,335,1177,Brentford (Home),2
Xhaka,MID,Sunderland,5.5,4.6,7.5,a,90,0,0,0,0,0,1,0.45,0.0,0.45,2.75,1,0,0,0,0,0,1,True,1.0,0.0,Fulham,20.4,57.9,0.0,7.8,29,3,6,42781,18215,Brentford (Home),2
Sadiki,MID,Sunderland,5.0,0.3,2.5,a,90,0,0,0,0,0,0,0.05,0.08,0.13,2.75,1,0,0,0,0,0,1,True,1.0,0.0,Fulham,18.4,7.8,6.0,3.2,21,0,3,1165,3497,Brentford (Home),2
Adingra,MID,Sunderland,4.9,0.0,0.0,i,0,0,0,0,0,0,0,0.0,0.0,0.0,0.0,0,0,0,0,0,0,0,True,1.0,0.0,Fulham,0.0,0.0,0.0,0.0,0,0,0,53,3559,Brentford (Home),2
Mundle,MID,Sunderland,5.0,0.0,0.5,a,1,0,0,0,0,0,0,0.0,0.17,0.17,0.09,0,0,0,0,0,0,0,True,1.0,0.0,Fulham,8.0,0.1,17.0,2.5,2,0,1,40,150,Brentford (Home),2
Rigg,MID,Sunderland,5.0,0.1,1.0,a,7,0,0,0,0,0,0,0.0,0.0,0.0,0.44,0,0,0,0,0,0,0,True,1.0,0.0,Fulham,0.0,0.0,0.0,0.0,3,0,1,99,620,Brentford (Home),2
Talbi,MID,Sunderland,5.4,0.2,0.5,a,0,0,0,0,0,0,0,0.0,0.0,0.0,0.14,0,0,0,0,0,0,0,True,1.0,0.0,Fulham,0.0,0.0,0.0,0.0,0,0,0,284,2844,Brentford (Home),2
Jocelin.T,MID,Sunderland,5.0,0.0,0.0,a,0,0,0,0,0,0,0,0.0,0.0,0.0,0.0,0,0,0,0,0,0,0,True,1.0,0.0,Fulham,0.0,0.0,0.0,0.0,0,0,0,51,101,Brentford (Home),2
N.Angulo,MID,Sunderland,5.0,0.1,4.0,a,64,0,0,0,0,1,0,0.05,0.15,0.2,2.24,1,0,0,0,0,0,1,True,1.0,0.0,Fulham,7.2,16.7,0.0,2.4,13,0,3,5343,1379,Brentford (Home),2
Brobbey,FWD,Sunderland,5.9,9.6,2.0,a,63,0,0,0,0,0,0,0.0,0.33,0.33,2.27,1,0,0,0,0,0,1,True,1.0,0.0,Fulham,0.0,2.8,6.0,0.7,5,0,2,38269,119627,Brentford (Home),2
Isidor,FWD,Sunderland,5.5,1.1,4.5,a,26,1,0,0,0,1,0,0.0,1.39,1.39,0.47,0,0,0,0,0,0,0,True,1.0,0.0,Fulham,29.2,0.1,25.0,5.4,29,3,8,2470,12921,Brentford (Home),2
Methalie,DEF,Sunderland,4.5,0.0,0.0,a,0,0,0,0,0,0,0,0.0,0.0,0.0,0.0,0,0,0,0,0,0,0,True,1.0,0.0,Fulham,0.0,0.0,0.0,0.0,0,0,0,95,27,Brentford (Home),2
Ahoka,MID,Sunderland,4.5,0.2,0.0,a,0,0,0,0,0,0,0,0.0,0.0,0.0,0.0,0,0,0,0,0,0,0,True,1.0,0.0,Fulham,0.0,0.0,0.0,0.0,0,0,0,2475,398,Brentford (Home),2
Fofana,MID,Sunderland,5.5,0.0,0.0,a,0,0,0,0,0,0,0,0.0,0.0,0.0,0.0,0,0,0,0,0,0,0,False,,,,0.0,0.0,0.0,0.0,0,0,0,0,0,Brentford (Home),2
J.Angulo,FWD,Sunderland,4.5,0.1,0.0,a,0,0,0,0,0,0,0,0.0,0.0,0.0,0.0,0,0,0,0,0,0,0,False,,,,0.0,0.0,0.0,0.0,0,0,0,0,0,Brentford (Home),2
Raya,GKP,Arsenal,6.0,41.0,7.2,a,90,0,0,2,0,0,0,0.01,0.0,0.01,2.72,1,0,0,1,0,0,1,False,0.0,2.0,Sunderland,37.8,0.2,0.0,3.8,38,3,14,249119,214670,Brighton (Home),4
Arrizabalaga,GKP,Arsenal,4.9,0.1,0.0,a,0,0,0,0,0,0,0,0.0,0.0,0.0,0.0,0,0,0,0,0,0,0,False,0.0,2.0,Sunderland,0.0,0.0,0.0,0.0,0,0,0,275,851,Brighton (Home),4
Meslier,GKP,Arsenal,4.9,0.0,0.0,a,0,0,0,0,0,0,0,0.0,0.0,0.0,0.0,0,0,0,0,0,0,0,False,0.0,2.0,Sunderland,0.0,0.0,0.0,0.0,0,0,0,108,308,Brighton (Home),4
Gabriel,DEF,Arsenal,8.0,23.2,6.0,a,90,0,0,0,0,0,0,0.06,0.51,0.57,2.72,1,0,0,0,1,0,1,False,0.0,2.0,Sunderland,20.6,1.5,1.0,2.3,30,2,9,56562,254329,Brighton (Home),4
J.Timber,DEF,Arsenal,6.5,0.3,0.2,a,45,0,0,0,0,0,0,0.01,0.0,0.01,1.57,0,0,0,0,0,0,0,False,0.0,2.0,Sunderland,6.0,1.9,0.0,0.8,3,0,1,618,1390,Brighton (Home),4
Saliba,DEF,Arsenal,5.9,0.2,0.0,i,0,0,0,0,0,0,0,0.0,0.0,0.0,0.0,0,0,0,0,0,0,0,False,0.0,2.0,Sunderland,0.0,0.0,0.0,0.0,0,0,0,735,3251,Brighton (Home),4
Lewis-Skelly,MID,Arsenal,5.5,0.6,2.2,a,45,0,0,0,0,0,0,0.23,0.16,0.39,1.02,0,0,0,0,0,0,1,False,0.0,2.0,Sunderland,0.0,1.4,0.0,0.0,2,0,1,6908,11120,Brighton (Home),4
Calafiori,DEF,Arsenal,5.8,50.2,7.0,a,90,0,0,0,0,0,2,0.59,0.6,1.19,2.45,1,0,0,0,0,0,1,False,0.0,2.0,Sunderland,8.8,1.7,7.0,1.8,18,0,6,487524,94715,Brighton (Home),4
Hincapie,DEF,Arsenal,5.3,0.9,0.5,a,0,0,0,0,0,0,0,0.0,0.0,0.0,0.28,0,0,0,0,0,0,0,False,0.0,2.0,Sunderland,0.0,0.0,0.0,0.0,0,0,0,3925,19376,Brighton (Home),4
White,DEF,Arsenal,5.5,5.8,5.2,d,45,0,0,0,0,0,1,0.29,0.18,0.47,1.15,0,0,0,0,0,0,1,False,0.0,2.0,Sunderland,4.2,0.8,6.0,1.1,4,0,1,123355,116956,Brighton (Home),4
Mosquera,DEF,Arsenal,5.3,1.8,3.0,d,0,0,0,0,0,0,0,0.01,0.0,0.01,0.53,0,0,0,0,0,0,0,False,0.0,2.0,Sunderland,0.0,0.0,0.0,0.0,0,0,0,733,202535,Brighton (Home),4
Saka,MID,Arsenal,9.5,12.7,7.5,a,90,1,0,0,0,3,0,0.43,2.88,3.31,2.58,1,0,0,0,0,0,1,False,0.0,2.0,Sunderland,45.4,16.9,57.0,11.9,28,0,8,213086,148406,Brighton (Home),4
Rice,MID,Arsenal,7.4,12.5,4.8,a,80,0,1,0,0,0,2,0.63,0.1,0.73,2.19,1,0,0,0,0,0,1,False,0.0,2.0,Sunderland,45.0,36.4,0.0,8.1,27,0,6,25889,152556,Brighton (Home),4
Eze,MID,Arsenal,6.3,1.1,0.8,a,9,0,0,0,0,0,0,0.07,0.04,0.11,0.79,0,0,0,0,0,0,0,False,0.0,2.0,Sunderland,0.2,0.0,2.0,0.2,3,0,1,3906,29739,Brighton (Home),4
Ødegaard,MID,Arsenal,6.8,19.7,6.8,a,84,0,0,0,0,2,0,1.3,1.01,2.31,2.46,1,0,0,0,0,0,1,False,0.0,2.0,Sunderland,19.4,58.2,2.0,8.0,26,0,3,820232,117959,Brighton (Home),4
Madueke,MID,Arsenal,6.2,0.2,0.5,a,0,0,0,0,0,0,0,0.05,0.0,0.05,0.15,0,0,0,0,0,0,0,False,0.0,2.0,Sunderland,0.0,0.0,0.0,0.0,0,0,0,1399,4480,Brighton (Home),4
Merino,MID,Arsenal,5.8,0.4,0.8,a,5,0,0,0,0,0,0,0.02,0.14,0.16,0.26,0,0,0,0,0,0,0,False,0.0,2.0,Sunderland,0.2,0.1,0.0,0.0,3,0,1,1909,9850,Brighton (Home),4
Martinelli,MID,Arsenal,6.3,0.1,0.0,u,0,0,0,0,0,0,0,0.0,0.0,0.0,0.0,0,0,0,0,0,0,0,False,0.0,2.0,Sunderland,0.0,0.0,0.0,0.0,0,0,0,0,6160,Brighton (Home),4
Zubimendi,MID,Arsenal,5.3,0.6,1.0,a,9,0,0,0,0,0,0,0.04,0.08,0.12,0.68,0,0,0,0,0,0,0,False,0.0,2.0,Sunderland,3.4,0.2,0.0,0.4,5,0,1,1507,12972,Brighton (Home),4
Dowman,MID,Arsenal,5.3,0.1,0.0,a,0,0,0,0,0,0,0,0.0,0.0,0.0,0.0,0,0,0,0,0,0,0,False,0.0,2.0,Sunderland,0.0,0.0,0.0,0.0,0,0,0,629,1342,Brighton (Home),4
Nwaneri,MID,Arsenal,5.4,0.0,0.0,u,0,0,0,0,0,0,0,0.0,0.0,0.0,0.0,0,0,0,0,0,0,0,False,0.0,2.0,Sunderland,0.0,0.0,0.0,0.0,0,0,0,0,333,Brighton (Home),4
Fábio Vieira,MID,Arsenal,5.5,0.0,0.0,u,0,0,0,0,0,0,0,0.0,0.0,0.0,0.0,0,0,0,0,0,0,0,False,0.0,2.0,Sunderland,0.0,0.0,0.0,0.0,0,0,0,0,265,Brighton (Home),4
Nelson,MID,Arsenal,5.5,0.0,0.0,u,0,0,0,0,0,0,0,0.0,0.0,0.0,0.0,0,0,0,0,0,0,0,False,0.0,2.0,Sunderland,0.0,0.0,0.0,0.0,0,0,0,0,113,Brighton (Home),4
Gyökeres,FWD,Arsenal,7.2,3.3,0.2,a,0,0,0,0,0,0,0,0.0,0.0,0.0,0.11,0,0,0,0,0,0,0,False,0.0,2.0,Sunderland,0.0,0.0,0.0,0.0,0,0,0,6130,98178,Brighton (Home),4
Havertz,FWD,Arsenal,7.6,8.1,4.2,a,90,0,0,0,0,2,0,0.35,0.89,1.24,2.6,1,0,0,0,1,0,1,False,0.0,2.0,Sunderland,1.6,12.4,32.0,4.6,0,0,1,195764,77287,Brighton (Home),4
G.Jesus,FWD,Arsenal,5.9,0.2,0.0,u,0,0,0,0,0,0,0,0.0,0.0,0.0,0.0,0,0,0,0,0,0,0,False,0.0,2.0,Sunderland,0.0,0.0,0.0,0.0,0,0,0,0,7696,Brighton (Home),4
Konsa,DEF,Arsenal,4.5,18.5,2.8,a,90,0,0,0,0,0,0,0.01,0.0,0.01,2.19,1,0,0,0,0,0,1,False,0.0,2.0,Sunderland,11.8,0.2,0.0,1.2,16,0,6,709520,96845,Brighton (Home),4
Bruno G.,MID,Arsenal,6.7,1.8,2.0,a,45,1,0,0,0,1,0,0.15,0.09,0.24,1.57,0,0,0,0,0,0,0,False,0.0,2.0,Sunderland,35.4,3.9,11.0,5.0,29,1,7,2351,37853,Brighton (Home),4
Tzolis,MID,Arsenal,6.4,14.0,3.5,a,80,0,0,0,0,0,2,0.48,0.19,0.67,1.96,1,0,0,0,0,0,1,False,0.0,2.0,Sunderland,3.8,7.3,2.0,1.3,10,0,3,82691,411246,Brighton (Home),4
M.Bizot,GKP,Aston Villa,4.5,0.1,0.2,d,0,0,0,0,0,0,0,0.0,0.0,0.0,3.77,0,0,0,0,0,0,0,True,1.0,2.0,Nott'm Forest,0.0,0.0,0.0,0.0,0,0,0,1027,1628,Spurs (Home),4
Digne,DEF,Aston Villa,4.5,0.1,0.0,u,0,0,0,0,0,0,0,0.0,0.0,0.0,0.0,0,0,0,0,0,0,0,True,1.0,2.0,Nott'm Forest,0.0,0.0,0.0,0.0,0,0,0,0,932,Spurs (Home),4
Cash,DEF,Aston Villa,4.4,5.1,1.8,a,0,0,0,0,0,0,0,0.04,0.15,0.19,5.03,0,0,0,0,0,0,0,True,1.0,2.0,Nott'm Forest,0.0,0.0,0.0,0.0,0,0,0,18781,99663,Spurs (Home),4
Mings,DEF,Aston Villa,4.5,0.4,1.8,a,65,0,0,0,2,0,0,0.02,0.2,0.22,2.87,0,0,0,0,1,0,0,True,1.0,2.0,Nott'm Forest,15.6,0.6,4.0,2.0,0,0,0,5312,2524,Spurs (Home),4
Pau,DEF,Aston Villa,4.5,0.3,0.8,d,24,0,0,0,0,0,0,0.01,0.0,0.01,4.79,0,0,0,0,0,0,1,True,1.0,2.0,Nott'm Forest,0.2,0.4,2.0,0.3,4,0,1,3870,5587,Spurs (Home),4
Bogarde,MID,Aston Villa,5.0,0.1,0.2,a,0,0,0,0,0,0,0,0.0,0.0,0.0,0.22,0,0,0,0,0,0,0,True,1.0,2.0,Nott'm Forest,0.0,0.0,0.0,0.0,0,0,0,686,1126,Spurs (Home),4
Maatsen,DEF,Aston Villa,4.5,0.6,2.2,d,90,0,0,0,2,0,0,0.45,0.28,0.73,6.54,0,0,0,0,0,0,1,True,1.0,2.0,Nott'm Forest,10.2,3.4,24.0,3.8,7,0,1,17456,7012,Spurs (Home),4
Lindelöf,DEF,Aston Villa,4.5,0.3,1.8,a,90,0,0,0,2,0,0,0.17,0.44,0.61,7.66,0,0,0,0,0,0,1,True,1.0,2.0,Nott'm Forest,16.4,1.1,35.0,5.3,2,0,1,5112,2100,Spurs (Home),4
A.García,DEF,Aston Villa,4.0,1.6,0.0,a,0,0,0,0,0,0,0,0.0,0.0,0.0,0.0,0,0,0,0,0,0,0,True,1.0,2.0,Nott'm Forest,0.0,0.0,0.0,0.0,0,0,0,12784,17127,Spurs (Home),4
Nedeljkovic,DEF,Aston Villa,4.0,0.1,0.0,u,0,0,0,0,0,0,0,0.0,0.0,0.0,0.0,0,0,0,0,0,0,0,True,1.0,2.0,Nott'm Forest,0.0,0.0,0.0,0.0,0,0,0,0,2186,Spurs (Home),4
Buendía,MID,Aston Villa,5.9,0.9,2.2,a,62,0,0,0,1,0,0,0.17,0.78,0.95,6.3,0,0,0,0,0,0,1,True,1.0,2.0,Nott'm Forest,0.0,3.9,0.0,0.1,8,0,2,15961,21861,Spurs (Home),4
Bailey,MID,Aston Villa,5.4,0.1,0.0,u,0,0,0,0,0,0,0,0.0,0.0,0.0,0.0,0,0,0,0,0,0,0,True,1.0,2.0,Nott'm Forest,0.0,0.0,0.0,0.0,0,0,0,0,4702,Spurs (Home),4
McGinn,MID,Aston Villa,5.4,2.2,2.8,a,90,0,1,0,2,0,1,0.2,0.77,0.97,7.51,0,0,0,0,0,0,1,True,1.0,2.0,Nott'm Forest,26.4,31.4,0.0,5.8,30,1,6,20520,33241,Spurs (Home),4
Barkley,MID,Aston Villa,5.0,0.3,2.2,a,62,0,0,0,1,0,0,0.14,0.38,0.52,6.58,0,0,0,0,0,0,1,True,1.0,2.0,Nott'm Forest,6.0,2.7,7.0,1.6,14,0,2,5244,3748,Spurs (Home),4
Kamara,MID,Aston Villa,5.0,0.3,2.2,a,90,0,0,0,2,0,0,0.15,0.0,0.15,7.66,0,0,0,0,0,0,1,True,1.0,2.0,Nott'm Forest,11.6,12.4,2.0,2.6,17,0,2,3671,4694,Spurs (Home),4
Onana,MID,Aston Villa,4.9,0.0,0.0,i,0,0,0,0,0,0,0,0.0,0.0,0.0,0.0,0,0,0,0,0,0,0,True,1.0,2.0,Nott'm Forest,0.0,0.0,0.0,0.0,0,0,0,108,268,Spurs (Home),4
Iling Jr,MID,Aston Villa,5.0,0.0,0.0,u,0,0,0,0,0,0,0,0.0,0.0,0.0,0.0,0,0,0,0,0,0,0,True,1.0,2.0,Nott'm Forest,0.0,0.0,0.0,0.0,0,0,0,0,22,Spurs (Home),4
Burrowes,MID,Aston Villa,4.5,0.6,0.0,a,0,0,0,0,0,0,0,0.0,0.0,0.0,0.0,0,0,0,0,0,0,0,True,1.0,2.0,Nott'm Forest,0.0,0.0,0.0,0.0,0,0,0,6646,8613,Spurs (Home),4
George Hemmings,MID,Aston Villa,4.5,1.3,2.0,a,45,0,0,0,0,0,0,0.16,0.07,0.23,5.39,0,0,0,0,0,0,1,True,1.0,2.0,Nott'm Forest,2.0,11.5,2.0,1.6,3,0,1,53459,22740,Spurs (Home),4
Alysson,MID,Aston Villa,5.0,0.1,2.0,a,45,1,0,0,2,1,0,0.0,0.06,0.06,2.4,0,0,0,0,0,0,0,True,1.0,2.0,Nott'm Forest,34.4,2.3,23.0,6.0,24,0,6,508,713,Spurs (Home),4
Manzambi,MID,Aston Villa,5.9,0.1,0.2,a,27,0,0,0,1,0,0,0.08,0.0,0.08,0.86,0,0,0,0,0,0,0,True,1.0,2.0,Nott'm Forest,2.6,4.0,0.0,0.7,3,0,1,570,1790,Spurs (Home),4
Gomes,MID,Aston Villa,5.5,0.0,-0.5,d,0,0,0,0,0,0,0,0.01,0.0,0.01,2.58,0,0,0,0,0,0,0,True,1.0,2.0,Nott'm Forest,0.0,0.0,0.0,0.0,0,0,0,131,514,Spurs (Home),4
Watkins,FWD,Aston Villa,7.8,2.7,0.0,u,0,0,0,0,0,0,0,0.0,0.0,0.0,0.0,0,0,0,0,0,0,0,True,1.0,2.0,Nott'm Forest,0.0,0.0,0.0,0.0,0,0,0,0,126292,Spurs (Home),4
Abraham,FWD,Aston Villa,5.5,0.2,0.8,a,45,0,0,0,2,0,0,0.0,0.0,0.0,2.26,0,0,0,0,0,0,0,True,1.0,2.0,Nott'm Forest,1.2,1.5,2.0,0.5,4,0,1,4186,2817,Spurs (Home),4
Garnacho,MID,Aston Villa,5.8,0.3,0.8,a,0,0,0,0,0,0,0,0.0,0.0,0.0,0.49,0,0,0,0,0,0,0,True,1.0,2.0,Nott'm Forest,0.0,0.0,0.0,0.0,0,0,0,1531,8756,Spurs (Home),4
N.Jackson,FWD,Aston Villa,6.5,1.2,1.0,a,45,0,0,0,0,0,0,0.58,0.24,0.82,1.62,0,0,0,0,1,0,1,True,1.0,2.0,Nott'm Forest,0.0,2.0,2.0,0.2,0,0,0,47223,18366,Spurs (Home),4
Madjo,FWD,Aston Villa,5.4,0.2,0.0,i,0,0,0,0,0,0,0,0.0,0.0,0.0,0.0,0,0,0,0,0,0,0,True,1.0,2.0,Nott'm Forest,0.0,0.0,0.0,0.0,0,0,0,357,5846,Spurs (Home),4
Ruggeri,DEF,Aston Villa,4.5,0.1,0.5,a,0,0,0,0,0,0,0,0.01,0.0,0.01,0.49,0,0,0,0,0,0,0,True,1.0,2.0,Nott'm Forest,0.0,0.0,0.0,0.0,0,0,0,272,1265,Spurs (Home),4
Suzuki,GKP,Aston Villa,5.0,1.8,3.5,a,90,0,0,5,2,0,0,0.01,0.0,0.01,3.89,0,0,0,0,0,0,1,True,1.0,2.0,Nott'm Forest,38.6,0.0,0.0,3.9,17,0,2,83655,19004,Spurs (Home),4
Rowe,DEF,Aston Villa,4.0,0.2,0.0,a,0,0,0,0,0,0,0,0.0,0.0,0.0,0.0,0,0,0,0,0,0,0,True,1.0,2.0,Nott'm Forest,0.0,0.0,0.0,0.0,0,0,0,2914,1727,Spurs (Home),4
Lynch,MID,Aston Villa,4.5,0.1,0.0,u,0,0,0,0,0,0,0,0.0,0.0,0.0,0.0,0,0,0,0,0,0,0,True,1.0,2.0,Nott'm Forest,0.0,0.0,0.0,0.0,0,0,0,0,2922,Spurs (Home),4
Wan-Bissaka,DEF,Aston Villa,4.5,0.2,1.7,a,90,0,0,0,2,0,0,0.06,0.0,0.06,2.63,0,0,0,0,0,0,1,True,1.0,2.0,Nott'm Forest,26.0,13.3,0.0,3.9,11,0,3,4076,2234,Spurs (Home),4
Goretzka,MID,Aston Villa,5.9,0.0,0.0,i,0,0,0,0,0,0,0,0.0,0.0,0.0,0.0,0,0,0,0,0,0,0,True,1.0,2.0,Nott'm Forest,0.0,0.0,0.0,0.0,0,0,0,901,2102,Spurs (Home),4
Harwood-Bellis,DEF,Aston Villa,4.5,0.0,0.0,a,0,0,0,0,0,0,0,0.0,0.0,0.0,0.0,0,0,0,0,0,0,0,True,1.0,2.0,Nott'm Forest,0.0,0.0,0.0,0.0,0,0,0,653,265,Spurs (Home),4
Mbaye,MID,Aston Villa,6.0,0.1,0.5,a,27,0,0,0,1,0,0,0.13,0.02,0.15,0.86,0,0,0,0,0,0,0,True,1.0,2.0,Nott'm Forest,9.0,15.2,19.0,4.3,6,0,1,2787,1580,Spurs (Home),4
Petrović,GKP,Bournemouth,4.5,3.1,1.8,a,90,0,0,0,2,0,0,0.0,0.0,0.0,5.3,0,0,0,0,0,0,1,True,2.0,2.0,Brentford,0.0,0.0,0.0,0.0,0,0,1,27504,37126,Liverpool (Away),4
Forster,GKP,Bournemouth,4.0,3.5,0.0,a,0,0,0,0,0,0,0,0.0,0.0,0.0,0.0,0,0,0,0,0,0,0,True,2.0,2.0,Brentford,0.0,0.0,0.0,0.0,0,0,0,38779,24224,Liverpool (Away),4
Dennis,GKP,Bournemouth,4.0,0.1,0.0,u,0,0,0,0,0,0,0,0.0,0.0,0.0,0.0,0,0,0,0,0,0,0,True,2.0,2.0,Brentford,0.0,0.0,0.0,0.0,0,0,0,0,1608,Liverpool (Away),4
Hill,DEF,Bournemouth,5.5,0.8,2.0,a,90,0,0,0,2,0,0,0.77,0.0,0.77,5.3,0,0,0,0,1,0,1,True,2.0,2.0,Brentford,22.0,11.4,0.0,3.3,5,0,2,8173,10555,Liverpool (Away),4
Truffert,DEF,Bournemouth,5.5,3.2,2.0,a,90,0,0,0,2,0,0,0.23,0.09,0.32,5.3,0,0,0,0,0,0,1,True,2.0,2.0,Brentford,38.6,18.0,28.0,8.5,23,0,3,12869,45880,Liverpool (Away),4
Diakité,DEF,Bournemouth,5.0,0.2,0.0,a,0,0,0,0,0,0,0,0.0,0.0,0.0,0.0,0,0,0,0,0,0,0,True,2.0,2.0,Brentford,0.0,0.0,0.0,0.0,0,0,0,1310,2653,Liverpool (Away),4
Milosavljević,DEF,Bournemouth,4.9,0.0,0.0,i,0,0,0,0,0,0,0,0.0,0.0,0.0,0.0,0,0,0,0,0,0,0,True,2.0,2.0,Brentford,0.0,0.0,0.0,0.0,0,0,0,70,164,Liverpool (Away),4
Smith,DEF,Bournemouth,4.5,0.1,0.5,a,90,0,0,0,2,0,0,0.07,0.01,0.08,5.3,0,0,0,0,1,0,1,True,2.0,2.0,Brentford,11.4,2.0,0.0,1.3,-1,0,0,1505,1738,Liverpool (Away),4
J.Araujo,DEF,Bournemouth,4.4,0.0,0.0,i,0,0,0,0,0,0,0,0.0,0.0,0.0,0.0,0,0,0,0,0,0,0,True,2.0,2.0,Brentford,0.0,0.0,0.0,0.0,0,0,0,99,216,Liverpool (Away),4
Soler,DEF,Bournemouth,4.0,0.3,0.0,a,0,0,0,0,0,0,0,0.0,0.0,0.0,0.0,0,0,0,0,0,0,0,True,2.0,2.0,Brentford,0.0,0.0,0.0,0.0,0,0,0,4282,2699,Liverpool (Away),4
Rayan,MID,Bournemouth,6.4,1.7,2.0,a,81,0,0,0,2,0,0,0.08,0.87,0.95,4.95,0,0,0,0,0,0,1,True,2.0,2.0,Brentford,5.6,17.8,20.0,4.3,7,0,2,8549,41933,Liverpool (Away),4
Tavernier,MID,Bournemouth,6.1,6.0,7.2,a,82,1,0,0,2,3,0,0.81,1.7,2.51,5.14,0,0,0,0,1,0,1,True,2.0,2.0,Brentford,49.4,58.3,37.0,14.5,44,2,8,177420,51460,Liverpool (Away),4
Scott,MID,Bournemouth,6.1,5.8,7.0,a,90,0,0,0,2,1,2,0.35,0.52,0.87,5.17,0,0,0,0,0,0,1,True,2.0,2.0,Brentford,22.2,46.1,10.0,7.8,19,0,4,386435,62399,Liverpool (Away),4
Kluivert,MID,Bournemouth,6.0,1.0,3.8,a,65,1,0,0,2,1,0,0.08,0.99,1.07,4.48,0,0,0,0,0,0,1,True,2.0,2.0,Brentford,40.0,3.3,43.0,8.6,31,1,8,8665,20691,Liverpool (Away),4
Cook,MID,Bournemouth,5.0,0.2,1.8,a,8,0,0,0,0,0,0,0.01,0.0,0.01,3.95,0,0,0,0,1,0,0,True,2.0,2.0,Brentford,0.6,0.3,0.0,0.1,-1,0,0,2134,3492,Liverpool (Away),4
Gannon-Doak,MID,Bournemouth,4.9,0.1,0.8,a,8,0,0,0,0,0,0,0.03,0.12,0.15,0.35,0,0,0,0,0,0,0,True,2.0,2.0,Brentford,1.6,1.5,7.0,1.0,6,0,1,413,1025,Liverpool (Away),4
Adams,MID,Bournemouth,5.0,0.3,2.0,a,81,0,0,0,2,0,0,0.03,0.03,0.06,1.34,0,0,0,0,0,0,1,True,2.0,2.0,Brentford,13.0,5.9,7.0,2.6,16,0,2,5594,3579,Liverpool (Away),4
Brooks,MID,Bournemouth,5.0,0.1,0.5,a,7,0,0,0,0,0,0,0.01,0.0,0.01,0.5,0,0,0,0,1,0,0,True,2.0,2.0,Brentford,4.2,0.3,2.0,0.7,-1,0,0,781,862,Liverpool (Away),4
Christie,MID,Bournemouth,5.0,0.0,0.8,a,24,0,0,0,0,0,0,0.12,0.0,0.12,0.24,0,0,0,0,0,0,0,True,2.0,2.0,Brentford,6.6,14.4,4.0,2.5,7,0,1,1116,574,Liverpool (Away),4
Tóth.A,MID,Bournemouth,4.9,0.0,0.2,a,0,0,0,0,0,0,0,0.0,0.0,0.0,0.31,0,0,0,0,0,0,0,True,2.0,2.0,Brentford,0.0,0.0,0.0,0.0,0,0,0,72,210,Liverpool (Away),4
Adli,MID,Bournemouth,4.9,0.0,0.0,i,0,0,0,0,0,0,0,0.0,0.0,0.0,0.0,0,0,0,0,0,0,0,True,2.0,2.0,Brentford,0.0,0.0,0.0,0.0,0,0,0,54,329,Liverpool (Away),4
Kroupi.Jr,MID,Bournemouth,7.4,0.2,0.0,i,0,0,0,0,0,0,0,0.0,0.0,0.0,0.0,0,0,0,0,0,0,0,True,2.0,2.0,Brentford,0.0,0.0,0.0,0.0,0,0,0,197,3321,Liverpool (Away),4
Evanilson,FWD,Bournemouth,6.0,3.3,4.0,a,90,0,1,0,2,0,3,0.51,0.71,1.22,4.8,0,0,0,0,0,0,1,True,2.0,2.0,Brentford,22.8,40.0,4.0,6.7,22,0,5,48861,45367,Liverpool (Away),4
Enes Ünal,FWD,Bournemouth,5.5,0.0,0.0,u,0,0,0,0,0,0,0,0.0,0.0,0.0,0.0,0,0,0,0,0,0,0,True,2.0,2.0,Brentford,0.0,0.0,0.0,0.0,0,0,0,0,219,Liverpool (Away),4
Rodríguez,FWD,Bournemouth,6.0,0.1,0.5,a,1,0,0,0,0,0,0,0.0,0.0,0.0,0.18,0,0,0,0,0,0,0,True,2.0,2.0,Brentford,0.0,0.5,0.0,0.1,3,0,1,1247,1656,Liverpool (Away),4
Silva,DEF,Bournemouth,5.0,0.4,2.5,a,90,0,0,0,2,0,0,0.27,0.85,1.12,5.3,0,0,0,0,0,0,1,True,2.0,2.0,Brentford,18.0,5.3,11.0,3.4,-2,0,3,5703,6002,Liverpool (Away),4
Sanchez,DEF,Bournemouth,4.4,0.2,0.0,a,0,0,0,0,0,0,0,0.0,0.0,0.0,0.0,0,0,0,0,0,0,0,True,2.0,2.0,Brentford,0.0,0.0,0.0,0.0,0,0,0,285,1607,Liverpool (Away),4
Jebbison,FWD,Bournemouth,5.0,0.1,0.5,a,0,0,0,0,0,0,0,0.0,0.1,0.1,0.36,0,0,0,0,0,0,0,True,2.0,2.0,Brentford,0.0,0.0,0.0,0.0,0,0,0,3390,1888,Liverpool (Away),4
Di Gregorio,GKP,Bournemouth,4.5,0.0,0.0,a,0,0,0,0,0,0,0,0.0,0.0,0.0,0.0,0,0,0,0,0,0,0,True,2.0,2.0,Brentford,0.0,0.0,0.0,0.0,0,0,0,755,526,Liverpool (Away),4
Kelleher,GKP,Brentford,5.0,6.1,3.5,a,90,0,0,8,2,0,0,0.01,0.0,0.01,5.49,0,0,0,0,0,0,1,False,2.0,2.0,Bournemouth,44.0,0.0,0.0,4.4,19,0,3,34374,58347,Chelsea (Away),4
Valdimarsson,GKP,Brentford,4.5,0.1,0.0,a,0,0,0,0,0,0,0,0.0,0.0,0.0,0.0,0,0,0,0,0,0,0,False,2.0,2.0,Bournemouth,0.0,0.0,0.0,0.0,0,0,0,631,1069,Chelsea (Away),4
Collins,DEF,Brentford,5.4,1.1,2.5,i,0,0,0,0,0,0,0,0.05,0.51,0.56,2.13,0,0,0,0,0,0,0,False,2.0,2.0,Bournemouth,0.0,0.0,0.0,0.0,0,0,0,1251,78007,Chelsea (Away),4
Van den Berg,DEF,Brentford,4.9,0.1,0.0,i,0,0,0,0,0,0,0,0.0,0.0,0.0,0.0,0,0,0,0,0,0,0,False,2.0,2.0,Bournemouth,0.0,0.0,0.0,0.0,0,0,0,70,1254,Chelsea (Away),4
Lewis-Potter,MID,Brentford,5.5,1.8,4.8,a,59,0,0,0,2,1,1,0.78,1.06,1.84,4.99,0,0,0,0,0,0,1,False,2.0,2.0,Bournemouth,0.8,1.6,6.0,0.8,0,0,1,26643,32836,Chelsea (Away),4
Ajer,DEF,Brentford,4.5,4.1,3.5,a,90,0,0,0,2,0,0,0.03,0.13,0.16,5.49,0,0,0,0,0,0,1,False,2.0,2.0,Bournemouth,15.2,0.5,8.0,2.4,0,0,1,52109,103890,Chelsea (Away),4
Kayode,DEF,Brentford,4.6,7.8,4.2,a,19,0,0,0,0,1,0,0.36,0.55,0.91,2.69,0,0,0,0,0,0,0,False,2.0,2.0,Bournemouth,5.4,14.1,0.0,2.0,5,0,1,52146,110853,Chelsea (Away),4
Henry,DEF,Brentford,4.4,0.2,0.2,a,0,0,0,0,0,0,0,0.0,0.0,0.0,0.0,0,0,0,0,0,0,0,False,2.0,2.0,Bournemouth,0.0,0.0,0.0,0.0,0,0,0,309,2002,Chelsea (Away),4
Hickey,DEF,Brentford,4.5,0.1,1.0,a,70,0,0,0,2,0,0,0.05,0.03,0.08,2.79,0,0,0,0,0,0,1,False,2.0,2.0,Bournemouth,10.0,2.1,6.0,1.8,4,0,1,309,711,Chelsea (Away),4
Ji-soo,DEF,Brentford,4.5,0.0,0.0,a,0,0,0,0,0,0,0,0.0,0.0,0.0,0.0,0,0,0,0,0,0,0,False,2.0,2.0,Bournemouth,0.0,0.0,0.0,0.0,0,0,0,102,227,Chelsea (Away),4
Schuster,DEF,Brentford,4.5,0.1,1.8,a,90,0,0,0,2,0,0,0.02,0.1,0.12,3.36,0,0,0,0,0,0,1,False,2.0,2.0,Bournemouth,22.2,0.5,8.0,3.1,5,0,3,905,735,Chelsea (Away),4
Schade,MID,Brentford,6.1,6.9,7.5,a,90,2,0,0,2,3,0,0.3,0.98,1.28,5.49,0,0,0,0,0,0,1,False,2.0,2.0,Bournemouth,70.8,8.3,28.0,10.7,49,3,15,28990,88151,Chelsea (Away),4
O.Dango,MID,Brentford,6.3,0.5,1.5,a,30,0,0,0,0,0,0,0.39,0.09,0.48,2.68,0,0,0,0,0,0,0,False,2.0,2.0,Bournemouth,2.0,1.7,6.0,1.0,4,0,1,1377,23398,Chelsea (Away),4
Damsgaard,MID,Brentford,5.4,0.4,3.2,a,30,0,0,0,0,0,1,0.45,0.13,0.58,2.36,0,0,0,0,0,0,0,False,2.0,2.0,Bournemouth,0.0,7.8,6.0,1.3,3,0,1,5734,4927,Chelsea (Away),4
Jensen,MID,Brentford,5.4,0.1,1.5,i,0,0,0,0,0,0,1,0.34,0.08,0.42,0.47,0,0,0,0,0,0,0,False,2.0,2.0,Bournemouth,0.0,0.0,0.0,0.0,0,0,0,42,4291,Chelsea (Away),4
Janelt,MID,Brentford,5.0,2.5,6.2,a,90,0,0,0,2,2,0,0.4,0.5,0.9,5.49,0,0,0,0,0,0,1,False,2.0,2.0,Bournemouth,28.4,14.4,0.0,4.3,20,0,4,176461,37454,Chelsea (Away),4
Milambo,MID,Brentford,5.0,0.0,0.0,i,0,0,0,0,0,0,0,0.0,0.0,0.0,0.0,0,0,0,0,0,0,0,False,2.0,2.0,Bournemouth,0.0,0.0,0.0,0.0,0,0,0,27,32,Chelsea (Away),4
Carvalho,MID,Brentford,5.0,0.0,0.0,a,0,0,0,0,0,0,0,0.0,0.0,0.0,0.0,0,0,0,0,0,0,0,False,2.0,2.0,Bournemouth,0.0,0.0,0.0,0.0,0,0,0,335,332,Chelsea (Away),4
Yarmoliuk,MID,Brentford,4.8,0.7,1.5,a,59,0,1,0,2,0,1,0.24,0.07,0.31,4.03,0,0,0,0,0,0,1,False,2.0,2.0,Bournemouth,22.0,22.8,4.0,4.9,19,0,4,706,16415,Chelsea (Away),4
Dasilva,MID,Brentford,4.9,0.0,0.0,i,0,0,0,0,0,0,0,0.0,0.0,0.0,0.0,0,0,0,0,0,0,0,False,2.0,2.0,Bournemouth,0.0,0.0,0.0,0.0,0,0,0,36,650,Chelsea (Away),4
Anthony,MID,Brentford,5.9,0.1,1.2,a,59,0,0,0,2,0,0,0.52,0.19,0.71,2.8,0,0,0,0,0,0,1,False,2.0,2.0,Bournemouth,14.6,15.3,2.0,3.2,12,0,1,761,2562,Chelsea (Away),4
Thiago,FWD,Brentford,7.8,9.2,1.2,a,90,0,0,0,2,0,0,0.13,2.41,2.54,5.42,0,0,0,0,1,0,1,False,2.0,2.0,Bournemouth,0.0,16.0,10.0,2.4,3,0,1,24154,321022,Chelsea (Away),4
Furo,FWD,Brentford,4.5,1.0,0.0,i,0,0,0,0,0,0,0,0.0,0.0,0.0,0.0,0,0,0,0,0,0,0,False,2.0,2.0,Bournemouth,0.0,0.0,0.0,0.0,0,0,0,19067,14541,Chelsea (Away),4
Wilson,FWD,Brentford,5.5,0.3,0.8,a,0,0,0,0,0,0,0,0.04,0.07,0.11,0.15,0,0,0,0,0,0,0,False,2.0,2.0,Bournemouth,0.0,0.0,0.0,0.0,0,0,0,2767,5931,Chelsea (Away),4
M.Sangaré,MID,Brentford,5.7,11.6,5.5,a,90,0,0,0,2,0,2,0.65,0.41,1.06,4.03,0,0,0,0,0,0,1,False,2.0,2.0,Bournemouth,18.2,9.4,0.0,2.8,19,0,4,106889,314571,Chelsea (Away),4
Diouf,DEF,Brentford,4.5,0.1,0.3,a,30,0,0,0,0,0,0,0.01,0.0,0.01,0.5,0,0,0,0,0,0,0,False,2.0,2.0,Bournemouth,3.4,1.0,0.0,0.4,4,0,1,1940,1971,Chelsea (Away),4
Nunes,MID,Brentford,4.5,0.0,0.0,a,0,0,0,0,0,0,0,0.0,0.0,0.0,0.0,0,0,0,0,0,0,0,False,2.0,2.0,Bournemouth,0.0,0.0,0.0,0.0,0,0,0,0,0,Chelsea (Away),4
Verbruggen,GKP,Brighton,4.5,21.6,4.2,a,90,0,0,6,0,0,0,0.2,0.0,0.2,7.04,1,0,0,0,0,0,1,False,0.0,5.0,Coventry City,47.8,0.0,0.0,4.8,39,0,8,248699,196972,Arsenal (Away),4
Steele,GKP,Brighton,4.0,4.2,0.0,a,0,0,0,0,0,0,0,0.0,0.0,0.0,0.0,0,0,0,0,0,0,0,False,0.0,5.0,Coventry City,0.0,0.0,0.0,0.0,0,0,0,46956,36040,Arsenal (Away),4
F.Kadıoğlu,DEF,Brighton,4.4,1.6,2.0,a,90,0,0,0,0,0,0,0.11,0.08,0.19,6.66,1,0,0,0,0,0,1,False,0.0,5.0,Coventry City,6.4,15.4,0.0,2.2,24,0,6,6832,25246,Arsenal (Away),4
Boscagli,DEF,Brighton,4.5,0.3,3.2,a,77,0,0,0,0,0,0,0.51,0.06,0.57,6.82,1,0,0,0,0,0,1,False,0.0,5.0,Coventry City,11.6,14.3,2.0,2.8,25,0,6,2439,3024,Arsenal (Away),4
De Cuyper,DEF,Brighton,4.9,24.3,8.0,a,90,0,1,0,0,1,3,0.44,1.53,1.97,6.95,1,0,0,0,0,0,1,False,0.0,5.0,Coventry City,24.8,46.9,3.0,7.5,41,2,11,640942,131068,Arsenal (Away),4
Dunk,DEF,Brighton,4.5,1.5,5.5,a,90,1,0,0,0,1,0,0.09,0.03,0.12,7.04,1,0,0,0,0,0,1,False,0.0,5.0,Coventry City,57.2,4.3,7.0,6.9,39,0,12,19779,10375,Arsenal (Away),4
Coppola,DEF,Brighton,4.5,0.0,0.0,a,0,0,0,0,0,0,0,0.0,0.0,0.0,0.0,0,0,0,0,0,0,0,False,0.0,5.0,Coventry City,0.0,0.0,0.0,0.0,0,0,0,180,230,Arsenal (Away),4
Igor,DEF,Brighton,4.5,0.0,0.0,u,0,0,0,0,0,0,0,0.0,0.0,0.0,0.0,0,0,0,0,0,0,0,False,0.0,5.0,Coventry City,0.0,0.0,0.0,0.0,0,0,0,0,1990,Arsenal (Away),4
Costinha,DEF,Brighton,4.5,0.0,0.8,a,6,0,0,0,0,0,0,0.16,0.12,0.28,0.28,0,0,0,0,0,0,0,False,0.0,5.0,Coventry City,1.2,0.3,0.0,0.2,3,0,1,204,321,Arsenal (Away),4
Svoboda,DEF,Brighton,5.0,0.1,0.0,a,0,0,0,0,0,0,0,0.0,0.0,0.0,0.0,0,0,0,0,0,0,0,False,0.0,5.0,Coventry City,0.0,0.0,0.0,0.0,0,0,0,898,894,Arsenal (Away),4
Mitoma,MID,Brighton,5.9,0.0,0.0,i,0,0,0,0,0,0,0,0.0,0.0,0.0,0.0,0,0,0,0,0,0,0,False,0.0,5.0,Coventry City,0.0,0.0,0.0,0.0,0,0,0,74,457,Arsenal (Away),4
Minteh,MID,Brighton,5.9,0.0,0.0,i,0,0,0,0,0,0,0,0.0,0.0,0.0,0.0,0,0,0,0,0,0,0,False,0.0,5.0,Coventry City,0.0,0.0,0.0,0.0,0,0,0,35,751,Arsenal (Away),4
Hinshelwood,MID,Brighton,5.9,0.7,4.0,i,0,0,0,0,0,2,0,0.02,1.41,1.43,0.19,0,0,0,0,0,0,0,False,0.0,5.0,Coventry City,0.0,0.0,0.0,0.0,0,0,0,1042,45777,Arsenal (Away),4
Groß,MID,Brighton,5.7,20.0,8.2,a,90,1,2,0,0,2,3,0.61,1.66,2.27,7.04,1,0,0,0,0,0,1,False,0.0,5.0,Coventry City,83.8,79.1,18.0,18.1,56,3,17,283590,211348,Arsenal (Away),4
Georginio,FWD,Brighton,5.4,0.5,1.2,a,0,0,0,0,0,0,1,0.44,0.08,0.52,0.29,0,0,0,0,0,0,0,False,0.0,5.0,Coventry City,0.0,0.0,0.0,0.0,0,0,0,1249,18661,Arsenal (Away),4
O'Riley,MID,Brighton,5.4,0.1,0.2,a,6,0,0,0,0,0,0,0.01,0.0,0.01,0.04,0,0,0,0,0,0,0,False,0.0,5.0,Coventry City,2.2,10.5,0.0,1.3,4,0,1,901,1416,Arsenal (Away),4
Gomez,MID,Brighton,5.0,4.4,4.0,a,83,0,0,0,0,0,2,0.76,0.79,1.55,7.01,1,0,0,0,0,0,1,False,0.0,5.0,Coventry City,2.4,9.0,9.0,2.0,6,0,3,107677,102601,Arsenal (Away),4
Buonanotte,MID,Brighton,5.0,0.0,0.0,u,0,0,0,0,0,0,0,0.0,0.0,0.0,0.0,0,0,0,0,0,0,0,False,0.0,5.0,Coventry City,0.0,0.0,0.0,0.0,0,0,0,0,39,Arsenal (Away),4
Ayari,MID,Brighton,5.4,0.4,3.0,a,90,1,0,0,0,1,0,0.1,0.59,0.69,4.01,1,0,0,0,0,0,1,False,0.0,5.0,Coventry City,39.0,6.8,27.0,7.3,38,0,8,2011,6217,Arsenal (Away),4
Wieffer,DEF,Brighton,4.9,0.2,1.8,i,0,0,0,0,0,0,0,0.13,0.12,0.25,3.18,0,0,0,0,0,0,0,False,0.0,5.0,Coventry City,0.0,0.0,0.0,0.0,0,0,0,68,18581,Arsenal (Away),4
Howell,MID,Brighton,4.5,0.0,0.0,u,0,0,0,0,0,0,0,0.0,0.0,0.0,0.0,0,0,0,0,0,0,0,False,0.0,5.0,Coventry City,0.0,0.0,0.0,0.0,0,0,0,0,575,Arsenal (Away),4
Watson,MID,Brighton,5.0,0.0,0.0,u,0,0,0,0,0,0,0,0.0,0.0,0.0,0.0,0,0,0,0,0,0,0,False,0.0,5.0,Coventry City,0.0,0.0,0.0,0.0,0,0,0,0,19,Arsenal (Away),4
Oriola,MID,Brighton,4.5,0.2,0.0,a,0,0,0,0,0,0,0,0.0,0.0,0.0,0.0,0,0,0,0,0,0,0,False,0.0,5.0,Coventry City,0.0,0.0,0.0,0.0,0,0,0,2194,3287,Arsenal (Away),4
Yohanna,MID,Brighton,4.9,0.0,0.2,i,0,0,0,0,0,0,0,0.03,0.0,0.03,0.0,0,0,0,0,0,0,0,False,0.0,5.0,Coventry City,0.0,0.0,0.0,0.0,0,0,0,318,1453,Arsenal (Away),4
Tzimas,FWD,Brighton,5.4,0.0,0.0,i,0,0,0,0,0,0,0,0.0,0.0,0.0,0.0,0,0,0,0,0,0,0,False,0.0,5.0,Coventry City,0.0,0.0,0.0,0.0,0,0,0,70,152,Arsenal (Away),4
Kostoulas,FWD,Brighton,5.5,0.9,4.5,a,83,1,1,0,0,1,2,0.05,1.17,1.22,6.78,1,0,0,0,0,0,1,False,0.0,5.0,Coventry City,33.0,7.0,38.0,7.8,40,1,10,16416,9162,Arsenal (Away),4
Ferguson,FWD,Brighton,5.0,0.0,0.0,i,0,0,0,0,0,0,0,0.0,0.0,0.0,0.0,0,0,0,0,0,0,0,False,0.0,5.0,Coventry City,0.0,0.0,0.0,0.0,0,0,0,346,524,Arsenal (Away),4
Struijk,DEF,Brighton,4.9,0.2,0.5,a,12,0,0,0,0,0,0,0.01,0.0,0.01,0.22,0,0,0,0,0,0,0,False,0.0,5.0,Coventry City,11.2,0.8,0.0,1.2,4,0,1,1494,2501,Arsenal (Away),4
Vuskovic,DEF,Brighton,5.0,3.1,6.0,a,77,0,0,0,0,1,0,0.07,0.46,0.53,6.82,1,0,0,0,0,0,1,False,0.0,5.0,Coventry City,16.2,1.8,13.0,3.1,27,0,6,131383,44947,Arsenal (Away),4
David,FWD,Brighton,6.0,0.2,0.2,a,0,0,0,0,0,0,0,0.0,0.42,0.42,0.14,0,0,0,0,0,0,0,False,0.0,5.0,Coventry City,0.0,0.0,0.0,0.0,0,0,0,2799,5214,Arsenal (Away),4
Osman,MID,Brighton,5.0,0.0,0.8,a,12,0,0,0,0,0,0,0.07,0.05,0.12,0.32,0,0,0,0,0,0,0,False,0.0,5.0,Coventry City,0.0,1.1,13.0,1.2,2,0,1,153,301,Arsenal (Away),4
Yalcouyé,MID,Brighton,4.5,3.9,4.8,a,64,1,0,0,0,2,0,0.27,1.42,1.69,6.43,1,0,0,0,0,0,1,False,0.0,5.0,Coventry City,47.4,12.8,43.0,10.3,29,0,8,185444,60304,Arsenal (Away),4
Hadjam,DEF,Brighton,4.5,0.0,0.0,a,0,0,0,0,0,0,0,0.0,0.0,0.0,0.0,0,0,0,0,0,0,0,False,0.0,5.0,Coventry City,0.0,0.0,0.0,0.0,0,0,0,425,560,Arsenal (Away),4
Cozier-Duberry,MID,Brighton,5.0,0.0,0.0,u,0,0,0,0,0,0,0,0.0,0.0,0.0,0.0,0,0,0,0,0,0,0,False,0.0,5.0,Coventry City,0.0,0.0,0.0,0.0,0,0,0,0,40,Arsenal (Away),4
Andrés,MID,Brighton,5.5,0.0,2.0,a,25,0,1,0,0,0,1,0.01,0.24,0.25,0.22,0,0,0,0,0,0,0,False,0.0,5.0,Coventry City,18.8,13.1,2.0,3.4,10,0,4,513,195,Arsenal (Away),4
Azeez,MID,Brighton,5.5,0.0,0.0,d,0,0,0,0,0,0,0,0.0,0.0,0.0,0.0,0,0,0,0,0,0,0,False,0.0,5.0,Coventry City,0.0,0.0,0.0,0.0,0,0,0,121,59,Arsenal (Away),4
Ibrahim,MID,Brighton,4.5,0.0,0.0,a,0,0,0,0,0,0,0,0.0,0.0,0.0,0.0,0,0,0,0,0,0,0,False,0.0,5.0,Coventry City,0.0,0.0,0.0,0.0,0,0,0,0,0,Arsenal (Away),4
Martinez,GKP,Chelsea,5.0,4.9,1.8,a,90,0,0,3,2,0,0,0.01,0.0,0.01,4.84,0,0,0,0,0,0,1,True,2.0,2.0,Hull City,19.6,0.0,0.0,2.0,10,0,2,119022,50620,Brentford (Home),4
Rogers,MID,Chelsea,7.7,38.9,6.8,a,90,1,0,0,2,3,1,1.16,1.39,2.55,6.08,0,0,0,0,0,0,1,True,2.0,2.0,Hull City,43.2,5.9,42.0,9.1,31,1,8,1168508,128570,Brentford (Home),4
Henderson,MID,Chelsea,4.9,0.0,0.0,d,0,0,0,0,0,0,0,0.0,0.0,0.0,0.0,0,0,0,0,0,0,0,True,2.0,2.0,Hull City,0.0,0.0,0.0,0.0,0,0,0,145,589,Brentford (Home),4
Welbeck,FWD,Chelsea,5.9,0.8,0.5,a,12,0,0,0,0,0,0,0.06,0.0,0.06,0.54,0,0,0,0,0,0,0,True,2.0,2.0,Hull City,7.2,10.6,4.0,2.2,4,0,1,8018,13130,Brentford (Home),4
Sánchez,GKP,Chelsea,4.9,0.8,0.5,u,0,0,0,0,0,0,0,0.01,0.0,0.01,1.33,0,0,0,0,0,0,0,True,2.0,2.0,Hull City,0.0,0.0,0.0,0.0,0,0,0,0,44507,Brentford (Home),4
Jörgensen,GKP,Chelsea,5.0,0.0,0.0,u,0,0,0,0,0,0,0,0.0,0.0,0.0,0.0,0,0,0,0,0,0,0,True,2.0,2.0,Hull City,0.0,0.0,0.0,0.0,0,0,0,0,95,Brentford (Home),4
James,DEF,Chelsea,5.4,7.0,0.8,a,90,0,0,0,2,0,0,0.26,0.33,0.59,4.9,0,0,0,0,0,0,1,True,2.0,2.0,Hull City,19.8,10.4,15.0,4.5,11,0,1,60443,91377,Brentford (Home),4
Chalobah,DEF,Chelsea,5.5,0.1,0.0,u,0,0,0,0,0,0,0,0.0,0.0,0.0,0.0,0,0,0,0,0,0,0,True,2.0,2.0,Hull City,0.0,0.0,0.0,0.0,0,0,0,0,1338,Brentford (Home),4
Gusto,DEF,Chelsea,5.0,1.0,1.0,a,77,0,0,0,2,0,0,0.12,0.08,0.2,3.5,0,0,0,0,0,0,1,True,2.0,2.0,Hull City,14.0,23.3,6.0,4.3,7,0,1,7469,14124,Brentford (Home),4
Fofana,DEF,Chelsea,5.0,0.2,1.0,a,85,0,0,0,2,0,0,0.08,0.0,0.08,4.2,0,0,0,0,0,0,1,True,2.0,2.0,Hull City,18.4,4.7,4.0,2.7,10,0,1,9377,2003,Brentford (Home),4
B.Badiashile,DEF,Chelsea,4.5,0.0,0.0,u,0,0,0,0,0,0,0,0.0,0.0,0.0,0.0,0,0,0,0,0,0,0,True,2.0,2.0,Hull City,0.0,0.0,0.0,0.0,0,0,0,0,250,Brentford (Home),4
Hato,DEF,Chelsea,4.5,0.9,2.0,a,45,0,0,0,2,0,2,0.21,0.01,0.22,4.81,0,0,0,0,0,0,1,True,2.0,2.0,Hull City,3.8,2.9,2.0,0.9,-8,0,0,58654,15691,Brentford (Home),4
Colwill,DEF,Chelsea,4.9,0.9,0.5,a,90,0,0,0,2,0,0,0.04,0.01,0.05,4.02,0,0,0,0,0,0,1,True,2.0,2.0,Hull City,26.8,12.2,4.0,4.3,8,0,1,5362,22693,Brentford (Home),4
M.Sarr,DEF,Chelsea,4.5,0.0,0.0,u,0,0,0,0,0,0,0,0.0,0.0,0.0,0.0,0,0,0,0,0,0,0,True,2.0,2.0,Hull City,0.0,0.0,0.0,0.0,0,0,0,0,1063,Brentford (Home),4
Acheampong,DEF,Chelsea,4.5,0.4,1.2,a,0,0,0,0,0,0,0,0.02,0.0,0.02,3.52,0,0,0,0,0,0,0,True,2.0,2.0,Hull City,0.0,0.0,0.0,0.0,0,0,0,6326,4610,Brentford (Home),4
Palestra,DEF,Chelsea,5.3,0.7,0.0,d,0,0,0,0,0,0,0,0.0,0.0,0.0,0.0,0,0,0,0,0,0,0,True,2.0,2.0,Hull City,0.0,0.0,0.0,0.0,0,0,0,419,45676,Brentford (Home),4
Palmer,MID,Chelsea,9.7,26.8,6.5,a,90,0,1,0,2,2,2,0.61,1.18,1.79,6.08,0,0,0,0,0,0,1,True,2.0,2.0,Hull City,18.6,37.6,12.0,6.8,28,0,5,946062,103959,Brentford (Home),4
Neto,MID,Chelsea,6.5,1.4,3.0,a,85,0,0,0,2,1,0,0.53,0.52,1.05,4.42,0,0,0,0,0,0,1,True,2.0,2.0,Hull City,15.8,31.3,27.0,7.4,17,0,2,33627,16504,Brentford (Home),4
Estêvão,MID,Chelsea,6.3,0.7,0.8,a,4,0,0,0,0,0,0,0.07,0.07,0.14,0.58,0,0,0,0,0,0,0,True,2.0,2.0,Hull City,5.0,0.5,21.0,2.7,6,0,1,3867,14050,Brentford (Home),4
Gittens,MID,Chelsea,5.9,0.0,0.0,a,0,0,0,0,0,0,0,0.0,0.0,0.0,0.0,0,0,0,0,0,0,0,True,2.0,2.0,Hull City,0.0,0.0,0.0,0.0,0,0,0,250,475,Brentford (Home),4
Caicedo,MID,Chelsea,5.3,1.2,0.2,d,0,0,0,0,0,0,0,0.0,0.0,0.0,0.07,0,0,0,0,0,0,0,True,2.0,2.0,Hull City,0.0,0.0,0.0,0.0,0,0,0,1342,50199,Brentford (Home),4
Lavia,MID,Chelsea,5.0,0.2,2.8,a,68,0,0,0,2,1,0,0.11,0.75,0.86,5.06,0,0,0,0,0,0,1,True,2.0,2.0,Hull City,7.4,4.9,0.0,1.2,14,0,2,7547,4020,Brentford (Home),4
D.Essugo,MID,Chelsea,4.5,0.1,0.0,u,0,0,0,0,0,0,0,0.0,0.0,0.0,0.0,0,0,0,0,0,0,0,True,2.0,2.0,Hull City,0.0,0.0,0.0,0.0,0,0,0,0,4174,Brentford (Home),4
Quenda,MID,Chelsea,5.3,0.0,0.2,a,0,0,0,0,0,0,0,0.0,0.0,0.0,0.09,0,0,0,0,0,0,0,True,2.0,2.0,Hull City,0.0,0.0,0.0,0.0,0,0,0,154,671,Brentford (Home),4
João Pedro,FWD,Chelsea,7.8,72.4,8.2,d,90,1,1,0,2,3,3,0.19,2.17,2.36,6.17,0,0,0,0,0,0,1,True,2.0,2.0,Hull City,54.4,15.7,31.0,10.1,44,3,12,401634,104757,Brentford (Home),4
Marc Guiu,FWD,Chelsea,5.0,0.2,0.0,u,0,0,0,0,0,0,0,0.0,0.0,0.0,0.0,0,0,0,0,0,0,0,True,2.0,2.0,Hull City,0.0,0.0,0.0,0.0,0,0,0,0,8710,Brentford (Home),4
Mheuka,FWD,Chelsea,4.5,0.5,0.0,a,0,0,0,0,0,0,0,0.0,0.0,0.0,0.0,0,0,0,0,0,0,0,True,2.0,2.0,Hull City,0.0,0.0,0.0,0.0,0,0,0,6884,5732,Brentford (Home),4
Emegha,FWD,Chelsea,5.0,0.1,0.0,i,0,0,0,0,0,0,0,0.0,0.0,0.0,0.0,0,0,0,0,0,0,0,True,2.0,2.0,Hull City,0.0,0.0,0.0,0.0,0,0,0,1719,3144,Brentford (Home),4
Lacroix,DEF,Chelsea,6.0,7.1,2.5,a,4,0,0,0,0,0,1,0.21,0.02,0.23,5.28,0,0,0,0,0,0,0,True,2.0,2.0,Hull City,3.6,0.0,0.0,0.4,4,0,1,60756,79879,Brentford (Home),4
Penders,GKP,Chelsea,4.4,0.1,0.0,a,0,0,0,0,0,0,0,0.0,0.0,0.0,0.0,0,0,0,0,0,0,0,True,2.0,2.0,Hull City,0.0,0.0,0.0,0.0,0,0,0,321,803,Brentford (Home),4
Anselmino,DEF,Chelsea,4.5,0.0,0.0,a,0,0,0,0,0,0,0,0.0,0.0,0.0,0.0,0,0,0,0,0,0,0,True,2.0,2.0,Hull City,0.0,0.0,0.0,0.0,0,0,0,222,212,Brentford (Home),4
Barco,MID,Chelsea,5.4,0.1,0.2,a,21,0,0,0,0,0,0,0.09,0.04,0.13,0.61,0,0,0,0,1,0,0,True,2.0,2.0,Hull City,1.6,2.9,2.0,0.7,7,0,0,863,1454,Brentford (Home),4
Chavarria,DEF,Chelsea,4.9,0.1,1.0,a,45,0,0,0,0,0,0,0.03,0.0,0.03,1.45,0,0,0,0,0,0,0,True,2.0,2.0,Hull City,2.0,1.7,2.0,0.6,4,0,1,686,2297,Brentford (Home),4
Pinnock,DEF,Coventry City,4.5,0.1,1.5,a,90,0,0,0,5,0,0,0.0,0.12,0.12,5.47,0,0,0,0,0,0,1,True,0.0,5.0,Brighton,18.0,0.7,4.0,2.3,-11,0,2,688,770,Nott'm Forest (Home),4
Onyeka,MID,Coventry City,4.9,0.1,1.5,a,72,0,0,0,3,0,0,0.02,0.03,0.05,5.21,0,0,0,0,0,0,1,True,0.0,5.0,Brighton,6.2,0.9,21.0,2.8,11,0,2,629,1713,Nott'm Forest (Home),4
Rushworth,GKP,Coventry City,4.5,0.8,1.2,a,90,0,0,2,5,0,0,0.02,0.0,0.02,7.53,0,0,0,0,0,0,1,True,0.0,5.0,Brighton,18.0,0.0,0.0,1.8,-5,0,0,5350,16687,Nott'm Forest (Home),4
Dovin,GKP,Coventry City,4.0,1.1,0.0,u,0,0,0,0,0,0,0,0.0,0.0,0.0,0.0,0,0,0,0,0,0,0,True,0.0,5.0,Brighton,0.0,0.0,0.0,0.0,0,0,0,0,18083,Nott'm Forest (Home),4
Wilson,GKP,Coventry City,4.4,0.4,0.0,a,0,0,0,0,0,0,0,0.0,0.0,0.0,0.0,0,0,0,0,0,0,0,True,0.0,5.0,Brighton,0.0,0.0,0.0,0.0,0,0,0,242,2314,Nott'm Forest (Home),4
Thomas,DEF,Coventry City,4.0,8.8,3.8,a,90,0,0,0,5,0,0,0.26,0.43,0.69,6.99,0,0,0,0,0,0,1,True,0.0,5.0,Brighton,6.8,0.4,23.0,3.0,-17,0,0,154241,83266,Nott'm Forest (Home),4
Kitching,DEF,Coventry City,4.0,0.4,0.0,u,0,0,0,0,0,0,0,0.0,0.0,0.0,0.0,0,0,0,0,0,0,0,True,0.0,5.0,Brighton,0.0,0.0,0.0,0.0,0,0,0,0,10533,Nott'm Forest (Home),4
van Ewijk,DEF,Coventry City,4.0,9.7,1.5,a,90,0,0,0,5,0,0,0.3,0.0,0.3,7.53,0,0,0,0,0,0,1,True,0.0,5.0,Brighton,18.8,11.6,4.0,3.4,-5,0,0,32583,138909,Nott'm Forest (Home),4
Dasilva,DEF,Coventry City,4.0,0.7,1.2,a,90,0,0,0,5,0,0,0.48,0.18,0.66,7.53,0,0,0,0,0,0,1,True,0.0,5.0,Brighton,12.8,26.0,0.0,3.9,-7,0,0,2492,4813,Nott'm Forest (Home),4
Kesler-Hayden,DEF,Coventry City,4.0,0.0,0.0,i,0,0,0,0,0,0,0,0.0,0.0,0.0,0.0,0,0,0,0,0,0,0,True,0.0,5.0,Brighton,0.0,0.0,0.0,0.0,0,0,0,114,710,Nott'm Forest (Home),4
Bidwell,DEF,Coventry City,4.0,0.1,0.0,a,0,0,0,0,0,0,0,0.0,0.0,0.0,0.0,0,0,0,0,0,0,0,True,0.0,5.0,Brighton,0.0,0.0,0.0,0.0,0,0,0,645,805,Nott'm Forest (Home),4
Latibeaudiere,DEF,Coventry City,4.0,0.0,0.0,a,0,0,0,0,0,0,0,0.0,0.0,0.0,0.0,0,0,0,0,0,0,0,True,0.0,5.0,Brighton,0.0,0.0,0.0,0.0,0,0,0,277,378,Nott'm Forest (Home),4
Woolfenden,DEF,Coventry City,4.0,0.1,0.0,i,0,0,0,0,0,0,0,0.0,0.0,0.0,0.0,0,0,0,0,0,0,0,True,0.0,5.0,Brighton,0.0,0.0,0.0,0.0,0,0,0,375,1822,Nott'm Forest (Home),4
Brau,DEF,Coventry City,4.0,0.0,0.0,u,0,0,0,0,0,0,0,0.0,0.0,0.0,0.0,0,0,0,0,0,0,0,True,0.0,5.0,Brighton,0.0,0.0,0.0,0.0,0,0,0,0,477,Nott'm Forest (Home),4
Amenda,DEF,Coventry City,4.0,0.7,1.0,d,90,0,0,0,5,0,0,0.39,0.02,0.41,7.53,0,0,0,0,0,0,1,True,0.0,5.0,Brighton,18.2,10.3,4.0,3.3,-12,0,0,3596,5631,Nott'm Forest (Home),4
Rudoni,MID,Coventry City,4.9,0.1,2.0,a,72,0,0,0,3,0,0,0.91,0.83,1.74,3.64,0,0,0,0,0,0,1,True,0.0,5.0,Brighton,10.8,55.5,25.0,9.1,11,0,2,965,1777,Nott'm Forest (Home),4
Grimes,MID,Coventry City,4.9,0.1,2.0,a,83,0,0,0,4,0,0,0.07,0.1,0.17,7.32,0,0,0,0,0,0,1,True,0.0,5.0,Brighton,5.6,5.8,2.0,1.3,9,0,2,532,2633,Nott'm Forest (Home),4
Sakamoto,MID,Coventry City,4.8,0.1,0.2,a,0,0,0,0,0,0,0,0.02,0.02,0.04,0.69,0,0,0,0,0,0,0,True,0.0,5.0,Brighton,0.0,0.0,0.0,0.0,0,0,0,207,1182,Nott'm Forest (Home),4
Mason-Clark,MID,Coventry City,5.4,0.1,1.0,a,59,0,0,0,2,0,0,0.07,0.49,0.56,2.56,0,0,0,0,0,0,1,True,0.0,5.0,Brighton,6.0,1.0,44.0,5.1,5,0,1,222,1002,Nott'm Forest (Home),4
Eccles,MID,Coventry City,4.9,0.0,0.0,i,0,0,0,0,0,0,0,0.0,0.0,0.0,0.0,0,0,0,0,0,0,0,True,0.0,5.0,Brighton,0.0,0.0,0.0,0.0,0,0,0,93,342,Nott'm Forest (Home),4
Torp,MID,Coventry City,5.4,0.1,0.8,a,6,0,0,0,1,0,0,0.12,0.0,0.12,1.22,0,0,0,0,0,0,0,True,0.0,5.0,Brighton,0.4,0.4,0.0,0.1,3,0,1,52,1594,Nott'm Forest (Home),4
Shepherd,MID,Coventry City,4.4,0.2,0.0,a,0,0,0,0,0,0,0,0.0,0.0,0.0,0.0,0,0,0,0,0,0,0,True,0.0,5.0,Brighton,0.0,0.0,0.0,0.0,0,0,0,1302,3002,Nott'm Forest (Home),4
Tchaouna,MID,Coventry City,5.4,0.1,1.0,a,0,0,0,0,0,0,0,0.18,0.19,0.37,2.73,0,0,0,0,0,0,0,True,0.0,5.0,Brighton,0.0,0.0,0.0,0.0,0,0,0,187,1577,Nott'm Forest (Home),4
Borges Rodrigues,MID,Coventry City,4.5,0.1,0.0,u,0,0,0,0,0,0,0,0.0,0.0,0.0,0.0,0,0,0,0,0,0,0,True,0.0,5.0,Brighton,0.0,0.0,0.0,0.0,0,0,0,0,3328,Nott'm Forest (Home),4
Andrews,MID,Coventry City,4.5,0.3,0.0,u,0,0,0,0,0,0,0,0.0,0.0,0.0,0.0,0,0,0,0,0,0,0,True,0.0,5.0,Brighton,0.0,0.0,0.0,0.0,0,0,0,0,8343,Nott'm Forest (Home),4
Wright,FWD,Coventry City,5.4,0.1,0.0,i,0,0,0,0,0,0,0,0.0,0.0,0.0,0.0,0,0,0,0,0,0,0,True,0.0,5.0,Brighton,0.0,0.0,0.0,0.0,0,0,0,117,1906,Nott'm Forest (Home),4
Thomas-Asante,FWD,Coventry City,5.0,0.8,1.2,a,17,0,0,0,2,0,0,0.05,0.21,0.26,3.88,0,0,0,0,0,0,0,True,0.0,5.0,Brighton,6.0,0.5,26.0,3.3,7,0,1,11154,12674,Nott'm Forest (Home),4
Simms,FWD,Coventry City,5.0,0.7,0.8,a,0,0,0,0,0,0,0,0.01,0.3,0.31,2.55,0,0,0,0,0,0,0,True,0.0,5.0,Brighton,0.0,0.0,0.0,0.0,0,0,0,5606,14189,Nott'm Forest (Home),4
Markelo,FWD,Coventry City,5.0,0.0,0.0,u,0,0,0,0,0,0,0,0.0,0.0,0.0,0.0,0,0,0,0,0,0,0,True,0.0,5.0,Brighton,0.0,0.0,0.0,0.0,0,0,0,0,136,Nott'm Forest (Home),4
Bassette,FWD,Coventry City,4.5,0.0,0.0,u,0,0,0,0,0,0,0,0.0,0.0,0.0,0.0,0,0,0,0,0,0,0,True,0.0,5.0,Brighton,0.0,0.0,0.0,0.0,0,0,0,0,350,Nott'm Forest (Home),4
Awoniyi,FWD,Coventry City,5.5,0.5,0.8,s,52,0,0,0,5,0,0,0.04,1.3,1.34,3.55,0,0,0,0,0,1,1,True,0.0,5.0,Brighton,0.0,10.9,10.0,1.9,-5,0,-2,7191,10299,Nott'm Forest (Home),4
Yirenkyi,MID,Coventry City,4.9,0.2,1.5,a,17,0,0,0,2,0,0,0.14,0.03,0.17,3.17,0,0,0,0,0,0,0,True,0.0,5.0,Brighton,0.0,10.5,0.0,1.0,3,0,1,641,3130,Nott'm Forest (Home),4
Hamer,MID,Coventry City,5.4,0.1,0.8,a,0,0,0,0,0,0,0,0.02,0.0,0.02,0.82,0,0,0,0,0,0,0,True,0.0,5.0,Brighton,0.0,0.0,0.0,0.0,0,0,0,147,1289,Nott'm Forest (Home),4
Cherif,FWD,Coventry City,5.0,0.1,0.2,a,30,0,0,0,3,0,0,0.0,0.0,0.0,1.43,0,0,0,0,0,0,0,True,0.0,5.0,Brighton,1.0,0.2,0.0,0.1,3,0,1,1323,1604,Nott'm Forest (Home),4
Bentley,GKP,Coventry City,4.0,0.6,0.0,a,0,0,0,0,0,0,0,0.0,0.0,0.0,0.0,0,0,0,0,0,0,0,True,0.0,5.0,Brighton,0.0,0.0,0.0,0.0,0,0,0,36983,11094,Nott'm Forest (Home),4
Gboho,MID,Coventry City,5.5,0.0,0.0,a,0,0,0,0,0,0,0,0.0,0.0,0.0,0.0,0,0,0,0,0,0,0,True,0.0,5.0,Brighton,0.0,0.0,0.0,0.0,0,0,0,65,7,Nott'm Forest (Home),4
Mfuni,DEF,Coventry City,4.0,0.1,0.0,a,0,0,0,0,0,0,0,0.0,0.0,0.0,0.0,0,0,0,0,0,0,0,True,0.0,5.0,Brighton,0.0,0.0,0.0,0.0,0,0,0,2811,267,Nott'm Forest (Home),4
Guessand,MID,Crystal Palace,5.4,0.0,0.5,a,0,0,0,0,0,0,0,0.03,0.03,0.06,0.34,0,0,0,0,0,0,0,True,2.0,3.0,Ipswich Town,0.0,0.0,0.0,0.0,0,0,0,935,968,Leeds (Home),4
Disasi,DEF,Crystal Palace,4.5,0.1,0.2,s,33,0,0,0,3,0,0,0.04,0.0,0.04,3.72,0,0,0,0,0,1,1,True,2.0,3.0,Ipswich Town,2.2,0.1,0.0,0.2,-18,0,-3,7208,2487,Leeds (Home),4
Henderson,GKP,Crystal Palace,5.0,1.5,1.2,i,0,0,0,0,0,0,0,0.0,0.0,0.0,6.47,0,0,0,0,0,0,0,True,2.0,3.0,Ipswich Town,0.0,0.0,0.0,0.0,0,0,0,34005,16877,Leeds (Home),4
Benitez,GKP,Crystal Palace,4.5,0.1,0.5,a,90,0,0,3,3,0,0,0.0,0.0,0.0,1.68,0,0,0,0,0,0,1,True,2.0,3.0,Ipswich Town,18.8,0.0,0.0,1.9,3,0,2,563,952,Leeds (Home),4
Richards,DEF,Crystal Palace,5.0,0.6,1.5,a,90,0,0,0,3,0,0,0.06,0.08,0.14,8.15,0,0,0,0,1,0,1,True,2.0,3.0,Ipswich Town,22.4,5.9,0.0,2.8,2,0,2,9105,8608,Leeds (Home),4
Canvot,DEF,Crystal Palace,4.9,0.2,0.5,a,0,0,0,0,0,0,0,0.01,0.05,0.06,6.47,0,0,0,0,0,0,0,True,2.0,3.0,Ipswich Town,0.0,0.0,0.0,0.0,0,0,0,2554,4148,Leeds (Home),4
Mitchell,DEF,Crystal Palace,4.5,6.2,4.2,a,76,0,0,0,2,2,0,0.24,0.77,1.01,7.03,0,0,0,0,0,0,1,True,2.0,3.0,Ipswich Town,7.8,18.1,0.0,2.6,6,0,1,259738,46760,Leeds (Home),4
Sosa,DEF,Crystal Palace,4.5,0.0,0.0,u,0,0,0,0,0,0,0,0.0,0.0,0.0,0.0,0,0,0,0,0,0,0,True,2.0,3.0,Ipswich Town,0.0,0.0,0.0,0.0,0,0,0,0,639,Leeds (Home),4
Chadi Riad,DEF,Crystal Palace,4.4,0.0,0.2,i,0,0,0,0,0,0,0,0.01,0.0,0.01,0.98,0,0,0,0,0,0,0,True,2.0,3.0,Ipswich Town,0.0,0.0,0.0,0.0,0,0,0,58,709,Leeds (Home),4
Mingueza,DEF,Crystal Palace,4.4,0.1,0.5,a,0,0,0,0,0,0,0,0.0,0.0,0.0,0.33,0,0,0,0,0,0,0,True,2.0,3.0,Ipswich Town,0.0,0.0,0.0,0.0,0,0,0,691,1007,Leeds (Home),4
Sarr,MID,Crystal Palace,6.2,0.6,0.0,a,0,0,0,0,0,0,0,0.0,0.0,0.0,0.0,0,0,0,0,0,0,0,True,2.0,3.0,Ipswich Town,0.0,0.0,0.0,0.0,0,0,0,179,37056,Leeds (Home),4
Wharton,MID,Crystal Palace,5.5,0.8,2.5,a,76,0,0,0,2,0,0,0.36,0.08,0.44,7.6,0,0,0,0,0,0,1,True,2.0,3.0,Ipswich Town,5.2,11.8,3.0,2.0,13,0,2,8794,10595,Leeds (Home),4
Yeremy,MID,Crystal Palace,5.5,0.4,3.0,a,36,0,0,0,1,0,2,0.4,0.36,0.76,5.67,0,0,0,0,0,0,1,True,2.0,3.0,Ipswich Town,0.0,2.7,2.0,0.5,4,0,1,36851,9196,Leeds (Home),4
Hughes,MID,Crystal Palace,4.4,7.9,0.5,a,13,0,0,0,1,0,0,0.04,0.0,0.04,1.12,0,0,0,0,0,0,0,True,2.0,3.0,Ipswich Town,5.6,15.0,0.0,2.1,6,0,1,26618,113889,Leeds (Home),4
Lerma,MID,Crystal Palace,4.9,0.1,0.2,a,6,0,0,0,1,0,0,0.0,0.0,0.0,0.48,0,0,0,0,0,0,0,True,2.0,3.0,Ipswich Town,2.2,0.3,0.0,0.3,3,0,1,327,1133,Leeds (Home),4
Kamada,MID,Crystal Palace,5.0,0.5,4.5,a,83,0,2,0,2,0,3,0.35,0.05,0.4,7.54,0,0,0,0,0,0,1,True,2.0,3.0,Ipswich Town,36.2,21.9,2.0,6.0,30,0,8,18109,6124,Leeds (Home),4
Devenny,MID,Crystal Palace,5.0,0.0,0.0,u,0,0,0,0,0,0,0,0.0,0.0,0.0,0.0,0,0,0,0,0,0,0,True,2.0,3.0,Ipswich Town,0.0,0.0,0.0,0.0,0,0,0,0,276,Leeds (Home),4
Esse,MID,Crystal Palace,5.0,0.0,0.0,u,0,0,0,0,0,0,0,0.0,0.0,0.0,0.0,0,0,0,0,0,0,0,True,2.0,3.0,Ipswich Town,0.0,0.0,0.0,0.0,0,0,0,0,963,Leeds (Home),4
M.França,MID,Crystal Palace,4.9,0.0,0.0,u,0,0,0,0,0,0,0,0.0,0.0,0.0,0.0,0,0,0,0,0,0,0,True,2.0,3.0,Ipswich Town,0.0,0.0,0.0,0.0,0,0,0,57,787,Leeds (Home),4
Doucouré,MID,Crystal Palace,4.9,0.0,0.0,a,0,0,0,0,0,0,0,0.0,0.0,0.0,0.0,0,0,0,0,0,0,0,True,2.0,3.0,Ipswich Town,0.0,0.0,0.0,0.0,0,0,0,470,938,Leeds (Home),4
J.Rak-Sakyi,MID,Crystal Palace,4.9,0.0,0.0,u,0,0,0,0,0,0,0,0.0,0.0,0.0,0.0,0,0,0,0,0,0,0,True,2.0,3.0,Ipswich Town,0.0,0.0,0.0,0.0,0,0,0,55,140,Leeds (Home),4
Cardines,DEF,Crystal Palace,4.5,0.0,0.0,u,0,0,0,0,0,0,0,0.0,0.0,0.0,0.0,0,0,0,0,0,0,0,True,2.0,3.0,Ipswich Town,0.0,0.0,0.0,0.0,0,0,0,0,13,Leeds (Home),4
Drakes-Thomas,MID,Crystal Palace,4.5,0.1,0.0,a,0,0,0,0,0,0,0,0.0,0.0,0.0,0.0,0,0,0,0,0,0,0,True,2.0,3.0,Ipswich Town,0.0,0.0,0.0,0.0,0,0,0,850,1076,Leeds (Home),4
Strand Larsen,FWD,Crystal Palace,6.0,0.6,3.0,a,83,1,0,0,2,1,0,0.03,0.39,0.42,4.89,0,0,0,0,0,0,1,True,2.0,3.0,Ipswich Town,40.8,12.8,31.0,8.5,39,2,8,21000,9640,Leeds (Home),4
Mateta,FWD,Crystal Palace,6.3,1.4,0.5,i,0,0,0,0,0,0,0,0.02,0.7,0.72,0.98,0,0,0,0,0,0,0,True,2.0,3.0,Ipswich Town,0.0,0.0,0.0,0.0,0,0,0,343,72992,Leeds (Home),4
Nketiah,FWD,Crystal Palace,5.5,0.5,1.8,a,0,0,0,0,0,0,1,0.58,1.1,1.68,4.45,0,0,0,0,0,0,0,True,2.0,3.0,Ipswich Town,0.0,0.0,0.0,0.0,0,0,0,29818,9604,Leeds (Home),4
Uche,FWD,Crystal Palace,5.0,0.0,0.0,u,0,0,0,0,0,0,0,0.0,0.0,0.0,0.0,0,0,0,0,0,0,0,True,2.0,3.0,Ipswich Town,0.0,0.0,0.0,0.0,0,0,0,0,0,Leeds (Home),4
McNeil,MID,Crystal Palace,5.4,0.1,0.8,a,0,0,0,0,0,0,0,0.02,0.05,0.07,1.18,0,0,0,0,0,0,0,True,2.0,3.0,Ipswich Town,0.0,0.0,0.0,0.0,0,0,0,510,1860,Leeds (Home),4
Matthews,GKP,Crystal Palace,4.0,1.7,0.0,a,0,0,0,0,0,0,0,0.0,0.0,0.0,0.0,0,0,0,0,0,0,0,True,2.0,3.0,Ipswich Town,0.0,0.0,0.0,0.0,0,0,0,5212,7749,Leeds (Home),4
Tomiyasu,DEF,Crystal Palace,4.4,0.3,0.5,a,53,0,0,0,2,0,0,0.02,0.0,0.02,3.44,0,0,0,0,0,0,0,True,2.0,3.0,Ipswich Town,10.2,1.3,4.0,1.6,6,0,0,625,3199,Leeds (Home),4
Khalaili,DEF,Crystal Palace,5.0,0.3,3.2,a,90,1,0,0,3,1,0,0.31,0.96,1.27,7.1,0,0,0,0,0,0,1,True,2.0,3.0,Ipswich Town,40.4,16.0,31.0,8.7,4,0,7,22369,5347,Leeds (Home),4
Gozo,MID,Crystal Palace,5.0,0.0,0.5,a,6,0,0,0,1,0,0,0.0,0.0,0.0,0.68,0,0,0,0,0,0,0,True,2.0,3.0,Ipswich Town,0.0,0.3,0.0,0.0,3,0,1,110,198,Leeds (Home),4
Ahanor,DEF,Crystal Palace,4.5,0.0,1.5,a,90,0,0,0,3,0,0,0.01,0.0,0.01,1.68,0,0,0,0,0,0,1,True,2.0,3.0,Ipswich Town,24.6,11.9,4.0,4.1,10,0,3,848,180,Leeds (Home),4
Chilwell,DEF,Crystal Palace,4.5,0.5,4.0,a,13,0,0,0,1,1,0,0.01,0.27,0.28,1.12,0,0,0,0,0,0,0,True,2.0,3.0,Ipswich Town,0.2,3.5,4.0,0.8,1,0,1,38522,5669,Leeds (Home),4
Timber,MID,Crystal Palace,5.0,0.0,3.0,a,90,0,0,0,3,0,0,0.03,0.12,0.15,4.25,0,0,0,0,0,0,1,True,2.0,3.0,Ipswich Town,25.2,4.9,27.0,5.7,24,0,4,1757,464,Leeds (Home),4
Osorio,MID,Crystal Palace,5.5,0.0,0.5,a,0,0,0,0,0,0,0,0.0,0.0,0.0,0.13,0,0,0,0,0,0,0,True,2.0,3.0,Ipswich Town,0.0,0.0,0.0,0.0,0,0,0,378,115,Leeds (Home),4
Nørgaard,MID,Everton,4.9,0.0,0.0,i,0,0,0,0,0,0,0,0.0,0.0,0.0,0.0,0,0,0,0,0,0,0,False,0.0,0.0,Spurs,0.0,0.0,0.0,0.0,0,0,0,83,1282,Ipswich Town (Away),4
Johnson,MID,Everton,5.9,0.1,1.5,a,74,0,0,0,0,0,0,0.22,0.21,0.43,2.67,1,0,0,0,0,0,1,False,0.0,0.0,Spurs,11.2,29.0,6.0,4.6,13,0,3,1069,2197,Ipswich Town (Away),4
Pickford,GKP,Everton,5.5,9.0,4.2,a,90,0,0,2,0,0,0,0.02,0.0,0.02,5.5,1,0,0,0,0,0,1,False,0.0,0.0,Spurs,11.6,0.0,0.0,1.2,25,0,6,69771,68979,Ipswich Town (Away),4
Travers,GKP,Everton,5.0,0.0,0.0,a,0,0,0,0,0,0,0,0.0,0.0,0.0,0.0,0,0,0,0,0,0,0,False,0.0,0.0,Spurs,0.0,0.0,0.0,0.0,0,0,0,410,439,Ipswich Town (Away),4
King,GKP,Everton,4.5,0.0,0.0,a,0,0,0,0,0,0,0,0.0,0.0,0.0,0.0,0,0,0,0,0,0,0,False,0.0,0.0,Spurs,0.0,0.0,0.0,0.0,0,0,0,278,378,Ipswich Town (Away),4
Tarkowski,DEF,Everton,6.1,13.9,7.2,a,90,0,0,0,0,1,0,0.03,0.17,0.2,5.5,1,0,0,0,0,0,1,False,0.0,0.0,Spurs,19.2,1.8,0.0,2.1,32,2,8,163569,91762,Ipswich Town (Away),4
Branthwaite,DEF,Everton,5.5,2.2,4.8,a,90,0,0,0,0,0,0,0.02,0.17,0.19,5.5,1,0,0,0,0,0,1,False,0.0,0.0,Spurs,30.0,3.4,0.0,3.3,27,0,6,35472,20969,Ipswich Town (Away),4
Keane,DEF,Everton,4.8,0.8,0.0,a,0,0,0,0,0,0,0,0.0,0.0,0.0,0.0,0,0,0,0,0,0,0,False,0.0,0.0,Spurs,0.0,0.0,0.0,0.0,0,0,0,1268,16701,Ipswich Town (Away),4
O'Brien,DEF,Everton,4.9,0.3,0.2,a,15,0,0,0,0,0,0,0.0,0.0,0.0,0.26,0,0,0,0,0,0,0,False,0.0,0.0,Spurs,1.0,0.0,0.0,0.1,2,0,1,666,4529,Ipswich Town (Away),4
Mykolenko,DEF,Everton,4.5,3.5,5.5,a,90,0,0,0,0,0,0,0.14,0.0,0.14,5.5,1,0,0,0,0,0,1,False,0.0,0.0,Spurs,24.4,11.3,4.0,4.0,38,3,11,70682,37005,Ipswich Town (Away),4
Patterson,DEF,Everton,4.5,0.0,0.0,u,0,0,0,0,0,0,0,0.0,0.0,0.0,0.0,0,0,0,0,0,0,0,False,0.0,0.0,Spurs,0.0,0.0,0.0,0.0,0,0,0,0,744,Ipswich Town (Away),4
Aznou,DEF,Everton,4.0,0.1,0.0,u,0,0,0,0,0,0,0,0.0,0.0,0.0,0.0,0,0,0,0,0,0,0,False,0.0,0.0,Spurs,0.0,0.0,0.0,0.0,0,0,0,0,3078,Ipswich Town (Away),4
Dewsbury-Hall,MID,Everton,6.5,5.7,4.2,a,90,0,0,0,0,1,0,0.49,0.62,1.11,5.46,1,0,0,0,1,0,1,False,0.0,0.0,Spurs,15.0,19.0,28.0,6.2,16,0,2,141140,99920,Ipswich Town (Away),4
Grealish,MID,Everton,6.5,0.4,0.8,a,25,0,0,0,0,0,0,0.14,0.02,0.16,0.61,0,0,0,0,0,0,0,False,0.0,0.0,Spurs,3.4,1.2,2.0,0.7,4,0,1,16008,6311,Ipswich Town (Away),4
Garner,MID,Everton,6.0,0.2,2.0,a,90,0,0,0,0,0,0,0.13,0.04,0.17,2.01,1,0,0,0,1,0,1,False,0.0,0.0,Spurs,23.6,5.1,7.0,3.6,23,0,4,2679,3703,Ipswich Town (Away),4
George,MID,Everton,5.5,0.9,4.5,a,64,0,0,0,0,1,0,0.31,0.32,0.63,3.33,1,0,0,0,0,0,1,False,0.0,0.0,Spurs,6.4,15.4,5.0,2.7,13,0,3,50072,13425,Ipswich Town (Away),4
Alcaraz,MID,Everton,4.9,0.1,0.2,a,0,0,0,0,0,0,0,0.02,0.05,0.07,0.04,0,0,0,0,0,0,0,False,0.0,0.0,Spurs,0.0,0.0,0.0,0.0,0,0,0,594,1325,Ipswich Town (Away),4
Armstrong,MID,Everton,5.0,0.4,3.5,d,90,0,0,0,0,0,1,0.12,0.09,0.21,5.5,1,0,0,0,0,0,1,False,0.0,0.0,Spurs,12.4,4.5,2.0,1.9,6,0,3,12956,8851,Ipswich Town (Away),4
Dibling,MID,Everton,5.4,0.0,0.0,a,0,0,0,0,0,0,0,0.0,0.0,0.0,0.0,0,0,0,0,0,0,0,False,0.0,0.0,Spurs,0.0,0.0,0.0,0.0,0,0,0,210,505,Ipswich Town (Away),4
Röhl,MID,Everton,4.9,0.0,1.5,d,0,0,0,0,0,0,0,0.2,0.0,0.2,4.52,0,0,0,0,0,0,0,False,0.0,0.0,Spurs,0.0,0.0,0.0,0.0,0,0,0,572,1041,Ipswich Town (Away),4
Hackney,MID,Everton,5.5,0.2,2.2,a,15,0,0,0,0,0,1,0.13,0.05,0.18,3.75,0,0,0,0,0,0,0,False,0.0,0.0,Spurs,3.2,10.8,4.0,1.8,3,0,1,1482,1962,Ipswich Town (Away),4
Beto,FWD,Everton,5.4,0.7,0.5,u,0,0,0,0,0,0,0,0.0,0.09,0.09,1.92,0,0,0,0,0,0,0,False,0.0,0.0,Spurs,0.0,0.0,0.0,0.0,0,0,0,0,62064,Ipswich Town (Away),4
Barry,FWD,Everton,5.6,7.1,3.5,a,90,0,0,0,0,1,0,0.14,2.98,3.12,3.58,1,0,0,0,0,0,1,False,0.0,0.0,Spurs,3.2,14.0,57.0,7.4,5,0,2,273770,120075,Ipswich Town (Away),4
Maitland-Niles,DEF,Everton,4.5,0.8,6.5,a,74,0,0,0,0,1,0,0.14,0.06,0.2,0.72,1,0,0,0,0,0,1,False,0.0,0.0,Spurs,10.0,12.0,1.0,2.3,23,0,6,18405,3702,Ipswich Town (Away),4
Graham,MID,Everton,4.5,0.1,0.0,a,0,0,0,0,0,0,0,0.0,0.0,0.0,0.0,0,0,0,0,0,0,0,False,0.0,0.0,Spurs,0.0,0.0,0.0,0.0,0,0,0,9461,2061,Ipswich Town (Away),4
Leno,GKP,Fulham,4.5,3.1,3.8,a,90,0,0,3,0,0,0,0.0,0.0,0.0,7.51,1,0,0,0,0,0,1,False,0.0,0.0,Liverpool,25.4,0.0,0.0,2.5,29,2,9,19790,35024,Man Utd (Away),4
Lecomte,GKP,Fulham,4.0,1.1,0.0,a,0,0,0,0,0,0,0,0.0,0.0,0.0,0.0,0,0,0,0,0,0,0,False,0.0,0.0,Liverpool,0.0,0.0,0.0,0.0,0,0,0,8151,7170,Man Utd (Away),4
McNally,GKP,Fulham,4.0,0.1,0.0,u,0,0,0,0,0,0,0,0.0,0.0,0.0,0.0,0,0,0,0,0,0,0,False,0.0,0.0,Liverpool,0.0,0.0,0.0,0.0,0,0,0,0,1879,Man Utd (Away),4
Andersen,DEF,Fulham,5.0,0.1,0.5,a,0,0,0,0,0,0,0,0.1,0.0,0.1,3.99,0,0,0,0,0,0,0,False,0.0,0.0,Liverpool,0.0,0.0,0.0,0.0,0,0,0,1887,3265,Man Utd (Away),4
Robinson,DEF,Fulham,4.5,1.4,2.5,a,90,0,0,0,0,0,0,0.21,0.26,0.47,7.48,1,0,0,0,0,0,1,False,0.0,0.0,Liverpool,17.6,22.1,6.0,4.6,25,0,6,4729,26085,Man Utd (Away),4
J.Cuenca,DEF,Fulham,4.5,0.0,0.8,a,0,0,0,0,0,0,0,0.03,0.0,0.03,2.24,0,0,0,0,0,0,0,False,0.0,0.0,Liverpool,0.0,0.0,0.0,0.0,0,0,0,104,613,Man Utd (Away),4
Tete,DEF,Fulham,4.4,0.2,0.0,a,27,0,0,0,0,0,0,0.0,0.0,0.0,0.65,0,0,0,0,1,0,0,False,0.0,0.0,Liverpool,1.6,0.3,2.0,0.4,-1,0,0,237,2295,Man Utd (Away),4
Bassey,DEF,Fulham,4.5,0.7,2.2,a,90,0,0,0,0,0,0,0.07,0.07,0.14,7.51,1,0,0,0,0,0,1,False,0.0,0.0,Liverpool,23.4,0.7,21.0,4.5,27,0,6,2294,10216,Man Utd (Away),4
Castagne,DEF,Fulham,4.5,0.8,4.8,a,71,0,0,0,0,0,2,0.38,0.67,1.05,5.21,1,0,0,0,0,0,1,False,0.0,0.0,Liverpool,11.2,0.8,2.0,1.4,23,0,6,6203,17661,Man Utd (Away),4
Iwobi,MID,Fulham,5.4,0.7,2.2,a,76,0,0,0,0,0,0,0.81,0.2,1.01,7.04,1,0,0,0,0,0,1,False,0.0,0.0,Liverpool,7.6,33.7,10.0,5.1,15,0,3,2396,16515,Man Utd (Away),4
Smith Rowe,MID,Fulham,5.4,0.2,0.8,a,13,0,0,0,0,0,0,0.02,0.06,0.08,0.87,0,0,0,0,0,0,0,False,0.0,0.0,Liverpool,1.2,0.5,0.0,0.2,3,0,1,777,4894,Man Utd (Away),4
Kevin,MID,Fulham,5.3,0.0,0.8,a,18,0,0,0,0,0,0,0.12,0.03,0.15,0.74,0,0,0,0,0,0,0,False,0.0,0.0,Liverpool,0.2,3.3,1.0,0.5,4,0,1,236,1062,Man Utd (Away),4
Bobb,MID,Fulham,5.5,0.3,2.5,a,62,0,0,0,0,0,0,1.05,0.32,1.37,5.07,1,0,0,0,0,0,1,False,0.0,0.0,Liverpool,10.0,30.0,4.0,4.4,12,0,3,2106,6238,Man Utd (Away),4
Berge,MID,Fulham,4.9,0.3,2.0,a,90,0,0,0,0,0,0,0.34,0.03,0.37,6.18,1,0,0,0,0,0,1,False,0.0,0.0,Liverpool,18.6,11.7,6.0,3.6,14,0,3,748,5043,Man Utd (Away),4
Cairney,MID,Fulham,4.9,0.0,0.0,i,0,0,0,0,0,0,0,0.0,0.0,0.0,0.0,0,0,0,0,0,0,0,False,0.0,0.0,Liverpool,0.0,0.0,0.0,0.0,0,0,0,50,53,Man Utd (Away),4
King,MID,Fulham,5.5,1.7,5.5,a,76,0,0,0,0,2,0,0.43,1.16,1.59,7.04,1,0,0,0,0,0,1,False,0.0,0.0,Liverpool,11.4,14.3,37.0,6.3,19,0,3,81597,34482,Man Utd (Away),4
Sessegnon,DEF,Fulham,4.4,0.3,0.8,d,0,0,0,0,0,0,0,0.44,0.13,0.57,1.8,0,0,0,0,0,0,0,False,0.0,0.0,Liverpool,0.0,0.0,0.0,0.0,0,0,0,369,4551,Man Utd (Away),4
Reed,MID,Fulham,4.4,1.2,0.0,a,0,0,0,0,0,0,0,0.0,0.0,0.0,0.0,0,0,0,0,0,0,0,False,0.0,0.0,Liverpool,0.0,0.0,0.0,0.0,0,0,0,3620,16001,Man Utd (Away),4
Muniz,FWD,Fulham,5.4,0.4,0.8,a,13,0,0,0,0,0,0,0.0,0.4,0.4,0.49,0,0,0,0,0,0,0,False,0.0,0.0,Liverpool,2.0,0.3,2.0,0.4,4,0,1,3624,7896,Man Utd (Away),4
Kusi-Asare,FWD,Fulham,4.5,5.8,0.0,a,0,0,0,0,0,0,0,0.0,0.0,0.0,0.0,0,0,0,0,0,0,0,False,0.0,0.0,Liverpool,0.0,0.0,0.0,0.0,0,0,0,35011,80739,Man Utd (Away),4
Gonzalo,FWD,Fulham,6.0,3.6,3.0,a,76,0,0,0,0,1,0,0.25,1.64,1.89,7.04,1,0,0,0,0,0,1,False,0.0,0.0,Liverpool,4.4,10.9,10.0,2.5,5,0,2,38609,108825,Man Utd (Away),4
Palacios,MID,Fulham,5.4,0.2,2.8,a,0,0,0,0,0,1,0,0.03,0.98,1.01,4.97,0,0,0,0,0,0,0,False,0.0,0.0,Liverpool,0.0,0.0,0.0,0.0,0,0,0,1449,2132,Man Utd (Away),4
Charles,MID,Fulham,5.0,0.1,2.2,a,90,0,0,0,0,0,0,0.14,0.09,0.23,5.05,1,0,0,0,0,0,1,False,0.0,0.0,Liverpool,29.0,3.4,0.0,3.2,19,0,5,295,931,Man Utd (Away),4
De Fougerolles,DEF,Fulham,4.0,0.1,0.0,u,0,0,0,0,0,0,0,0.0,0.0,0.0,0.0,0,0,0,0,0,0,0,False,0.0,0.0,Liverpool,0.0,0.0,0.0,0.0,0,0,0,515,1265,Man Utd (Away),4
Zepa,MID,Fulham,4.5,0.3,0.0,a,0,0,0,0,0,0,0,0.0,0.0,0.0,0.0,0,0,0,0,0,0,0,False,0.0,0.0,Liverpool,0.0,0.0,0.0,0.0,0,0,0,11161,6526,Man Utd (Away),4
Larsson,MID,Fulham,5.0,0.0,1.0,a,13,0,0,0,0,0,0,0.23,0.13,0.36,0.46,0,0,0,0,0,0,0,False,0.0,0.0,Liverpool,0.0,0.5,0.0,0.1,3,0,1,266,81,Man Utd (Away),4
Ángel,MID,Fulham,5.0,0.0,0.0,a,0,0,0,0,0,0,0,0.0,0.0,0.0,0.0,0,0,0,0,0,0,0,False,0.0,0.0,Liverpool,0.0,0.0,0.0,0.0,0,0,0,133,54,Man Utd (Away),4
Affengruber,DEF,Fulham,4.5,0.0,4.0,a,90,0,0,0,0,0,0,0.0,0.0,0.0,1.28,1,0,0,0,0,0,1,False,0.0,0.0,Liverpool,18.6,3.3,0.0,2.2,23,0,8,274,102,Man Utd (Away),4
Iroegbunam,MID,Hull City,5.0,0.0,0.2,a,21,0,0,0,0,0,0,0.0,0.0,0.0,0.35,0,0,0,0,1,0,0,False,2.0,2.0,Chelsea,3.0,0.2,0.0,0.3,2,0,0,334,206,Newcastle (Home),4
Phillips,GKP,Hull City,4.0,1.4,0.0,a,0,0,0,0,0,0,0,0.0,0.0,0.0,0.0,0,0,0,0,0,0,0,False,2.0,2.0,Chelsea,0.0,0.0,0.0,0.0,0,0,0,8596,9813,Newcastle (Home),4
Butland,GKP,Hull City,4.5,0.1,0.0,i,0,0,0,0,0,0,0,0.0,0.0,0.0,0.0,0,0,0,0,0,0,0,False,2.0,2.0,Chelsea,0.0,0.0,0.0,0.0,0,0,0,170,839,Newcastle (Home),4
Cartwright,GKP,Hull City,4.0,0.0,0.0,u,0,0,0,0,0,0,0,0.0,0.0,0.0,0.0,0,0,0,0,0,0,0,False,2.0,2.0,Chelsea,0.0,0.0,0.0,0.0,0,0,0,0,67,Newcastle (Home),4
Lo-Tutala,GKP,Hull City,4.0,0.0,0.0,u,0,0,0,0,0,0,0,0.0,0.0,0.0,0.0,0,0,0,0,0,0,0,False,2.0,2.0,Chelsea,0.0,0.0,0.0,0.0,0,0,0,0,204,Newcastle (Home),4
Egan,DEF,Hull City,4.1,6.9,6.2,a,90,0,0,0,2,0,0,0.0,0.04,0.04,5.96,0,0,0,0,1,0,1,False,2.0,2.0,Chelsea,14.2,0.5,6.0,2.1,-1,0,2,223735,73551,Newcastle (Home),4
Hughes,DEF,Hull City,3.9,0.3,0.0,i,0,0,0,0,0,0,0,0.0,0.0,0.0,0.0,0,0,0,0,0,0,0,False,2.0,2.0,Chelsea,0.0,0.0,0.0,0.0,0,0,0,174,1190,Newcastle (Home),4
Ajayi,DEF,Hull City,4.2,13.9,6.5,a,90,0,0,0,2,1,0,0.0,0.65,0.65,4.99,0,0,0,0,0,0,1,False,2.0,2.0,Chelsea,5.4,1.3,6.0,1.3,-6,0,1,349993,78543,Newcastle (Home),4
Coyle,DEF,Hull City,4.0,0.7,3.2,a,81,0,0,0,2,0,0,0.03,0.13,0.16,4.78,0,0,0,0,0,0,1,False,2.0,2.0,Chelsea,5.6,10.9,5.0,2.2,2,0,1,9488,4128,Newcastle (Home),4
Drameh,DEF,Hull City,4.0,0.0,0.5,u,0,0,0,0,0,0,0,0.0,0.05,0.05,0.87,0,0,0,0,0,0,0,False,2.0,2.0,Chelsea,0.0,0.0,0.0,0.0,0,0,0,0,1503,Newcastle (Home),4
Giles,DEF,Hull City,4.0,2.7,6.0,a,90,0,1,0,2,0,1,0.35,0.02,0.37,5.89,0,0,0,0,0,0,1,False,2.0,2.0,Chelsea,32.4,33.5,0.0,6.6,20,0,4,75912,16922,Newcastle (Home),4
Jacob,DEF,Hull City,4.0,0.0,0.0,u,0,0,0,0,0,0,0,0.0,0.0,0.0,0.0,0,0,0,0,0,0,0,False,2.0,2.0,Chelsea,0.0,0.0,0.0,0.0,0,0,0,0,125,Newcastle (Home),4
McCarthy,DEF,Hull City,4.0,0.1,0.0,a,0,0,0,0,0,0,0,0.0,0.0,0.0,0.0,0,0,0,0,0,0,0,False,2.0,2.0,Chelsea,0.0,0.0,0.0,0.0,0,0,0,986,1040,Newcastle (Home),4
McNair,DEF,Hull City,4.0,0.1,0.2,a,0,0,0,0,0,0,0,0.0,0.0,0.0,0.96,0,0,0,0,0,0,0,False,2.0,2.0,Chelsea,0.0,0.0,0.0,0.0,0,0,0,574,1203,Newcastle (Home),4
Belloumi,MID,Hull City,5.1,3.8,6.8,a,59,2,0,0,1,2,1,0.12,0.37,0.49,5.13,0,0,0,0,0,0,1,False,2.0,2.0,Chelsea,68.2,11.7,31.0,11.1,43,2,13,26566,11658,Newcastle (Home),4
Millar,MID,Hull City,5.0,0.0,1.5,u,0,0,0,0,0,1,0,0.0,0.58,0.58,0.87,0,0,0,0,0,0,0,False,2.0,2.0,Chelsea,0.0,0.0,0.0,0.0,0,0,0,0,2492,Newcastle (Home),4
Dowell,MID,Hull City,4.5,0.3,0.0,a,0,0,0,0,0,0,0,0.0,0.0,0.0,0.0,0,0,0,0,0,0,0,False,2.0,2.0,Chelsea,0.0,0.0,0.0,0.0,0,0,0,2721,4919,Newcastle (Home),4
Crooks,MID,Hull City,4.5,0.5,0.8,a,68,0,0,0,2,0,0,0.0,0.0,0.0,2.38,0,0,0,0,1,0,1,False,2.0,2.0,Chelsea,11.0,0.4,0.0,1.1,2,0,1,2257,8983,Newcastle (Home),4
Slater,MID,Hull City,4.5,5.5,3.2,a,90,0,0,0,2,0,1,0.56,0.08,0.64,5.96,0,0,0,0,0,0,1,False,2.0,2.0,Chelsea,19.2,26.9,7.0,5.3,22,0,2,170308,88811,Newcastle (Home),4
Matazo,MID,Hull City,4.5,0.0,0.0,i,0,0,0,0,0,0,0,0.0,0.0,0.0,0.0,0,0,0,0,0,0,0,False,2.0,2.0,Chelsea,0.0,0.0,0.0,0.0,0,0,0,117,116,Newcastle (Home),4
Ömür,MID,Hull City,4.9,0.0,0.0,a,0,0,0,0,0,0,0,0.0,0.0,0.0,0.0,0,0,0,0,0,0,0,False,2.0,2.0,Chelsea,0.0,0.0,0.0,0.0,0,0,0,298,328,Newcastle (Home),4
Kamara,MID,Hull City,5.0,0.0,0.0,u,0,0,0,0,0,0,0,0.0,0.0,0.0,0.0,0,0,0,0,0,0,0,False,2.0,2.0,Chelsea,0.0,0.0,0.0,0.0,0,0,0,0,47,Newcastle (Home),4
Zambrano,MID,Hull City,4.5,0.1,0.0,a,0,0,0,0,0,0,0,0.0,0.0,0.0,0.0,0,0,0,0,0,0,0,False,2.0,2.0,Chelsea,0.0,0.0,0.0,0.0,0,0,0,1379,1121,Newcastle (Home),4
McBurnie,FWD,Hull City,5.5,2.0,3.0,a,81,0,1,0,2,0,2,0.11,0.87,0.98,5.77,0,0,0,0,1,0,1,False,2.0,2.0,Chelsea,23.6,10.8,19.0,5.3,17,0,4,22215,40731,Newcastle (Home),4
Akintola,MID,Hull City,5.0,0.0,0.0,u,0,0,0,0,0,0,0,0.0,0.0,0.0,0.0,0,0,0,0,0,0,0,False,2.0,2.0,Chelsea,0.0,0.0,0.0,0.0,0,0,0,522,1125,Newcastle (Home),4
Gyabi,MID,Hull City,4.5,0.0,0.0,i,0,0,0,0,0,0,0,0.0,0.0,0.0,0.0,0,0,0,0,0,0,0,False,2.0,2.0,Chelsea,0.0,0.0,0.0,0.0,0,0,0,123,282,Newcastle (Home),4
Destan,FWD,Hull City,4.5,0.2,0.0,u,0,0,0,0,0,0,0,0.0,0.0,0.0,0.0,0,0,0,0,0,0,0,False,2.0,2.0,Chelsea,0.0,0.0,0.0,0.0,0,0,0,0,3752,Newcastle (Home),4
Burstow,FWD,Hull City,4.5,0.0,0.0,u,0,0,0,0,0,0,0,0.0,0.0,0.0,0.0,0,0,0,0,0,0,0,False,2.0,2.0,Chelsea,0.0,0.0,0.0,0.0,0,0,0,0,497,Newcastle (Home),4
Gelhardt,MID,Hull City,5.0,0.0,0.0,a,0,0,0,0,0,0,0,0.0,0.0,0.0,0.0,0,0,0,0,0,0,0,False,2.0,2.0,Chelsea,0.0,0.0,0.0,0.0,0,0,0,185,163,Newcastle (Home),4
Targett,DEF,Hull City,4.0,1.8,0.2,d,0,0,0,0,0,0,0,0.0,0.0,0.0,0.07,0,0,0,0,0,0,0,False,2.0,2.0,Chelsea,0.0,0.0,0.0,0.0,0,0,0,5238,19245,Newcastle (Home),4
Morita,MID,Hull City,5.0,0.0,0.2,i,0,0,0,0,0,0,0,0.0,0.0,0.0,1.09,0,0,0,0,0,0,0,False,2.0,2.0,Chelsea,0.0,0.0,0.0,0.0,0,0,0,141,510,Newcastle (Home),4
Tzolakis,GKP,Hull City,4.6,11.2,7.0,a,90,0,0,5,2,0,0,0.0,0.0,0.0,5.96,0,0,0,0,0,0,1,False,2.0,2.0,Chelsea,29.4,0.0,0.0,2.9,15,0,2,238858,67748,Newcastle (Home),4
Hjertø-Dahl,MID,Hull City,4.9,0.1,0.2,a,0,0,0,0,0,0,0,0.0,0.0,0.0,0.0,0,0,0,0,0,0,0,False,2.0,2.0,Chelsea,0.0,0.0,0.0,0.0,0,0,0,444,865,Newcastle (Home),4
Stroud,MID,Hull City,5.0,0.1,1.8,a,59,0,0,0,1,0,0,0.05,0.06,0.11,4.32,0,0,0,0,0,0,1,False,2.0,2.0,Chelsea,0.0,1.8,1.0,0.2,3,0,1,621,1031,Newcastle (Home),4
Herrington,DEF,Hull City,4.0,0.6,1.0,a,31,0,0,0,1,0,0,0.01,0.0,0.01,1.92,0,0,0,0,0,0,0,False,2.0,2.0,Chelsea,1.6,0.4,0.0,0.2,-1,0,1,2136,4592,Newcastle (Home),4
Mendy,DEF,Hull City,4.1,6.9,6.2,i,58,0,0,0,1,1,0,0.0,0.32,0.32,4.02,0,0,0,0,0,0,1,False,2.0,2.0,Chelsea,12.6,0.2,0.0,1.3,3,0,1,316492,70463,Newcastle (Home),4
Gourna-Douath,MID,Hull City,5.0,0.0,0.8,a,0,0,0,0,0,0,0,0.02,0.0,0.02,2.13,0,0,0,0,0,0,0,False,2.0,2.0,Chelsea,0.0,0.0,0.0,0.0,0,0,0,172,283,Newcastle (Home),4
Cho,MID,Hull City,5.0,0.0,1.0,a,30,0,0,0,1,0,0,0.16,0.52,0.68,0.82,0,0,0,0,0,0,0,False,2.0,2.0,Chelsea,7.2,18.5,21.0,4.7,3,0,1,339,192,Newcastle (Home),4
Ansah,FWD,Hull City,5.0,0.0,0.0,i,0,0,0,0,0,0,0,0.0,0.0,0.0,0.0,0,0,0,0,0,0,0,False,2.0,2.0,Chelsea,0.0,0.0,0.0,0.0,0,0,0,2674,1552,Newcastle (Home),4
Vaz,FWD,Hull City,5.0,0.1,0.5,a,8,0,0,0,0,0,0,0.0,0.0,0.0,0.18,0,0,0,0,0,0,0,False,2.0,2.0,Chelsea,0.0,0.5,0.0,0.0,3,0,1,3312,901,Newcastle (Home),4
Norton-Cuffy,DEF,Hull City,4.0,0.3,0.5,a,8,0,0,0,0,0,0,0.0,0.05,0.05,0.3,0,0,0,0,1,0,0,False,2.0,2.0,Chelsea,0.0,0.3,7.0,0.7,0,0,0,14148,3476,Newcastle (Home),4
Thomas,MID,Hull City,5.5,0.0,1.0,a,30,0,0,0,1,0,0,0.07,0.02,0.09,0.76,0,0,0,0,0,0,0,False,2.0,2.0,Chelsea,5.6,14.8,4.0,2.4,6,0,1,883,277,Newcastle (Home),4
Mouzakitis,MID,Hull City,5.0,0.0,0.0,a,0,0,0,0,0,0,0,0.0,0.0,0.0,0.0,0,0,0,0,0,0,0,False,2.0,2.0,Chelsea,0.0,0.0,0.0,0.0,0,0,0,270,90,Newcastle (Home),4
Diop,DEF,Ipswich Town,4.0,13.5,2.0,a,90,0,0,0,2,0,0,0.15,0.0,0.15,6.74,0,0,0,0,0,0,1,False,2.0,3.0,Crystal Palace,15.0,1.8,2.0,1.9,8,0,1,39336,143602,Everton (Home),4
Lukić,MID,Ipswich Town,5.0,0.1,2.2,a,76,0,0,0,2,0,1,0.16,0.02,0.18,5.61,0,0,0,0,1,0,1,False,2.0,3.0,Crystal Palace,10.2,23.5,2.0,3.6,8,0,1,772,1417,Everton (Home),4
Walton,GKP,Ipswich Town,4.4,0.4,0.0,a,0,0,0,0,0,0,0,0.0,0.0,0.0,0.0,0,0,0,0,0,0,0,False,2.0,3.0,Crystal Palace,0.0,0.0,0.0,0.0,0,0,0,363,2771,Everton (Home),4
Palmer,GKP,Ipswich Town,4.0,4.0,0.0,a,0,0,0,0,0,0,0,0.0,0.0,0.0,0.0,0,0,0,0,0,0,0,False,2.0,3.0,Crystal Palace,0.0,0.0,0.0,0.0,0,0,0,24047,32884,Everton (Home),4
Button,GKP,Ipswich Town,4.0,0.6,0.0,a,0,0,0,0,0,0,0,0.0,0.0,0.0,0.0,0,0,0,0,0,0,0,False,2.0,3.0,Crystal Palace,0.0,0.0,0.0,0.0,0,0,0,17503,5812,Everton (Home),4
Kipré,DEF,Ipswich Town,3.9,1.0,0.0,a,0,0,0,0,0,0,0,0.0,0.0,0.0,0.0,0,0,0,0,0,0,0,False,2.0,3.0,Crystal Palace,0.0,0.0,0.0,0.0,0,0,0,589,4130,Everton (Home),4
O'Shea,DEF,Ipswich Town,4.0,2.8,2.0,a,90,0,0,0,2,0,0,0.26,0.07,0.33,6.74,0,0,0,0,0,0,1,False,2.0,3.0,Crystal Palace,29.6,30.8,4.0,6.4,5,0,1,18186,40551,Everton (Home),4
Davis,DEF,Ipswich Town,4.0,6.5,5.8,a,90,1,2,0,2,2,2,0.44,1.17,1.61,6.74,0,0,0,0,0,0,1,False,2.0,3.0,Crystal Palace,54.8,17.1,39.0,11.1,35,1,14,45631,60527,Everton (Home),4
Greaves,DEF,Ipswich Town,4.0,1.1,0.8,a,87,0,0,0,2,0,0,0.06,0.0,0.06,6.74,0,0,0,0,0,0,1,False,2.0,3.0,Crystal Palace,18.8,2.0,0.0,2.1,7,0,1,1996,9662,Everton (Home),4
Johnson,DEF,Ipswich Town,4.0,0.1,0.0,u,0,0,0,0,0,0,0,0.0,0.0,0.0,0.0,0,0,0,0,0,0,0,False,2.0,3.0,Crystal Palace,0.0,0.0,0.0,0.0,0,0,0,0,2380,Everton (Home),4
Furlong,DEF,Ipswich Town,3.9,0.5,0.2,a,0,0,0,0,0,0,0,0.0,0.0,0.0,0.86,0,0,0,0,0,0,0,False,2.0,3.0,Crystal Palace,0.0,0.0,0.0,0.0,0,0,0,431,3716,Everton (Home),4
Núñez,MID,Ipswich Town,4.9,0.1,1.5,a,0,0,0,0,0,0,0,0.05,0.03,0.08,3.48,0,0,0,0,0,0,0,False,2.0,3.0,Crystal Palace,0.0,0.0,0.0,0.0,0,0,0,377,1862,Everton (Home),4
Matusiwa,MID,Ipswich Town,4.9,0.0,0.0,a,0,0,0,0,0,0,0,0.0,0.0,0.0,0.0,0,0,0,0,0,0,0,False,2.0,3.0,Crystal Palace,0.0,0.0,0.0,0.0,0,0,0,40,46,Everton (Home),4
Burns,MID,Ipswich Town,5.0,0.0,0.0,u,0,0,0,0,0,0,0,0.0,0.0,0.0,0.0,0,0,0,0,0,0,0,False,2.0,3.0,Crystal Palace,0.0,0.0,0.0,0.0,0,0,0,0,39,Everton (Home),4
Taylor,MID,Ipswich Town,4.5,0.0,0.0,i,0,0,0,0,0,0,0,0.0,0.0,0.0,0.0,0,0,0,0,0,0,0,False,2.0,3.0,Crystal Palace,0.0,0.0,0.0,0.0,0,0,0,176,454,Everton (Home),4
Clarke,MID,Ipswich Town,5.4,0.2,2.2,a,62,0,0,0,1,1,0,0.04,0.3,0.34,0.29,0,0,0,0,1,0,1,False,2.0,3.0,Crystal Palace,5.0,13.0,21.0,3.9,8,0,1,468,3722,Everton (Home),4
Ogbene,MID,Ipswich Town,4.9,0.0,0.0,u,0,0,0,0,0,0,0,0.0,0.0,0.0,0.0,0,0,0,0,0,0,0,False,2.0,3.0,Crystal Palace,0.0,0.0,0.0,0.0,0,0,0,0,326,Everton (Home),4
Fatawu,MID,Ipswich Town,5.4,0.2,2.2,a,61,0,0,0,1,0,1,0.83,0.03,0.86,6.11,0,0,0,0,1,0,1,False,2.0,3.0,Crystal Palace,6.2,11.3,6.0,2.4,6,0,1,1970,2434,Everton (Home),4
Emersonn,FWD,Ipswich Town,5.5,3.0,6.0,a,62,1,1,0,1,2,1,0.11,1.48,1.59,2.22,0,0,0,0,0,0,1,False,2.0,3.0,Crystal Palace,46.6,12.4,33.0,9.2,45,3,12,26091,24353,Everton (Home),4
Hirst,FWD,Ipswich Town,5.0,0.1,0.0,u,0,0,0,0,0,0,0,0.0,0.0,0.0,0.0,0,0,0,0,0,0,0,False,2.0,3.0,Crystal Palace,0.0,0.0,0.0,0.0,0,0,0,0,2172,Everton (Home),4
Philogene,MID,Ipswich Town,5.4,0.1,0.2,a,28,0,0,0,1,0,0,0.0,0.02,0.01,0.41,0,0,0,0,0,0,0,False,2.0,3.0,Crystal Palace,3.4,0.8,9.0,1.3,6,0,1,38,1341,Everton (Home),4
Szmodics,MID,Ipswich Town,5.0,0.0,0.0,u,0,0,0,0,0,0,0,0.0,0.0,0.0,0.0,0,0,0,0,0,0,0,False,2.0,3.0,Crystal Palace,0.0,0.0,0.0,0.0,0,0,0,0,87,Everton (Home),4
Akpom,FWD,Ipswich Town,5.0,1.2,1.5,a,0,0,0,0,0,1,0,0.0,0.97,0.97,4.04,0,0,0,0,0,0,0,False,2.0,3.0,Crystal Palace,0.0,0.0,0.0,0.0,0,0,0,36471,19354,Everton (Home),4
Walle Egeli,FWD,Ipswich Town,4.5,3.7,0.2,a,0,0,0,0,0,0,0,0.0,0.0,0.0,0.03,0,0,0,0,0,0,0,False,2.0,3.0,Crystal Palace,0.0,0.0,0.0,0.0,0,0,0,82088,57506,Everton (Home),4
Al-Hamadi,FWD,Ipswich Town,5.0,0.1,0.0,u,0,0,0,0,0,0,0,0.0,0.0,0.0,0.0,0,0,0,0,0,0,0,False,2.0,3.0,Crystal Palace,0.0,0.0,0.0,0.0,0,0,0,0,1678,Everton (Home),4
McAteer,MID,Ipswich Town,4.5,1.1,0.8,a,0,0,0,0,0,0,0,0.0,0.05,0.05,0.21,0,0,0,0,0,0,0,False,2.0,3.0,Crystal Palace,0.0,0.0,0.0,0.0,0,0,0,7120,14291,Everton (Home),4
Mehmeti,MID,Ipswich Town,4.9,0.0,0.0,a,0,0,0,0,0,0,0,0.0,0.0,0.0,0.0,0,0,0,0,0,0,0,False,2.0,3.0,Crystal Palace,0.0,0.0,0.0,0.0,0,0,0,90,546,Everton (Home),4
Van Oevelen,GKP,Ipswich Town,4.5,0.0,0.0,u,0,0,0,0,0,0,0,0.0,0.0,0.0,0.0,0,0,0,0,0,0,0,False,2.0,3.0,Crystal Palace,0.0,0.0,0.0,0.0,0,0,0,0,302,Everton (Home),4
Maeda,MID,Ipswich Town,5.4,0.2,1.8,a,27,0,0,0,1,0,0,0.01,0.71,0.72,5.57,0,0,0,0,0,0,0,False,2.0,3.0,Crystal Palace,0.0,2.3,0.0,0.0,1,0,1,861,4518,Everton (Home),4
Scherpen,GKP,Ipswich Town,4.5,0.6,1.8,a,90,0,0,2,2,0,0,0.01,0.0,0.01,6.74,0,0,0,0,0,0,1,False,2.0,3.0,Crystal Palace,15.0,0.0,0.0,1.5,6,0,1,5936,5606,Everton (Home),4
Florentino,MID,Ipswich Town,4.9,0.1,0.2,a,13,0,0,0,0,0,0,0.01,0.0,0.01,0.27,0,0,0,0,0,0,0,False,2.0,3.0,Crystal Palace,9.0,21.3,2.0,3.2,8,0,1,327,1233,Everton (Home),4
Enciso,MID,Ipswich Town,5.5,0.8,3.2,a,90,0,0,0,2,0,2,0.84,0.92,1.76,6.71,0,0,0,0,0,0,1,False,2.0,3.0,Crystal Palace,2.2,13.8,13.0,2.9,7,0,2,28533,15556,Everton (Home),4
Ouattara,DEF,Ipswich Town,4.0,0.9,1.0,a,2,0,0,0,0,0,0,0.02,0.0,0.02,0.89,0,0,0,0,0,0,0,False,2.0,3.0,Crystal Palace,2.2,0.2,0.0,0.2,5,0,1,3046,5631,Everton (Home),4
Humphreys,MID,Ipswich Town,4.5,0.0,0.0,u,0,0,0,0,0,0,0,0.0,0.0,0.0,0.0,0,0,0,0,0,0,0,False,2.0,3.0,Crystal Palace,0.0,0.0,0.0,0.0,0,0,0,0,968,Everton (Home),4
Palacios,MID,Ipswich Town,5.0,0.1,3.0,a,90,0,0,0,2,0,0,0.07,0.0,0.07,3.23,0,0,0,0,0,0,1,False,2.0,3.0,Crystal Palace,18.0,5.9,2.0,2.6,14,0,4,2317,909,Everton (Home),4
Flemming,FWD,Ipswich Town,5.5,0.1,3.0,a,27,1,0,0,1,1,0,0.01,0.54,0.55,0.47,0,0,0,0,0,0,0,False,2.0,3.0,Crystal Palace,35.0,1.3,44.0,8.0,32,0,5,2524,689,Everton (Home),4
Wilson,MID,Leeds,6.2,2.3,1.2,a,18,0,0,0,1,0,0,0.09,0.01,0.1,3.28,0,0,0,0,0,0,0,True,4.0,1.0,Newcastle,3.2,4.7,0.0,0.8,4,0,1,3258,124782,Crystal Palace (Away),4
Perri,GKP,Leeds,4.5,0.3,0.0,u,0,0,0,0,0,0,0,0.0,0.0,0.0,0.0,0,0,0,0,0,0,0,True,4.0,1.0,Newcastle,0.0,0.0,0.0,0.0,0,0,0,0,6925,Crystal Palace (Away),4
Bijol,DEF,Leeds,5.0,0.8,3.0,a,0,0,0,0,0,0,0,0.0,0.11,0.11,3.16,0,0,0,0,0,0,0,True,4.0,1.0,Newcastle,0.0,0.0,0.0,0.0,0,0,0,4371,14839,Crystal Palace (Away),4
Rodon,DEF,Leeds,4.4,1.0,1.8,i,0,0,0,0,0,0,0,0.06,0.03,0.09,1.01,0,0,0,0,0,0,0,True,4.0,1.0,Newcastle,0.0,0.0,0.0,0.0,0,0,0,168,112844,Crystal Palace (Away),4
Bogle,DEF,Leeds,4.6,4.9,9.2,a,82,1,0,0,0,2,0,0.08,1.31,1.39,2.23,1,0,0,0,0,0,1,True,4.0,1.0,Newcastle,47.8,18.5,71.0,13.7,45,3,15,121956,23933,Crystal Palace (Away),4
Gudmundsson,DEF,Leeds,4.5,0.1,2.0,a,72,0,0,0,0,0,0,0.18,0.0,0.18,2.77,1,0,0,0,0,0,1,True,4.0,1.0,Newcastle,10.0,8.6,4.0,2.3,26,0,6,1148,527,Crystal Palace (Away),4
Justin,DEF,Leeds,4.5,1.5,4.5,a,90,0,0,0,1,0,0,0.3,0.17,0.47,5.4,0,0,0,0,0,0,1,True,4.0,1.0,Newcastle,18.4,25.6,4.0,4.8,11,0,2,27752,22126,Crystal Palace (Away),4
Bornauw,DEF,Leeds,4.5,0.0,0.0,u,0,0,0,0,0,0,0,0.0,0.0,0.0,0.0,0,0,0,0,0,0,0,True,4.0,1.0,Newcastle,0.0,0.0,0.0,0.0,0,0,0,0,39,Crystal Palace (Away),4
Muharemović,DEF,Leeds,5.0,4.2,5.2,a,90,0,1,0,1,0,1,0.04,0.09,0.13,5.4,0,0,0,0,0,0,1,True,4.0,1.0,Newcastle,37.0,10.5,2.0,5.0,27,0,7,135153,68507,Crystal Palace (Away),4
Stach,MID,Leeds,6.0,2.7,5.5,a,87,0,0,0,0,1,0,0.23,0.92,1.15,5.11,1,0,0,0,0,0,1,True,4.0,1.0,Newcastle,12.0,40.4,12.0,6.4,16,0,3,29721,49086,Crystal Palace (Away),4
Okafor,MID,Leeds,5.8,0.4,3.8,a,71,1,0,0,0,1,0,0.26,0.15,0.41,1.69,1,0,0,0,0,0,1,True,4.0,1.0,Newcastle,41.4,17.8,21.0,8.0,35,1,9,2061,6666,Crystal Palace (Away),4
Aaronson,MID,Leeds,5.4,0.5,1.5,a,18,0,0,0,1,0,0,0.02,0.01,0.03,3.38,0,0,0,0,0,0,0,True,4.0,1.0,Newcastle,0.2,0.3,2.0,0.3,4,0,1,1095,11412,Crystal Palace (Away),4
Ampadu,MID,Leeds,5.4,1.0,4.0,a,90,0,1,0,1,0,1,0.16,0.08,0.24,5.4,0,0,0,0,0,0,1,True,4.0,1.0,Newcastle,8.0,1.7,4.0,1.4,25,0,7,2529,17018,Crystal Palace (Away),4
Longstaff,MID,Leeds,4.9,0.1,0.5,a,2,0,0,0,1,0,0,0.0,0.0,0.0,0.35,0,0,0,0,0,0,0,True,4.0,1.0,Newcastle,0.0,0.0,0.0,0.0,4,0,1,693,1806,Crystal Palace (Away),4
Gnonto,MID,Leeds,5.0,0.0,0.0,u,0,0,0,0,0,0,0,0.0,0.0,0.0,0.0,0,0,0,0,0,0,0,True,4.0,1.0,Newcastle,0.0,0.0,0.0,0.0,0,0,0,0,435,Crystal Palace (Away),4
Harrison,MID,Leeds,5.0,0.0,0.0,u,0,0,0,0,0,0,0,0.0,0.0,0.0,0.0,0,0,0,0,0,0,0,True,4.0,1.0,Newcastle,0.0,0.0,0.0,0.0,0,0,0,0,11,Crystal Palace (Away),4
James,MID,Leeds,4.9,0.1,0.5,a,7,0,0,0,1,0,0,0.01,0.35,0.36,1.21,0,0,0,0,0,0,0,True,4.0,1.0,Newcastle,0.0,0.0,3.0,0.3,4,0,1,786,1993,Crystal Palace (Away),4
Gruev,MID,Leeds,5.0,0.0,0.0,d,0,0,0,0,0,0,0,0.0,0.0,0.0,0.0,0,0,0,0,0,0,0,True,4.0,1.0,Newcastle,0.0,0.0,0.0,0.0,0,0,0,13,58,Crystal Palace (Away),4
Tanaka,MID,Leeds,4.9,0.3,3.0,a,71,0,1,0,0,0,2,0.05,0.59,0.64,2.58,1,0,0,0,0,0,1,True,4.0,1.0,Newcastle,9.2,3.1,2.0,1.4,24,0,6,5747,3168,Crystal Palace (Away),4
Calvert-Lewin,FWD,Leeds,6.0,24.3,5.0,a,77,1,1,0,0,2,1,0.08,2.48,2.56,3.79,1,0,0,0,1,0,1,True,4.0,1.0,Newcastle,51.0,12.2,67.0,13.0,37,2,10,100296,477804,Crystal Palace (Away),4
Nmecha,FWD,Leeds,5.4,0.5,1.5,a,12,0,0,0,1,0,1,0.15,0.27,0.42,2.53,0,0,0,0,0,0,0,True,4.0,1.0,Newcastle,0.2,0.3,0.0,0.1,4,0,1,6623,7677,Crystal Palace (Away),4
Piroe,FWD,Leeds,5.0,0.1,0.0,u,0,0,0,0,0,0,0,0.0,0.0,0.0,0.0,0,0,0,0,0,0,0,True,4.0,1.0,Newcastle,0.0,0.0,0.0,0.0,0,0,0,0,1516,Crystal Palace (Away),4
Mateo Joseph,FWD,Leeds,4.5,0.1,0.0,i,0,0,0,0,0,0,0,0.0,0.0,0.0,0.0,0,0,0,0,0,0,0,True,4.0,1.0,Newcastle,0.0,0.0,0.0,0.0,0,0,0,775,1032,Crystal Palace (Away),4
Trafford,GKP,Leeds,5.0,5.5,4.5,a,90,0,0,4,1,0,0,0.0,0.0,0.0,5.4,0,0,0,0,0,0,1,True,4.0,1.0,Newcastle,29.0,0.0,0.0,2.9,17,0,3,64368,49123,Crystal Palace (Away),4
Elvedi,DEF,Leeds,4.5,0.0,1.8,a,90,0,0,0,1,0,0,0.57,0.05,0.62,4.39,0,0,0,0,0,0,1,True,4.0,1.0,Newcastle,18.6,0.9,10.0,3.0,8,0,2,2774,1276,Crystal Palace (Away),4
Lienou,DEF,Leeds,4.0,0.1,0.0,a,0,0,0,0,0,0,0,0.0,0.0,0.0,0.0,0,0,0,0,0,0,0,True,4.0,1.0,Newcastle,0.0,0.0,0.0,0.0,0,0,0,1426,1038,Crystal Palace (Away),4
Cresswell,MID,Leeds,4.5,0.1,0.0,a,0,0,0,0,0,0,0,0.0,0.0,0.0,0.0,0,0,0,0,0,0,0,True,4.0,1.0,Newcastle,0.0,0.0,0.0,0.0,0,0,0,3443,2191,Crystal Palace (Away),4
Cairns,GKP,Leeds,4.0,0.2,0.0,a,0,0,0,0,0,0,0,0.0,0.0,0.0,0.0,0,0,0,0,0,0,0,True,4.0,1.0,Newcastle,0.0,0.0,0.0,0.0,0,0,0,6067,2313,Crystal Palace (Away),4
Zetterer,GKP,Leeds,4.0,0.7,0.0,a,0,0,0,0,0,0,0,0.0,0.0,0.0,0.0,0,0,0,0,0,0,0,True,4.0,1.0,Newcastle,0.0,0.0,0.0,0.0,0,0,0,23210,5098,Crystal Palace (Away),4
Bard,DEF,Leeds,4.5,0.0,0.5,a,18,0,0,0,1,0,0,0.0,0.0,0.0,0.3,0,0,0,0,0,0,0,True,4.0,1.0,Newcastle,4.4,10.3,0.0,1.5,1,0,1,322,105,Crystal Palace (Away),4
Bahoya,MID,Leeds,5.0,0.0,0.0,a,0,0,0,0,0,0,0,0.0,0.0,0.0,0.0,0,0,0,0,0,0,0,True,4.0,1.0,Newcastle,0.0,0.0,0.0,0.0,0,0,0,754,362,Crystal Palace (Away),4
A.Becker,GKP,Liverpool,5.5,3.9,4.8,a,90,0,0,3,0,0,0,0.0,0.0,0.0,5.33,1,0,0,0,0,0,1,True,0.0,0.0,Fulham,21.0,0.0,0.0,2.1,29,2,9,45421,29829,Bournemouth (Home),4
Mamardashvili,GKP,Liverpool,4.9,0.1,0.0,a,0,0,0,0,0,0,0,0.0,0.0,0.0,0.0,0,0,0,0,0,0,0,True,0.0,0.0,Fulham,0.0,0.0,0.0,0.0,0,0,0,513,1855,Bournemouth (Home),4
Woodman,GKP,Liverpool,4.0,1.0,0.0,a,0,0,0,0,0,0,0,0.0,0.0,0.0,0.0,0,0,0,0,0,0,0,True,0.0,0.0,Fulham,0.0,0.0,0.0,0.0,0,0,0,3509,6932,Bournemouth (Home),4
Pecsi,GKP,Liverpool,4.0,0.0,0.0,u,0,0,0,0,0,0,0,0.0,0.0,0.0,0.0,0,0,0,0,0,0,0,True,0.0,0.0,Fulham,0.0,0.0,0.0,0.0,0,0,0,0,186,Bournemouth (Home),4
Jaros,GKP,Liverpool,4.0,0.0,0.0,i,0,0,0,0,0,0,0,0.0,0.0,0.0,0.0,0,0,0,0,0,0,0,True,0.0,0.0,Fulham,0.0,0.0,0.0,0.0,0,0,0,567,410,Bournemouth (Home),4
Davies,GKP,Liverpool,4.0,0.2,0.0,a,0,0,0,0,0,0,0,0.0,0.0,0.0,0.0,0,0,0,0,0,0,0,True,0.0,0.0,Fulham,0.0,0.0,0.0,0.0,0,0,0,1195,1128,Bournemouth (Home),4
Virgil,DEF,Liverpool,6.5,16.5,4.2,a,90,0,0,0,0,0,0,0.07,0.25,0.32,5.33,1,0,0,0,0,0,1,True,0.0,0.0,Fulham,25.8,12.8,0.0,3.9,25,0,8,79775,128080,Bournemouth (Home),4
Frimpong,DEF,Liverpool,5.3,1.9,0.5,a,18,0,0,0,0,0,0,0.23,0.01,0.24,3.91,0,0,0,0,0,0,0,True,0.0,0.0,Fulham,13.0,24.9,2.0,4.0,12,0,1,4729,86611,Bournemouth (Home),4
Kerkez,DEF,Liverpool,5.4,2.4,1.8,a,45,0,0,0,0,0,0,0.07,0.02,0.09,4.86,0,0,0,0,0,0,0,True,0.0,0.0,Fulham,9.8,7.1,0.0,1.7,6,0,1,12338,34462,Bournemouth (Home),4
Gomez,DEF,Liverpool,4.9,0.0,0.0,a,0,0,0,0,0,0,0,0.0,0.0,0.0,0.0,0,0,0,0,0,0,0,True,0.0,0.0,Fulham,0.0,0.0,0.0,0.0,0,0,0,74,211,Bournemouth (Home),4
Bradley,DEF,Liverpool,5.0,0.0,0.0,i,0,0,0,0,0,0,0,0.0,0.0,0.0,0.0,0,0,0,0,0,0,0,True,0.0,0.0,Fulham,0.0,0.0,0.0,0.0,0,0,0,67,161,Bournemouth (Home),4
Lucky,DEF,Liverpool,4.0,0.1,0.0,a,0,0,0,0,0,0,0,0.0,0.0,0.0,0.0,0,0,0,0,0,0,0,True,0.0,0.0,Fulham,0.0,0.0,0.0,0.0,0,0,0,832,1477,Bournemouth (Home),4
Jacquet,DEF,Liverpool,5.0,3.2,4.5,a,90,0,0,0,0,0,0,0.12,0.0,0.12,4.72,1,0,0,0,0,0,1,True,0.0,0.0,Fulham,20.2,3.3,0.0,2.4,36,3,9,48593,32349,Bournemouth (Home),4
Leoni,DEF,Liverpool,4.0,0.0,0.0,i,0,0,0,0,0,0,0,0.0,0.0,0.0,0.0,0,0,0,0,0,0,0,True,0.0,0.0,Fulham,0.0,0.0,0.0,0.0,0,0,0,161,458,Bournemouth (Home),4
Tsimikas,DEF,Liverpool,4.9,0.1,0.5,a,45,0,0,0,0,0,0,0.02,0.04,0.06,0.47,0,0,0,0,0,0,1,True,0.0,0.0,Fulham,2.8,1.6,0.0,0.4,2,0,1,362,1296,Bournemouth (Home),4
Ramsay,DEF,Liverpool,4.0,0.1,0.0,u,0,0,0,0,0,0,0,0.0,0.0,0.0,0.0,0,0,0,0,0,0,0,True,0.0,0.0,Fulham,0.0,0.0,0.0,0.0,0,0,0,0,2067,Bournemouth (Home),4
Wirtz,MID,Liverpool,7.3,6.5,3.0,a,90,0,0,0,0,0,1,0.35,0.78,1.13,4.16,1,0,0,0,0,0,1,True,0.0,0.0,Fulham,7.6,31.8,12.0,5.1,14,0,3,30578,230170,Bournemouth (Home),4
Gakpo,MID,Liverpool,7.2,12.5,7.2,a,30,0,0,0,0,1,3,1.22,0.44,1.66,4.72,0,0,0,0,0,0,0,True,0.0,0.0,Fulham,0.8,1.3,7.0,0.9,3,0,1,670039,312532,Bournemouth (Home),4
Szoboszlai,MID,Liverpool,7.0,35.2,4.5,a,90,0,0,0,0,1,0,0.8,1.29,2.09,5.33,1,0,0,0,0,0,1,True,0.0,0.0,Fulham,16.0,55.7,9.0,8.1,25,0,3,274640,516804,Bournemouth (Home),4
Ngumoha,MID,Liverpool,5.8,0.5,1.0,a,18,0,0,0,0,0,0,0.05,0.15,0.2,0.68,0,0,0,0,0,0,0,True,0.0,0.0,Fulham,0.0,0.8,4.0,0.3,-1,0,1,3022,23413,Bournemouth (Home),4
Chiesa,MID,Liverpool,5.4,0.0,0.0,i,0,0,0,0,0,0,0,0.0,0.0,0.0,0.0,0,0,0,0,0,0,0,True,0.0,0.0,Fulham,0.0,0.0,0.0,0.0,0,0,0,14,1380,Bournemouth (Home),4
Gravenberch,MID,Liverpool,5.9,1.2,2.0,a,59,0,0,0,0,0,1,0.07,0.1,0.17,1.88,0,0,0,0,0,0,1,True,0.0,0.0,Fulham,19.6,11.4,2.0,3.3,13,0,1,5155,38272,Bournemouth (Home),4
Mac Allister,MID,Liverpool,5.4,1.3,1.5,a,30,0,0,0,0,0,0,0.44,0.1,0.54,4.06,0,0,0,0,0,0,0,True,0.0,0.0,Fulham,9.2,22.4,4.0,3.6,7,0,1,12996,20813,Bournemouth (Home),4
C.Jones,MID,Liverpool,5.5,0.0,0.0,u,0,0,0,0,0,0,0,0.0,0.0,0.0,0.0,0,0,0,0,0,0,0,True,0.0,0.0,Fulham,0.0,0.0,0.0,0.0,0,0,0,0,372,Bournemouth (Home),4
Endo,MID,Liverpool,4.9,0.1,0.0,a,0,0,0,0,0,0,0,0.0,0.0,0.0,0.0,0,0,0,0,0,0,0,True,0.0,0.0,Fulham,0.0,0.0,0.0,0.0,0,0,0,531,1099,Bournemouth (Home),4
Nyoni,MID,Liverpool,4.9,0.0,0.5,a,0,0,0,0,0,0,0,0.0,0.0,0.0,0.22,0,0,0,0,0,0,0,True,0.0,0.0,Fulham,0.0,0.0,0.0,0.0,0,0,0,427,712,Bournemouth (Home),4
Bajcetic,MID,Liverpool,5.0,0.0,0.0,u,0,0,0,0,0,0,0,0.0,0.0,0.0,0.0,0,0,0,0,0,0,0,True,0.0,0.0,Fulham,0.0,0.0,0.0,0.0,0,0,0,0,23,Bournemouth (Home),4
Munoz,MID,Liverpool,6.5,1.0,3.5,a,59,0,0,0,0,1,1,0.25,0.52,0.77,4.49,0,0,0,0,0,0,1,True,0.0,0.0,Fulham,3.4,1.4,37.0,4.2,5,0,1,20664,30617,Bournemouth (Home),4
McConnell,MID,Liverpool,4.4,0.2,0.0,a,0,0,0,0,0,0,0,0.0,0.0,0.0,0.0,0,0,0,0,0,0,0,True,0.0,0.0,Fulham,0.0,0.0,0.0,0.0,0,0,0,870,2614,Bournemouth (Home),4
Isak,FWD,Liverpool,9.1,21.9,6.2,a,90,0,0,0,0,3,0,0.06,2.79,2.85,5.16,1,0,0,0,0,0,1,True,0.0,0.0,Fulham,1.2,2.8,28.0,3.2,5,0,2,732640,109055,Bournemouth (Home),4
Ekitiké,FWD,Liverpool,7.4,0.1,0.0,i,0,0,0,0,0,0,0,0.0,0.0,0.0,0.0,0,0,0,0,0,0,0,True,0.0,0.0,Fulham,0.0,0.0,0.0,0.0,0,0,0,474,2041,Bournemouth (Home),4
Koumas,MID,Liverpool,5.0,0.0,0.5,a,0,0,0,0,0,0,0,0.0,0.03,0.03,0.58,0,0,0,0,0,0,0,True,0.0,0.0,Fulham,0.0,0.0,0.0,0.0,0,0,0,155,318,Bournemouth (Home),4
Danns,FWD,Liverpool,4.5,0.2,0.0,a,0,0,0,0,0,0,0,0.0,0.0,0.0,0.0,0,0,0,0,0,0,0,True,0.0,0.0,Fulham,0.0,0.0,0.0,0.0,0,0,0,7016,2430,Bournemouth (Home),4
Elliott,MID,Liverpool,5.4,0.0,0.0,u,0,0,0,0,0,0,0,0.0,0.0,0.0,0.0,0,0,0,0,0,0,0,True,0.0,0.0,Fulham,0.0,0.0,0.0,0.0,0,0,0,0,1672,Bournemouth (Home),4
Araujo,DEF,Liverpool,5.4,2.9,3.8,a,71,0,0,0,0,0,0,0.05,0.0,0.05,1.96,1,0,0,0,0,0,1,True,0.0,0.0,Fulham,9.8,1.8,2.0,1.4,24,0,6,59861,17887,Bournemouth (Home),4
Barcola,MID,Liverpool,8.0,1.9,2.0,a,71,0,0,0,0,0,0,0.1,0.21,0.31,0.77,1,0,0,0,0,0,1,True,0.0,0.0,Fulham,5.6,13.6,8.0,2.7,9,0,3,116804,45863,Bournemouth (Home),4
Enzo,MID,Man City,6.9,3.4,1.5,a,81,0,0,0,0,0,0,0.27,0.31,0.58,1.78,1,0,0,0,1,0,1,False,0.0,1.0,Man Utd,10.4,20.7,15.0,4.6,17,0,2,39194,51882,Sunderland (Away),4
Ndiaye,MID,Man City,5.9,7.6,4.2,a,45,0,0,0,0,0,1,0.44,0.28,0.72,6.27,0,0,0,0,0,0,0,False,0.0,1.0,Man Utd,9.8,1.8,2.0,1.4,15,0,1,43012,343691,Sunderland (Away),4
Donnarumma,GKP,Man City,5.5,7.8,4.2,a,90,0,0,3,0,0,0,0.0,0.0,0.0,3.68,1,0,0,0,0,0,1,False,0.0,1.0,Man Utd,20.6,0.0,0.0,2.1,29,0,7,32234,78476,Sunderland (Away),4
Bettinelli,GKP,Man City,4.5,0.0,0.0,a,0,0,0,0,0,0,0,0.0,0.0,0.0,0.0,0,0,0,0,0,0,0,False,0.0,1.0,Man Utd,0.0,0.0,0.0,0.0,0,0,0,128,241,Sunderland (Away),4
O'Reilly,DEF,Man City,6.4,12.0,1.2,a,8,0,0,0,0,0,0,0.43,0.09,0.52,1.71,0,0,0,0,0,0,0,False,0.0,1.0,Man Utd,0.0,0.5,0.0,0.1,3,0,1,8499,547090,Sunderland (Away),4
Guéhi,DEF,Man City,6.0,18.5,6.5,a,90,0,0,0,0,1,0,0.38,0.89,1.27,3.68,1,0,0,0,0,0,1,False,0.0,1.0,Man Utd,16.6,0.6,2.0,1.9,27,0,6,90239,115446,Sunderland (Away),4
Matheus N.,DEF,Man City,5.9,1.0,2.5,a,90,0,0,0,0,0,0,0.05,0.0,0.05,1.1,1,0,0,0,0,0,1,False,0.0,1.0,Man Utd,31.2,1.5,0.0,3.3,34,1,9,2401,11007,Sunderland (Away),4
Rúben,DEF,Man City,5.5,1.9,4.0,a,90,0,0,0,0,0,0,0.74,0.09,0.83,3.68,1,0,0,0,0,0,1,False,0.0,1.0,Man Utd,17.4,0.2,2.0,2.0,24,0,6,11031,17543,Sunderland (Away),4
Gvardiol,DEF,Man City,5.7,24.7,8.2,a,90,0,1,0,0,1,2,0.11,0.22,0.33,3.68,1,0,0,0,1,0,1,False,0.0,1.0,Man Utd,16.4,1.1,4.0,2.2,36,3,11,315722,162826,Sunderland (Away),4
Aït-Nouri,DEF,Man City,5.3,0.4,0.0,a,0,0,0,0,0,0,0,0.0,0.0,0.0,0.0,0,0,0,0,0,0,0,False,0.0,1.0,Man Utd,0.0,0.0,0.0,0.0,0,0,0,1355,11329,Sunderland (Away),4
Khusanov,DEF,Man City,5.4,1.4,2.2,a,0,0,0,0,0,0,0,0.06,0.0,0.06,2.68,0,0,0,0,0,0,0,False,0.0,1.0,Man Utd,0.0,0.0,0.0,0.0,0,0,0,6115,14170,Sunderland (Away),4
Alleyne,DEF,Man City,5.0,0.0,0.0,u,0,0,0,0,0,0,0,0.0,0.0,0.0,0.0,0,0,0,0,0,0,0,False,0.0,1.0,Man Utd,0.0,0.0,0.0,0.0,0,0,0,0,60,Sunderland (Away),4
Lewis,DEF,Man City,4.4,0.2,0.2,a,0,0,0,0,0,0,0,0.02,0.17,0.19,0.55,0,0,0,0,0,0,0,False,0.0,1.0,Man Utd,0.0,0.0,0.0,0.0,0,0,0,1037,4079,Sunderland (Away),4
Vitor Reis,DEF,Man City,4.5,0.0,0.2,a,0,0,0,0,0,0,0,0.0,0.0,0.0,0.0,0,0,0,0,0,0,0,False,0.0,1.0,Man Utd,0.0,0.0,0.0,0.0,0,0,0,90,283,Sunderland (Away),4
Semenyo,MID,Man City,8.4,15.1,4.0,a,90,0,0,0,0,0,2,0.99,0.17,1.16,3.68,1,0,0,0,0,0,1,False,0.0,1.0,Man Utd,2.2,16.1,6.0,2.4,7,0,3,35764,361532,Sunderland (Away),4
Foden,MID,Man City,6.9,2.5,2.2,s,22,0,0,0,0,0,2,0.88,1.61,2.49,1.91,0,0,0,0,0,1,1,False,0.0,1.0,Man Utd,0.0,12.1,6.0,1.6,-4,0,-2,18307,209687,Sunderland (Away),4
Cherki,MID,Man City,7.8,28.1,6.5,a,45,0,0,0,0,2,2,1.41,0.59,2.0,1.82,0,0,0,0,0,0,1,False,0.0,1.0,Man Utd,1.6,6.6,4.0,1.2,4,0,1,314949,454363,Sunderland (Away),4
Doku,MID,Man City,7.4,0.7,0.0,i,0,0,0,0,0,0,0,0.0,0.0,0.0,0.0,0,0,0,0,0,0,0,False,0.0,1.0,Man Utd,0.0,0.0,0.0,0.0,0,0,0,249,14729,Sunderland (Away),4
Rodrigo,MID,Man City,6.5,0.0,0.0,u,0,0,0,0,0,0,0,0.0,0.0,0.0,0.0,0,0,0,0,0,0,0,False,0.0,1.0,Man Utd,0.0,0.0,0.0,0.0,0,0,0,0,87,Sunderland (Away),4
Reijnders,MID,Man City,6.0,0.0,0.0,u,0,0,0,0,0,0,0,0.0,0.0,0.0,0.0,0,0,0,0,0,0,0,False,0.0,1.0,Man Utd,0.0,0.0,0.0,0.0,0,0,0,0,541,Sunderland (Away),4
Kovačić,MID,Man City,5.4,0.1,0.5,a,0,0,0,0,0,0,0,0.02,0.0,0.02,0.1,0,0,0,0,0,0,0,False,0.0,1.0,Man Utd,0.0,0.0,0.0,0.0,0,0,0,425,1421,Sunderland (Away),4
Echeverri,MID,Man City,4.9,0.0,0.0,u,0,0,0,0,0,0,0,0.0,0.0,0.0,0.0,0,0,0,0,0,0,0,False,0.0,1.0,Man Utd,0.0,0.0,0.0,0.0,0,0,0,0,350,Sunderland (Away),4
Phillips,MID,Man City,5.0,0.0,0.0,u,0,0,0,0,0,0,0,0.0,0.0,0.0,0.0,0,0,0,0,0,0,0,False,0.0,1.0,Man Utd,0.0,0.0,0.0,0.0,0,0,0,0,59,Sunderland (Away),4
Mukasa,MID,Man City,4.5,0.1,0.0,u,0,0,0,0,0,0,0,0.0,0.0,0.0,0.0,0,0,0,0,0,0,0,False,0.0,1.0,Man Utd,0.0,0.0,0.0,0.0,0,0,0,0,3408,Sunderland (Away),4
Monga,MID,Man City,4.9,0.0,0.0,u,0,0,0,0,0,0,0,0.0,0.0,0.0,0.0,0,0,0,0,0,0,0,False,0.0,1.0,Man Utd,0.0,0.0,0.0,0.0,0,0,0,0,363,Sunderland (Away),4
Haaland,FWD,Man City,15.6,72.9,8.2,a,90,1,0,0,0,4,0,0.51,3.33,3.84,3.68,1,0,0,0,0,0,1,False,0.0,1.0,Man Utd,34.0,1.6,37.0,7.3,36,3,9,178187,132875,Sunderland (Away),4
Anderson,MID,Man City,6.3,4.2,3.2,a,90,0,0,0,0,0,0,0.65,0.09,0.74,3.58,1,0,0,0,0,0,1,False,0.0,1.0,Man Utd,15.2,3.3,0.0,1.9,18,0,5,16389,93105,Sunderland (Away),4
Rulli,GKP,Man City,5.0,0.0,0.0,a,0,0,0,0,0,0,0,0.0,0.0,0.0,0.0,0,0,0,0,0,0,0,False,0.0,1.0,Man Utd,0.0,0.0,0.0,0.0,0,0,0,129,256,Sunderland (Away),4
Bouaddi,MID,Man City,5.5,0.2,0.7,a,0,0,0,0,0,0,0,0.12,0.0,0.12,0.37,0,0,0,0,0,0,0,False,0.0,1.0,Man Utd,0.0,0.0,0.0,0.0,0,0,0,4899,3962,Sunderland (Away),4
McAidoo,MID,Man City,4.5,0.1,0.7,a,0,0,0,0,0,0,0,0.0,0.1,0.1,0.02,0,0,0,0,0,0,0,False,0.0,1.0,Man Utd,0.0,0.0,0.0,0.0,0,0,0,3586,2225,Sunderland (Away),4
Braithwaite,DEF,Man City,4.0,0.2,0.3,a,0,0,0,0,0,0,0,0.0,0.0,0.0,0.0,0,0,0,0,0,0,0,False,0.0,1.0,Man Utd,0.0,0.0,0.0,0.0,0,0,0,4620,2721,Sunderland (Away),4
Allan,MID,Man City,6.0,0.0,0.0,a,0,0,0,0,0,0,0,0.0,0.0,0.0,0.0,0,0,0,0,0,0,0,False,0.0,1.0,Man Utd,0.0,0.0,0.0,0.0,0,0,0,309,192,Sunderland (Away),4
Samba,MID,Man City,4.5,0.0,0.0,a,0,0,0,0,0,0,0,0.0,0.0,0.0,0.0,0,0,0,0,0,0,0,False,0.0,1.0,Man Utd,0.0,0.0,0.0,0.0,0,0,0,2898,808,Sunderland (Away),4
Tielemans,MID,Man Utd,5.8,1.6,2.5,a,66,0,0,0,1,0,0,0.32,0.56,0.88,4.54,0,0,0,0,0,0,1,True,0.0,1.0,Man City,12.2,13.8,4.0,3.0,15,0,2,7880,38235,Fulham (Home),4
Baleba,MID,Man Utd,4.9,0.1,0.0,i,0,0,0,0,0,0,0,0.0,0.0,0.0,0.0,0,0,0,0,0,0,0,True,0.0,1.0,Man City,0.0,0.0,0.0,0.0,0,0,0,783,2530,Fulham (Home),4
Andrey Santos,MID,Man Utd,4.8,0.6,1.0,a,0,0,0,0,0,0,0,0.24,0.0,0.24,2.03,0,0,0,0,0,0,0,True,0.0,1.0,Man City,0.0,0.0,0.0,0.0,0,0,0,3527,16706,Fulham (Home),4
Darlow,GKP,Man Utd,4.5,0.0,0.0,a,0,0,0,0,0,0,0,0.0,0.0,0.0,0.0,0,0,0,0,0,0,0,True,0.0,1.0,Man City,0.0,0.0,0.0,0.0,0,0,0,256,345,Fulham (Home),4
Lammens,GKP,Man Utd,4.9,10.5,1.8,a,90,0,0,1,1,0,0,0.0,0.0,0.0,5.18,0,0,0,0,0,0,1,True,0.0,1.0,Man City,6.6,0.0,0.0,0.7,5,0,2,11379,239075,Fulham (Home),4
Bayindir,GKP,Man Utd,4.5,0.0,0.0,u,0,0,0,0,0,0,0,0.0,0.0,0.0,0.0,0,0,0,0,0,0,0,True,0.0,1.0,Man City,0.0,0.0,0.0,0.0,0,0,0,0,137,Fulham (Home),4
Heaton,GKP,Man Utd,4.0,0.1,0.0,i,0,0,0,0,0,0,0,0.0,0.0,0.0,0.0,0,0,0,0,0,0,0,True,0.0,1.0,Man City,0.0,0.0,0.0,0.0,0,0,0,696,815,Fulham (Home),4
Dorgu,MID,Man Utd,5.8,0.6,1.5,a,90,0,0,0,1,0,0,0.08,0.65,0.73,3.38,0,0,0,0,0,0,1,True,0.0,1.0,Man City,19.6,18.7,4.0,4.2,19,0,4,2154,19046,Fulham (Home),4
De Ligt,DEF,Man Utd,5.0,0.0,0.0,i,0,0,0,0,0,0,0,0.0,0.0,0.0,0.0,0,0,0,0,0,0,0,True,0.0,1.0,Man City,0.0,0.0,0.0,0.0,0,0,0,87,264,Fulham (Home),4
Dalot,DEF,Man Utd,4.9,1.7,1.5,a,90,0,0,0,1,0,0,0.18,0.18,0.36,3.08,0,0,0,0,0,0,1,True,0.0,1.0,Man City,6.2,16.5,3.0,2.6,9,0,2,3882,36002,Fulham (Home),4
Maguire,DEF,Man Utd,4.9,9.7,2.0,a,90,0,0,0,1,0,1,0.43,0.19,0.62,5.18,0,0,0,0,1,0,1,True,0.0,1.0,Man City,9.4,1.6,11.0,2.2,4,0,1,17287,376211,Fulham (Home),4
Martinez,DEF,Man Utd,5.0,1.3,1.5,a,90,0,0,0,1,0,0,0.14,0.06,0.2,4.17,0,0,0,0,0,0,1,True,0.0,1.0,Man City,20.2,3.4,7.0,3.1,14,0,2,7461,13467,Fulham (Home),4
Yoro,DEF,Man Utd,4.9,0.5,0.5,a,0,0,0,0,0,0,0,0.02,0.0,0.02,1.09,0,0,0,0,0,0,0,True,0.0,1.0,Man City,0.0,0.0,0.0,0.0,0,0,0,894,6963,Fulham (Home),4
Heaven,DEF,Man Utd,4.4,0.3,0.2,a,0,0,0,0,0,0,0,0.04,0.12,0.16,1.01,0,0,0,0,0,0,0,True,0.0,1.0,Man City,0.0,0.0,0.0,0.0,0,0,0,769,5798,Fulham (Home),4
Mazraoui,DEF,Man Utd,4.4,0.5,0.8,a,0,0,0,0,0,0,0,0.06,0.22,0.28,2.08,0,0,0,0,0,0,0,True,0.0,1.0,Man City,0.0,0.0,0.0,0.0,0,0,0,2102,11056,Fulham (Home),4
Shaw,DEF,Man Utd,4.4,9.4,1.8,d,0,0,0,0,0,0,1,0.51,0.02,0.53,3.01,0,0,0,0,0,0,0,True,0.0,1.0,Man City,0.0,0.0,0.0,0.0,0,0,0,21871,418040,Fulham (Home),4
Amass,DEF,Man Utd,4.0,0.2,0.0,a,0,0,0,0,0,0,0,0.0,0.0,0.0,0.0,0,0,0,0,0,0,0,True,0.0,1.0,Man City,0.0,0.0,0.0,0.0,0,0,0,1680,1980,Fulham (Home),4
Fredricson,DEF,Man Utd,4.0,0.0,0.0,u,0,0,0,0,0,0,0,0.0,0.0,0.0,0.0,0,0,0,0,0,0,0,True,0.0,1.0,Man City,0.0,0.0,0.0,0.0,0,0,0,0,152,Fulham (Home),4
B.Fernandes,MID,Man Utd,12.0,40.8,7.2,a,90,0,0,0,1,3,1,1.13,2.28,3.41,5.18,0,0,0,0,0,0,1,True,0.0,1.0,Man City,17.0,31.4,7.0,5.5,17,0,2,123022,738829,Fulham (Home),4
Mbeumo,MID,Man Utd,7.9,22.2,5.8,a,90,0,0,0,1,2,1,0.55,2.8,3.35,5.18,0,0,0,0,0,0,1,True,0.0,1.0,Man City,11.2,32.8,24.0,6.8,9,0,2,156650,519395,Fulham (Home),4
Cunha,MID,Man Utd,7.9,5.9,4.0,a,90,0,0,0,1,0,2,0.44,0.58,1.02,3.82,0,0,0,0,0,0,1,True,0.0,1.0,Man City,2.4,14.3,15.0,3.2,8,0,2,11751,150256,Fulham (Home),4
Rashford,MID,Man Utd,7.0,1.6,2.0,a,82,0,0,0,1,0,0,0.29,0.38,0.67,2.88,0,0,0,0,0,0,1,True,0.0,1.0,Man City,5.4,14.1,29.0,4.9,6,0,2,24764,28243,Fulham (Home),4
Mount,MID,Man Utd,5.4,0.0,0.0,a,0,0,0,0,0,0,0,0.0,0.0,0.0,0.0,0,0,0,0,0,0,0,True,0.0,1.0,Man City,0.0,0.0,0.0,0.0,0,0,0,272,218,Fulham (Home),4
Amad,MID,Man Utd,5.7,0.3,0.0,i,0,0,0,0,0,0,0,0.0,0.0,0.0,0.0,0,0,0,0,0,0,0,True,0.0,1.0,Man City,0.0,0.0,0.0,0.0,0,0,0,148,13580,Fulham (Home),4
Mainoo,MID,Man Utd,5.5,1.6,4.5,a,90,0,0,0,1,0,1,0.42,0.24,0.66,3.15,0,0,0,0,0,0,1,True,0.0,1.0,Man City,19.8,37.2,1.0,5.8,20,0,4,30157,12188,Fulham (Home),4
Ugarte,MID,Man Utd,5.0,0.0,0.0,i,0,0,0,0,0,0,0,0.0,0.0,0.0,0.0,0,0,0,0,0,0,0,True,0.0,1.0,Man City,0.0,0.0,0.0,0.0,0,0,0,25,47,Fulham (Home),4
J.Fletcher,MID,Man Utd,4.9,0.0,0.0,a,0,0,0,0,0,0,0,0.0,0.0,0.0,0.0,0,0,0,0,0,0,0,True,0.0,1.0,Man City,0.0,0.0,0.0,0.0,0,0,0,101,168,Fulham (Home),4
Lacey,MID,Man Utd,4.9,0.1,0.2,a,0,0,0,0,0,0,0,0.0,0.0,0.0,0.0,0,0,0,0,0,0,0,True,0.0,1.0,Man City,0.0,0.0,0.0,0.0,0,0,0,197,774,Fulham (Home),4
Collyer,MID,Man Utd,5.0,0.0,0.0,u,0,0,0,0,0,0,0,0.0,0.0,0.0,0.0,0,0,0,0,0,0,0,True,0.0,1.0,Man City,0.0,0.0,0.0,0.0,0,0,0,0,257,Fulham (Home),4
Bendito Mantato,MID,Man Utd,4.5,0.2,0.0,a,0,0,0,0,0,0,0,0.0,0.0,0.0,0.0,0,0,0,0,0,0,0,True,0.0,1.0,Man City,0.0,0.0,0.0,0.0,0,0,0,1317,2011,Fulham (Home),4
Fletcher,MID,Man Utd,4.4,0.3,0.0,a,0,0,0,0,0,0,0,0.0,0.0,0.0,0.0,0,0,0,0,0,0,0,True,0.0,1.0,Man City,0.0,0.0,0.0,0.0,0,0,0,1320,3178,Fulham (Home),4
Šeško,FWD,Man Utd,7.0,1.8,2.0,a,23,0,0,0,0,1,0,0.01,0.39,0.4,2.0,0,0,0,0,0,0,0,True,0.0,1.0,Man City,1.2,0.7,4.0,0.6,4,0,1,26345,22718,Fulham (Home),4
Zirkzee,FWD,Man Utd,5.4,0.4,0.2,a,7,0,0,0,0,0,0,0.01,0.0,0.01,0.02,0,0,0,0,0,0,0,True,0.0,1.0,Man City,4.4,4.8,0.0,0.9,4,0,1,3614,8463,Fulham (Home),4
Obi,FWD,Man Utd,4.5,1.1,0.0,u,0,0,0,0,0,0,0,0.0,0.0,0.0,0.0,0,0,0,0,0,0,0,True,0.0,1.0,Man City,0.0,0.0,0.0,0.0,0,0,0,15048,14273,Fulham (Home),4
N.Gonzalez,MID,Newcastle,5.5,0.2,1.2,i,18,0,0,0,0,0,0,0.21,0.0,0.21,2.34,0,0,0,0,0,0,1,False,4.0,1.0,Leeds,0.0,0.1,0.0,0.0,3,0,1,3834,3619,Hull City (Away),4
Pope,GKP,Newcastle,4.9,1.0,0.0,a,0,0,0,0,0,0,0,0.0,0.0,0.0,0.0,0,0,0,0,0,0,0,False,4.0,1.0,Leeds,0.0,0.0,0.0,0.0,0,0,0,3004,11975,Hull City (Away),4
Gillespie,GKP,Newcastle,4.5,0.0,0.0,a,0,0,0,0,0,0,0,0.0,0.0,0.0,0.0,0,0,0,0,0,0,0,False,4.0,1.0,Leeds,0.0,0.0,0.0,0.0,0,0,0,141,291,Hull City (Away),4
Jaouen,GKP,Newcastle,4.5,0.0,0.0,d,0,0,0,0,0,0,0,0.0,0.0,0.0,0.0,0,0,0,0,0,0,0,False,4.0,1.0,Leeds,0.0,0.0,0.0,0.0,0,0,0,97,341,Hull City (Away),4
Thiaw,DEF,Newcastle,5.0,2.2,2.5,a,90,0,0,0,4,0,0,0.07,0.0,0.07,7.55,0,0,0,0,0,0,1,False,4.0,1.0,Leeds,22.6,0.9,0.0,2.4,-6,0,2,48297,45302,Hull City (Away),4
Schär,DEF,Newcastle,4.9,0.2,0.2,a,0,0,0,0,0,0,0,0.0,0.0,0.0,0.79,0,0,0,0,0,0,0,False,4.0,1.0,Leeds,0.0,0.0,0.0,0.0,0,0,0,1440,3656,Hull City (Away),4
Botman,DEF,Newcastle,5.0,0.7,2.8,a,90,0,0,0,4,0,0,0.17,0.01,0.18,7.55,0,0,0,0,0,0,1,False,4.0,1.0,Leeds,31.2,0.3,0.0,3.2,2,0,2,9972,8764,Hull City (Away),4
Burn,DEF,Newcastle,4.9,0.8,0.0,i,0,0,0,0,0,0,0,0.0,0.0,0.0,0.0,0,0,0,0,0,0,0,False,4.0,1.0,Leeds,0.0,0.0,0.0,0.0,0,0,0,239,20556,Hull City (Away),4
Hall,DEF,Newcastle,5.2,14.5,4.5,a,90,0,0,0,4,0,1,0.68,0.06,0.74,7.53,0,0,0,0,0,0,1,False,4.0,1.0,Leeds,21.0,3.9,7.0,3.2,9,0,0,563772,115626,Hull City (Away),4
Livramento,DEF,Newcastle,4.9,0.1,1.0,a,32,0,1,0,1,0,1,0.01,0.0,0.01,0.18,0,0,0,0,1,0,0,False,4.0,1.0,Leeds,4.8,3.8,4.0,1.3,9,0,3,3493,1041,Hull City (Away),4
A.Murphy,DEF,Newcastle,4.0,0.1,0.0,u,0,0,0,0,0,0,0,0.0,0.0,0.0,0.0,0,0,0,0,0,0,0,False,4.0,1.0,Leeds,0.0,0.0,0.0,0.0,0,0,0,0,957,Hull City (Away),4
Barnes,MID,Newcastle,6.0,3.7,4.8,a,90,0,0,0,4,1,1,0.37,0.51,0.88,7.55,0,0,0,0,0,0,1,False,4.0,1.0,Leeds,12.2,16.8,30.0,5.9,13,0,2,210527,57859,Hull City (Away),4
Elanga,MID,Newcastle,6.2,7.6,4.5,i,0,0,0,0,0,2,0,0.34,0.42,0.76,4.01,0,0,0,0,0,0,0,False,4.0,1.0,Leeds,0.0,0.0,0.0,0.0,0,0,0,326071,195343,Hull City (Away),4
J.Ramsey,MID,Newcastle,4.9,0.3,1.8,i,0,0,0,0,0,1,0,0.16,0.17,0.33,1.92,0,0,0,0,0,0,0,False,4.0,1.0,Leeds,0.0,0.0,0.0,0.0,0,0,0,11516,4976,Hull City (Away),4
J.Murphy,MID,Newcastle,5.9,0.1,0.5,a,56,0,0,0,3,0,0,0.34,0.0,0.34,3.37,0,0,0,0,1,0,1,False,4.0,1.0,Leeds,1.2,3.7,2.0,0.7,2,0,0,1062,2165,Hull City (Away),4
Joelinton,MID,Newcastle,5.4,0.0,0.0,i,0,0,0,0,0,0,0,0.0,0.0,0.0,0.0,0,0,0,0,0,0,0,False,4.0,1.0,Leeds,0.0,0.0,0.0,0.0,0,0,0,33,282,Hull City (Away),4
L.Miley,MID,Newcastle,5.5,0.1,2.0,a,79,0,0,0,4,0,0,0.1,0.05,0.15,6.36,0,1,0,0,0,0,1,False,4.0,1.0,Leeds,6.6,4.5,0.0,1.1,9,0,0,1045,1573,Hull City (Away),4
Willock,MID,Newcastle,5.0,0.5,3.0,a,32,0,0,0,1,1,0,0.26,0.64,0.9,3.73,0,0,0,0,0,0,0,False,4.0,1.0,Leeds,7.6,13.3,18.0,3.9,8,0,1,16531,9891,Hull City (Away),4
Touré,MID,Newcastle,5.8,0.1,1.8,a,33,1,0,0,1,1,0,0.01,0.28,0.29,0.16,0,0,0,0,0,0,0,False,4.0,1.0,Leeds,36.6,5.3,21.0,6.3,24,0,6,376,3407,Hull City (Away),4
Steur,MID,Newcastle,4.9,0.1,1.2,a,71,0,0,0,4,0,0,0.03,0.0,0.03,3.71,0,0,0,0,0,0,0,False,4.0,1.0,Leeds,12.0,20.2,0.0,3.2,14,0,2,390,1454,Hull City (Away),4
Woltemade,FWD,Newcastle,5.9,0.5,1.0,u,0,0,0,0,0,0,1,0.01,0.02,0.03,0.38,0,0,0,0,0,0,0,False,4.0,1.0,Leeds,0.0,0.0,0.0,0.0,0,0,0,0,39340,Hull City (Away),4
Wissa,FWD,Newcastle,6.2,18.5,3.8,a,90,0,0,0,4,1,1,0.05,1.51,1.56,6.38,0,0,0,0,0,0,1,False,4.0,1.0,Leeds,2.2,21.5,12.0,3.6,3,0,2,578506,259090,Hull City (Away),4
Osula,FWD,Newcastle,5.9,0.3,1.0,i,0,0,0,0,0,0,1,0.14,0.06,0.2,1.48,0,0,0,0,0,0,0,False,4.0,1.0,Leeds,0.0,0.0,0.0,0.0,0,0,0,234,12886,Hull City (Away),4
Neave,FWD,Newcastle,4.5,0.6,0.0,u,0,0,0,0,0,0,0,0.0,0.0,0.0,0.0,0,0,0,0,0,0,0,False,4.0,1.0,Leeds,0.0,0.0,0.0,0.0,0,0,0,0,17854,Hull City (Away),4
Bamba,MID,Newcastle,4.9,0.1,0.5,a,10,0,0,0,0,0,0,0.0,0.0,0.0,1.15,0,0,0,0,0,0,0,False,4.0,1.0,Leeds,1.4,0.3,0.0,0.2,4,0,1,539,1637,Hull City (Away),4
Horníček,GKP,Newcastle,5.0,1.5,2.8,a,90,0,0,3,4,0,0,0.0,0.0,0.0,7.55,0,0,0,0,0,0,1,False,4.0,1.0,Leeds,29.4,0.0,0.0,2.9,2,0,1,58083,28617,Hull City (Away),4
Dedić,DEF,Newcastle,4.5,2.6,3.2,i,57,0,0,0,3,0,1,0.08,0.14,0.22,7.38,0,0,0,0,0,0,1,False,4.0,1.0,Leeds,10.4,2.7,0.0,1.3,-3,0,0,107522,115071,Hull City (Away),4
Shahar,DEF,Newcastle,4.0,0.2,0.0,u,0,0,0,0,0,0,0,0.0,0.0,0.0,0.0,0,0,0,0,0,0,0,False,4.0,1.0,Leeds,0.0,0.0,0.0,0.0,0,0,0,3372,4416,Hull City (Away),4
Fernandez-Pardo,FWD,Newcastle,6.0,0.1,1.0,a,57,0,0,0,3,0,0,0.01,0.0,0.01,1.95,0,0,0,0,0,0,1,False,4.0,1.0,Leeds,2.2,10.9,4.0,1.7,5,0,1,6117,1949,Hull City (Away),4
Miley,MID,Newcastle,4.5,0.0,0.0,a,0,0,0,0,0,0,0,0.0,0.0,0.0,0.0,0,0,0,0,0,0,0,False,4.0,1.0,Leeds,0.0,0.0,0.0,0.0,0,0,0,0,0,Hull City (Away),4
Delap,FWD,Nott'm Forest,5.5,2.1,2.0,a,90,1,0,0,1,1,0,0.14,0.76,0.9,1.95,0,0,0,0,1,0,1,False,1.0,2.0,Aston Villa,28.6,12.6,38.0,7.9,25,0,5,20097,12425,Coventry City (Away),4
Muñoz,DEF,Nott'm Forest,5.4,5.9,0.8,a,90,0,0,0,1,0,0,0.19,0.48,0.67,1.92,0,0,0,0,0,0,1,False,1.0,2.0,Aston Villa,31.6,55.9,39.0,12.7,23,0,2,11222,94696,Coventry City (Away),4
Sels,GKP,Nott'm Forest,5.0,1.7,3.0,a,90,0,0,5,1,0,0,0.01,0.0,0.01,4.1,0,0,0,0,0,0,1,False,1.0,2.0,Aston Villa,35.0,0.0,0.0,3.5,19,0,3,15113,12902,Coventry City (Away),4
John,GKP,Nott'm Forest,4.5,0.1,0.0,a,0,0,0,0,0,0,0,0.0,0.0,0.0,0.0,0,0,0,0,0,0,0,False,1.0,2.0,Aston Villa,0.0,0.0,0.0,0.0,0,0,0,173,411,Coventry City (Away),4
N.Williams,DEF,Nott'm Forest,5.0,9.0,4.2,a,90,0,0,0,1,0,1,0.4,0.32,0.72,4.1,0,0,0,0,0,0,1,False,1.0,2.0,Aston Villa,8.8,19.9,10.0,3.9,9,0,2,91886,84494,Coventry City (Away),4
Morato,DEF,Nott'm Forest,5.0,0.0,0.0,u,0,0,0,0,0,0,0,0.0,0.0,0.0,0.0,0,0,0,0,0,0,0,False,1.0,2.0,Aston Villa,0.0,0.0,0.0,0.0,0,0,0,0,1122,Coventry City (Away),4
Milenković,DEF,Nott'm Forest,5.5,1.2,3.0,i,0,0,0,0,0,0,0,0.03,0.11,0.14,3.28,0,0,0,0,0,0,0,False,1.0,2.0,Aston Villa,0.0,0.0,0.0,0.0,0,0,0,9458,9804,Coventry City (Away),4
Murillo,DEF,Nott'm Forest,5.5,2.1,4.8,a,90,0,1,0,1,0,1,0.29,0.35,0.64,4.1,0,0,0,0,1,0,1,False,1.0,2.0,Aston Villa,33.0,10.9,0.0,4.4,18,0,6,15727,9859,Coventry City (Away),4
Aina,DEF,Nott'm Forest,4.5,2.6,2.0,a,90,0,0,0,1,0,0,0.53,0.04,0.57,3.72,0,0,0,0,0,0,1,False,1.0,2.0,Aston Villa,17.4,1.7,0.0,1.9,11,0,2,8317,51323,Coventry City (Away),4
Jair Cunha,DEF,Nott'm Forest,4.5,0.2,2.5,d,0,0,0,0,0,0,0,0.01,0.03,0.04,3.28,0,0,0,0,0,0,0,False,1.0,2.0,Aston Villa,0.0,0.0,0.0,0.0,0,0,0,8098,4213,Coventry City (Away),4
Savona,DEF,Nott'm Forest,4.5,0.0,0.0,i,0,0,0,0,0,0,0,0.0,0.0,0.0,0.0,0,0,0,0,0,0,0,False,1.0,2.0,Aston Villa,0.0,0.0,0.0,0.0,0,0,0,56,40,Coventry City (Away),4
O.Richards,DEF,Nott'm Forest,4.0,0.2,0.0,a,0,0,0,0,0,0,0,0.0,0.0,0.0,0.0,0,0,0,0,0,0,0,False,1.0,2.0,Aston Villa,0.0,0.0,0.0,0.0,0,0,0,925,1756,Coventry City (Away),4
Abbott,DEF,Nott'm Forest,4.0,0.2,0.0,u,0,0,0,0,0,0,0,0.0,0.0,0.0,0.0,0,0,0,0,0,0,0,False,1.0,2.0,Aston Villa,0.0,0.0,0.0,0.0,0,0,0,0,4322,Coventry City (Away),4
Netz,DEF,Nott'm Forest,4.4,0.0,0.5,a,0,0,0,0,0,0,0,0.0,0.0,0.0,0.13,0,0,0,0,0,0,0,False,1.0,2.0,Aston Villa,0.0,0.0,0.0,0.0,0,0,0,104,368,Coventry City (Away),4
Bindon,DEF,Nott'm Forest,4.0,0.1,0.0,u,0,0,0,0,0,0,0,0.0,0.0,0.0,0.0,0,0,0,0,0,0,0,False,1.0,2.0,Aston Villa,0.0,0.0,0.0,0.0,0,0,0,0,2375,Coventry City (Away),4
Gibbs-White,MID,Nott'm Forest,8.0,14.3,6.5,a,90,0,1,0,1,1,2,1.02,1.56,2.58,4.1,0,0,0,0,0,0,1,False,1.0,2.0,Aston Villa,39.0,98.5,26.0,16.4,42,3,8,175102,148241,Coventry City (Away),4
Hudson-Odoi,MID,Nott'm Forest,5.8,0.2,0.2,a,0,0,0,0,0,0,0,0.0,0.0,0.0,0.0,0,0,0,0,0,0,0,False,1.0,2.0,Aston Villa,0.0,0.0,0.0,0.0,0,0,0,774,3360,Coventry City (Away),4
Ndoye,MID,Nott'm Forest,5.5,0.7,3.5,a,74,0,0,0,1,1,0,0.88,1.05,1.93,3.21,0,0,0,0,1,0,1,False,1.0,2.0,Aston Villa,0.0,12.5,38.0,4.7,1,0,1,9828,13030,Coventry City (Away),4
Hutchinson,MID,Nott'm Forest,5.4,0.1,0.0,u,0,0,0,0,0,0,0,0.0,0.0,0.0,0.0,0,0,0,0,0,0,0,False,1.0,2.0,Aston Villa,0.0,0.0,0.0,0.0,0,0,0,0,2676,Coventry City (Away),4
Bakwa,MID,Nott'm Forest,5.5,0.0,0.0,u,0,0,0,0,0,0,0,0.0,0.0,0.0,0.0,0,0,0,0,0,0,0,False,1.0,2.0,Aston Villa,0.0,0.0,0.0,0.0,0,0,0,0,145,Coventry City (Away),4
McAtee,MID,Nott'm Forest,5.5,0.1,2.5,a,81,0,0,0,1,0,0,0.92,0.16,1.08,3.88,0,0,0,0,1,0,1,False,1.0,2.0,Aston Villa,14.8,27.3,10.0,5.2,18,0,3,1956,1410,Coventry City (Away),4
Dominguez,MID,Nott'm Forest,4.9,0.1,0.2,a,0,0,0,0,0,0,0,0.0,0.0,0.0,0.0,0,0,0,0,0,0,0,False,1.0,2.0,Aston Villa,0.0,0.0,0.0,0.0,0,0,0,312,881,Coventry City (Away),4
I.Sangaré,MID,Nott'm Forest,4.9,0.5,0.8,a,8,0,0,0,0,0,0,0.02,0.09,0.11,0.56,0,0,0,0,0,0,0,False,1.0,2.0,Aston Villa,2.4,0.4,2.0,0.5,2,0,1,2665,12118,Coventry City (Away),4
Yates,MID,Nott'm Forest,4.5,1.2,0.0,a,0,0,0,0,0,0,0,0.0,0.0,0.0,0.0,0,0,0,0,0,0,0,False,1.0,2.0,Aston Villa,0.0,0.0,0.0,0.0,0,0,0,7645,15993,Coventry City (Away),4
Wood,FWD,Nott'm Forest,5.8,0.9,0.8,a,1,0,0,0,0,0,0,0.01,0.12,0.13,0.49,0,0,0,0,0,0,0,False,1.0,2.0,Aston Villa,0.0,0.0,0.0,0.0,3,0,1,4564,21994,Coventry City (Away),4
Igor Jesus,FWD,Nott'm Forest,5.8,2.7,2.8,a,15,1,0,0,0,1,0,0.07,1.09,1.16,2.57,0,0,0,0,0,0,0,False,1.0,2.0,Aston Villa,36.4,11.0,17.0,6.4,34,2,7,12811,74220,Coventry City (Away),4
Kalimuendo,FWD,Nott'm Forest,5.4,0.1,0.2,a,0,0,0,0,0,0,0,0.0,0.0,0.0,0.0,0,0,0,0,0,0,0,False,1.0,2.0,Aston Villa,0.0,0.0,0.0,0.0,0,0,0,1150,869,Coventry City (Away),4
Schlager,MID,Nott'm Forest,5.0,0.1,2.8,a,90,0,0,0,1,0,0,0.08,0.14,0.22,3.76,0,0,0,0,1,0,1,False,1.0,2.0,Aston Villa,21.8,15.2,17.0,5.4,18,0,3,1040,1264,Coventry City (Away),4
Diomande,DEF,Nott'm Forest,5.4,0.5,1.2,a,90,0,0,0,1,0,0,0.0,0.11,0.11,0.82,0,0,0,0,0,0,1,False,1.0,2.0,Aston Villa,24.6,0.4,11.0,3.6,10,0,4,1486,8041,Coventry City (Away),4
Benda,GKP,Nott'm Forest,4.5,0.1,0.0,a,0,0,0,0,0,0,0,0.0,0.0,0.0,0.0,0,0,0,0,0,0,0,False,1.0,2.0,Aston Villa,0.0,0.0,0.0,0.0,0,0,0,543,623,Coventry City (Away),4
Van Hecke,DEF,Spurs,4.9,6.7,4.5,a,90,0,0,0,0,0,0,0.12,0.34,0.46,6.62,1,0,0,0,0,0,1,True,0.0,0.0,Everton,38.4,15.2,7.0,6.1,27,0,8,37570,83096,Aston Villa (Away),4
Tosin,DEF,Spurs,4.4,0.2,0.2,a,5,0,0,0,0,0,0,0.0,0.0,0.0,0.03,0,0,0,0,0,0,0,True,0.0,0.0,Everton,9.0,0.2,0.0,0.9,5,0,1,639,1638,Aston Villa (Away),4
Marmoush,FWD,Spurs,7.0,2.2,1.5,a,76,0,0,0,0,0,0,0.11,0.36,0.47,2.68,1,0,0,0,0,0,1,True,0.0,0.0,Everton,3.2,11.6,14.0,2.9,9,0,2,46956,40843,Aston Villa (Away),4
Sávio,MID,Spurs,6.5,0.7,1.5,a,90,0,0,0,0,0,0,0.53,0.12,0.65,1.6,1,0,0,0,0,0,1,True,0.0,0.0,Everton,20.8,53.7,28.0,10.3,22,0,3,13225,13808,Aston Villa (Away),4
Tonali,MID,Spurs,5.4,2.1,3.0,d,90,0,0,0,0,0,0,0.4,0.18,0.58,6.62,1,0,0,0,0,0,1,True,0.0,0.0,Everton,12.2,30.7,6.0,4.9,16,0,3,12899,44165,Aston Villa (Away),4
Vicario,GKP,Spurs,4.5,0.1,0.0,u,0,0,0,0,0,0,0,0.0,0.0,0.0,0.0,0,0,0,0,0,0,0,True,0.0,0.0,Everton,0.0,0.0,0.0,0.0,0,0,0,0,2498,Aston Villa (Away),4
Austin,GKP,Spurs,4.0,1.0,0.0,a,0,0,0,0,0,0,0,0.0,0.0,0.0,0.0,0,0,0,0,0,0,0,True,0.0,0.0,Everton,0.0,0.0,0.0,0.0,0,0,0,8583,5585,Aston Villa (Away),4
Kinsky,GKP,Spurs,4.5,18.3,4.0,a,90,0,0,3,0,0,0,0.0,0.0,0.0,6.62,1,0,0,0,0,0,1,True,0.0,0.0,Everton,19.8,0.0,0.0,2.0,29,0,7,146399,230912,Aston Villa (Away),4
Dubravka,GKP,Spurs,4.0,17.6,0.0,a,0,0,0,0,0,0,0,0.0,0.0,0.0,0.0,0,0,0,0,0,0,0,True,0.0,0.0,Everton,0.0,0.0,0.0,0.0,0,0,0,144708,125163,Aston Villa (Away),4
Senesi,DEF,Spurs,5.8,3.9,0.8,a,0,0,0,0,0,0,0,0.02,0.0,0.02,3.87,0,0,0,0,0,0,0,True,0.0,0.0,Everton,0.0,0.0,0.0,0.0,0,0,0,4311,108946,Aston Villa (Away),4
Pedro Porro,DEF,Spurs,5.4,8.5,2.0,d,0,0,0,0,0,0,0,0.16,0.36,0.52,1.64,0,0,0,0,0,0,0,True,0.0,0.0,Everton,0.0,0.0,0.0,0.0,0,0,0,48477,129180,Aston Villa (Away),4
Romero,DEF,Spurs,5.0,0.1,0.0,u,0,0,0,0,0,0,0,0.0,0.0,0.0,0.0,0,0,0,0,0,0,0,True,0.0,0.0,Everton,0.0,0.0,0.0,0.0,0,0,0,0,1362,Aston Villa (Away),4
Robertson,DEF,Spurs,4.4,2.6,3.2,a,90,0,0,0,0,0,0,0.17,0.13,0.3,5.89,1,0,0,0,0,0,1,True,0.0,0.0,Everton,10.8,31.5,8.0,5.0,30,1,7,5647,63320,Aston Villa (Away),4
Van de Ven,DEF,Spurs,5.0,3.9,3.8,a,90,0,0,0,0,0,0,0.04,0.57,0.61,2.75,1,0,0,0,0,0,1,True,0.0,0.0,Everton,15.0,3.1,0.0,1.8,27,0,6,33873,23753,Aston Villa (Away),4
Spence,DEF,Spurs,4.5,0.2,0.0,u,0,0,0,0,0,0,0,0.0,0.0,0.0,0.0,0,0,0,0,0,0,0,True,0.0,0.0,Everton,0.0,0.0,0.0,0.0,0,0,0,0,5357,Aston Villa (Away),4
Udogie,DEF,Spurs,4.4,0.3,1.8,a,0,0,0,0,0,0,0,0.23,0.0,0.23,1.17,0,0,0,0,0,0,0,True,0.0,0.0,Everton,0.0,0.0,0.0,0.0,0,0,0,1478,4392,Aston Villa (Away),4
Phillips,DEF,Spurs,4.5,0.0,0.0,u,0,0,0,0,0,0,0,0.0,0.0,0.0,0.0,0,0,0,0,0,0,0,True,0.0,0.0,Everton,0.0,0.0,0.0,0.0,0,0,0,0,139,Aston Villa (Away),4
Davies,DEF,Spurs,4.0,0.8,0.0,a,0,0,0,0,0,0,0,0.0,0.0,0.0,0.0,0,0,0,0,0,0,0,True,0.0,0.0,Everton,0.0,0.0,0.0,0.0,0,0,0,2570,8955,Aston Villa (Away),4
Byfield,DEF,Spurs,4.0,0.1,0.0,a,0,0,0,0,0,0,0,0.0,0.0,0.0,0.0,0,0,0,0,0,0,0,True,0.0,0.0,Everton,0.0,0.0,0.0,0.0,0,0,0,621,565,Aston Villa (Away),4
Rowswell,DEF,Spurs,4.0,0.1,0.0,a,0,0,0,0,0,0,0,0.0,0.0,0.0,0.0,0,0,0,0,0,0,0,True,0.0,0.0,Everton,0.0,0.0,0.0,0.0,0,0,0,824,760,Aston Villa (Away),4
Souza,DEF,Spurs,4.0,0.2,0.0,u,0,0,0,0,0,0,0,0.0,0.0,0.0,0.0,0,0,0,0,0,0,0,True,0.0,0.0,Everton,0.0,0.0,0.0,0.0,0,0,0,0,4759,Aston Villa (Away),4
Kudus,MID,Spurs,6.5,0.1,0.8,a,27,0,0,0,0,0,0,0.22,0.04,0.26,1.11,0,0,0,0,0,0,0,True,0.0,0.0,Everton,6.0,12.8,6.0,2.5,8,0,1,3198,2653,Aston Villa (Away),4
Xavi,MID,Spurs,5.9,0.0,0.0,i,0,0,0,0,0,0,0,0.0,0.0,0.0,0.0,0,0,0,0,0,0,0,True,0.0,0.0,Everton,0.0,0.0,0.0,0.0,0,0,0,86,194,Aston Villa (Away),4
Tel,MID,Spurs,5.8,0.2,2.0,a,27,0,0,0,0,0,0,0.23,0.21,0.44,5.55,0,0,0,0,0,0,0,True,0.0,0.0,Everton,0.6,3.2,9.0,1.3,3,0,1,1812,8382,Aston Villa (Away),4
Maddison,MID,Spurs,6.3,0.4,0.5,a,13,0,0,0,0,0,0,0.02,0.0,0.02,0.88,0,0,0,0,0,0,0,True,0.0,0.0,Everton,6.8,3.8,0.0,1.1,3,0,1,447,13543,Aston Villa (Away),4
Bentancur,MID,Spurs,5.5,0.2,2.8,a,62,0,0,0,0,0,0,0.08,0.02,0.1,4.49,1,0,0,0,0,0,1,True,0.0,0.0,Everton,22.6,7.9,0.0,3.1,15,0,3,1225,1397,Aston Villa (Away),4
Odobert,MID,Spurs,5.5,0.0,0.0,i,0,0,0,0,0,0,0,0.0,0.0,0.0,0.0,0,0,0,0,0,0,0,True,0.0,0.0,Everton,0.0,0.0,0.0,0.0,0,0,0,36,18,Aston Villa (Away),4
P.M.Sarr,MID,Spurs,4.9,0.1,0.0,u,0,0,0,0,0,0,0,0.0,0.0,0.0,0.0,0,0,0,0,0,0,0,True,0.0,0.0,Everton,0.0,0.0,0.0,0.0,0,0,0,0,4648,Aston Villa (Away),4
Gallagher,MID,Spurs,5.3,0.2,0.8,a,0,0,0,0,0,0,0,0.12,0.02,0.14,2.58,0,0,0,0,0,0,0,True,0.0,0.0,Everton,0.0,0.0,0.0,0.0,0,0,0,812,2556,Aston Villa (Away),4
Bergvall,MID,Spurs,5.4,0.1,0.5,a,27,0,0,0,0,0,0,0.26,0.06,0.32,2.14,0,0,0,0,0,0,0,True,0.0,0.0,Everton,8.0,7.9,7.0,2.3,8,0,1,319,1983,Aston Villa (Away),4
Kulusevski,MID,Spurs,6.5,0.0,0.0,i,0,0,0,0,0,0,0,0.0,0.0,0.0,0.0,0,0,0,0,0,0,0,True,0.0,0.0,Everton,0.0,0.0,0.0,0.0,0,0,0,81,154,Aston Villa (Away),4
Gray,MID,Spurs,4.9,0.2,1.8,a,84,0,0,0,0,0,0,0.04,0.09,0.13,4.99,1,0,0,0,0,0,1,True,0.0,0.0,Everton,9.6,6.7,10.0,2.6,13,0,3,876,3315,Aston Villa (Away),4
Moore,MID,Spurs,5.0,0.1,0.8,u,0,0,0,0,0,0,0,0.02,0.4,0.42,3.26,0,0,0,0,0,0,0,True,0.0,0.0,Everton,0.0,0.0,0.0,0.0,0,0,0,0,5490,Aston Villa (Away),4
Olusesi,MID,Spurs,4.4,1.0,0.0,a,0,0,0,0,0,0,0,0.0,0.0,0.0,0.0,0,0,0,0,0,0,0,True,0.0,0.0,Everton,0.0,0.0,0.0,0.0,0,0,0,13763,8087,Aston Villa (Away),4
Fernandes,MID,Spurs,5.8,0.8,1.5,a,62,0,0,0,0,0,0,0.26,0.12,0.38,3.61,1,0,0,0,0,0,1,True,0.0,0.0,Everton,3.0,13.0,22.0,3.8,15,0,3,1839,29808,Aston Villa (Away),4
Solanke,FWD,Spurs,5.8,0.9,1.2,a,62,0,0,0,0,0,0,0.01,0.44,0.45,1.56,1,0,0,0,0,0,1,True,0.0,0.0,Everton,0.0,4.3,6.0,0.8,4,0,2,5756,19815,Aston Villa (Away),4
Richarlison,FWD,Spurs,5.9,0.7,0.5,u,0,0,0,0,0,0,0,0.0,0.0,0.0,3.02,0,0,0,0,0,0,0,True,0.0,0.0,Everton,0.0,0.0,0.0,0.0,0,0,0,0,69368,Aston Villa (Away),4
Scarlett,FWD,Spurs,4.5,1.2,0.0,u,0,0,0,0,0,0,0,0.0,0.0,0.0,0.0,0,0,0,0,0,0,0,True,0.0,0.0,Everton,0.0,0.0,0.0,0.0,0,0,0,0,31099,Aston Villa (Away),4
Mudryk,MID,Spurs,5.4,0.0,0.2,i,0,0,0,0,0,0,0,0.0,0.0,0.0,0.16,0,0,0,0,0,0,0,True,0.0,0.0,Everton,0.0,0.0,0.0,0.0,0,0,0,1620,2290,Aston Villa (Away),4
Williams-Barnett,MID,Spurs,4.5,0.1,0.0,a,0,0,0,0,0,0,0,0.0,0.0,0.0,0.0,0,0,0,0,0,0,0,True,0.0,0.0,Everton,0.0,0.0,0.0,0.0,0,0,0,2324,1921,Aston Villa (Away),4
Danso,DEF,Sunderland,5.0,0.2,0.8,a,90,0,0,0,2,0,0,0.16,0.0,0.16,3.09,0,0,0,0,0,0,1,True,0.0,2.0,Arsenal,16.8,11.0,2.0,3.0,6,0,1,1568,1747,Man City (Home),4
Roefs,GKP,Sunderland,4.9,2.6,2.8,a,90,0,0,3,2,0,0,0.0,0.0,0.0,5.84,0,0,0,0,0,0,1,True,0.0,2.0,Arsenal,27.2,0.0,0.0,2.7,9,0,2,2287,50248,Man City (Home),4
Patterson,GKP,Sunderland,4.0,0.1,0.0,u,0,0,0,0,0,0,0,0.0,0.0,0.0,0.0,0,0,0,0,0,0,0,True,0.0,2.0,Arsenal,0.0,0.0,0.0,0.0,0,0,0,0,986,Man City (Home),4
Ellborg,GKP,Sunderland,4.5,0.1,0.0,a,0,0,0,0,0,0,0,0.0,0.0,0.0,0.0,0,0,0,0,0,0,0,True,0.0,2.0,Arsenal,0.0,0.0,0.0,0.0,0,0,0,235,726,Man City (Home),4
Ballard,DEF,Sunderland,4.9,2.8,3.0,a,90,0,0,0,2,0,0,0.16,0.17,0.33,5.84,0,0,0,0,1,0,1,True,0.0,2.0,Arsenal,9.0,10.8,9.0,2.9,0,0,0,7170,103276,Man City (Home),4
Mukiele,DEF,Sunderland,5.4,2.0,3.2,a,90,0,0,0,2,0,0,0.05,0.7,0.75,4.04,0,0,0,0,1,0,1,True,0.0,2.0,Arsenal,10.4,4.9,46.0,6.1,-5,0,0,6912,28764,Man City (Home),4
Hume,DEF,Sunderland,4.4,3.3,2.2,a,0,0,0,0,0,0,0,0.28,0.04,0.32,3.09,0,0,0,0,0,0,0,True,0.0,2.0,Arsenal,0.0,0.0,0.0,0.0,0,0,0,3636,153310,Man City (Home),4
Alderete,DEF,Sunderland,4.9,0.2,0.2,a,0,0,0,0,0,0,0,0.01,0.0,0.01,0.1,0,0,0,0,0,0,0,True,0.0,2.0,Arsenal,0.0,0.0,0.0,0.0,0,0,0,401,6756,Man City (Home),4
Reinildo,DEF,Sunderland,4.5,0.3,1.8,s,90,0,0,0,2,0,0,0.32,0.0,0.32,5.05,0,0,0,0,0,1,1,True,0.0,2.0,Arsenal,0.0,1.4,0.0,0.0,-12,0,-2,780,5132,Man City (Home),4
Seelt,DEF,Sunderland,4.5,0.0,0.0,u,0,0,0,0,0,0,0,0.0,0.0,0.0,0.0,0,0,0,0,0,0,0,True,0.0,2.0,Arsenal,0.0,0.0,0.0,0.0,0,0,0,0,100,Man City (Home),4
Hjelde,DEF,Sunderland,4.0,0.0,0.0,u,0,0,0,0,0,0,0,0.0,0.0,0.0,0.0,0,0,0,0,0,0,0,True,0.0,2.0,Arsenal,0.0,0.0,0.0,0.0,0,0,0,0,403,Man City (Home),4
O'Nien,DEF,Sunderland,4.0,2.5,0.2,a,0,0,0,0,0,0,0,0.01,0.01,0.02,1.69,0,0,0,0,0,0,0,True,0.0,2.0,Arsenal,0.0,0.0,0.0,0.0,0,0,0,2683,34037,Man City (Home),4
Masuaku,DEF,Sunderland,4.0,0.1,0.0,u,0,0,0,0,0,0,0,0.0,0.0,0.0,0.0,0,0,0,0,0,0,0,True,0.0,2.0,Arsenal,0.0,0.0,0.0,0.0,0,0,0,0,1719,Man City (Home),4
Meunier,DEF,Sunderland,4.5,0.3,2.8,a,75,0,0,0,1,0,0,0.13,0.34,0.47,4.6,0,0,0,0,0,0,1,True,0.0,2.0,Arsenal,5.8,1.8,15.0,2.3,5,0,2,781,2566,Man City (Home),4
E.Le Fée,MID,Sunderland,5.8,3.7,3.2,a,90,0,0,0,2,1,0,0.82,2.06,2.88,5.64,0,0,1,0,0,0,1,True,0.0,2.0,Arsenal,6.8,29.7,26.0,6.3,6,0,0,9125,146558,Man City (Home),4
Diarra,MID,Sunderland,5.4,0.0,1.2,i,0,0,0,0,0,0,1,0.16,0.03,0.19,0.12,0,0,0,0,0,0,0,True,0.0,2.0,Arsenal,0.0,0.0,0.0,0.0,0,0,0,27,1528,Man City (Home),4
Xhaka,MID,Sunderland,5.5,3.9,4.8,a,90,0,0,0,2,0,1,0.94,0.06,1.0,5.84,0,0,0,0,1,0,1,True,0.0,2.0,Arsenal,14.6,44.0,0.0,5.9,19,0,1,23504,61283,Man City (Home),4
Sadiki,MID,Sunderland,4.9,0.2,2.0,a,90,0,0,0,2,0,0,0.23,0.4,0.63,5.45,0,0,0,0,0,0,1,True,0.0,2.0,Arsenal,11.0,1.3,1.0,1.3,11,0,2,1090,4909,Man City (Home),4
Adingra,MID,Sunderland,4.9,0.0,0.0,u,0,0,0,0,0,0,0,0.0,0.0,0.0,0.0,0,0,0,0,0,0,0,True,0.0,2.0,Arsenal,0.0,0.0,0.0,0.0,0,0,0,0,1088,Man City (Home),4
Mundle,MID,Sunderland,4.9,0.0,0.2,i,0,0,0,0,0,0,0,0.0,0.17,0.17,0.09,0,0,0,0,0,0,0,True,0.0,2.0,Arsenal,0.0,0.0,0.0,0.0,0,0,0,53,199,Man City (Home),4
Rigg,MID,Sunderland,4.9,0.0,0.5,a,0,0,0,0,0,0,0,0.0,0.0,0.0,0.44,0,0,0,0,0,0,0,True,0.0,2.0,Arsenal,0.0,0.0,0.0,0.0,0,0,0,130,634,Man City (Home),4
Talbi,MID,Sunderland,5.3,0.1,0.2,a,0,0,0,0,0,0,0,0.0,0.0,0.0,0.14,0,0,0,0,0,0,0,True,0.0,2.0,Arsenal,0.0,0.0,0.0,0.0,0,0,0,214,2552,Man City (Home),4
Jocelin.T,MID,Sunderland,5.0,0.0,0.0,a,0,0,0,0,0,0,0,0.0,0.0,0.0,0.0,0,0,0,0,0,0,0,True,0.0,2.0,Arsenal,0.0,0.0,0.0,0.0,0,0,0,79,91,Man City (Home),4
N.Angulo,MID,Sunderland,5.0,0.1,3.0,a,69,0,0,0,1,1,0,0.12,0.15,0.27,3.81,0,0,0,0,0,0,1,True,0.0,2.0,Arsenal,2.2,0.9,2.0,0.5,7,0,2,1450,3150,Man City (Home),4
Brobbey,FWD,Sunderland,5.8,5.8,1.8,a,90,0,0,0,2,0,0,0.07,0.59,0.66,5.36,0,0,0,0,1,0,1,True,0.0,2.0,Arsenal,0.0,11.5,14.0,2.4,4,0,1,13895,260381,Man City (Home),4
Isidor,FWD,Sunderland,5.5,1.4,3.5,a,20,0,0,0,1,1,1,0.01,1.49,1.5,1.99,0,0,0,0,0,0,0,True,0.0,2.0,Arsenal,1.2,0.1,0.0,0.1,1,0,1,47557,22245,Man City (Home),4
Methalie,DEF,Sunderland,4.5,0.0,0.0,a,0,0,0,0,0,0,0,0.0,0.0,0.0,0.0,0,0,0,0,0,0,0,True,0.0,2.0,Arsenal,0.0,0.0,0.0,0.0,0,0,0,187,203,Man City (Home),4
Ahoka,MID,Sunderland,4.5,0.2,0.0,a,0,0,0,0,0,0,0,0.0,0.0,0.0,0.0,0,0,0,0,0,0,0,True,0.0,2.0,Arsenal,0.0,0.0,0.0,0.0,0,0,0,6933,4383,Man City (Home),4
Fofana,MID,Sunderland,5.5,0.0,1.0,a,14,0,0,0,1,0,0,0.0,0.0,0.0,1.18,0,0,0,0,0,0,0,True,0.0,2.0,Arsenal,0.0,0.8,6.0,0.6,2,0,1,1193,557,Man City (Home),4
J.Angulo,FWD,Sunderland,4.5,0.7,0.0,a,0,0,0,0,0,0,0,0.0,0.0,0.0,0.0,0,0,0,0,0,0,0,True,0.0,2.0,Arsenal,0.0,0.0,0.0,0.0,0,0,0,32385,9536,Man City (Home),4
Raya,GKP,Arsenal,6.0,39.1,5.0,a,90,0,0,4,1,0,0,0.01,0.0,0.01,0.92,0,0,0,0,0,0,1,True,2.0,1.0,Chelsea,28.8,0.0,0.0,2.9,15,0,3,204948,228728,Sunderland (Home),3
Arrizabalaga,GKP,Arsenal,4.9,0.1,0.0,a,0,0,0,0,0,0,0,0.0,0.0,0.0,0.0,0,0,0,0,0,0,0,True,2.0,1.0,Chelsea,0.0,0.0,0.0,0.0,0,0,0,599,1214,Sunderland (Home),3
Meslier,GKP,Arsenal,4.9,0.0,0.0,a,0,0,0,0,0,0,0,0.0,0.0,0.0,0.0,0,0,0,0,0,0,0,True,2.0,1.0,Chelsea,0.0,0.0,0.0,0.0,0,0,0,172,459,Sunderland (Home),3
Gabriel,DEF,Arsenal,8.0,24.1,5.0,a,90,0,0,0,1,0,0,0.05,0.49,0.54,0.92,0,0,0,0,0,0,1,True,2.0,1.0,Chelsea,23.6,2.4,76.0,10.2,10,0,2,46883,345642,Sunderland (Home),3
J.Timber,DEF,Arsenal,6.5,0.1,0.0,d,0,0,0,0,0,0,0,0.0,0.0,0.0,0.0,0,0,0,0,0,0,0,True,2.0,1.0,Chelsea,0.0,0.0,0.0,0.0,0,0,0,549,2441,Sunderland (Home),3
Saliba,DEF,Arsenal,5.9,0.2,0.0,i,0,0,0,0,0,0,0,0.0,0.0,0.0,0.0,0,0,0,0,0,0,0,True,2.0,1.0,Chelsea,0.0,0.0,0.0,0.0,0,0,0,1102,5482,Sunderland (Home),3
Lewis-Skelly,MID,Arsenal,5.5,0.7,2.7,a,66,0,0,0,1,0,0,0.23,0.16,0.39,0.79,0,0,0,0,0,0,1,True,2.0,1.0,Chelsea,0.0,12.7,4.0,1.0,5,0,2,8849,13490,Sunderland (Home),3
Calafiori,DEF,Arsenal,5.8,49.0,7.3,a,66,0,0,0,1,0,2,0.58,0.54,1.12,0.65,0,0,0,0,0,0,1,True,2.0,1.0,Chelsea,4.4,3.2,26.0,3.4,0,0,2,515479,118556,Sunderland (Home),3
Hincapie,DEF,Arsenal,5.3,1.0,0.7,a,23,0,0,0,0,0,0,0.0,0.0,0.0,0.28,0,0,0,0,0,0,0,True,2.0,1.0,Chelsea,6.0,0.5,2.0,0.9,3,0,1,4425,35641,Sunderland (Home),3
White,DEF,Arsenal,5.5,7.6,6.7,a,90,0,0,0,1,0,1,0.29,0.18,0.47,0.92,0,0,0,0,0,0,1,True,2.0,1.0,Chelsea,15.8,5.1,10.0,3.1,11,0,2,163295,117376,Sunderland (Home),3
Mosquera,DEF,Arsenal,5.4,2.7,4.0,d,0,0,0,0,0,0,0,0.01,0.0,0.01,0.53,0,0,0,0,0,0,0,True,2.0,1.0,Chelsea,0.0,0.0,0.0,0.0,0,0,0,13546,128368,Sunderland (Home),3
Saka,MID,Arsenal,9.5,11.5,7.3,a,89,0,0,0,1,2,0,0.35,1.5,1.85,0.78,0,0,0,0,0,0,1,True,2.0,1.0,Chelsea,10.6,27.8,70.0,10.8,13,0,2,156377,101286,Sunderland (Home),3
Rice,MID,Arsenal,7.4,13.1,4.3,a,90,0,1,0,1,0,1,0.26,0.1,0.36,0.78,0,0,0,0,0,0,1,True,2.0,1.0,Chelsea,33.8,19.9,2.0,5.6,22,0,5,21785,248891,Sunderland (Home),3
Eze,MID,Arsenal,6.3,1.2,0.7,a,0,0,0,0,0,0,0,0.07,0.04,0.11,0.39,0,0,0,0,0,0,0,True,2.0,1.0,Chelsea,0.0,0.0,0.0,0.0,0,0,0,8271,40572,Sunderland (Home),3
Ødegaard,MID,Arsenal,6.7,17.5,8.0,a,76,1,0,0,1,2,0,1.05,1.01,2.06,0.66,0,0,0,0,0,0,1,True,2.0,1.0,Chelsea,45.0,54.2,30.0,12.9,47,3,10,119653,172602,Sunderland (Home),3
Madueke,MID,Arsenal,6.3,0.2,0.7,a,1,0,0,0,0,0,0,0.05,0.0,0.05,0.15,0,0,0,0,0,0,0,True,2.0,1.0,Chelsea,2.2,0.8,0.0,0.3,3,0,1,1276,8073,Sunderland (Home),3
Merino,MID,Arsenal,5.8,0.4,0.7,a,13,0,0,0,0,0,0,0.02,0.14,0.16,0.26,0,0,0,0,1,0,0,True,2.0,1.0,Chelsea,0.0,1.1,0.0,0.1,0,0,0,3061,13869,Sunderland (Home),3
Martinelli,MID,Arsenal,6.3,0.1,0.0,u,0,0,0,0,0,0,0,0.0,0.0,0.0,0.0,0,0,0,0,0,0,0,True,2.0,1.0,Chelsea,0.0,0.0,0.0,0.0,0,0,0,1165,6606,Sunderland (Home),3
Zubimendi,MID,Arsenal,5.4,0.7,1.0,a,23,0,0,0,0,0,0,0.04,0.08,0.12,0.28,0,0,0,0,0,0,0,True,2.0,1.0,Chelsea,1.4,0.8,11.0,1.3,1,0,1,3485,20017,Sunderland (Home),3
Dowman,MID,Arsenal,5.3,0.1,0.0,a,0,0,0,0,0,0,0,0.0,0.0,0.0,0.0,0,0,0,0,0,0,0,True,2.0,1.0,Chelsea,0.0,0.0,0.0,0.0,0,0,0,608,1997,Sunderland (Home),3
Nwaneri,MID,Arsenal,5.4,0.0,0.0,u,0,0,0,0,0,0,0,0.0,0.0,0.0,0.0,0,0,0,0,0,0,0,True,2.0,1.0,Chelsea,0.0,0.0,0.0,0.0,0,0,0,157,427,Sunderland (Home),3
Fábio Vieira,MID,Arsenal,5.5,0.0,0.0,u,0,0,0,0,0,0,0,0.0,0.0,0.0,0.0,0,0,0,0,0,0,0,True,2.0,1.0,Chelsea,0.0,0.0,0.0,0.0,0,0,0,175,311,Sunderland (Home),3
Nelson,MID,Arsenal,5.5,0.0,0.0,u,0,0,0,0,0,0,0,0.0,0.0,0.0,0.0,0,0,0,0,0,0,0,True,2.0,1.0,Chelsea,0.0,0.0,0.0,0.0,0,0,0,4,303,Sunderland (Home),3
Gyökeres,FWD,Arsenal,7.2,3.8,0.3,a,12,0,0,0,0,0,0,0.0,0.0,0.0,0.11,0,0,0,0,0,0,0,True,2.0,1.0,Chelsea,0.0,0.1,0.0,0.0,2,0,1,8161,200991,Sunderland (Home),3
Havertz,FWD,Arsenal,7.5,8.0,5.3,a,77,1,0,0,1,2,0,0.33,0.55,0.88,0.8,0,0,0,0,0,0,1,True,2.0,1.0,Chelsea,43.0,37.0,57.0,13.7,38,2,8,72519,141389,Sunderland (Home),3
G.Jesus,FWD,Arsenal,5.9,0.2,0.0,u,0,0,0,0,0,0,0,0.0,0.0,0.0,0.0,0,0,0,0,0,0,0,True,2.0,1.0,Chelsea,0.0,0.0,0.0,0.0,0,0,0,2250,11109,Sunderland (Home),3
Konsa,DEF,Arsenal,4.5,16.1,1.7,a,90,0,0,0,1,0,0,0.01,0.0,0.01,0.39,0,0,0,0,0,0,1,True,2.0,1.0,Chelsea,19.4,1.4,4.0,2.5,15,0,4,270872,199146,Sunderland (Home),3
Bruno G.,MID,Arsenal,6.8,1.7,0.3,a,0,0,0,0,0,0,0,0.01,0.0,0.01,0.0,0,0,0,0,0,0,0,True,2.0,1.0,Chelsea,0.0,0.0,0.0,0.0,0,0,0,5546,62782,Sunderland (Home),3
Tzolis,MID,Arsenal,6.4,16.1,3.7,a,90,0,1,0,1,0,2,0.35,0.19,0.54,0.55,0,0,0,0,1,0,1,True,2.0,1.0,Chelsea,30.6,50.0,4.0,8.5,31,1,5,91384,693324,Sunderland (Home),3
M.Bizot,GKP,Aston Villa,4.5,0.1,0.3,a,0,0,0,0,0,0,0,0.0,0.0,0.0,3.77,0,0,0,0,0,0,0,False,0.0,0.0,Hull City,0.0,0.0,0.0,0.0,0,0,0,2306,2375,Nott'm Forest (Away),3
Digne,DEF,Aston Villa,4.5,0.1,0.0,u,0,0,0,0,0,0,0,0.0,0.0,0.0,0.0,0,0,0,0,0,0,0,False,0.0,0.0,Hull City,0.0,0.0,0.0,0.0,0,0,0,0,2071,Nott'm Forest (Away),3
Cash,DEF,Aston Villa,4.5,6.2,2.3,d,84,0,0,0,0,0,0,0.04,0.15,0.19,5.03,1,0,0,0,0,0,1,False,0.0,0.0,Hull City,6.4,16.3,6.0,2.9,23,0,6,41628,77307,Nott'm Forest (Away),3
Mings,DEF,Aston Villa,4.5,0.4,2.3,a,90,0,0,0,0,0,0,0.02,0.11,0.13,0.79,1,0,0,0,0,0,1,False,0.0,0.0,Hull City,14.8,4.4,13.0,3.2,28,0,6,2622,4836,Nott'm Forest (Away),3
Pau,DEF,Aston Villa,4.5,0.4,0.7,a,0,0,0,0,0,0,0,0.01,0.0,0.01,4.59,0,0,0,0,0,0,0,False,0.0,0.0,Hull City,0.0,0.0,0.0,0.0,0,0,0,5255,4336,Nott'm Forest (Away),3
Bogarde,MID,Aston Villa,5.0,0.1,0.3,a,0,0,0,0,0,0,0,0.0,0.0,0.0,0.22,0,0,0,0,0,0,0,False,0.0,0.0,Hull City,0.0,0.0,0.0,0.0,0,0,0,945,1256,Nott'm Forest (Away),3
Maatsen,DEF,Aston Villa,4.5,0.8,2.7,a,74,0,0,0,0,0,0,0.42,0.1,0.52,4.88,1,0,0,0,0,0,1,False,0.0,0.0,Hull City,10.6,19.8,4.0,3.4,29,1,7,11292,8625,Nott'm Forest (Away),3
Lindelöf,DEF,Aston Villa,4.5,0.3,2.0,a,90,0,0,0,0,0,0,0.16,0.0,0.16,5.38,1,0,0,0,0,0,1,False,0.0,0.0,Hull City,22.4,24.9,2.0,4.9,28,0,6,3211,2995,Nott'm Forest (Away),3
A.García,DEF,Aston Villa,4.0,1.7,0.0,a,0,0,0,0,0,0,0,0.0,0.0,0.0,0.0,0,0,0,0,0,0,0,False,0.0,0.0,Hull City,0.0,0.0,0.0,0.0,0,0,0,16171,16677,Nott'm Forest (Away),3
Nedeljkovic,DEF,Aston Villa,4.0,0.1,0.0,u,0,0,0,0,0,0,0,0.0,0.0,0.0,0.0,0,0,0,0,0,0,0,False,0.0,0.0,Hull City,0.0,0.0,0.0,0.0,0,0,0,0,3988,Nott'm Forest (Away),3
Buendía,MID,Aston Villa,5.9,1.0,2.3,a,74,0,0,0,0,0,0,0.16,0.78,0.94,4.88,1,0,0,0,0,0,1,False,0.0,0.0,Hull City,0.0,10.8,7.0,1.4,2,0,3,20598,24117,Nott'm Forest (Away),3
Bailey,MID,Aston Villa,5.4,0.1,0.0,u,0,0,0,0,0,0,0,0.0,0.0,0.0,0.0,0,0,0,0,0,0,0,False,0.0,0.0,Hull City,0.0,0.0,0.0,0.0,0,0,0,1094,3724,Nott'm Forest (Away),3
McGinn,MID,Aston Villa,5.4,2.3,1.7,a,90,0,0,0,0,0,0,0.09,0.77,0.86,5.23,1,0,0,0,0,0,1,False,0.0,0.0,Hull City,1.4,5.6,4.0,1.1,6,0,3,16891,44482,Nott'm Forest (Away),3
Barkley,MID,Aston Villa,5.0,0.3,2.3,a,90,0,0,0,0,0,0,0.13,0.35,0.48,5.16,1,0,0,0,0,0,1,False,0.0,0.0,Hull City,13.6,34.1,15.0,6.3,15,0,3,5744,4009,Nott'm Forest (Away),3
Kamara,MID,Aston Villa,5.0,0.3,2.3,a,90,0,0,0,0,0,0,0.1,0.0,0.1,5.38,1,0,0,0,0,0,1,False,0.0,0.0,Hull City,13.6,26.2,0.0,4.0,20,0,3,5061,5781,Nott'm Forest (Away),3
Onana,MID,Aston Villa,5.0,0.0,0.0,i,0,0,0,0,0,0,0,0.0,0.0,0.0,0.0,0,0,0,0,0,0,0,False,0.0,0.0,Hull City,0.0,0.0,0.0,0.0,0,0,0,140,570,Nott'm Forest (Away),3
Iling Jr,MID,Aston Villa,5.0,0.0,0.0,u,0,0,0,0,0,0,0,0.0,0.0,0.0,0.0,0,0,0,0,0,0,0,False,0.0,0.0,Hull City,0.0,0.0,0.0,0.0,0,0,0,0,63,Nott'm Forest (Away),3
Burrowes,MID,Aston Villa,4.5,0.7,0.0,a,0,0,0,0,0,0,0,0.0,0.0,0.0,0.0,0,0,0,0,0,0,0,False,0.0,0.0,Hull City,0.0,0.0,0.0,0.0,0,0,0,8705,9113,Nott'm Forest (Away),3
George Hemmings,MID,Aston Villa,4.5,1.3,2.3,a,74,0,0,0,0,0,0,0.15,0.07,0.22,5.0,1,0,0,0,0,0,1,False,0.0,0.0,Hull City,10.8,13.5,21.0,4.5,12,0,3,36405,14435,Nott'm Forest (Away),3
Alysson,MID,Aston Villa,5.0,0.0,0.7,a,15,0,0,0,0,0,0,0.0,0.0,0.0,0.51,0,0,0,0,0,0,0,False,0.0,0.0,Hull City,0.2,1.8,0.0,0.2,3,0,1,827,929,Nott'm Forest (Away),3
Manzambi,MID,Aston Villa,5.9,0.1,0.0,d,0,0,0,0,0,0,0,0.0,0.0,0.0,0.0,0,0,0,0,0,0,0,False,0.0,0.0,Hull City,0.0,0.0,0.0,0.0,0,0,0,341,5049,Nott'm Forest (Away),3
Gomes,MID,Aston Villa,5.5,0.0,-0.7,s,0,0,0,0,0,0,0,0.01,0.0,0.01,2.58,0,0,0,0,0,0,0,False,0.0,0.0,Hull City,0.0,0.0,0.0,0.0,0,0,0,90,1185,Nott'm Forest (Away),3
Watkins,FWD,Aston Villa,7.8,3.1,0.0,u,0,0,0,0,0,0,0,0.0,0.0,0.0,0.0,0,0,0,0,0,0,0,False,0.0,0.0,Hull City,0.0,0.0,0.0,0.0,0,0,0,4250,309379,Nott'm Forest (Away),3
Abraham,FWD,Aston Villa,5.5,0.2,0.7,a,5,0,0,0,0,0,0,0.0,0.0,0.0,0.37,0,0,0,0,0,0,0,False,0.0,0.0,Hull City,2.0,1.0,0.0,0.3,3,0,1,4925,2751,Nott'm Forest (Away),3
Garnacho,MID,Aston Villa,5.9,0.4,1.0,a,15,0,0,0,0,0,0,0.0,0.0,0.0,0.49,0,0,0,0,0,0,0,False,0.0,0.0,Hull City,1.0,1.6,0.0,0.3,4,0,1,2557,12081,Nott'm Forest (Away),3
N.Jackson,FWD,Aston Villa,6.5,1.3,1.3,a,84,0,0,0,0,0,0,0.54,0.24,0.78,1.23,1,0,0,0,0,0,1,False,0.0,0.0,Hull City,1.2,17.5,20.0,3.9,10,0,2,46877,9043,Nott'm Forest (Away),3
Madjo,FWD,Aston Villa,5.5,0.3,0.0,i,0,0,0,0,0,0,0,0.0,0.0,0.0,0.0,0,0,0,0,0,0,0,False,0.0,0.0,Hull City,0.0,0.0,0.0,0.0,0,0,0,894,9357,Nott'm Forest (Away),3
Ruggeri,DEF,Aston Villa,4.5,0.1,0.7,a,15,0,0,0,0,0,0,0.01,0.0,0.01,0.49,0,0,0,0,0,0,0,False,0.0,0.0,Hull City,2.6,2.6,0.0,0.5,3,0,1,736,1726,Nott'm Forest (Away),3
Suzuki,GKP,Aston Villa,5.0,1.8,4.0,a,90,0,0,4,0,0,0,0.0,0.0,0.0,1.61,1,0,0,0,0,0,1,False,0.0,0.0,Hull City,27.2,0.0,0.0,2.7,38,3,10,33094,11274,Nott'm Forest (Away),3
Rowe,DEF,Aston Villa,4.0,0.2,0.0,a,0,0,0,0,0,0,0,0.0,0.0,0.0,0.0,0,0,0,0,0,0,0,False,0.0,0.0,Hull City,0.0,0.0,0.0,0.0,0,0,0,6400,1683,Nott'm Forest (Away),3
Lynch,MID,Aston Villa,4.5,0.1,0.0,u,0,0,0,0,0,0,0,0.0,0.0,0.0,0.0,0,0,0,0,0,0,0,False,0.0,0.0,Hull City,0.0,0.0,0.0,0.0,0,0,0,3500,2323,Nott'm Forest (Away),3
Wan-Bissaka,DEF,Aston Villa,4.5,0.2,1.0,a,5,0,0,0,0,0,0,0.0,0.0,0.0,0.35,0,0,0,0,0,0,0,False,0.0,0.0,Hull City,2.8,0.9,0.0,0.4,3,0,1,6633,1621,Nott'm Forest (Away),3
Goretzka,MID,Aston Villa,6.0,0.0,0.0,i,0,0,0,0,0,0,0,0.0,0.0,0.0,0.0,0,0,0,0,0,0,0,False,0.0,0.0,Hull City,0.0,0.0,0.0,0.0,0,0,0,3449,841,Nott'm Forest (Away),3
Harwood-Bellis,DEF,Aston Villa,4.5,0.0,0.0,a,0,0,0,0,0,0,0,0.0,0.0,0.0,0.0,0,0,0,0,0,0,0,False,0.0,0.0,Hull City,0.0,0.0,0.0,0.0,0,0,0,945,190,Nott'm Forest (Away),3
Mbaye,MID,Aston Villa,6.0,0.1,0.0,a,0,0,0,0,0,0,0,0.0,0.0,0.0,0.0,0,0,0,0,0,0,0,False,0.0,0.0,Hull City,0.0,0.0,0.0,0.0,0,0,0,4056,630,Nott'm Forest (Away),3
Petrović,GKP,Bournemouth,4.5,3.3,2.0,a,90,0,0,0,2,0,0,0.0,0.0,0.0,4.8,0,0,0,0,0,0,1,False,2.0,2.0,Newcastle,3.4,0.0,0.0,0.3,0,0,1,45982,34952,Brentford (Away),3
Forster,GKP,Bournemouth,4.0,3.6,0.0,a,0,0,0,0,0,0,0,0.0,0.0,0.0,0.0,0,0,0,0,0,0,0,False,2.0,2.0,Newcastle,0.0,0.0,0.0,0.0,0,0,0,38348,21325,Brentford (Away),3
Dennis,GKP,Bournemouth,4.0,0.1,0.0,u,0,0,0,0,0,0,0,0.0,0.0,0.0,0.0,0,0,0,0,0,0,0,False,2.0,2.0,Newcastle,0.0,0.0,0.0,0.0,0,0,0,0,2784,Brentford (Away),3
Hill,DEF,Bournemouth,5.5,0.8,2.0,a,90,0,0,0,2,0,0,0.76,0.0,0.76,4.8,0,0,0,0,0,0,1,False,2.0,2.0,Newcastle,16.8,31.5,2.0,5.0,4,0,1,7094,11668,Brentford (Away),3
Truffert,DEF,Bournemouth,5.5,3.4,1.7,a,90,0,0,0,2,0,0,0.13,0.01,0.14,4.8,0,0,0,0,1,0,1,False,2.0,2.0,Newcastle,10.2,15.7,2.0,2.8,-3,0,0,11879,42084,Brentford (Away),3
Diakité,DEF,Bournemouth,5.0,0.2,0.0,a,0,0,0,0,0,0,0,0.0,0.0,0.0,0.0,0,0,0,0,0,0,0,False,2.0,2.0,Newcastle,0.0,0.0,0.0,0.0,0,0,0,1710,3863,Brentford (Away),3
Milosavljević,DEF,Bournemouth,5.0,0.0,0.0,i,0,0,0,0,0,0,0,0.0,0.0,0.0,0.0,0,0,0,0,0,0,0,False,2.0,2.0,Newcastle,0.0,0.0,0.0,0.0,0,0,0,88,242,Brentford (Away),3
Smith,DEF,Bournemouth,4.5,0.1,0.7,a,90,0,0,0,2,0,0,0.06,0.01,0.07,4.8,0,0,0,0,1,0,1,False,2.0,2.0,Newcastle,9.6,25.3,4.0,3.9,3,0,0,1630,2091,Brentford (Away),3
J.Araujo,DEF,Bournemouth,4.4,0.0,0.0,i,0,0,0,0,0,0,0,0.0,0.0,0.0,0.0,0,0,0,0,0,0,0,False,2.0,2.0,Newcastle,0.0,0.0,0.0,0.0,0,0,0,96,366,Brentford (Away),3
Soler,DEF,Bournemouth,4.0,0.3,0.0,a,0,0,0,0,0,0,0,0.0,0.0,0.0,0.0,0,0,0,0,0,0,0,False,2.0,2.0,Newcastle,0.0,0.0,0.0,0.0,0,0,0,6046,2355,Brentford (Away),3
Rayan,MID,Bournemouth,6.4,1.9,2.0,a,88,0,0,0,2,0,0,0.06,0.48,0.54,4.56,0,0,0,0,0,0,1,False,2.0,2.0,Newcastle,1.6,0.9,10.0,1.3,8,0,2,11708,60024,Brentford (Away),3
Tavernier,MID,Bournemouth,6.0,3.6,7.0,a,88,1,0,0,2,2,0,0.34,1.5,1.84,4.75,0,0,0,0,0,0,1,False,2.0,2.0,Newcastle,46.6,13.2,77.0,13.7,43,3,10,28263,49848,Brentford (Away),3
Scott,MID,Bournemouth,6.1,5.7,8.0,a,90,0,2,0,2,1,2,0.3,0.33,0.63,4.67,0,0,0,0,0,0,1,False,2.0,2.0,Newcastle,13.4,22.9,12.0,4.8,37,2,10,56885,17771,Brentford (Away),3
Kluivert,MID,Bournemouth,6.0,1.0,2.3,a,75,0,0,0,1,0,0,0.06,0.78,0.84,4.09,0,0,0,0,1,0,1,False,2.0,2.0,Newcastle,0.0,2.0,3.0,0.2,6,0,1,10830,23522,Brentford (Away),3
Cook,MID,Bournemouth,5.0,0.2,2.3,a,14,0,0,0,1,0,0,0.01,0.0,0.01,3.84,0,0,0,0,0,0,0,False,2.0,2.0,Newcastle,0.0,0.3,0.0,0.0,2,0,1,6600,3843,Brentford (Away),3
Gannon-Doak,MID,Bournemouth,4.9,0.1,0.7,a,1,0,0,0,0,0,0,0.0,0.02,0.02,0.24,0,0,0,0,0,0,0,False,2.0,2.0,Newcastle,2.0,0.5,5.0,0.8,3,0,1,384,1549,Brentford (Away),3
Adams,MID,Bournemouth,5.0,0.3,2.0,a,75,0,0,0,1,0,0,0.01,0.0,0.01,0.95,0,0,0,0,0,0,1,False,2.0,2.0,Newcastle,12.2,11.5,0.0,2.4,15,0,4,5588,4691,Brentford (Away),3
Brooks,MID,Bournemouth,5.0,0.1,0.7,a,14,0,0,0,1,0,0,0.01,0.0,0.01,0.39,0,0,0,0,0,0,0,False,2.0,2.0,Newcastle,0.0,0.0,0.0,0.0,2,0,1,1296,1004,Brentford (Away),3
Christie,MID,Bournemouth,5.0,0.0,0.7,a,1,0,0,0,0,0,0,0.0,0.0,0.0,0.13,0,0,0,0,0,0,0,False,2.0,2.0,Newcastle,0.0,0.0,0.0,0.0,3,0,1,1038,516,Brentford (Away),3
Tóth.A,MID,Bournemouth,5.0,0.0,0.3,a,0,0,0,0,0,0,0,0.0,0.0,0.0,0.31,0,0,0,0,0,0,0,False,2.0,2.0,Newcastle,0.0,0.0,0.0,0.0,0,0,0,123,231,Brentford (Away),3
Adli,MID,Bournemouth,4.9,0.0,0.0,i,0,0,0,0,0,0,0,0.0,0.0,0.0,0.0,0,0,0,0,0,0,0,False,2.0,2.0,Newcastle,0.0,0.0,0.0,0.0,0,0,0,136,627,Brentford (Away),3
Kroupi.Jr,MID,Bournemouth,7.4,0.2,0.0,i,0,0,0,0,0,0,0,0.0,0.0,0.0,0.0,0,0,0,0,0,0,0,False,2.0,2.0,Newcastle,0.0,0.0,0.0,0.0,0,0,0,246,7960,Brentford (Away),3
Evanilson,FWD,Bournemouth,6.0,3.3,3.7,a,90,0,0,0,2,0,2,0.26,0.71,0.97,4.32,0,0,0,0,0,0,1,False,2.0,2.0,Newcastle,3.2,5.1,21.0,2.9,4,0,2,69571,43452,Brentford (Away),3
Enes Ünal,FWD,Bournemouth,5.5,0.0,0.0,u,0,0,0,0,0,0,0,0.0,0.0,0.0,0.0,0,0,0,0,0,0,0,False,2.0,2.0,Newcastle,0.0,0.0,0.0,0.0,0,0,0,0,522,Brentford (Away),3
Rodríguez,FWD,Bournemouth,6.0,0.1,0.3,a,0,0,0,0,0,0,0,0.0,0.0,0.0,0.16,0,0,0,0,0,0,0,False,2.0,2.0,Newcastle,0.0,0.0,0.0,0.0,0,0,0,1521,1919,Brentford (Away),3
Silva,DEF,Bournemouth,5.0,0.4,2.3,a,90,0,0,0,2,0,0,0.04,0.27,0.31,4.8,0,0,0,0,0,0,1,False,2.0,2.0,Newcastle,23.8,1.2,17.0,4.2,8,0,1,9722,6674,Brentford (Away),3
Sanchez,DEF,Bournemouth,4.5,0.2,0.0,a,0,0,0,0,0,0,0,0.0,0.0,0.0,0.0,0,0,0,0,0,0,0,False,2.0,2.0,Newcastle,0.0,0.0,0.0,0.0,0,0,0,369,2289,Brentford (Away),3
Jebbison,FWD,Bournemouth,5.0,0.1,0.7,a,1,0,0,0,0,0,0,0.0,0.1,0.1,0.36,0,0,0,0,0,0,0,False,2.0,2.0,Newcastle,0.0,0.0,0.0,0.0,4,0,1,4510,1998,Brentford (Away),3
Di Gregorio,GKP,Bournemouth,4.5,0.0,0.0,a,0,0,0,0,0,0,0,0.0,0.0,0.0,0.0,0,0,0,0,0,0,0,False,2.0,2.0,Newcastle,0.0,0.0,0.0,0.0,0,0,0,1404,455,Brentford (Away),3
Kelleher,GKP,Brentford,5.0,6.6,3.7,a,90,0,0,2,1,0,0,0.01,0.0,0.01,3.74,0,0,0,0,0,0,1,True,1.0,1.0,Sunderland,16.8,0.0,0.0,1.7,10,0,2,113703,58945,Bournemouth (Home),3
Valdimarsson,GKP,Brentford,4.5,0.1,0.0,a,0,0,0,0,0,0,0,0.0,0.0,0.0,0.0,0,0,0,0,0,0,0,True,1.0,1.0,Sunderland,0.0,0.0,0.0,0.0,0,0,0,975,1407,Bournemouth (Home),3
Collins,DEF,Brentford,5.5,1.5,3.3,i,16,0,0,0,0,0,0,0.05,0.51,0.56,2.13,0,0,0,0,0,0,1,True,1.0,1.0,Sunderland,1.0,0.0,0.0,0.1,4,0,1,32175,20584,Bournemouth (Home),3
Van den Berg,DEF,Brentford,4.9,0.1,0.0,i,0,0,0,0,0,0,0,0.0,0.0,0.0,0.0,0,0,0,0,0,0,0,True,1.0,1.0,Sunderland,0.0,0.0,0.0,0.0,0,0,0,121,2463,Bournemouth (Home),3
Lewis-Potter,MID,Brentford,5.5,2.1,6.0,a,90,0,0,0,1,1,1,0.65,1.03,1.68,3.74,0,0,0,0,0,0,1,True,1.0,1.0,Sunderland,8.2,45.1,22.0,7.5,4,0,2,101209,26327,Bournemouth (Home),3
Ajer,DEF,Brentford,4.5,4.6,4.3,a,90,0,0,0,1,0,0,0.03,0.11,0.14,3.74,0,0,0,0,0,0,1,True,1.0,1.0,Sunderland,11.8,0.3,0.0,1.2,8,0,2,174453,61930,Bournemouth (Home),3
Kayode,DEF,Brentford,4.6,8.8,5.3,a,45,0,0,0,0,1,0,0.21,0.55,0.76,2.28,0,0,0,0,0,0,1,True,1.0,1.0,Sunderland,7.6,0.3,2.0,1.0,2,0,1,201513,79610,Bournemouth (Home),3
Henry,DEF,Brentford,4.5,0.2,0.3,a,0,0,0,0,0,0,0,0.0,0.0,0.0,0.0,0,0,0,0,0,0,0,True,1.0,1.0,Sunderland,0.0,0.0,0.0,0.0,0,0,0,561,2202,Bournemouth (Home),3
Hickey,DEF,Brentford,4.5,0.1,1.0,a,45,0,0,0,1,0,0,0.02,0.0,0.02,1.46,0,0,0,0,0,0,0,True,1.0,1.0,Sunderland,7.6,1.0,0.0,0.9,0,0,1,653,892,Bournemouth (Home),3
Ji-soo,DEF,Brentford,4.5,0.0,0.0,a,0,0,0,0,0,0,0,0.0,0.0,0.0,0.0,0,0,0,0,0,0,0,True,1.0,1.0,Sunderland,0.0,0.0,0.0,0.0,0,0,0,151,284,Bournemouth (Home),3
Schuster,DEF,Brentford,4.5,0.1,1.3,a,73,0,0,0,1,0,0,0.01,0.1,0.11,1.61,0,0,0,0,0,0,0,True,1.0,1.0,Sunderland,17.2,0.2,4.0,2.1,11,0,4,166,1472,Bournemouth (Home),3
Schade,MID,Brentford,6.0,3.6,5.0,a,90,0,0,0,1,1,0,0.2,0.77,0.97,3.74,0,0,0,0,0,0,1,True,1.0,1.0,Sunderland,4.0,13.3,8.0,2.5,11,0,2,140288,47506,Bournemouth (Home),3
O.Dango,MID,Brentford,6.4,0.6,1.7,a,45,0,0,0,0,0,0,0.38,0.07,0.45,2.18,0,0,0,0,0,0,1,True,1.0,1.0,Sunderland,6.8,11.3,0.0,1.8,6,0,1,4607,29581,Bournemouth (Home),3
Damsgaard,MID,Brentford,5.5,0.5,4.0,a,85,0,1,0,1,0,1,0.45,0.03,0.48,1.86,0,0,0,0,0,0,1,True,1.0,1.0,Sunderland,10.0,28.5,6.0,4.5,30,3,8,3933,7667,Bournemouth (Home),3
Jensen,MID,Brentford,5.4,0.1,2.0,i,0,0,0,0,0,0,1,0.34,0.08,0.42,0.47,0,0,0,0,0,0,0,True,1.0,1.0,Sunderland,0.0,0.0,0.0,0.0,0,0,0,569,6909,Bournemouth (Home),3
Janelt,MID,Brentford,5.0,2.2,7.0,a,90,1,0,0,1,2,0,0.32,0.5,0.82,3.74,0,0,0,0,1,0,1,True,1.0,1.0,Sunderland,48.0,3.1,17.0,6.8,30,3,11,29605,13590,Bournemouth (Home),3
Milambo,MID,Brentford,5.0,0.0,0.0,i,0,0,0,0,0,0,0,0.0,0.0,0.0,0.0,0,0,0,0,0,0,0,True,1.0,1.0,Sunderland,0.0,0.0,0.0,0.0,0,0,0,34,42,Bournemouth (Home),3
Carvalho,MID,Brentford,5.0,0.0,0.0,a,0,0,0,0,0,0,0,0.0,0.0,0.0,0.0,0,0,0,0,0,0,0,True,1.0,1.0,Sunderland,0.0,0.0,0.0,0.0,0,0,0,543,358,Bournemouth (Home),3
Yarmoliuk,MID,Brentford,4.9,0.8,0.7,a,45,0,0,0,1,0,0,0.03,0.07,0.1,2.78,0,0,0,0,1,0,0,True,1.0,1.0,Sunderland,2.4,3.4,2.0,0.8,1,0,0,1076,19306,Bournemouth (Home),3
Dasilva,MID,Brentford,4.9,0.0,0.0,i,0,0,0,0,0,0,0,0.0,0.0,0.0,0.0,0,0,0,0,0,0,0,True,1.0,1.0,Sunderland,0.0,0.0,0.0,0.0,0,0,0,180,549,Bournemouth (Home),3
Anthony,MID,Brentford,6.0,0.1,1.3,a,45,0,0,0,1,0,0,0.42,0.19,0.61,1.55,0,0,0,0,0,0,0,True,1.0,1.0,Sunderland,0.0,2.2,3.0,0.4,3,0,1,1644,3351,Bournemouth (Home),3
Thiago,FWD,Brentford,7.9,11.0,1.3,a,90,0,0,0,1,0,0,0.1,2.3,2.4,3.67,0,0,0,0,0,0,1,True,1.0,1.0,Sunderland,16.0,1.4,43.0,6.0,9,0,2,72058,312788,Bournemouth (Home),3
Furo,FWD,Brentford,4.5,1.1,0.0,a,0,0,0,0,0,0,0,0.0,0.0,0.0,0.0,0,0,0,0,0,0,0,True,1.0,1.0,Sunderland,0.0,0.0,0.0,0.0,0,0,0,27280,13785,Bournemouth (Home),3
Wilson,FWD,Brentford,5.5,0.3,1.0,a,4,0,0,0,0,0,0,0.04,0.07,0.11,0.15,0,0,0,0,0,0,0,True,1.0,1.0,Sunderland,1.0,0.0,0.0,0.1,2,0,1,5560,7284,Bournemouth (Home),3
M.Sangaré,MID,Brentford,5.7,13.1,6.0,a,45,0,0,0,0,0,2,0.37,0.41,0.78,2.28,0,0,0,0,1,0,1,True,1.0,1.0,Sunderland,0.0,1.3,8.0,0.6,0,0,0,639468,130072,Bournemouth (Home),3
Diouf,DEF,Brentford,4.5,0.1,0.0,a,0,0,0,0,0,0,0,0.0,0.0,0.0,0.0,0,0,0,0,0,0,0,True,1.0,1.0,Sunderland,0.0,0.0,0.0,0.0,0,0,0,9542,2982,Bournemouth (Home),3
Verbruggen,GKP,Brighton,4.5,22.3,3.0,a,90,0,0,3,1,0,0,0.2,0.0,0.2,5.71,0,0,0,0,0,0,1,True,1.0,1.0,Leeds,29.2,3.0,0.0,3.2,17,0,3,270948,156898,Coventry City (Home),3
Steele,GKP,Brighton,4.0,4.3,0.0,a,0,0,0,0,0,0,0,0.0,0.0,0.0,0.0,0,0,0,0,0,0,0,True,1.0,1.0,Leeds,0.0,0.0,0.0,0.0,0,0,0,62093,34259,Coventry City (Home),3
F.Kadıoğlu,DEF,Brighton,4.4,1.8,0.7,a,77,0,0,0,1,0,0,0.02,0.08,0.1,5.33,0,0,0,0,0,0,1,True,1.0,1.0,Leeds,12.6,12.5,19.0,4.4,8,0,2,12724,32633,Coventry City (Home),3
Boscagli,DEF,Brighton,4.5,0.3,2.3,a,90,0,0,0,1,0,0,0.48,0.05,0.53,5.71,0,0,0,0,0,0,1,True,1.0,1.0,Leeds,20.6,62.3,0.0,8.3,17,0,2,6293,3995,Coventry City (Home),3
De Cuyper,DEF,Brighton,4.8,22.0,7.0,a,76,0,1,0,1,1,2,0.4,1.5,1.9,5.62,0,0,0,0,1,0,1,True,1.0,1.0,Leeds,19.6,22.1,2.0,4.4,17,0,4,871841,109810,Coventry City (Home),3
Dunk,DEF,Brighton,4.5,1.4,3.3,a,90,0,0,0,1,0,0,0.06,0.0,0.06,5.71,0,0,0,0,0,0,1,True,1.0,1.0,Leeds,30.8,1.9,4.0,3.7,20,1,5,20326,13758,Coventry City (Home),3
Coppola,DEF,Brighton,4.5,0.0,0.0,a,0,0,0,0,0,0,0,0.0,0.0,0.0,0.0,0,0,0,0,0,0,0,True,1.0,1.0,Leeds,0.0,0.0,0.0,0.0,0,0,0,261,296,Coventry City (Home),3
Igor,DEF,Brighton,4.5,0.0,0.0,u,0,0,0,0,0,0,0,0.0,0.0,0.0,0.0,0,0,0,0,0,0,0,True,1.0,1.0,Leeds,0.0,0.0,0.0,0.0,0,0,0,444,1895,Coventry City (Home),3
Costinha,DEF,Brighton,4.5,0.0,0.7,a,12,0,0,0,0,0,0,0.16,0.12,0.28,0.24,0,0,0,0,0,0,0,True,1.0,1.0,Leeds,5.8,14.5,0.0,2.0,7,0,1,400,472,Coventry City (Home),3
Svoboda,DEF,Brighton,5.0,0.1,0.0,a,0,0,0,0,0,0,0,0.0,0.0,0.0,0.0,0,0,0,0,0,0,0,True,1.0,1.0,Leeds,0.0,0.0,0.0,0.0,0,0,0,863,987,Coventry City (Home),3
Mitoma,MID,Brighton,5.9,0.0,0.0,i,0,0,0,0,0,0,0,0.0,0.0,0.0,0.0,0,0,0,0,0,0,0,True,1.0,1.0,Leeds,0.0,0.0,0.0,0.0,0,0,0,130,951,Coventry City (Home),3
Minteh,MID,Brighton,5.9,0.0,0.0,i,0,0,0,0,0,0,0,0.0,0.0,0.0,0.0,0,0,0,0,0,0,0,True,1.0,1.0,Leeds,0.0,0.0,0.0,0.0,0,0,0,87,1926,Coventry City (Home),3
Hinshelwood,MID,Brighton,6.0,0.9,5.3,i,0,0,0,0,0,2,0,0.02,1.41,1.43,0.19,0,0,0,0,0,0,0,True,1.0,1.0,Leeds,0.0,0.0,0.0,0.0,0,0,0,6623,98695,Coventry City (Home),3
Groß,MID,Brighton,5.6,16.3,5.3,a,90,0,0,0,1,1,1,0.42,0.84,1.26,5.71,0,0,0,0,1,0,1,True,1.0,1.0,Leeds,0.0,16.5,19.0,3.2,-1,0,1,448315,107204,Coventry City (Home),3
Georginio,FWD,Brighton,5.4,0.6,1.7,d,0,0,0,0,0,0,1,0.44,0.08,0.52,0.29,0,0,0,0,0,0,0,True,1.0,1.0,Leeds,0.0,0.0,0.0,0.0,0,0,0,4546,26476,Coventry City (Home),3
O'Riley,MID,Brighton,5.5,0.1,0.0,a,0,0,0,0,0,0,0,0.0,0.0,0.0,0.0,0,0,0,0,0,0,0,True,1.0,1.0,Leeds,0.0,0.0,0.0,0.0,0,0,0,1040,1949,Coventry City (Home),3
Gomez,MID,Brighton,5.0,4.9,4.3,a,90,0,0,0,1,0,2,0.7,0.65,1.35,5.71,0,0,0,0,0,0,1,True,1.0,1.0,Leeds,15.2,26.4,30.0,7.2,13,0,2,177501,60112,Coventry City (Home),3
Buonanotte,MID,Brighton,5.0,0.0,0.0,u,0,0,0,0,0,0,0,0.0,0.0,0.0,0.0,0,0,0,0,0,0,0,True,1.0,1.0,Leeds,0.0,0.0,0.0,0.0,0,0,0,0,94,Coventry City (Home),3
Ayari,MID,Brighton,5.4,0.4,1.3,a,90,0,0,0,1,0,0,0.07,0.28,0.35,2.68,0,0,0,0,0,0,1,True,1.0,1.0,Leeds,11.4,14.8,18.0,4.4,18,0,2,1443,21335,Coventry City (Home),3
Wieffer,DEF,Brighton,5.0,0.3,2.3,i,0,0,0,0,0,0,0,0.13,0.12,0.25,3.18,0,0,0,0,0,0,0,True,1.0,1.0,Leeds,0.0,0.0,0.0,0.0,0,0,0,12362,12835,Coventry City (Home),3
Howell,MID,Brighton,4.5,0.0,0.0,u,0,0,0,0,0,0,0,0.0,0.0,0.0,0.0,0,0,0,0,0,0,0,True,1.0,1.0,Leeds,0.0,0.0,0.0,0.0,0,0,0,0,976,Coventry City (Home),3
Watson,MID,Brighton,5.0,0.0,0.0,u,0,0,0,0,0,0,0,0.0,0.0,0.0,0.0,0,0,0,0,0,0,0,True,1.0,1.0,Leeds,0.0,0.0,0.0,0.0,0,0,0,0,46,Coventry City (Home),3
Oriola,MID,Brighton,4.5,0.3,0.0,a,0,0,0,0,0,0,0,0.0,0.0,0.0,0.0,0,0,0,0,0,0,0,True,1.0,1.0,Leeds,0.0,0.0,0.0,0.0,0,0,0,3612,3759,Coventry City (Home),3
Yohanna,MID,Brighton,4.9,0.1,0.3,i,0,0,0,0,0,0,0,0.03,0.0,0.03,0.0,0,0,0,0,0,0,0,True,1.0,1.0,Leeds,0.0,0.0,0.0,0.0,0,0,0,517,1579,Coventry City (Home),3
Tzimas,FWD,Brighton,5.5,0.0,0.0,i,0,0,0,0,0,0,0,0.0,0.0,0.0,0.0,0,0,0,0,0,0,0,True,1.0,1.0,Leeds,0.0,0.0,0.0,0.0,0,0,0,80,210,Coventry City (Home),3
Kostoulas,FWD,Brighton,5.5,0.5,2.7,a,90,0,0,0,1,0,1,0.04,0.78,0.82,5.48,0,0,0,0,0,0,1,True,1.0,1.0,Leeds,9.6,5.3,24.0,3.9,9,0,2,29733,6118,Coventry City (Home),3
Ferguson,FWD,Brighton,5.0,0.0,0.0,i,0,0,0,0,0,0,0,0.0,0.0,0.0,0.0,0,0,0,0,0,0,0,True,1.0,1.0,Leeds,0.0,0.0,0.0,0.0,0,0,0,545,718,Coventry City (Home),3
Struijk,DEF,Brighton,5.0,0.2,0.3,a,1,0,0,0,0,0,0,0.0,0.0,0.0,0.0,0,0,0,0,0,0,0,True,1.0,1.0,Leeds,0.2,0.1,0.0,0.0,3,0,1,1548,3676,Coventry City (Home),3
Vuskovic,DEF,Brighton,5.0,3.3,6.0,a,90,1,0,0,1,1,0,0.06,0.35,0.41,5.71,0,0,0,0,0,0,1,True,1.0,1.0,Leeds,56.2,1.8,40.0,9.8,27,2,12,22843,32578,Coventry City (Home),3
David,FWD,Brighton,6.0,0.2,0.3,a,13,0,0,0,0,0,0,0.0,0.42,0.42,0.14,0,0,0,0,1,0,0,True,1.0,1.0,Leeds,0.0,0.0,4.0,0.0,-7,0,0,4444,5722,Coventry City (Home),3
Osman,MID,Brighton,5.0,0.0,0.7,a,0,0,0,0,0,0,0,0.06,0.0,0.06,0.1,0,0,0,0,0,0,0,True,1.0,1.0,Leeds,0.0,0.0,0.0,0.0,0,0,0,312,282,Coventry City (Home),3
Yalcouyé,MID,Brighton,4.5,3.3,3.7,a,90,0,0,0,1,1,0,0.26,0.75,1.01,5.32,0,0,0,0,0,0,1,True,1.0,1.0,Leeds,8.2,24.4,20.0,5.3,16,0,2,208413,33633,Coventry City (Home),3
Hadjam,DEF,Brighton,4.5,0.0,0.0,a,0,0,0,0,0,0,0,0.0,0.0,0.0,0.0,0,0,0,0,0,0,0,True,1.0,1.0,Leeds,0.0,0.0,0.0,0.0,0,0,0,1795,485,Coventry City (Home),3
Cozier-Duberry,MID,Brighton,5.0,0.0,0.0,u,0,0,0,0,0,0,0,0.0,0.0,0.0,0.0,0,0,0,0,0,0,0,True,1.0,1.0,Leeds,0.0,0.0,0.0,0.0,0,0,0,117,56,Coventry City (Home),3
Andrés,MID,Brighton,5.5,0.0,0.0,a,0,0,0,0,0,0,0,0.0,0.0,0.0,0.0,0,0,0,0,0,0,0,True,1.0,1.0,Leeds,0.0,0.0,0.0,0.0,0,0,0,261,42,Coventry City (Home),3
Azeez,MID,Brighton,5.5,0.0,0.0,d,0,0,0,0,0,0,0,0.0,0.0,0.0,0.0,0,0,0,0,0,0,0,True,1.0,1.0,Leeds,0.0,0.0,0.0,0.0,0,0,0,248,34,Coventry City (Home),3
Martinez,GKP,Chelsea,5.0,5.1,1.7,a,90,0,0,8,2,0,0,0.01,0.0,0.01,3.46,0,0,0,0,0,0,1,False,2.0,1.0,Arsenal,63.2,0.0,0.0,6.3,26,0,3,68378,55263,Hull City (Away),3
Rogers,MID,Chelsea,7.6,33.3,6.3,a,86,1,0,0,2,2,1,1.14,1.18,2.32,4.7,0,0,0,0,1,0,1,False,2.0,1.0,Arsenal,30.2,13.6,16.0,6.0,22,0,6,211550,321984,Hull City (Away),3
Henderson,MID,Chelsea,4.9,0.0,0.0,i,0,0,0,0,0,0,0,0.0,0.0,0.0,0.0,0,0,0,0,0,0,0,False,2.0,1.0,Arsenal,0.0,0.0,0.0,0.0,0,0,0,209,766,Hull City (Away),3
Welbeck,FWD,Chelsea,5.9,0.8,0.3,a,3,0,0,0,0,0,0,0.0,0.0,0.0,0.0,0,0,0,0,0,0,0,False,2.0,1.0,Arsenal,0.0,0.3,2.0,0.2,3,0,1,7873,24376,Hull City (Away),3
Sánchez,GKP,Chelsea,4.9,0.9,0.7,u,0,0,0,0,0,0,0,0.01,0.0,0.01,1.33,0,0,0,0,0,0,0,False,2.0,1.0,Arsenal,0.0,0.0,0.0,0.0,0,0,0,1923,84362,Hull City (Away),3
Jörgensen,GKP,Chelsea,5.0,0.0,0.0,u,0,0,0,0,0,0,0,0.0,0.0,0.0,0.0,0,0,0,0,0,0,0,False,2.0,1.0,Arsenal,0.0,0.0,0.0,0.0,0,0,0,0,270,Hull City (Away),3
James,DEF,Chelsea,5.4,7.7,0.7,a,90,0,0,0,2,0,0,0.12,0.17,0.29,3.52,0,0,0,0,0,0,1,False,2.0,1.0,Arsenal,12.6,15.0,13.0,4.1,9,0,1,27039,211162,Hull City (Away),3
Chalobah,DEF,Chelsea,5.5,0.1,0.0,u,0,0,0,0,0,0,0,0.0,0.0,0.0,0.0,0,0,0,0,0,0,0,False,2.0,1.0,Arsenal,0.0,0.0,0.0,0.0,0,0,0,0,3529,Hull City (Away),3
Gusto,DEF,Chelsea,5.0,1.1,1.0,a,30,0,0,0,0,0,0,0.05,0.04,0.09,2.66,0,0,0,0,0,0,0,False,2.0,1.0,Arsenal,3.0,3.4,1.0,0.7,4,0,1,9926,21521,Hull City (Away),3
Fofana,DEF,Chelsea,5.0,0.2,1.0,a,90,0,0,0,2,0,0,0.05,0.0,0.05,3.31,0,0,0,0,0,0,1,False,2.0,1.0,Arsenal,39.8,22.8,0.0,6.3,16,0,3,2579,1228,Hull City (Away),3
B.Badiashile,DEF,Chelsea,4.5,0.0,0.0,u,0,0,0,0,0,0,0,0.0,0.0,0.0,0.0,0,0,0,0,0,0,0,False,2.0,1.0,Arsenal,0.0,0.0,0.0,0.0,0,0,0,0,719,Hull City (Away),3
Hato,DEF,Chelsea,4.5,1.0,2.7,a,59,0,1,0,2,0,2,0.11,0.01,0.12,4.37,0,0,0,0,0,0,1,False,2.0,1.0,Arsenal,34.8,11.2,2.0,4.8,5,0,3,22516,10427,Hull City (Away),3
Colwill,DEF,Chelsea,4.9,1.1,0.3,a,0,0,0,0,0,0,0,0.03,0.01,0.04,2.64,0,0,0,0,0,0,0,False,2.0,1.0,Arsenal,0.0,0.0,0.0,0.0,0,0,0,7720,33598,Hull City (Away),3
M.Sarr,DEF,Chelsea,4.5,0.0,0.0,u,0,0,0,0,0,0,0,0.0,0.0,0.0,0.0,0,0,0,0,0,0,0,False,2.0,1.0,Arsenal,0.0,0.0,0.0,0.0,0,0,0,24,3349,Hull City (Away),3
Acheampong,DEF,Chelsea,4.5,0.4,1.7,a,90,0,0,0,2,0,0,0.02,0.0,0.02,3.52,0,0,0,0,0,0,1,False,2.0,1.0,Arsenal,2.2,1.8,4.0,0.8,-3,0,1,4792,6781,Hull City (Away),3
Palestra,DEF,Chelsea,5.4,0.9,0.0,i,0,0,0,0,0,0,0,0.0,0.0,0.0,0.0,0,0,0,0,0,0,0,False,2.0,1.0,Arsenal,0.0,0.0,0.0,0.0,0,0,0,821,80003,Hull City (Away),3
Palmer,MID,Chelsea,9.7,26.5,7.0,a,90,0,0,0,2,2,1,0.36,1.05,1.41,4.7,0,0,0,0,1,0,1,False,2.0,1.0,Arsenal,7.0,15.8,32.0,5.5,11,0,1,387902,192800,Hull City (Away),3
Neto,MID,Chelsea,6.5,1.4,3.3,a,80,0,0,0,2,1,0,0.43,0.47,0.9,3.53,0,0,0,0,0,0,1,False,2.0,1.0,Arsenal,6.2,23.8,14.0,4.4,10,0,2,21878,19579,Hull City (Away),3
Estêvão,MID,Chelsea,6.4,0.8,0.7,a,9,0,0,0,0,0,0,0.0,0.04,0.04,0.09,0,0,0,0,0,0,0,False,2.0,1.0,Arsenal,3.2,0.4,17.0,2.1,5,0,1,3486,34752,Hull City (Away),3
Gittens,MID,Chelsea,5.9,0.0,0.0,a,0,0,0,0,0,0,0,0.0,0.0,0.0,0.0,0,0,0,0,0,0,0,False,2.0,1.0,Arsenal,0.0,0.0,0.0,0.0,0,0,0,260,975,Hull City (Away),3
Caicedo,MID,Chelsea,5.4,1.5,0.3,i,0,0,0,0,0,0,0,0.0,0.0,0.0,0.07,0,0,0,0,0,0,0,False,2.0,1.0,Arsenal,0.0,0.0,0.0,0.0,0,0,0,3231,92151,Hull City (Away),3
Lavia,MID,Chelsea,5.0,0.2,3.0,a,59,0,0,0,2,1,0,0.04,0.75,0.79,4.22,0,0,0,0,0,0,1,False,2.0,1.0,Arsenal,5.8,1.5,0.0,0.7,7,0,1,13724,3758,Hull City (Away),3
D.Essugo,MID,Chelsea,4.5,0.1,0.0,u,0,0,0,0,0,0,0,0.0,0.0,0.0,0.0,0,0,0,0,0,0,0,False,2.0,1.0,Arsenal,0.0,0.0,0.0,0.0,0,0,0,1446,4593,Hull City (Away),3
Quenda,MID,Chelsea,5.4,0.0,0.3,a,0,0,0,0,0,0,0,0.0,0.0,0.0,0.09,0,0,0,0,0,0,0,False,2.0,1.0,Arsenal,0.0,0.0,0.0,0.0,0,0,0,292,1196,Hull City (Away),3
João Pedro,FWD,Chelsea,7.7,73.4,7.0,a,90,0,0,0,2,2,2,0.15,1.88,2.03,4.79,0,0,0,0,1,0,1,False,2.0,1.0,Arsenal,0.0,28.8,9.0,3.7,8,0,1,446528,190771,Hull City (Away),3
Marc Guiu,FWD,Chelsea,5.0,0.2,0.0,u,0,0,0,0,0,0,0,0.0,0.0,0.0,0.0,0,0,0,0,0,0,0,False,2.0,1.0,Arsenal,0.0,0.0,0.0,0.0,0,0,0,1924,12787,Hull City (Away),3
Mheuka,FWD,Chelsea,4.5,0.4,0.0,a,0,0,0,0,0,0,0,0.0,0.0,0.0,0.0,0,0,0,0,0,0,0,False,2.0,1.0,Arsenal,0.0,0.0,0.0,0.0,0,0,0,8439,5758,Hull City (Away),3
Emegha,FWD,Chelsea,5.0,0.1,0.0,i,0,0,0,0,0,0,0,0.0,0.0,0.0,0.0,0,0,0,0,0,0,0,False,2.0,1.0,Arsenal,0.0,0.0,0.0,0.0,0,0,0,2709,3248,Hull City (Away),3
Lacroix,DEF,Chelsea,6.0,8.1,3.0,a,90,0,0,0,2,0,1,0.21,0.02,0.23,4.79,0,0,0,0,1,0,1,False,2.0,1.0,Arsenal,26.0,1.3,2.0,2.9,3,0,2,32879,150210,Hull City (Away),3
Penders,GKP,Chelsea,4.4,0.1,0.0,a,0,0,0,0,0,0,0,0.0,0.0,0.0,0.0,0,0,0,0,0,0,0,False,2.0,1.0,Arsenal,0.0,0.0,0.0,0.0,0,0,0,363,1132,Hull City (Away),3
Anselmino,DEF,Chelsea,4.5,0.0,0.0,a,0,0,0,0,0,0,0,0.0,0.0,0.0,0.0,0,0,0,0,0,0,0,False,2.0,1.0,Arsenal,0.0,0.0,0.0,0.0,0,0,0,225,274,Hull City (Away),3
Barco,MID,Chelsea,5.5,0.1,0.3,a,0,0,0,0,0,0,0,0.0,0.04,0.04,0.07,0,0,0,0,0,0,0,False,2.0,1.0,Arsenal,0.0,0.0,0.0,0.0,0,0,0,1055,2073,Hull City (Away),3
Chavarria,DEF,Chelsea,4.9,0.2,1.0,a,30,0,0,0,0,0,0,0.02,0.0,0.02,0.51,0,0,0,0,0,0,0,False,2.0,1.0,Arsenal,2.4,2.0,4.0,0.8,2,0,1,664,4077,Hull City (Away),3
Pinnock,DEF,Coventry City,4.5,0.1,1.3,a,90,0,0,0,1,0,0,0.0,0.11,0.11,2.66,0,0,0,0,1,0,1,False,1.0,0.0,Man City,18.2,0.0,6.0,2.4,3,0,3,505,1316,Brighton (Away),3
Onyeka,MID,Coventry City,4.9,0.1,1.3,a,62,0,0,0,1,0,0,0.01,0.0,0.01,3.05,0,0,0,0,0,0,1,False,1.0,0.0,Man City,0.4,0.4,0.0,0.1,5,0,2,379,4205,Brighton (Away),3
Rushworth,GKP,Coventry City,4.5,0.9,1.7,a,90,0,0,2,1,0,0,0.01,0.0,0.01,4.72,0,0,0,0,0,0,1,False,1.0,0.0,Man City,18.8,0.0,0.0,1.9,13,0,2,2938,18953,Brighton (Away),3
Dovin,GKP,Coventry City,4.0,1.2,0.0,u,0,0,0,0,0,0,0,0.0,0.0,0.0,0.0,0,0,0,0,0,0,0,False,1.0,0.0,Man City,0.0,0.0,0.0,0.0,0,0,0,6290,18295,Brighton (Away),3
Wilson,GKP,Coventry City,4.5,0.4,0.0,a,0,0,0,0,0,0,0,0.0,0.0,0.0,0.0,0,0,0,0,0,0,0,False,1.0,0.0,Man City,0.0,0.0,0.0,0.0,0,0,0,265,4207,Brighton (Away),3
Thomas,DEF,Coventry City,4.0,9.1,5.0,a,90,0,0,0,1,0,0,0.19,0.24,0.43,4.18,0,0,0,0,0,0,1,False,1.0,0.0,Man City,20.6,20.8,24.0,6.5,19,0,4,114108,69667,Brighton (Away),3
Kitching,DEF,Coventry City,4.0,0.4,0.0,u,0,0,0,0,0,0,0,0.0,0.0,0.0,0.0,0,0,0,0,0,0,0,False,1.0,0.0,Man City,0.0,0.0,0.0,0.0,0,0,0,461,10437,Brighton (Away),3
van Ewijk,DEF,Coventry City,4.0,10.7,2.0,a,90,0,0,0,1,0,0,0.26,0.0,0.26,4.72,0,0,0,0,1,0,1,False,1.0,0.0,Man City,16.8,5.2,2.0,2.4,5,0,3,41712,121967,Brighton (Away),3
Dasilva,DEF,Coventry City,4.0,0.7,1.7,a,84,0,0,0,1,0,0,0.15,0.18,0.33,4.72,0,0,0,0,0,0,1,False,1.0,0.0,Man City,21.8,14.9,0.0,3.7,10,0,2,2664,7186,Brighton (Away),3
Kesler-Hayden,DEF,Coventry City,4.0,0.0,0.0,i,0,0,0,0,0,0,0,0.0,0.0,0.0,0.0,0,0,0,0,0,0,0,False,1.0,0.0,Man City,0.0,0.0,0.0,0.0,0,0,0,131,1262,Brighton (Away),3
Bidwell,DEF,Coventry City,4.0,0.1,0.0,a,0,0,0,0,0,0,0,0.0,0.0,0.0,0.0,0,0,0,0,0,0,0,False,1.0,0.0,Man City,0.0,0.0,0.0,0.0,0,0,0,663,978,Brighton (Away),3
Latibeaudiere,DEF,Coventry City,4.0,0.0,0.0,a,0,0,0,0,0,0,0,0.0,0.0,0.0,0.0,0,0,0,0,0,0,0,False,1.0,0.0,Man City,0.0,0.0,0.0,0.0,0,0,0,319,480,Brighton (Away),3
Woolfenden,DEF,Coventry City,4.0,0.1,0.0,i,0,0,0,0,0,0,0,0.0,0.0,0.0,0.0,0,0,0,0,0,0,0,False,1.0,0.0,Man City,0.0,0.0,0.0,0.0,0,0,0,659,3181,Brighton (Away),3
Brau,DEF,Coventry City,4.0,0.0,0.0,u,0,0,0,0,0,0,0,0.0,0.0,0.0,0.0,0,0,0,0,0,0,0,False,1.0,0.0,Man City,0.0,0.0,0.0,0.0,0,0,0,19,975,Brighton (Away),3
Amenda,DEF,Coventry City,4.0,0.8,1.3,a,90,0,0,0,1,0,0,0.39,0.02,0.41,4.72,0,0,0,0,0,0,1,False,1.0,0.0,Man City,4.4,1.3,6.0,1.2,4,0,2,3124,8077,Brighton (Away),3
Rudoni,MID,Coventry City,5.0,0.1,2.0,a,62,0,0,0,1,0,0,0.18,0.5,0.68,1.48,0,0,0,0,0,0,1,False,1.0,0.0,Man City,14.4,28.5,33.0,7.6,9,0,2,706,2569,Brighton (Away),3
Grimes,MID,Coventry City,5.0,0.1,2.0,a,90,0,0,0,1,0,0,0.05,0.05,0.1,4.72,0,0,0,0,0,0,1,False,1.0,0.0,Man City,18.6,2.3,1.0,2.2,8,0,2,481,3924,Brighton (Away),3
Sakamoto,MID,Coventry City,4.9,0.1,0.3,a,0,0,0,0,0,0,0,0.02,0.02,0.04,0.69,0,0,0,0,0,0,0,False,1.0,0.0,Man City,0.0,0.0,0.0,0.0,0,0,0,404,1743,Brighton (Away),3
Mason-Clark,MID,Coventry City,5.4,0.1,1.0,a,70,0,0,0,1,0,0,0.06,0.0,0.06,1.19,0,0,0,0,0,0,1,False,1.0,0.0,Man City,0.0,0.8,2.0,0.1,4,0,2,228,2088,Brighton (Away),3
Eccles,MID,Coventry City,4.9,0.0,0.0,i,0,0,0,0,0,0,0,0.0,0.0,0.0,0.0,0,0,0,0,0,0,0,False,1.0,0.0,Man City,0.0,0.0,0.0,0.0,0,0,0,434,404,Brighton (Away),3
Torp,MID,Coventry City,5.4,0.1,0.7,a,0,0,0,0,0,0,0,0.12,0.0,0.12,1.01,0,0,0,0,0,0,0,False,1.0,0.0,Man City,0.0,0.0,0.0,0.0,0,0,0,100,2972,Brighton (Away),3
Shepherd,MID,Coventry City,4.5,0.2,0.0,a,0,0,0,0,0,0,0,0.0,0.0,0.0,0.0,0,0,0,0,0,0,0,False,1.0,0.0,Man City,0.0,0.0,0.0,0.0,0,0,0,1697,3739,Brighton (Away),3
Tchaouna,MID,Coventry City,5.4,0.1,1.3,a,27,0,0,0,0,0,0,0.18,0.19,0.37,2.73,0,0,0,0,0,0,0,False,1.0,0.0,Man City,8.2,24.8,21.0,5.4,9,0,1,128,3752,Brighton (Away),3
Borges Rodrigues,MID,Coventry City,4.5,0.1,0.0,u,0,0,0,0,0,0,0,0.0,0.0,0.0,0.0,0,0,0,0,0,0,0,False,1.0,0.0,Man City,0.0,0.0,0.0,0.0,0,0,0,1263,3688,Brighton (Away),3
Andrews,MID,Coventry City,4.5,0.4,0.0,u,0,0,0,0,0,0,0,0.0,0.0,0.0,0.0,0,0,0,0,0,0,0,False,1.0,0.0,Man City,0.0,0.0,0.0,0.0,0,0,0,142,17765,Brighton (Away),3
Wright,FWD,Coventry City,5.4,0.1,0.0,i,0,0,0,0,0,0,0,0.0,0.0,0.0,0.0,0,0,0,0,0,0,0,False,1.0,0.0,Man City,0.0,0.0,0.0,0.0,0,0,0,246,3348,Brighton (Away),3
Thomas-Asante,FWD,Coventry City,5.0,0.8,1.3,a,19,0,0,0,0,0,0,0.02,0.0,0.02,3.24,0,0,0,0,0,0,0,False,1.0,0.0,Man City,2.2,0.3,2.0,0.5,6,0,1,16389,17499,Brighton (Away),3
Simms,FWD,Coventry City,5.0,0.8,1.0,a,19,0,0,0,0,0,0,0.01,0.3,0.31,2.55,0,0,0,0,0,0,0,False,1.0,0.0,Man City,5.0,10.0,35.0,5.0,3,0,1,10057,22001,Brighton (Away),3
Markelo,FWD,Coventry City,5.0,0.0,0.0,u,0,0,0,0,0,0,0,0.0,0.0,0.0,0.0,0,0,0,0,0,0,0,False,1.0,0.0,Man City,0.0,0.0,0.0,0.0,0,0,0,0,296,Brighton (Away),3
Bassette,FWD,Coventry City,4.5,0.0,0.0,u,0,0,0,0,0,0,0,0.0,0.0,0.0,0.0,0,0,0,0,0,0,0,False,1.0,0.0,Man City,0.0,0.0,0.0,0.0,0,0,0,0,548,Brighton (Away),3
Awoniyi,FWD,Coventry City,5.5,0.7,1.7,a,70,0,0,0,1,0,0,0.03,1.24,1.27,2.18,0,0,0,0,0,0,1,False,1.0,0.0,Man City,3.6,10.3,3.0,1.7,6,0,2,4842,18156,Brighton (Away),3
Yirenkyi,MID,Coventry City,4.9,0.2,1.7,a,27,0,0,0,0,0,0,0.13,0.03,0.16,2.53,0,0,0,0,0,0,0,False,1.0,0.0,Man City,1.0,0.3,0.0,0.1,4,0,1,778,4216,Brighton (Away),3
Hamer,MID,Coventry City,5.4,0.1,1.0,a,5,0,0,0,0,0,0,0.02,0.0,0.02,0.82,0,0,0,0,0,0,0,False,1.0,0.0,Man City,0.0,0.0,0.0,0.0,1,0,1,153,2279,Brighton (Away),3
Cherif,FWD,Coventry City,5.0,0.1,0.0,a,0,0,0,0,0,0,0,0.0,0.0,0.0,0.0,0,0,0,0,0,0,0,False,1.0,0.0,Man City,0.0,0.0,0.0,0.0,0,0,0,2227,2361,Brighton (Away),3
Bentley,GKP,Coventry City,4.0,0.5,0.0,a,0,0,0,0,0,0,0,0.0,0.0,0.0,0.0,0,0,0,0,0,0,0,False,1.0,0.0,Man City,0.0,0.0,0.0,0.0,0,0,0,20080,2827,Brighton (Away),3
Gboho,MID,Coventry City,5.5,0.0,0.0,a,0,0,0,0,0,0,0,0.0,0.0,0.0,0.0,0,0,0,0,0,0,0,False,,,,0.0,0.0,0.0,0.0,0,0,0,0,0,Brighton (Away),3
Mfuni,DEF,Coventry City,4.0,0.0,0.0,a,0,0,0,0,0,0,0,0.0,0.0,0.0,0.0,0,0,0,0,0,0,0,False,,,,0.0,0.0,0.0,0.0,0,0,0,0,0,Brighton (Away),3
Guessand,MID,Crystal Palace,5.5,0.0,0.7,a,0,0,0,0,0,0,0,0.03,0.03,0.06,0.34,0,0,0,0,0,0,0,False,2.0,3.0,Fulham,0.0,0.0,0.0,0.0,0,0,0,556,978,Ipswich Town (Away),3
Disasi,DEF,Crystal Palace,4.5,0.1,1.3,a,90,0,0,0,2,0,0,0.04,0.0,0.04,3.34,0,0,0,0,0,0,1,False,2.0,3.0,Fulham,31.4,13.3,2.0,4.7,14,0,3,1511,1008,Ipswich Town (Away),3
Henderson,GKP,Crystal Palace,5.0,2.1,1.7,a,90,0,0,5,2,0,0,0.0,0.0,0.0,6.47,0,0,0,0,0,0,1,False,2.0,3.0,Fulham,38.4,0.0,0.0,3.8,19,0,2,15007,18335,Ipswich Town (Away),3
Benitez,GKP,Crystal Palace,4.5,0.1,0.0,a,0,0,0,0,0,0,0,0.0,0.0,0.0,0.0,0,0,0,0,0,0,0,False,2.0,3.0,Fulham,0.0,0.0,0.0,0.0,0,0,0,648,1294,Ipswich Town (Away),3
Richards,DEF,Crystal Palace,5.0,0.7,1.3,a,90,0,0,0,2,0,0,0.0,0.08,0.08,6.47,0,0,0,0,0,0,1,False,2.0,3.0,Fulham,28.8,0.5,7.0,3.6,8,0,1,5745,11171,Ipswich Town (Away),3
Canvot,DEF,Crystal Palace,4.9,0.2,0.7,a,90,0,0,0,2,0,0,0.01,0.05,0.06,6.47,0,0,0,0,0,0,1,False,2.0,3.0,Fulham,13.0,1.9,0.0,1.5,4,0,1,1708,5765,Ipswich Town (Away),3
Mitchell,DEF,Crystal Palace,4.5,6.6,5.3,a,73,2,0,0,2,2,0,0.18,0.77,0.95,5.9,0,0,0,0,0,0,1,False,2.0,3.0,Fulham,78.0,10.7,47.0,13.6,31,2,15,9051,77583,Ipswich Town (Away),3
Sosa,DEF,Crystal Palace,4.5,0.0,0.0,u,0,0,0,0,0,0,0,0.0,0.0,0.0,0.0,0,0,0,0,0,0,0,False,2.0,3.0,Fulham,0.0,0.0,0.0,0.0,0,0,0,110,704,Ipswich Town (Away),3
Chadi Riad,DEF,Crystal Palace,4.4,0.0,0.3,i,0,0,0,0,0,0,0,0.01,0.0,0.01,0.98,0,0,0,0,0,0,0,False,2.0,3.0,Fulham,0.0,0.0,0.0,0.0,0,0,0,193,1616,Ipswich Town (Away),3
Mingueza,DEF,Crystal Palace,4.4,0.1,0.7,a,1,0,0,0,0,0,0,0.0,0.0,0.0,0.33,0,0,0,0,0,0,0,False,2.0,3.0,Fulham,1.0,0.3,0.0,0.1,4,0,1,770,1311,Ipswich Town (Away),3
Sarr,MID,Crystal Palace,6.3,0.8,0.0,i,0,0,0,0,0,0,0,0.0,0.0,0.0,0.0,0,0,0,0,0,0,0,False,2.0,3.0,Fulham,0.0,0.0,0.0,0.0,0,0,0,330,118429,Ipswich Town (Away),3
Wharton,MID,Crystal Palace,5.5,0.9,2.7,a,90,0,0,0,2,0,0,0.32,0.0,0.32,6.47,0,0,0,0,0,0,1,False,2.0,3.0,Fulham,14.8,2.8,2.0,2.0,10,0,2,10076,13720,Ipswich Town (Away),3
Yeremy,MID,Crystal Palace,5.5,0.5,3.7,a,88,0,1,0,2,0,2,0.39,0.36,0.75,5.29,0,0,0,0,0,0,1,False,2.0,3.0,Fulham,8.0,42.6,6.0,5.7,25,0,5,5451,2582,Ipswich Town (Away),3
Hughes,MID,Crystal Palace,4.5,8.5,0.3,a,16,0,0,0,0,0,0,0.0,0.0,0.0,0.57,0,0,0,0,0,0,0,False,2.0,3.0,Fulham,2.4,0.3,0.0,0.3,3,0,1,37588,133611,Ipswich Town (Away),3
Lerma,MID,Crystal Palace,4.9,0.1,0.0,a,0,0,0,0,0,0,0,0.0,0.0,0.0,0.0,0,0,0,0,0,0,0,False,2.0,3.0,Fulham,0.0,0.0,0.0,0.0,0,0,0,496,1742,Ipswich Town (Away),3
Kamada,MID,Crystal Palace,5.0,0.4,3.3,a,88,0,1,0,2,0,1,0.3,0.05,0.35,6.34,0,0,0,0,0,0,1,False,2.0,3.0,Fulham,19.6,23.2,6.0,4.9,21,0,5,4293,4552,Ipswich Town (Away),3
Devenny,MID,Crystal Palace,5.0,0.0,0.0,u,0,0,0,0,0,0,0,0.0,0.0,0.0,0.0,0,0,0,0,0,0,0,False,2.0,3.0,Fulham,0.0,0.0,0.0,0.0,0,0,0,63,338,Ipswich Town (Away),3
Esse,MID,Crystal Palace,5.0,0.0,0.0,u,0,0,0,0,0,0,0,0.0,0.0,0.0,0.0,0,0,0,0,0,0,0,False,2.0,3.0,Fulham,0.0,0.0,0.0,0.0,0,0,0,188,1153,Ipswich Town (Away),3
M.França,MID,Crystal Palace,4.9,0.0,0.0,u,0,0,0,0,0,0,0,0.0,0.0,0.0,0.0,0,0,0,0,0,0,0,False,2.0,3.0,Fulham,0.0,0.0,0.0,0.0,0,0,0,933,1106,Ipswich Town (Away),3
Doucouré,MID,Crystal Palace,4.9,0.1,0.0,a,0,0,0,0,0,0,0,0.0,0.0,0.0,0.0,0,0,0,0,0,0,0,False,2.0,3.0,Fulham,0.0,0.0,0.0,0.0,0,0,0,984,1320,Ipswich Town (Away),3
J.Rak-Sakyi,MID,Crystal Palace,4.9,0.0,0.0,u,0,0,0,0,0,0,0,0.0,0.0,0.0,0.0,0,0,0,0,0,0,0,False,2.0,3.0,Fulham,0.0,0.0,0.0,0.0,0,0,0,51,111,Ipswich Town (Away),3
Cardines,DEF,Crystal Palace,4.5,0.0,0.0,u,0,0,0,0,0,0,0,0.0,0.0,0.0,0.0,0,0,0,0,0,0,0,False,2.0,3.0,Fulham,0.0,0.0,0.0,0.0,0,0,0,0,39,Ipswich Town (Away),3
Drakes-Thomas,MID,Crystal Palace,4.5,0.1,0.0,a,0,0,0,0,0,0,0,0.0,0.0,0.0,0.0,0,0,0,0,0,0,0,False,2.0,3.0,Fulham,0.0,0.0,0.0,0.0,0,0,0,939,1191,Ipswich Town (Away),3
Strand Larsen,FWD,Crystal Palace,6.0,0.6,1.3,a,45,0,0,0,0,0,0,0.01,0.3,0.31,3.69,0,0,0,0,0,0,0,False,2.0,3.0,Fulham,2.4,0.8,0.0,0.3,4,0,1,7524,8505,Ipswich Town (Away),3
Mateta,FWD,Crystal Palace,6.4,1.7,0.7,i,0,0,0,0,0,0,0,0.02,0.7,0.72,0.98,0,0,0,0,0,0,0,False,2.0,3.0,Fulham,0.0,0.0,0.0,0.0,0,0,0,1227,270528,Ipswich Town (Away),3
Nketiah,FWD,Crystal Palace,5.5,0.7,2.3,a,45,0,1,0,2,0,1,0.58,1.1,1.68,4.45,0,0,0,0,0,0,1,False,2.0,3.0,Fulham,21.2,10.7,19.0,5.1,16,0,4,11874,8284,Ipswich Town (Away),3
Uche,FWD,Crystal Palace,5.0,0.0,0.0,u,0,0,0,0,0,0,0,0.0,0.0,0.0,0.0,0,0,0,0,0,0,0,False,2.0,3.0,Fulham,0.0,0.0,0.0,0.0,0,0,0,0,0,Ipswich Town (Away),3
McNeil,MID,Crystal Palace,5.4,0.1,1.0,a,0,0,0,0,0,0,0,0.02,0.05,0.07,1.18,0,0,0,0,0,0,0,False,2.0,3.0,Fulham,0.0,0.0,0.0,0.0,0,0,0,540,2482,Ipswich Town (Away),3
Matthews,GKP,Crystal Palace,4.0,1.8,0.0,a,0,0,0,0,0,0,0,0.0,0.0,0.0,0.0,0,0,0,0,0,0,0,False,2.0,3.0,Fulham,0.0,0.0,0.0,0.0,0,0,0,7566,8663,Ipswich Town (Away),3
Tomiyasu,DEF,Crystal Palace,4.5,0.3,0.7,a,0,0,0,0,0,0,0,0.01,0.0,0.01,2.15,0,0,0,0,0,0,0,False,2.0,3.0,Fulham,0.0,0.0,0.0,0.0,0,0,0,1378,3430,Ipswich Town (Away),3
Khalaili,DEF,Crystal Palace,5.0,0.3,2.0,a,90,0,0,0,2,0,0,0.17,0.74,0.91,5.42,0,0,0,0,0,0,1,False,2.0,3.0,Fulham,21.6,2.3,8.0,3.2,6,0,3,4048,1549,Ipswich Town (Away),3
Gozo,MID,Crystal Palace,5.0,0.0,0.3,a,0,0,0,0,0,0,0,0.0,0.0,0.0,0.2,0,0,0,0,0,0,0,False,2.0,3.0,Fulham,0.0,0.0,0.0,0.0,0,0,0,158,224,Ipswich Town (Away),3
Ahanor,DEF,Crystal Palace,4.5,0.0,0.0,a,0,0,0,0,0,0,0,0.0,0.0,0.0,0.0,0,0,0,0,0,0,0,False,2.0,3.0,Fulham,0.0,0.0,0.0,0.0,0,0,0,217,32,Ipswich Town (Away),3
Chilwell,DEF,Crystal Palace,4.5,0.5,7.0,a,16,1,0,0,0,1,0,0.0,0.15,0.15,0.57,0,0,0,0,0,0,0,False,2.0,3.0,Fulham,33.2,0.7,17.0,5.1,20,0,7,763,84,Ipswich Town (Away),3
Timber,MID,Crystal Palace,5.0,0.0,2.0,a,73,0,0,0,2,0,0,0.0,0.02,0.02,2.57,0,0,0,0,0,0,1,False,2.0,3.0,Fulham,4.2,0.2,1.0,0.5,8,0,2,656,100,Ipswich Town (Away),3
Osorio,MID,Crystal Palace,5.5,0.0,1.0,a,1,0,0,0,0,0,0,0.0,0.0,0.0,0.13,0,0,0,0,0,0,0,False,2.0,3.0,Fulham,2.0,0.3,0.0,0.2,2,0,1,461,50,Ipswich Town (Away),3
Nørgaard,MID,Everton,4.9,0.1,0.0,i,0,0,0,0,0,0,0,0.0,0.0,0.0,0.0,0,0,0,0,0,0,0,True,2.0,2.0,Man Utd,0.0,0.0,0.0,0.0,0,0,0,209,2171,Spurs (Home),3
Johnson,MID,Everton,5.9,0.1,1.0,a,65,0,0,0,1,0,0,0.04,0.05,0.09,2.24,0,0,0,0,1,0,1,True,2.0,2.0,Man Utd,6.6,22.9,9.0,3.9,3,0,1,786,3477,Spurs (Home),3
Pickford,GKP,Everton,5.5,8.6,3.7,a,90,0,0,1,2,0,0,0.02,0.0,0.02,4.81,0,0,0,0,0,0,1,True,2.0,2.0,Man Utd,9.2,0.0,0.0,0.9,6,0,1,56478,81924,Spurs (Home),3
Travers,GKP,Everton,5.0,0.0,0.0,a,0,0,0,0,0,0,0,0.0,0.0,0.0,0.0,0,0,0,0,0,0,0,True,2.0,2.0,Man Utd,0.0,0.0,0.0,0.0,0,0,0,282,558,Spurs (Home),3
King,GKP,Everton,4.5,0.0,0.0,a,0,0,0,0,0,0,0,0.0,0.0,0.0,0.0,0,0,0,0,0,0,0,True,2.0,2.0,Man Utd,0.0,0.0,0.0,0.0,0,0,0,303,514,Spurs (Home),3
Tarkowski,DEF,Everton,6.0,11.5,7.0,a,90,0,0,0,2,1,0,0.02,0.17,0.19,4.81,0,0,0,0,0,0,1,True,2.0,2.0,Man Utd,24.4,1.0,6.0,3.1,11,0,3,211638,85557,Spurs (Home),3
Branthwaite,DEF,Everton,5.5,1.9,4.3,a,90,0,0,0,2,0,0,0.02,0.17,0.19,4.81,0,0,0,0,0,0,1,True,2.0,2.0,Man Utd,41.6,0.6,34.0,7.6,10,0,3,15501,21385,Spurs (Home),3
Keane,DEF,Everton,4.9,0.9,0.0,a,0,0,0,0,0,0,0,0.0,0.0,0.0,0.0,0,0,0,0,0,0,0,True,2.0,2.0,Man Utd,0.0,0.0,0.0,0.0,0,0,0,2294,33004,Spurs (Home),3
O'Brien,DEF,Everton,4.9,0.3,0.0,a,0,0,0,0,0,0,0,0.0,0.0,0.0,0.0,0,0,0,0,0,0,0,True,2.0,2.0,Man Utd,0.0,0.0,0.0,0.0,0,0,0,929,8440,Spurs (Home),3
Mykolenko,DEF,Everton,4.5,2.0,3.7,a,90,0,0,0,2,0,0,0.07,0.0,0.07,4.81,0,0,0,0,0,0,1,True,2.0,2.0,Man Utd,12.8,2.5,0.0,1.5,8,0,1,40120,26256,Spurs (Home),3
Patterson,DEF,Everton,4.5,0.0,0.0,u,0,0,0,0,0,0,0,0.0,0.0,0.0,0.0,0,0,0,0,0,0,0,True,2.0,2.0,Man Utd,0.0,0.0,0.0,0.0,0,0,0,164,879,Spurs (Home),3
Aznou,DEF,Everton,4.0,0.1,0.0,u,0,0,0,0,0,0,0,0.0,0.0,0.0,0.0,0,0,0,0,0,0,0,True,2.0,2.0,Man Utd,0.0,0.0,0.0,0.0,0,0,0,719,4181,Spurs (Home),3
Dewsbury-Hall,MID,Everton,6.5,4.6,5.0,a,90,0,0,0,2,1,0,0.4,0.45,0.85,4.77,0,0,0,0,0,0,1,True,2.0,2.0,Man Utd,24.0,30.0,33.0,8.7,20,0,2,60861,92933,Spurs (Home),3
Grealish,MID,Everton,6.5,0.4,0.7,a,24,0,0,0,1,0,0,0.13,0.02,0.15,0.31,0,0,0,0,0,0,0,True,2.0,2.0,Man Utd,6.0,12.3,10.0,2.8,8,0,1,9521,5532,Spurs (Home),3
Garner,MID,Everton,6.0,0.1,1.3,a,76,0,0,0,1,0,0,0.11,0.0,0.11,1.32,0,0,0,0,0,0,1,True,2.0,2.0,Man Utd,9.6,31.1,0.0,4.1,19,0,2,2988,3324,Spurs (Home),3
George,MID,Everton,5.5,0.6,5.0,a,90,1,0,0,2,1,0,0.16,0.27,0.43,2.94,0,0,0,0,0,0,1,True,2.0,2.0,Man Utd,44.2,34.4,25.0,10.4,35,3,10,1760,4800,Spurs (Home),3
Alcaraz,MID,Everton,4.9,0.1,0.3,a,0,0,0,0,0,0,0,0.02,0.05,0.07,0.04,0,0,0,0,0,0,0,True,2.0,2.0,Man Utd,0.0,0.0,0.0,0.0,0,0,0,815,1939,Spurs (Home),3
Armstrong,MID,Everton,5.0,0.4,3.7,a,90,0,0,0,2,0,1,0.1,0.09,0.19,4.81,0,0,0,0,1,0,1,True,2.0,2.0,Man Utd,5.2,6.7,9.0,2.1,5,0,1,21368,9178,Spurs (Home),3
Dibling,MID,Everton,5.4,0.0,0.0,a,0,0,0,0,0,0,0,0.0,0.0,0.0,0.0,0,0,0,0,0,0,0,True,2.0,2.0,Man Utd,0.0,0.0,0.0,0.0,0,0,0,356,868,Spurs (Home),3
Röhl,MID,Everton,5.0,0.0,2.0,a,74,0,0,0,1,0,0,0.2,0.0,0.2,4.52,0,0,0,0,1,0,1,True,2.0,2.0,Man Utd,4.4,16.8,0.0,2.1,10,0,1,580,1167,Spurs (Home),3
Hackney,MID,Everton,5.5,0.2,2.7,a,15,0,1,0,1,0,1,0.11,0.05,0.16,3.49,0,0,0,0,0,0,0,True,2.0,2.0,Man Utd,20.6,25.5,10.0,5.6,14,0,4,499,3714,Spurs (Home),3
Beto,FWD,Everton,5.4,1.0,0.7,u,0,0,0,0,0,0,0,0.0,0.09,0.09,1.92,0,0,0,0,0,0,0,True,2.0,2.0,Man Utd,0.0,0.0,0.0,0.0,0,0,0,8513,82131,Spurs (Home),3
Barry,FWD,Everton,5.6,6.0,4.0,a,90,0,0,0,2,1,0,0.11,2.31,2.42,2.89,0,0,0,0,0,0,1,True,2.0,2.0,Man Utd,0.2,15.0,24.0,3.9,7,0,2,195909,91343,Spurs (Home),3
Maitland-Niles,DEF,Everton,4.5,0.2,7.0,a,13,1,0,0,1,1,0,0.0,0.03,0.03,0.29,0,0,0,0,0,0,0,True,2.0,2.0,Man Utd,33.4,0.8,7.0,4.1,13,0,7,559,128,Spurs (Home),3
Graham,MID,Everton,4.5,0.2,0.0,a,0,0,0,0,0,0,0,0.0,0.0,0.0,0.0,0,0,0,0,0,0,0,True,2.0,2.0,Man Utd,0.0,0.0,0.0,0.0,0,0,0,0,0,Spurs (Home),3
Leno,GKP,Fulham,4.5,2.9,2.0,a,90,0,0,2,3,0,0,0.0,0.0,0.0,6.23,0,0,0,0,0,0,1,True,2.0,3.0,Crystal Palace,18.8,0.0,0.0,1.9,8,0,1,41560,27077,Liverpool (Home),3
Lecomte,GKP,Fulham,4.0,1.2,0.0,a,0,0,0,0,0,0,0,0.0,0.0,0.0,0.0,0,0,0,0,0,0,0,True,2.0,3.0,Crystal Palace,0.0,0.0,0.0,0.0,0,0,0,9450,7851,Liverpool (Home),3
McNally,GKP,Fulham,4.0,0.1,0.0,u,0,0,0,0,0,0,0,0.0,0.0,0.0,0.0,0,0,0,0,0,0,0,True,2.0,3.0,Crystal Palace,0.0,0.0,0.0,0.0,0,0,0,1784,2589,Liverpool (Home),3
Andersen,DEF,Fulham,5.0,0.1,0.7,a,90,0,0,0,3,0,0,0.1,0.0,0.1,3.99,0,0,0,0,0,0,1,True,2.0,3.0,Crystal Palace,24.4,22.9,6.0,5.3,8,0,1,5842,2138,Liverpool (Home),3
Robinson,DEF,Fulham,4.5,1.4,1.3,a,78,0,0,0,3,0,0,0.16,0.21,0.37,6.2,0,0,0,0,0,0,1,True,2.0,3.0,Crystal Palace,14.6,24.8,9.0,4.8,7,0,1,15006,17182,Liverpool (Home),3
J.Cuenca,DEF,Fulham,4.5,0.0,1.0,a,0,0,0,0,0,0,0,0.03,0.0,0.03,2.24,0,0,0,0,0,0,0,True,2.0,3.0,Crystal Palace,0.0,0.0,0.0,0.0,0,0,0,506,689,Liverpool (Home),3
Tete,DEF,Fulham,4.4,0.2,0.0,a,0,0,0,0,0,0,0,0.0,0.0,0.0,0.0,0,0,0,0,0,0,0,True,2.0,3.0,Crystal Palace,0.0,0.0,0.0,0.0,0,0,0,430,3016,Liverpool (Home),3
Bassey,DEF,Fulham,4.5,0.7,1.0,a,90,0,0,0,3,0,0,0.07,0.02,0.09,6.23,0,0,0,0,0,0,1,True,2.0,3.0,Crystal Palace,13.8,6.4,0.0,2.0,2,0,1,8199,7975,Liverpool (Home),3
Castagne,DEF,Fulham,4.5,0.8,4.3,a,90,0,0,0,3,0,2,0.37,0.67,1.04,4.47,0,0,0,0,0,0,1,True,2.0,3.0,Crystal Palace,20.6,24.1,30.0,7.5,-1,0,1,44214,10839,Liverpool (Home),3
Iwobi,MID,Fulham,5.4,0.7,2.0,a,82,0,0,0,3,0,0,0.7,0.05,0.75,6.23,0,0,0,0,0,0,1,True,2.0,3.0,Crystal Palace,7.6,23.7,11.0,4.2,15,0,2,7354,16871,Liverpool (Home),3
Smith Rowe,MID,Fulham,5.4,0.3,0.7,a,11,0,0,0,0,0,0,0.02,0.06,0.08,0.41,0,0,0,0,0,0,0,True,2.0,3.0,Crystal Palace,0.2,0.5,2.0,0.3,3,0,1,1425,6526,Liverpool (Home),3
Kevin,MID,Fulham,5.4,0.0,0.7,a,0,0,0,0,0,0,0,0.05,0.0,0.05,0.2,0,0,0,0,0,0,0,True,2.0,3.0,Crystal Palace,0.0,0.0,0.0,0.0,0,0,0,553,1342,Liverpool (Home),3
Bobb,MID,Fulham,5.5,0.3,2.3,a,78,0,0,0,3,0,0,0.92,0.32,1.24,4.44,0,0,0,0,0,0,1,True,2.0,3.0,Crystal Palace,11.2,58.8,53.0,12.3,17,0,2,4635,5995,Liverpool (Home),3
Berge,MID,Fulham,4.9,0.3,1.7,a,29,0,0,0,1,0,0,0.33,0.03,0.36,4.9,0,0,0,0,0,0,0,True,2.0,3.0,Crystal Palace,3.2,2.9,0.0,0.6,9,0,1,1875,5184,Liverpool (Home),3
Cairney,MID,Fulham,5.0,0.0,0.0,i,0,0,0,0,0,0,0,0.0,0.0,0.0,0.0,0,0,0,0,0,0,0,True,2.0,3.0,Crystal Palace,0.0,0.0,0.0,0.0,0,0,0,24,82,Liverpool (Home),3
King,MID,Fulham,5.5,1.2,6.3,a,90,1,0,0,3,2,0,0.34,0.95,1.29,6.23,0,0,0,0,0,0,1,True,2.0,3.0,Crystal Palace,44.6,26.0,34.0,10.5,38,3,10,23134,13472,Liverpool (Home),3
Sessegnon,DEF,Fulham,4.4,0.3,1.0,a,11,0,0,0,0,0,0,0.44,0.13,0.57,1.8,0,0,0,0,0,0,0,True,2.0,3.0,Crystal Palace,2.0,14.8,4.0,2.1,3,0,1,887,4843,Liverpool (Home),3
Reed,MID,Fulham,4.5,1.2,0.0,a,0,0,0,0,0,0,0,0.0,0.0,0.0,0.0,0,0,0,0,0,0,0,True,2.0,3.0,Crystal Palace,0.0,0.0,0.0,0.0,0,0,0,8075,19076,Liverpool (Home),3
Muniz,FWD,Fulham,5.4,0.4,0.7,a,7,0,0,0,0,0,0,0.0,0.4,0.4,0.03,0,0,0,0,0,0,0,True,2.0,3.0,Crystal Palace,3.2,10.1,27.0,4.0,5,0,1,4409,11328,Liverpool (Home),3
Kusi-Asare,FWD,Fulham,4.5,6.1,0.0,a,0,0,0,0,0,0,0,0.0,0.0,0.0,0.0,0,0,0,0,0,0,0,True,2.0,3.0,Crystal Palace,0.0,0.0,0.0,0.0,0,0,0,60586,71945,Liverpool (Home),3
Gonzalo,FWD,Fulham,6.0,3.9,3.3,a,90,0,0,0,3,1,0,0.22,1.44,1.66,6.23,0,0,0,0,0,0,1,True,2.0,3.0,Crystal Palace,5.8,14.0,39.0,5.9,10,0,2,128611,79185,Liverpool (Home),3
Palacios,MID,Fulham,5.5,0.2,3.7,a,60,1,0,0,2,1,0,0.03,0.98,1.01,4.97,0,0,0,0,0,0,1,True,2.0,3.0,Crystal Palace,33.8,13.7,51.0,9.9,27,1,8,1012,3356,Liverpool (Home),3
Charles,MID,Fulham,5.0,0.1,1.3,a,78,0,0,0,3,0,0,0.12,0.09,0.21,3.77,0,0,0,0,0,0,1,True,2.0,3.0,Crystal Palace,12.4,35.2,8.0,5.6,18,0,2,334,1244,Liverpool (Home),3
De Fougerolles,DEF,Fulham,4.0,0.1,0.0,u,0,0,0,0,0,0,0,0.0,0.0,0.0,0.0,0,0,0,0,0,0,0,True,2.0,3.0,Crystal Palace,0.0,0.0,0.0,0.0,0,0,0,2221,1839,Liverpool (Home),3
Zepa,MID,Fulham,4.5,0.4,0.0,a,0,0,0,0,0,0,0,0.0,0.0,0.0,0.0,0,0,0,0,0,0,0,True,2.0,3.0,Crystal Palace,0.0,0.0,0.0,0.0,0,0,0,22010,4831,Liverpool (Home),3
Larsson,MID,Fulham,5.0,0.0,1.0,a,11,0,0,0,0,0,0,0.22,0.13,0.35,0.0,0,0,0,0,0,0,0,True,2.0,3.0,Crystal Palace,3.6,1.3,9.0,1.4,3,0,1,288,27,Liverpool (Home),3
Ángel,MID,Fulham,5.0,0.0,0.0,a,0,0,0,0,0,0,0,0.0,0.0,0.0,0.0,0,0,0,0,0,0,0,True,2.0,3.0,Crystal Palace,0.0,0.0,0.0,0.0,0,0,0,120,14,Liverpool (Home),3
Affengruber,DEF,Fulham,4.5,0.0,0.0,a,0,0,0,0,0,0,0,0.0,0.0,0.0,0.0,0,0,0,0,0,0,0,True,2.0,3.0,Crystal Palace,0.0,0.0,0.0,0.0,0,0,0,204,27,Liverpool (Home),3
Iroegbunam,MID,Hull City,5.0,0.0,0.3,a,0,0,0,0,0,0,0,0.0,0.0,0.0,0.0,0,0,0,0,0,0,0,True,0.0,0.0,Aston Villa,0.0,0.0,0.0,0.0,0,0,0,309,187,Chelsea (Home),3
Phillips,GKP,Hull City,4.0,1.4,0.0,a,0,0,0,0,0,0,0,0.0,0.0,0.0,0.0,0,0,0,0,0,0,0,True,0.0,0.0,Aston Villa,0.0,0.0,0.0,0.0,0,0,0,9318,11240,Chelsea (Home),3
Butland,GKP,Hull City,4.5,0.1,0.0,i,0,0,0,0,0,0,0,0.0,0.0,0.0,0.0,0,0,0,0,0,0,0,True,0.0,0.0,Aston Villa,0.0,0.0,0.0,0.0,0,0,0,166,1467,Chelsea (Home),3
Cartwright,GKP,Hull City,4.0,0.0,0.0,u,0,0,0,0,0,0,0,0.0,0.0,0.0,0.0,0,0,0,0,0,0,0,True,0.0,0.0,Aston Villa,0.0,0.0,0.0,0.0,0,0,0,0,83,Chelsea (Home),3
Lo-Tutala,GKP,Hull City,4.0,0.0,0.0,u,0,0,0,0,0,0,0,0.0,0.0,0.0,0.0,0,0,0,0,0,0,0,True,0.0,0.0,Aston Villa,0.0,0.0,0.0,0.0,0,0,0,0,272,Chelsea (Home),3
Egan,DEF,Hull City,4.1,6.3,7.7,a,90,0,0,0,0,0,0,0.0,0.0,0.0,5.05,1,0,0,0,0,0,1,True,0.0,0.0,Aston Villa,15.4,0.1,0.0,1.6,18,0,6,335706,57666,Chelsea (Home),3
Hughes,DEF,Hull City,4.0,0.1,0.0,i,0,0,0,0,0,0,0,0.0,0.0,0.0,0.0,0,0,0,0,0,0,0,True,0.0,0.0,Aston Villa,0.0,0.0,0.0,0.0,0,0,0,138,1820,Chelsea (Home),3
Ajayi,DEF,Hull City,4.2,12.3,8.3,a,90,0,0,0,0,1,0,0.0,0.52,0.52,4.08,1,0,0,0,1,0,1,True,0.0,0.0,Aston Villa,11.0,0.7,0.0,1.2,17,0,5,631920,69249,Chelsea (Home),3
Coyle,DEF,Hull City,4.0,0.6,4.0,a,63,0,0,0,0,0,0,0.02,0.0,0.02,4.06,1,0,0,0,0,0,1,True,0.0,0.0,Aston Villa,1.4,4.6,0.0,0.6,19,0,6,1532,10186,Chelsea (Home),3
Drameh,DEF,Hull City,4.0,0.1,0.7,u,0,0,0,0,0,0,0,0.0,0.05,0.05,0.87,0,0,0,0,0,0,0,True,0.0,0.0,Aston Villa,0.0,0.0,0.0,0.0,0,0,0,1010,1673,Chelsea (Home),3
Giles,DEF,Hull City,4.0,1.6,6.7,a,90,0,0,0,0,0,0,0.18,0.02,0.2,4.98,1,0,0,0,0,0,1,True,0.0,0.0,Aston Villa,14.8,26.4,0.0,4.1,30,2,8,26812,8343,Chelsea (Home),3
Jacob,DEF,Hull City,4.0,0.0,0.0,u,0,0,0,0,0,0,0,0.0,0.0,0.0,0.0,0,0,0,0,0,0,0,True,0.0,0.0,Aston Villa,0.0,0.0,0.0,0.0,0,0,0,57,210,Chelsea (Home),3
McCarthy,DEF,Hull City,4.0,0.1,0.0,a,0,0,0,0,0,0,0,0.0,0.0,0.0,0.0,0,0,0,0,0,0,0,True,0.0,0.0,Aston Villa,0.0,0.0,0.0,0.0,0,0,0,1507,1212,Chelsea (Home),3
McNair,DEF,Hull City,4.0,0.1,0.3,a,0,0,0,0,0,0,0,0.0,0.0,0.0,0.96,0,0,0,0,0,0,0,True,0.0,0.0,Aston Villa,0.0,0.0,0.0,0.0,0,0,0,1008,1499,Chelsea (Home),3
Belloumi,MID,Hull City,5.0,1.0,4.7,a,81,0,0,0,0,0,1,0.06,0.2,0.26,4.87,1,0,0,0,0,0,1,True,0.0,0.0,Aston Villa,22.8,12.4,10.0,4.5,15,0,5,26562,10439,Chelsea (Home),3
Millar,MID,Hull City,5.0,0.0,2.0,u,0,0,0,0,0,1,0,0.0,0.58,0.58,0.87,0,0,0,0,0,0,0,True,0.0,0.0,Aston Villa,0.0,0.0,0.0,0.0,0,0,0,2873,2733,Chelsea (Home),3
Dowell,MID,Hull City,4.5,0.3,0.0,a,0,0,0,0,0,0,0,0.0,0.0,0.0,0.0,0,0,0,0,0,0,0,True,0.0,0.0,Aston Villa,0.0,0.0,0.0,0.0,0,0,0,5767,5932,Chelsea (Home),3
Crooks,MID,Hull City,4.5,0.5,0.7,a,0,0,0,0,0,0,0,0.0,0.0,0.0,1.83,0,0,0,0,0,0,0,True,0.0,0.0,Aston Villa,0.0,0.0,0.0,0.0,0,0,0,2885,15250,Chelsea (Home),3
Slater,MID,Hull City,4.5,5.5,3.7,a,90,0,0,0,0,0,1,0.46,0.04,0.5,5.05,1,0,0,0,0,0,1,True,0.0,0.0,Aston Villa,10.6,12.3,8.0,3.1,10,0,3,157568,66242,Chelsea (Home),3
Matazo,MID,Hull City,4.5,0.0,0.0,i,0,0,0,0,0,0,0,0.0,0.0,0.0,0.0,0,0,0,0,0,0,0,True,0.0,0.0,Aston Villa,0.0,0.0,0.0,0.0,0,0,0,103,136,Chelsea (Home),3
Ömür,MID,Hull City,4.9,0.0,0.0,a,0,0,0,0,0,0,0,0.0,0.0,0.0,0.0,0,0,0,0,0,0,0,True,0.0,0.0,Aston Villa,0.0,0.0,0.0,0.0,0,0,0,323,454,Chelsea (Home),3
Kamara,MID,Hull City,5.0,0.0,0.0,u,0,0,0,0,0,0,0,0.0,0.0,0.0,0.0,0,0,0,0,0,0,0,True,0.0,0.0,Aston Villa,0.0,0.0,0.0,0.0,0,0,0,0,96,Chelsea (Home),3
Zambrano,MID,Hull City,4.5,0.1,0.0,a,0,0,0,0,0,0,0,0.0,0.0,0.0,0.0,0,0,0,0,0,0,0,True,0.0,0.0,Aston Villa,0.0,0.0,0.0,0.0,0,0,0,645,1908,Chelsea (Home),3
McBurnie,FWD,Hull City,5.5,1.9,2.7,a,90,0,0,0,0,0,1,0.07,0.54,0.61,5.05,1,0,0,0,0,0,1,True,0.0,0.0,Aston Villa,2.6,11.3,15.0,2.9,2,0,2,40632,50000,Chelsea (Home),3
Akintola,MID,Hull City,5.0,0.0,0.0,u,0,0,0,0,0,0,0,0.0,0.0,0.0,0.0,0,0,0,0,0,0,0,True,0.0,0.0,Aston Villa,0.0,0.0,0.0,0.0,0,0,0,1268,1335,Chelsea (Home),3
Gyabi,MID,Hull City,4.5,0.0,0.0,i,0,0,0,0,0,0,0,0.0,0.0,0.0,0.0,0,0,0,0,0,0,0,True,0.0,0.0,Aston Villa,0.0,0.0,0.0,0.0,0,0,0,141,443,Chelsea (Home),3
Destan,FWD,Hull City,4.5,0.2,0.0,u,0,0,0,0,0,0,0,0.0,0.0,0.0,0.0,0,0,0,0,0,0,0,True,0.0,0.0,Aston Villa,0.0,0.0,0.0,0.0,0,0,0,0,5574,Chelsea (Home),3
Burstow,FWD,Hull City,4.5,0.0,0.0,u,0,0,0,0,0,0,0,0.0,0.0,0.0,0.0,0,0,0,0,0,0,0,True,0.0,0.0,Aston Villa,0.0,0.0,0.0,0.0,0,0,0,0,778,Chelsea (Home),3
Gelhardt,MID,Hull City,5.0,0.0,0.0,a,0,0,0,0,0,0,0,0.0,0.0,0.0,0.0,0,0,0,0,0,0,0,True,0.0,0.0,Aston Villa,0.0,0.0,0.0,0.0,0,0,0,99,223,Chelsea (Home),3
Targett,DEF,Hull City,4.0,1.9,0.3,a,0,0,0,0,0,0,0,0.0,0.0,0.0,0.07,0,0,0,0,0,0,0,True,0.0,0.0,Aston Villa,0.0,0.0,0.0,0.0,0,0,0,10419,23113,Chelsea (Home),3
Morita,MID,Hull City,5.0,0.0,0.3,i,0,0,0,0,0,0,0,0.0,0.0,0.0,1.09,0,0,0,0,0,0,0,True,0.0,0.0,Aston Villa,0.0,0.0,0.0,0.0,0,0,0,421,317,Chelsea (Home),3
Tzolakis,GKP,Hull City,4.6,9.8,8.7,a,90,0,0,1,0,0,0,0.0,0.0,0.0,5.05,1,0,0,0,0,0,1,True,0.0,0.0,Aston Villa,11.6,0.0,0.0,1.2,25,0,6,367782,60873,Chelsea (Home),3
Hjertø-Dahl,MID,Hull City,4.9,0.1,0.3,a,8,0,0,0,0,0,0,0.0,0.0,0.0,0.0,0,0,0,0,0,0,0,True,0.0,0.0,Aston Villa,0.0,0.0,0.0,0.0,4,0,1,321,1460,Chelsea (Home),3
Stroud,MID,Hull City,5.0,0.1,2.0,a,62,0,0,0,0,0,0,0.05,0.05,0.1,4.06,1,0,0,0,0,0,1,True,0.0,0.0,Aston Villa,0.0,11.8,4.0,1.4,5,0,3,770,1686,Chelsea (Home),3
Herrington,DEF,Hull City,4.0,0.6,1.0,a,19,0,0,0,0,0,0,0.0,0.0,0.0,1.28,0,0,0,0,0,0,0,True,0.0,0.0,Aston Villa,6.6,0.1,0.0,0.7,2,0,1,3434,5099,Chelsea (Home),3
Mendy,DEF,Hull City,4.1,8.1,8.0,a,70,0,0,0,0,1,0,0.0,0.32,0.32,3.76,1,0,0,0,0,0,1,True,0.0,0.0,Aston Villa,16.2,0.6,14.0,3.1,22,0,8,166798,68763,Chelsea (Home),3
Gourna-Douath,MID,Hull City,5.0,0.0,1.0,a,81,0,0,0,0,0,0,0.02,0.0,0.02,2.13,1,0,0,0,1,0,1,True,0.0,0.0,Aston Villa,13.4,21.6,0.0,3.5,7,0,2,213,347,Chelsea (Home),3
Cho,MID,Hull City,5.0,0.0,1.0,a,8,0,0,0,0,0,0,0.0,0.05,0.05,0.18,0,0,0,0,0,0,0,True,0.0,0.0,Aston Villa,3.0,0.0,17.0,2.0,5,0,1,671,189,Chelsea (Home),3
Ansah,FWD,Hull City,5.0,0.0,0.0,i,0,0,0,0,0,0,0,0.0,0.0,0.0,0.0,0,0,0,0,0,0,0,True,0.0,0.0,Aston Villa,0.0,0.0,0.0,0.0,0,0,0,2222,210,Chelsea (Home),3
Vaz,FWD,Hull City,5.0,0.0,0.0,a,0,0,0,0,0,0,0,0.0,0.0,0.0,0.0,0,0,0,0,0,0,0,True,0.0,0.0,Aston Villa,0.0,0.0,0.0,0.0,0,0,0,1607,202,Chelsea (Home),3
Norton-Cuffy,DEF,Hull City,4.0,0.3,1.0,a,26,0,0,0,0,0,0,0.0,0.0,0.0,0.12,0,0,0,0,0,0,0,True,0.0,0.0,Aston Villa,2.2,0.3,2.0,0.5,3,0,1,6454,773,Chelsea (Home),3
Thomas,MID,Hull City,5.5,0.0,1.0,a,27,0,0,0,0,0,0,0.04,0.0,0.04,0.12,0,0,0,0,0,0,0,True,0.0,0.0,Aston Villa,3.2,10.8,0.0,1.4,5,0,1,446,58,Chelsea (Home),3
Mouzakitis,MID,Hull City,5.0,0.0,0.0,a,0,0,0,0,0,0,0,0.0,0.0,0.0,0.0,0,0,0,0,0,0,0,True,0.0,0.0,Aston Villa,0.0,0.0,0.0,0.0,0,0,0,210,24,Chelsea (Home),3
Diop,DEF,Ipswich Town,4.0,14.4,2.3,a,90,0,0,0,2,0,0,0.02,0.0,0.02,6.12,0,0,0,0,0,0,1,True,0.0,2.0,Liverpool,27.2,10.8,0.0,3.8,10,0,3,43514,125150,Crystal Palace (Home),3
Lukić,MID,Ipswich Town,5.0,0.1,2.7,a,90,0,0,0,2,0,1,0.06,0.02,0.08,5.26,0,0,0,0,0,0,1,True,0.0,2.0,Liverpool,10.4,14.2,0.0,2.5,13,0,2,809,1806,Crystal Palace (Home),3
Walton,GKP,Ipswich Town,4.4,0.4,0.0,a,0,0,0,0,0,0,0,0.0,0.0,0.0,0.0,0,0,0,0,0,0,0,True,0.0,2.0,Liverpool,0.0,0.0,0.0,0.0,0,0,0,350,4464,Crystal Palace (Home),3
Palmer,GKP,Ipswich Town,4.0,4.2,0.0,a,0,0,0,0,0,0,0,0.0,0.0,0.0,0.0,0,0,0,0,0,0,0,True,0.0,2.0,Liverpool,0.0,0.0,0.0,0.0,0,0,0,29680,30867,Crystal Palace (Home),3
Button,GKP,Ipswich Town,4.0,0.6,0.0,a,0,0,0,0,0,0,0,0.0,0.0,0.0,0.0,0,0,0,0,0,0,0,True,0.0,2.0,Liverpool,0.0,0.0,0.0,0.0,0,0,0,7597,3881,Crystal Palace (Home),3
Kipré,DEF,Ipswich Town,4.0,0.5,0.0,a,0,0,0,0,0,0,0,0.0,0.0,0.0,0.0,0,0,0,0,0,0,0,True,0.0,2.0,Liverpool,0.0,0.0,0.0,0.0,0,0,0,632,5424,Crystal Palace (Home),3
O'Shea,DEF,Ipswich Town,4.0,3.0,2.3,a,90,0,0,0,2,0,0,0.18,0.07,0.25,6.12,0,0,0,0,0,0,1,True,0.0,2.0,Liverpool,23.8,4.4,4.0,3.2,5,0,3,22172,37193,Crystal Palace (Home),3
Davis,DEF,Ipswich Town,4.0,5.1,3.0,a,90,0,0,0,2,1,0,0.25,0.65,0.9,6.12,0,0,0,0,0,0,1,True,0.0,2.0,Liverpool,17.4,21.5,19.0,5.8,4,0,1,62873,39956,Crystal Palace (Home),3
Greaves,DEF,Ipswich Town,4.0,1.2,0.7,a,90,0,0,0,2,0,0,0.05,0.0,0.05,6.12,0,0,0,0,0,0,1,True,0.0,2.0,Liverpool,15.0,12.3,4.0,3.1,6,0,1,2678,11273,Crystal Palace (Home),3
Johnson,DEF,Ipswich Town,4.0,0.1,0.0,u,0,0,0,0,0,0,0,0.0,0.0,0.0,0.0,0,0,0,0,0,0,0,True,0.0,2.0,Liverpool,0.0,0.0,0.0,0.0,0,0,0,710,1368,Crystal Palace (Home),3
Furlong,DEF,Ipswich Town,4.0,0.5,0.3,a,0,0,0,0,0,0,0,0.0,0.0,0.0,0.86,0,0,0,0,0,0,0,True,0.0,2.0,Liverpool,0.0,0.0,0.0,0.0,0,0,0,612,4548,Crystal Palace (Home),3
Núñez,MID,Ipswich Town,5.0,0.1,2.0,a,0,0,0,0,0,0,0,0.05,0.03,0.08,3.48,0,0,0,0,0,0,0,True,0.0,2.0,Liverpool,0.0,0.0,0.0,0.0,0,0,0,1106,1985,Crystal Palace (Home),3
Matusiwa,MID,Ipswich Town,4.9,0.0,0.0,a,0,0,0,0,0,0,0,0.0,0.0,0.0,0.0,0,0,0,0,0,0,0,True,0.0,2.0,Liverpool,0.0,0.0,0.0,0.0,0,0,0,12,67,Crystal Palace (Home),3
Burns,MID,Ipswich Town,5.0,0.0,0.0,u,0,0,0,0,0,0,0,0.0,0.0,0.0,0.0,0,0,0,0,0,0,0,True,0.0,2.0,Liverpool,0.0,0.0,0.0,0.0,0,0,0,0,88,Crystal Palace (Home),3
Taylor,MID,Ipswich Town,4.5,0.0,0.0,i,0,0,0,0,0,0,0,0.0,0.0,0.0,0.0,0,0,0,0,0,0,0,True,0.0,2.0,Liverpool,0.0,0.0,0.0,0.0,0,0,0,190,695,Crystal Palace (Home),3
Clarke,MID,Ipswich Town,5.4,0.2,2.7,a,24,0,0,0,0,1,0,0.02,0.15,0.17,0.09,0,0,0,0,0,0,0,True,0.0,2.0,Liverpool,3.4,11.7,4.0,1.9,3,0,1,1167,5726,Crystal Palace (Home),3
Ogbene,MID,Ipswich Town,4.9,0.0,0.0,u,0,0,0,0,0,0,0,0.0,0.0,0.0,0.0,0,0,0,0,0,0,0,True,0.0,2.0,Liverpool,0.0,0.0,0.0,0.0,0,0,0,67,418,Crystal Palace (Home),3
Fatawu,MID,Ipswich Town,5.5,0.2,2.7,a,78,0,0,0,2,0,1,0.78,0.03,0.81,5.91,0,0,0,0,0,0,1,True,0.0,2.0,Liverpool,10.2,32.9,4.0,4.7,14,0,2,2126,2975,Crystal Palace (Home),3
Emersonn,FWD,Ipswich Town,5.5,1.7,4.0,a,65,0,0,0,2,1,0,0.06,1.04,1.1,2.02,0,0,0,0,0,0,1,True,0.0,2.0,Liverpool,3.2,0.0,8.0,1.1,8,0,2,20740,51244,Crystal Palace (Home),3
Hirst,FWD,Ipswich Town,5.0,0.1,0.0,u,0,0,0,0,0,0,0,0.0,0.0,0.0,0.0,0,0,0,0,0,0,0,True,0.0,2.0,Liverpool,0.0,0.0,0.0,0.0,0,0,0,0,4365,Crystal Palace (Home),3
Philogene,MID,Ipswich Town,5.4,0.1,0.0,a,0,0,0,0,0,0,0,0.0,0.0,0.0,0.0,0,0,0,0,0,0,0,True,0.0,2.0,Liverpool,0.0,0.0,0.0,0.0,0,0,0,41,3450,Crystal Palace (Home),3
Szmodics,MID,Ipswich Town,5.0,0.0,0.0,u,0,0,0,0,0,0,0,0.0,0.0,0.0,0.0,0,0,0,0,0,0,0,True,0.0,2.0,Liverpool,0.0,0.0,0.0,0.0,0,0,0,0,191,Crystal Palace (Home),3
Akpom,FWD,Ipswich Town,5.0,1.2,2.0,a,0,0,0,0,0,1,0,0.0,0.97,0.97,4.04,0,0,0,0,0,0,0,True,0.0,2.0,Liverpool,0.0,0.0,0.0,0.0,0,0,0,62654,17220,Crystal Palace (Home),3
Walle Egeli,FWD,Ipswich Town,4.5,3.5,0.3,a,0,0,0,0,0,0,0,0.0,0.0,0.0,0.03,0,0,0,0,0,0,0,True,0.0,2.0,Liverpool,0.0,0.0,0.0,0.0,0,0,0,127698,54154,Crystal Palace (Home),3
Al-Hamadi,FWD,Ipswich Town,5.0,0.1,0.0,u,0,0,0,0,0,0,0,0.0,0.0,0.0,0.0,0,0,0,0,0,0,0,True,0.0,2.0,Liverpool,0.0,0.0,0.0,0.0,0,0,0,0,3877,Crystal Palace (Home),3
McAteer,MID,Ipswich Town,4.5,1.2,1.0,a,11,0,0,0,0,0,0,0.0,0.05,0.05,0.21,0,0,0,0,0,0,0,True,0.0,2.0,Liverpool,3.2,0.5,7.0,1.1,5,0,1,11626,15966,Crystal Palace (Home),3
Mehmeti,MID,Ipswich Town,4.9,0.0,0.0,a,0,0,0,0,0,0,0,0.0,0.0,0.0,0.0,0,0,0,0,0,0,0,True,0.0,2.0,Liverpool,0.0,0.0,0.0,0.0,0,0,0,109,757,Crystal Palace (Home),3
Van Oevelen,GKP,Ipswich Town,4.5,0.0,0.0,u,0,0,0,0,0,0,0,0.0,0.0,0.0,0.0,0,0,0,0,0,0,0,True,0.0,2.0,Liverpool,0.0,0.0,0.0,0.0,0,0,0,0,698,Crystal Palace (Home),3
Maeda,MID,Ipswich Town,5.4,0.3,2.0,a,65,0,0,0,2,0,0,0.01,0.71,0.72,5.16,0,0,0,0,0,0,1,True,0.0,2.0,Liverpool,8.2,0.1,17.0,2.5,9,0,2,903,5839,Crystal Palace (Home),3
Scherpen,GKP,Ipswich Town,4.5,0.6,2.0,a,90,0,0,5,2,0,0,0.01,0.0,0.01,6.12,0,0,0,0,0,0,1,True,0.0,2.0,Liverpool,27.8,0.0,0.0,2.8,13,0,2,4399,7157,Crystal Palace (Home),3
Florentino,MID,Ipswich Town,4.9,0.1,0.0,a,0,0,0,0,0,0,0,0.0,0.0,0.0,0.0,0,0,0,0,0,0,0,True,0.0,2.0,Liverpool,0.0,0.0,0.0,0.0,0,0,0,223,2351,Crystal Palace (Home),3
Enciso,MID,Ipswich Town,5.5,0.9,3.7,a,90,0,0,0,2,0,2,0.64,0.87,1.51,6.09,0,0,0,0,1,0,1,True,0.0,2.0,Liverpool,10.2,22.5,23.0,5.6,16,0,1,35897,10811,Crystal Palace (Home),3
Ouattara,DEF,Ipswich Town,4.0,0.9,1.0,a,12,0,0,0,0,0,0,0.02,0.0,0.02,0.89,0,0,0,0,0,0,0,True,0.0,2.0,Liverpool,3.6,14.0,0.0,1.8,4,0,1,4401,7161,Crystal Palace (Home),3
Humphreys,MID,Ipswich Town,4.5,0.0,0.0,u,0,0,0,0,0,0,0,0.0,0.0,0.0,0.0,0,0,0,0,0,0,0,True,0.0,2.0,Liverpool,0.0,0.0,0.0,0.0,0,0,0,1586,1204,Crystal Palace (Home),3
Palacios,MID,Ipswich Town,5.0,0.0,2.5,a,77,0,0,0,2,0,0,0.03,0.0,0.03,2.61,0,0,0,0,0,0,1,True,0.0,2.0,Liverpool,20.2,22.5,0.0,4.3,24,0,4,1326,347,Crystal Palace (Home),3
Flemming,FWD,Ipswich Town,5.5,0.0,1.0,a,24,0,0,0,0,0,0,0.01,0.02,0.03,0.06,0,0,0,0,0,0,0,True,0.0,2.0,Liverpool,3.2,0.5,7.0,1.1,4,0,1,1761,233,Crystal Palace (Home),3
Wilson,MID,Leeds,6.3,2.9,1.3,a,17,0,0,0,0,0,0,0.06,0.01,0.07,2.98,0,0,0,0,1,0,0,False,1.0,1.0,Brighton,1.4,20.3,2.0,2.4,0,0,0,7327,155605,Newcastle (Away),3
Perri,GKP,Leeds,4.5,0.4,0.0,u,0,0,0,0,0,0,0,0.0,0.0,0.0,0.0,0,0,0,0,0,0,0,False,1.0,1.0,Brighton,0.0,0.0,0.0,0.0,0,0,0,204,9457,Newcastle (Away),3
Bijol,DEF,Leeds,5.0,0.8,4.0,a,29,0,0,0,1,0,0,0.0,0.11,0.11,3.16,0,0,0,0,0,0,0,False,1.0,1.0,Brighton,6.2,0.0,0.0,0.6,1,0,1,14908,17527,Newcastle (Away),3
Rodon,DEF,Leeds,4.4,1.3,2.3,i,0,0,0,0,0,0,0,0.06,0.03,0.09,1.01,0,0,0,0,0,0,0,False,1.0,1.0,Brighton,0.0,0.0,0.0,0.0,0,0,0,5070,127627,Newcastle (Away),3
Bogle,DEF,Leeds,4.5,2.0,7.3,a,60,1,0,0,0,1,0,0.03,0.9,0.93,1.64,1,0,0,0,1,0,1,False,1.0,1.0,Brighton,35.4,1.7,33.0,7.0,30,3,14,5089,5521,Newcastle (Away),3
Gudmundsson,DEF,Leeds,4.5,0.1,0.7,a,90,0,0,0,1,0,0,0.0,0.0,0.0,2.19,0,0,0,0,0,0,1,False,1.0,1.0,Brighton,12.6,1.2,2.0,1.6,9,0,2,644,391,Newcastle (Away),3
Justin,DEF,Leeds,4.5,1.5,5.3,a,90,0,0,0,1,0,0,0.02,0.17,0.19,4.52,0,0,0,0,0,0,1,False,1.0,1.0,Brighton,16.8,1.5,21.0,3.9,9,0,4,35632,21428,Newcastle (Away),3
Bornauw,DEF,Leeds,4.5,0.0,0.0,u,0,0,0,0,0,0,0,0.0,0.0,0.0,0.0,0,0,0,0,0,0,0,False,1.0,1.0,Brighton,0.0,0.0,0.0,0.0,0,0,0,0,63,Newcastle (Away),3
Muharemović,DEF,Leeds,5.0,3.7,4.7,a,90,0,0,0,1,0,0,0.02,0.09,0.11,4.52,0,0,0,0,0,0,1,False,1.0,1.0,Brighton,29.2,0.8,2.0,3.2,10,0,4,40504,42593,Newcastle (Away),3
Stach,MID,Leeds,6.0,2.8,6.3,a,90,0,0,0,1,1,0,0.16,0.49,0.65,4.52,0,0,0,0,0,0,1,False,1.0,1.0,Brighton,15.4,16.5,19.0,5.1,7,0,2,62176,49557,Newcastle (Away),3
Okafor,MID,Leeds,5.9,0.3,2.0,a,61,0,0,0,0,0,0,0.18,0.08,0.26,1.11,1,0,0,0,0,0,1,False,1.0,1.0,Brighton,1.4,0.6,2.0,0.4,9,0,3,2519,10891,Newcastle (Away),3
Aaronson,MID,Leeds,5.4,0.6,1.7,a,28,0,0,0,1,0,0,0.02,0.01,0.03,3.08,0,0,0,0,0,0,0,False,1.0,1.0,Brighton,0.0,1.0,0.0,0.1,5,0,1,2026,16094,Newcastle (Away),3
Ampadu,MID,Leeds,5.4,1.0,3.0,a,90,0,0,0,1,0,0,0.14,0.01,0.15,4.52,0,0,0,0,0,0,1,False,1.0,1.0,Brighton,23.6,1.3,0.0,2.5,13,0,2,3562,19269,Newcastle (Away),3
Longstaff,MID,Leeds,4.9,0.1,0.3,a,0,0,0,0,0,0,0,0.0,0.0,0.0,0.07,0,0,0,0,0,0,0,False,1.0,1.0,Brighton,0.0,0.0,0.0,0.0,0,0,0,639,2604,Newcastle (Away),3
Gnonto,MID,Leeds,5.0,0.0,0.0,u,0,0,0,0,0,0,0,0.0,0.0,0.0,0.0,0,0,0,0,0,0,0,False,1.0,1.0,Brighton,0.0,0.0,0.0,0.0,0,0,0,226,448,Newcastle (Away),3
Harrison,MID,Leeds,5.0,0.0,0.0,u,0,0,0,0,0,0,0,0.0,0.0,0.0,0.0,0,0,0,0,0,0,0,False,1.0,1.0,Brighton,0.0,0.0,0.0,0.0,0,0,0,0,17,Newcastle (Away),3
James,MID,Leeds,5.0,0.1,0.3,a,0,0,0,0,0,0,0,0.01,0.24,0.25,0.93,0,0,0,0,0,0,0,False,1.0,1.0,Brighton,0.0,0.0,0.0,0.0,0,0,0,1599,2291,Newcastle (Away),3
Gruev,MID,Leeds,5.0,0.0,0.0,d,0,0,0,0,0,0,0,0.0,0.0,0.0,0.0,0,0,0,0,0,0,0,False,1.0,1.0,Brighton,0.0,0.0,0.0,0.0,0,0,0,33,71,Newcastle (Away),3
Tanaka,MID,Leeds,4.9,0.2,2.0,a,72,0,1,0,1,0,1,0.02,0.53,0.55,2.0,0,0,0,0,0,0,1,False,1.0,1.0,Brighton,20.8,12.2,13.0,4.6,18,0,5,3466,4501,Newcastle (Away),3
Calvert-Lewin,FWD,Leeds,6.0,22.2,3.3,a,72,0,0,0,1,1,0,0.08,1.61,1.69,3.2,0,0,0,0,1,0,1,False,1.0,1.0,Brighton,4.4,11.3,21.0,3.7,0,0,1,198586,343228,Newcastle (Away),3
Nmecha,FWD,Leeds,5.4,0.5,1.7,a,17,0,0,0,0,0,1,0.14,0.27,0.41,2.25,0,0,0,0,0,0,0,False,1.0,1.0,Brighton,0.0,1.8,9.0,0.9,2,0,1,5427,8539,Newcastle (Away),3
Piroe,FWD,Leeds,5.0,0.1,0.0,u,0,0,0,0,0,0,0,0.0,0.0,0.0,0.0,0,0,0,0,0,0,0,False,1.0,1.0,Brighton,0.0,0.0,0.0,0.0,0,0,0,0,2945,Newcastle (Away),3
Mateo Joseph,FWD,Leeds,4.5,0.1,0.0,i,0,0,0,0,0,0,0,0.0,0.0,0.0,0.0,0,0,0,0,0,0,0,False,1.0,1.0,Brighton,0.0,0.0,0.0,0.0,0,0,0,947,1082,Newcastle (Away),3
Trafford,GKP,Leeds,5.0,5.4,5.0,a,90,0,0,4,1,0,0,0.0,0.0,0.0,4.52,0,0,0,0,0,0,1,False,1.0,1.0,Brighton,34.8,0.0,0.0,3.5,18,0,3,81497,48820,Newcastle (Away),3
Elvedi,DEF,Leeds,4.5,0.0,1.7,a,90,0,0,0,1,0,0,0.57,0.0,0.57,3.51,0,0,0,0,0,0,1,False,1.0,1.0,Brighton,27.6,21.1,6.0,5.5,12,0,4,729,528,Newcastle (Away),3
Lienou,DEF,Leeds,4.0,0.1,0.0,a,0,0,0,0,0,0,0,0.0,0.0,0.0,0.0,0,0,0,0,0,0,0,False,1.0,1.0,Brighton,0.0,0.0,0.0,0.0,0,0,0,2536,1136,Newcastle (Away),3
Cresswell,MID,Leeds,4.5,0.1,0.0,a,0,0,0,0,0,0,0,0.0,0.0,0.0,0.0,0,0,0,0,0,0,0,False,1.0,1.0,Brighton,0.0,0.0,0.0,0.0,0,0,0,5922,2194,Newcastle (Away),3
Cairns,GKP,Leeds,4.0,0.2,0.0,a,0,0,0,0,0,0,0,0.0,0.0,0.0,0.0,0,0,0,0,0,0,0,False,1.0,1.0,Brighton,0.0,0.0,0.0,0.0,0,0,0,9425,1384,Newcastle (Away),3
Zetterer,GKP,Leeds,4.0,0.6,0.0,a,0,0,0,0,0,0,0,0.0,0.0,0.0,0.0,0,0,0,0,0,0,0,False,1.0,1.0,Brighton,0.0,0.0,0.0,0.0,0,0,0,13274,1307,Newcastle (Away),3
Bard,DEF,Leeds,4.5,0.0,0.0,a,0,0,0,0,0,0,0,0.0,0.0,0.0,0.0,0,0,0,0,0,0,0,False,1.0,1.0,Brighton,0.0,0.0,0.0,0.0,0,0,0,177,28,Newcastle (Away),3
Bahoya,MID,Leeds,5.0,0.0,0.0,a,0,0,0,0,0,0,0,0.0,0.0,0.0,0.0,0,0,0,0,0,0,0,False,1.0,1.0,Brighton,0.0,0.0,0.0,0.0,0,0,0,1015,196,Newcastle (Away),3
A.Becker,GKP,Liverpool,5.5,4.0,3.3,a,90,0,0,5,0,0,0,0.0,0.0,0.0,4.63,1,0,0,0,0,0,1,False,0.0,2.0,Ipswich Town,30.4,0.0,0.0,3.0,35,1,8,42521,57990,Fulham (Away),3
Mamardashvili,GKP,Liverpool,4.9,0.1,0.0,a,0,0,0,0,0,0,0,0.0,0.0,0.0,0.0,0,0,0,0,0,0,0,False,0.0,2.0,Ipswich Town,0.0,0.0,0.0,0.0,0,0,0,1002,2840,Fulham (Away),3
Woodman,GKP,Liverpool,4.0,1.1,0.0,a,0,0,0,0,0,0,0,0.0,0.0,0.0,0.0,0,0,0,0,0,0,0,False,0.0,2.0,Ipswich Town,0.0,0.0,0.0,0.0,0,0,0,8227,7947,Fulham (Away),3
Pecsi,GKP,Liverpool,4.0,0.0,0.0,u,0,0,0,0,0,0,0,0.0,0.0,0.0,0.0,0,0,0,0,0,0,0,False,0.0,2.0,Ipswich Town,0.0,0.0,0.0,0.0,0,0,0,0,284,Fulham (Away),3
Jaros,GKP,Liverpool,4.0,0.0,0.0,i,0,0,0,0,0,0,0,0.0,0.0,0.0,0.0,0,0,0,0,0,0,0,False,0.0,2.0,Ipswich Town,0.0,0.0,0.0,0.0,0,0,0,549,336,Fulham (Away),3
Davies,GKP,Liverpool,4.0,0.2,0.0,a,0,0,0,0,0,0,0,0.0,0.0,0.0,0.0,0,0,0,0,0,0,0,False,0.0,2.0,Ipswich Town,0.0,0.0,0.0,0.0,0,0,0,1717,1139,Fulham (Away),3
Virgil,DEF,Liverpool,6.5,17.2,3.0,a,90,0,0,0,0,0,0,0.06,0.25,0.31,4.63,1,0,0,0,0,0,1,False,0.0,2.0,Ipswich Town,23.2,1.8,0.0,2.5,32,0,6,67650,273435,Fulham (Away),3
Frimpong,DEF,Liverpool,5.4,2.3,0.3,a,0,0,0,0,0,0,0,0.11,0.01,0.12,3.81,0,0,0,0,0,0,0,False,0.0,2.0,Ipswich Town,0.0,0.0,0.0,0.0,0,0,0,25094,70400,Fulham (Away),3
Kerkez,DEF,Liverpool,5.4,2.7,2.0,a,90,0,0,0,0,0,0,0.06,0.02,0.08,4.56,1,0,0,0,1,0,1,False,0.0,2.0,Ipswich Town,13.8,11.3,0.0,2.5,23,0,5,13999,65051,Fulham (Away),3
Gomez,DEF,Liverpool,5.0,0.0,0.0,i,0,0,0,0,0,0,0,0.0,0.0,0.0,0.0,0,0,0,0,0,0,0,False,0.0,2.0,Ipswich Town,0.0,0.0,0.0,0.0,0,0,0,70,325,Fulham (Away),3
Bradley,DEF,Liverpool,5.0,0.0,0.0,i,0,0,0,0,0,0,0,0.0,0.0,0.0,0.0,0,0,0,0,0,0,0,False,0.0,2.0,Ipswich Town,0.0,0.0,0.0,0.0,0,0,0,114,218,Fulham (Away),3
Lucky,DEF,Liverpool,4.0,0.1,0.0,a,0,0,0,0,0,0,0,0.0,0.0,0.0,0.0,0,0,0,0,0,0,0,False,0.0,2.0,Ipswich Town,0.0,0.0,0.0,0.0,0,0,0,1420,1428,Fulham (Away),3
Jacquet,DEF,Liverpool,5.0,2.7,3.0,a,90,0,0,0,0,0,0,0.1,0.0,0.1,4.02,1,0,0,0,1,0,1,False,0.0,2.0,Ipswich Town,22.8,12.5,2.0,3.7,28,0,5,56823,40517,Fulham (Away),3
Leoni,DEF,Liverpool,4.0,0.0,0.0,i,0,0,0,0,0,0,0,0.0,0.0,0.0,0.0,0,0,0,0,0,0,0,False,0.0,2.0,Ipswich Town,0.0,0.0,0.0,0.0,0,0,0,332,617,Fulham (Away),3
Tsimikas,DEF,Liverpool,4.9,0.1,0.3,a,0,0,0,0,0,0,0,0.01,0.04,0.05,0.07,0,0,0,0,0,0,0,False,0.0,2.0,Ipswich Town,0.0,0.0,0.0,0.0,0,0,0,487,1087,Fulham (Away),3
Ramsay,DEF,Liverpool,4.0,0.1,0.0,u,0,0,0,0,0,0,0,0.0,0.0,0.0,0.0,0,0,0,0,0,0,0,False,0.0,2.0,Ipswich Town,0.0,0.0,0.0,0.0,0,0,0,0,5215,Fulham (Away),3
Wirtz,MID,Liverpool,7.4,8.0,3.0,a,90,0,0,0,0,0,1,0.29,0.67,0.96,3.46,1,0,0,0,0,0,1,False,0.0,2.0,Ipswich Town,6.6,34.0,22.0,6.3,14,0,3,69030,190379,Fulham (Away),3
Gakpo,MID,Liverpool,7.2,13.0,9.3,d,90,0,2,0,0,1,3,1.2,0.36,1.56,4.56,1,0,0,0,0,0,1,False,0.0,2.0,Ipswich Town,49.6,42.7,13.0,10.5,43,2,11,234993,131181,Fulham (Away),3
Szoboszlai,MID,Liverpool,7.0,38.5,5.0,a,90,0,0,0,0,1,0,0.52,1.17,1.69,4.63,1,0,0,0,0,0,1,False,0.0,2.0,Ipswich Town,19.4,29.9,21.0,7.0,20,0,3,281021,386428,Fulham (Away),3
Ngumoha,MID,Liverpool,5.8,0.6,1.0,a,0,0,0,0,0,0,0,0.05,0.04,0.09,0.58,0,0,0,0,0,0,0,False,0.0,2.0,Ipswich Town,0.0,0.0,0.0,0.0,0,0,0,3473,35409,Fulham (Away),3
Chiesa,MID,Liverpool,5.4,0.1,0.0,i,0,0,0,0,0,0,0,0.0,0.0,0.0,0.0,0,0,0,0,0,0,0,False,0.0,2.0,Ipswich Town,0.0,0.0,0.0,0.0,0,0,0,50,4246,Fulham (Away),3
Gravenberch,MID,Liverpool,5.9,1.3,2.3,a,26,0,0,0,0,0,1,0.06,0.06,0.12,1.34,0,0,0,0,0,0,0,False,0.0,2.0,Ipswich Town,2.2,1.7,0.0,0.4,2,0,1,10774,44970,Fulham (Away),3
Mac Allister,MID,Liverpool,5.4,1.4,1.7,a,83,0,0,0,0,0,0,0.42,0.08,0.5,3.9,1,0,0,0,1,0,1,False,0.0,2.0,Ipswich Town,16.6,12.8,18.0,4.7,14,0,2,10622,28058,Fulham (Away),3
C.Jones,MID,Liverpool,5.5,0.0,0.0,u,0,0,0,0,0,0,0,0.0,0.0,0.0,0.0,0,0,0,0,0,0,0,False,0.0,2.0,Ipswich Town,0.0,0.0,0.0,0.0,0,0,0,1,930,Fulham (Away),3
Endo,MID,Liverpool,4.9,0.1,0.0,a,0,0,0,0,0,0,0,0.0,0.0,0.0,0.0,0,0,0,0,0,0,0,False,0.0,2.0,Ipswich Town,0.0,0.0,0.0,0.0,0,0,0,798,1446,Fulham (Away),3
Nyoni,MID,Liverpool,4.9,0.0,0.7,a,6,0,0,0,0,0,0,0.0,0.0,0.0,0.22,0,0,0,0,0,0,0,False,0.0,2.0,Ipswich Town,0.2,0.1,0.0,0.0,3,0,1,503,822,Fulham (Away),3
Bajcetic,MID,Liverpool,5.0,0.0,0.0,u,0,0,0,0,0,0,0,0.0,0.0,0.0,0.0,0,0,0,0,0,0,0,False,0.0,2.0,Ipswich Town,0.0,0.0,0.0,0.0,0,0,0,11,43,Fulham (Away),3
Munoz,MID,Liverpool,6.5,1.2,4.3,a,63,0,0,0,0,1,1,0.25,0.42,0.67,3.95,1,0,0,0,0,0,1,False,0.0,2.0,Ipswich Town,0.8,4.3,6.0,1.1,9,0,3,83211,23201,Fulham (Away),3
McConnell,MID,Liverpool,4.5,0.2,0.0,a,0,0,0,0,0,0,0,0.0,0.0,0.0,0.0,0,0,0,0,0,0,0,False,0.0,2.0,Ipswich Town,0.0,0.0,0.0,0.0,0,0,0,1404,3323,Fulham (Away),3
Isak,FWD,Liverpool,9.1,23.2,7.7,a,63,2,0,0,0,3,0,0.06,2.29,2.35,4.46,1,0,0,0,0,0,1,False,0.0,2.0,Ipswich Town,67.0,6.4,34.0,10.7,61,3,13,181587,206849,Fulham (Away),3
Ekitiké,FWD,Liverpool,7.4,0.1,0.0,i,0,0,0,0,0,0,0,0.0,0.0,0.0,0.0,0,0,0,0,0,0,0,False,0.0,2.0,Ipswich Town,0.0,0.0,0.0,0.0,0,0,0,696,3432,Fulham (Away),3
Koumas,MID,Liverpool,5.0,0.0,0.7,a,1,0,0,0,0,0,0,0.0,0.03,0.03,0.58,0,0,0,0,0,0,0,False,0.0,2.0,Ipswich Town,0.0,0.0,0.0,0.0,3,0,1,161,378,Fulham (Away),3
Danns,FWD,Liverpool,4.5,0.1,0.0,a,0,0,0,0,0,0,0,0.0,0.0,0.0,0.0,0,0,0,0,0,0,0,False,0.0,2.0,Ipswich Town,0.0,0.0,0.0,0.0,0,0,0,2915,946,Fulham (Away),3
Elliott,MID,Liverpool,5.4,0.0,0.0,u,0,0,0,0,0,0,0,0.0,0.0,0.0,0.0,0,0,0,0,0,0,0,False,0.0,2.0,Ipswich Town,0.0,0.0,0.0,0.0,0,0,0,527,2456,Fulham (Away),3
Araujo,DEF,Liverpool,5.4,2.6,3.0,a,90,0,0,0,0,0,0,0.05,0.0,0.05,1.36,1,0,0,0,0,0,1,False,0.0,2.0,Ipswich Town,20.0,2.4,2.0,2.4,27,0,8,11375,80540,Fulham (Away),3
Barcola,MID,Liverpool,8.0,2.1,1.0,a,26,0,0,0,0,0,0,0.07,0.0,0.07,0.17,0,0,0,0,0,0,0,False,0.0,2.0,Ipswich Town,3.0,10.5,2.0,1.6,5,0,1,135788,19616,Fulham (Away),3
Enzo,MID,Man City,6.9,3.2,1.3,a,75,0,0,0,0,0,0,0.14,0.13,0.27,1.28,1,0,0,0,0,0,1,True,1.0,0.0,Coventry City,10.2,18.9,18.0,4.7,17,0,3,30968,132936,Man Utd (Home),3
Ndiaye,MID,Man City,5.9,9.0,5.3,a,86,0,0,0,0,0,1,0.43,0.28,0.71,5.47,1,0,0,0,0,0,1,True,1.0,0.0,Coventry City,7.0,17.9,10.0,3.5,12,0,3,81681,473152,Man Utd (Home),3
Donnarumma,GKP,Man City,5.5,7.5,3.3,a,90,0,0,3,0,0,0,0.0,0.0,0.0,2.68,1,0,0,0,0,0,1,True,1.0,0.0,Coventry City,26.8,0.0,0.0,2.7,29,0,7,71140,120065,Man Utd (Home),3
Bettinelli,GKP,Man City,4.5,0.0,0.0,a,0,0,0,0,0,0,0,0.0,0.0,0.0,0.0,0,0,0,0,0,0,0,True,1.0,0.0,Coventry City,0.0,0.0,0.0,0.0,0,0,0,172,373,Man Utd (Home),3
O'Reilly,DEF,Man City,6.4,13.4,1.3,a,0,0,0,0,0,0,0,0.43,0.09,0.52,1.21,0,0,0,0,0,0,0,True,1.0,0.0,Coventry City,0.0,0.0,0.0,0.0,0,0,0,97243,291030,Man Utd (Home),3
Guéhi,DEF,Man City,6.0,18.4,6.7,a,90,0,0,0,0,1,0,0.38,0.89,1.27,2.68,1,0,0,0,0,0,1,True,1.0,0.0,Coventry City,28.8,9.6,2.0,4.0,31,2,8,122887,182060,Man Utd (Home),3
Matheus N.,DEF,Man City,5.9,0.9,0.3,a,0,0,0,0,0,0,0,0.04,0.0,0.04,0.1,0,0,0,0,0,0,0,True,1.0,0.0,Coventry City,0.0,0.0,0.0,0.0,0,0,0,479,38419,Man Utd (Home),3
Rúben,DEF,Man City,5.5,1.8,3.3,a,90,0,0,0,0,0,0,0.74,0.09,0.83,2.68,1,0,0,0,0,0,1,True,1.0,0.0,Coventry City,20.6,6.6,0.0,2.7,25,0,6,20417,23954,Man Utd (Home),3
Gvardiol,DEF,Man City,5.6,19.9,7.3,a,90,0,0,0,0,1,1,0.11,0.2,0.31,2.68,1,0,0,0,0,0,1,True,1.0,0.0,Coventry City,18.8,6.9,7.0,3.3,31,2,8,548352,120944,Man Utd (Home),3
Aït-Nouri,DEF,Man City,5.3,0.5,0.0,a,0,0,0,0,0,0,0,0.0,0.0,0.0,0.0,0,0,0,0,0,0,0,True,1.0,0.0,Coventry City,0.0,0.0,0.0,0.0,0,0,0,2020,25071,Man Utd (Home),3
Khusanov,DEF,Man City,5.5,1.6,3.0,a,90,0,0,0,0,0,0,0.06,0.0,0.06,2.68,1,0,0,0,1,0,1,True,1.0,0.0,Coventry City,13.6,3.9,0.0,1.8,22,0,5,9792,24283,Man Utd (Home),3
Alleyne,DEF,Man City,5.0,0.0,0.0,u,0,0,0,0,0,0,0,0.0,0.0,0.0,0.0,0,0,0,0,0,0,0,True,1.0,0.0,Coventry City,0.0,0.0,0.0,0.0,0,0,0,0,142,Man Utd (Home),3
Lewis,DEF,Man City,4.4,0.2,0.3,a,0,0,0,0,0,0,0,0.02,0.17,0.19,0.55,0,0,0,0,0,0,0,True,1.0,0.0,Coventry City,0.0,0.0,0.0,0.0,0,0,0,2152,5733,Man Utd (Home),3
Vitor Reis,DEF,Man City,4.5,0.0,0.3,a,0,0,0,0,0,0,0,0.0,0.0,0.0,0.0,0,0,0,0,0,0,0,True,1.0,0.0,Coventry City,0.0,0.0,0.0,0.0,0,0,0,132,262,Man Utd (Home),3
Semenyo,MID,Man City,8.4,16.5,4.3,a,90,0,1,0,0,0,2,0.93,0.17,1.1,2.68,1,0,0,0,0,0,1,True,1.0,0.0,Coventry City,22.6,45.9,11.0,8.0,26,0,6,68628,431121,Man Utd (Home),3
Foden,MID,Man City,7.0,4.1,3.7,a,24,0,0,0,0,0,2,0.86,1.61,2.47,1.81,0,0,0,0,0,0,0,True,1.0,0.0,Coventry City,4.4,14.8,7.0,2.6,3,0,1,262736,74879,Man Utd (Home),3
Cherki,MID,Man City,7.8,29.3,8.3,a,65,0,0,0,0,2,2,1.35,0.56,1.91,1.62,1,0,0,0,0,0,1,True,1.0,0.0,Coventry City,7.4,52.2,24.0,8.4,23,0,3,1865890,81942,Man Utd (Home),3
Doku,MID,Man City,7.4,0.7,0.0,i,0,0,0,0,0,0,0,0.0,0.0,0.0,0.0,0,0,0,0,0,0,0,True,1.0,0.0,Coventry City,0.0,0.0,0.0,0.0,0,0,0,453,34371,Man Utd (Home),3
Rodrigo,MID,Man City,6.5,0.0,0.0,u,0,0,0,0,0,0,0,0.0,0.0,0.0,0.0,0,0,0,0,0,0,0,True,1.0,0.0,Coventry City,0.0,0.0,0.0,0.0,0,0,0,0,269,Man Utd (Home),3
Reijnders,MID,Man City,6.0,0.0,0.0,u,0,0,0,0,0,0,0,0.0,0.0,0.0,0.0,0,0,0,0,0,0,0,True,1.0,0.0,Coventry City,0.0,0.0,0.0,0.0,0,0,0,0,1696,Man Utd (Home),3
Kovačić,MID,Man City,5.4,0.1,0.7,a,0,0,0,0,0,0,0,0.02,0.0,0.02,0.1,0,0,0,0,0,0,0,True,1.0,0.0,Coventry City,0.0,0.0,0.0,0.0,0,0,0,647,2147,Man Utd (Home),3
Echeverri,MID,Man City,4.9,0.0,0.0,u,0,0,0,0,0,0,0,0.0,0.0,0.0,0.0,0,0,0,0,0,0,0,True,1.0,0.0,Coventry City,0.0,0.0,0.0,0.0,0,0,0,157,506,Man Utd (Home),3
Phillips,MID,Man City,5.0,0.0,0.0,u,0,0,0,0,0,0,0,0.0,0.0,0.0,0.0,0,0,0,0,0,0,0,True,1.0,0.0,Coventry City,0.0,0.0,0.0,0.0,0,0,0,0,156,Man Utd (Home),3
Mukasa,MID,Man City,4.5,0.1,0.0,u,0,0,0,0,0,0,0,0.0,0.0,0.0,0.0,0,0,0,0,0,0,0,True,1.0,0.0,Coventry City,0.0,0.0,0.0,0.0,0,0,0,694,3975,Man Utd (Home),3
Monga,MID,Man City,4.9,0.0,0.0,u,0,0,0,0,0,0,0,0.0,0.0,0.0,0.0,0,0,0,0,0,0,0,True,1.0,0.0,Coventry City,0.0,0.0,0.0,0.0,0,0,0,143,452,Man Utd (Home),3
Haaland,FWD,Man City,15.5,71.2,8.0,a,90,1,0,0,0,3,0,0.5,2.46,2.96,2.68,1,0,0,0,0,0,1,True,1.0,0.0,Coventry City,48.8,13.6,63.0,12.5,40,3,9,400573,40510,Man Utd (Home),3
Anderson,MID,Man City,6.3,4.3,2.7,a,90,0,0,0,0,0,0,0.64,0.09,0.73,2.58,1,0,0,0,0,0,1,True,1.0,0.0,Coventry City,26.6,28.1,5.0,6.0,23,0,3,41120,132919,Man Utd (Home),3
Rulli,GKP,Man City,5.0,0.0,0.0,a,0,0,0,0,0,0,0,0.0,0.0,0.0,0.0,0,0,0,0,0,0,0,True,1.0,0.0,Coventry City,0.0,0.0,0.0,0.0,0,0,0,147,340,Man Utd (Home),3
Bouaddi,MID,Man City,5.5,0.2,1.0,a,14,0,0,0,0,0,0,0.12,0.0,0.12,0.37,0,0,0,0,0,0,0,True,1.0,0.0,Coventry City,11.2,0.5,0.0,1.2,5,0,1,9299,3258,Man Utd (Home),3
McAidoo,MID,Man City,4.5,0.1,1.0,a,3,0,0,0,0,0,0,0.0,0.1,0.1,0.02,0,0,0,0,0,0,0,True,1.0,0.0,Coventry City,5.2,0.0,2.0,0.7,5,0,1,6678,1926,Man Utd (Home),3
Braithwaite,DEF,Man City,4.0,0.2,0.5,a,0,0,0,0,0,0,0,0.0,0.0,0.0,0.0,0,0,0,0,0,0,0,True,1.0,0.0,Coventry City,0.0,0.0,0.0,0.0,0,0,0,9284,2205,Man Utd (Home),3
Allan,MID,Man City,6.0,0.0,0.0,a,0,0,0,0,0,0,0,0.0,0.0,0.0,0.0,0,0,0,0,0,0,0,True,1.0,0.0,Coventry City,0.0,0.0,0.0,0.0,0,0,0,300,87,Man Utd (Home),3
Samba,MID,Man City,4.5,0.0,0.0,a,0,0,0,0,0,0,0,0.0,0.0,0.0,0.0,0,0,0,0,0,0,0,True,1.0,0.0,Coventry City,0.0,0.0,0.0,0.0,0,0,0,0,0,Man Utd (Home),3
Tielemans,MID,Man Utd,5.9,1.7,2.7,a,90,0,0,0,2,0,0,0.28,0.56,0.84,4.01,0,0,0,0,0,0,1,False,2.0,2.0,Everton,18.6,18.9,9.0,4.7,17,0,2,12766,51508,Man City (Away),3
Baleba,MID,Man Utd,5.0,0.1,0.0,i,0,0,0,0,0,0,0,0.0,0.0,0.0,0.0,0,0,0,0,0,0,0,False,2.0,2.0,Everton,0.0,0.0,0.0,0.0,0,0,0,1696,4974,Man City (Away),3
Andrey Santos,MID,Man Utd,4.9,0.7,1.3,a,6,0,0,0,1,0,0,0.24,0.0,0.24,2.03,0,0,0,0,0,0,0,False,2.0,2.0,Everton,7.2,0.6,6.0,1.4,4,0,1,7346,24303,Man City (Away),3
Darlow,GKP,Man Utd,4.5,0.0,0.0,a,0,0,0,0,0,0,0,0.0,0.0,0.0,0.0,0,0,0,0,0,0,0,False,2.0,2.0,Everton,0.0,0.0,0.0,0.0,0,0,0,340,462,Man City (Away),3
Lammens,GKP,Man Utd,5.0,11.4,1.7,a,90,0,0,4,2,0,0,0.0,0.0,0.0,4.08,0,0,0,0,0,0,1,False,2.0,2.0,Everton,31.8,0.0,0.0,3.2,13,0,2,32200,190582,Man City (Away),3
Bayindir,GKP,Man Utd,4.5,0.0,0.0,u,0,0,0,0,0,0,0,0.0,0.0,0.0,0.0,0,0,0,0,0,0,0,False,2.0,2.0,Everton,0.0,0.0,0.0,0.0,0,0,0,0,292,Man City (Away),3
Heaton,GKP,Man Utd,4.0,0.1,0.0,i,0,0,0,0,0,0,0,0.0,0.0,0.0,0.0,0,0,0,0,0,0,0,False,2.0,2.0,Everton,0.0,0.0,0.0,0.0,0,0,0,634,976,Man City (Away),3
Dorgu,MID,Man Utd,5.8,0.6,0.7,a,20,0,0,0,2,0,0,0.05,0.65,0.7,2.28,0,0,0,0,0,0,0,False,2.0,2.0,Everton,4.2,1.3,2.0,0.8,3,0,1,3139,36685,Man City (Away),3
De Ligt,DEF,Man Utd,5.0,0.0,0.0,i,0,0,0,0,0,0,0,0.0,0.0,0.0,0.0,0,0,0,0,0,0,0,False,2.0,2.0,Everton,0.0,0.0,0.0,0.0,0,0,0,96,463,Man City (Away),3
Dalot,DEF,Man Utd,4.9,1.9,1.3,a,83,0,0,0,1,0,0,0.13,0.16,0.29,1.98,0,0,0,0,1,0,1,False,2.0,2.0,Everton,4.8,22.7,6.0,3.4,8,0,1,9011,38685,Man City (Away),3
Maguire,DEF,Man Utd,4.9,11.0,2.3,a,90,0,0,0,2,0,1,0.42,0.07,0.49,4.08,0,0,0,0,1,0,1,False,2.0,2.0,Everton,26.8,1.3,2.0,3.0,1,0,2,49780,290713,Man City (Away),3
Martinez,DEF,Man Utd,5.0,1.2,1.3,a,90,0,0,0,2,0,0,0.06,0.03,0.09,3.07,0,0,0,0,0,0,1,False,2.0,2.0,Everton,29.0,0.3,0.0,2.9,7,0,3,8174,18118,Man City (Away),3
Yoro,DEF,Man Utd,4.9,0.5,0.7,a,6,0,0,0,1,0,0,0.02,0.0,0.02,1.09,0,0,0,0,0,0,0,False,2.0,2.0,Everton,6.0,0.6,2.0,0.9,1,0,1,1735,11196,Man City (Away),3
Heaven,DEF,Man Utd,4.4,0.3,0.3,a,0,0,0,0,0,0,0,0.04,0.12,0.16,1.01,0,0,0,0,0,0,0,False,2.0,2.0,Everton,0.0,0.0,0.0,0.0,0,0,0,1300,8961,Man City (Away),3
Mazraoui,DEF,Man Utd,4.4,0.6,1.0,a,1,0,0,0,1,0,0,0.06,0.22,0.28,2.08,0,0,0,0,0,0,0,False,2.0,2.0,Everton,2.2,0.5,2.0,0.5,-1,0,1,3244,13023,Man City (Away),3
Shaw,DEF,Man Utd,4.4,12.3,2.3,d,90,0,1,0,1,0,1,0.51,0.02,0.53,3.01,0,0,0,0,1,0,1,False,2.0,2.0,Everton,42.4,24.8,3.0,7.0,22,0,4,30459,333890,Man City (Away),3
Amass,DEF,Man Utd,4.0,0.2,0.0,a,0,0,0,0,0,0,0,0.0,0.0,0.0,0.0,0,0,0,0,0,0,0,False,2.0,2.0,Everton,0.0,0.0,0.0,0.0,0,0,0,1942,2356,Man City (Away),3
Fredricson,DEF,Man Utd,4.0,0.0,0.0,u,0,0,0,0,0,0,0,0.0,0.0,0.0,0.0,0,0,0,0,0,0,0,False,2.0,2.0,Everton,0.0,0.0,0.0,0.0,0,0,0,0,329,Man City (Away),3
B.Fernandes,MID,Man Utd,12.0,43.2,9.0,a,90,0,0,0,2,3,1,0.8,2.25,3.05,4.08,0,0,0,0,0,0,1,False,2.0,2.0,Everton,3.4,33.6,14.0,5.1,11,0,2,371832,335082,Man City (Away),3
Mbeumo,MID,Man Utd,7.9,23.9,7.0,a,90,1,0,0,2,2,1,0.47,2.31,2.78,4.08,0,0,0,0,0,0,1,False,2.0,2.0,Everton,39.8,13.7,18.0,7.2,29,1,8,92628,844912,Man City (Away),3
Cunha,MID,Man Utd,7.9,6.6,4.7,a,69,0,0,0,0,0,2,0.41,0.47,0.88,2.72,1,0,0,0,0,0,1,False,2.0,2.0,Everton,2.8,6.2,10.0,1.9,10,0,3,23584,157767,Man City (Away),3
Rashford,MID,Man Utd,7.0,1.6,2.0,a,69,0,0,0,0,0,0,0.21,0.26,0.47,1.8,1,0,0,0,0,0,1,False,2.0,2.0,Everton,3.8,12.5,8.0,2.4,11,0,3,22811,37855,Man City (Away),3
Mount,MID,Man Utd,5.4,0.0,0.0,a,0,0,0,0,0,0,0,0.0,0.0,0.0,0.0,0,0,0,0,0,0,0,False,2.0,2.0,Everton,0.0,0.0,0.0,0.0,0,0,0,60,590,Man City (Away),3
Amad,MID,Man Utd,5.8,0.4,0.0,i,0,0,0,0,0,0,0,0.0,0.0,0.0,0.0,0,0,0,0,0,0,0,False,2.0,2.0,Everton,0.0,0.0,0.0,0.0,0,0,0,243,42803,Man City (Away),3
Mainoo,MID,Man Utd,5.5,1.4,4.7,a,83,0,1,0,1,0,1,0.35,0.21,0.56,2.05,0,0,0,0,0,0,1,False,2.0,2.0,Everton,34.2,24.5,0.0,5.9,32,2,9,19482,13131,Man City (Away),3
Ugarte,MID,Man Utd,5.0,0.0,0.0,i,0,0,0,0,0,0,0,0.0,0.0,0.0,0.0,0,0,0,0,0,0,0,False,2.0,2.0,Everton,0.0,0.0,0.0,0.0,0,0,0,32,69,Man City (Away),3
J.Fletcher,MID,Man Utd,4.9,0.0,0.0,a,0,0,0,0,0,0,0,0.0,0.0,0.0,0.0,0,0,0,0,0,0,0,False,2.0,2.0,Everton,0.0,0.0,0.0,0.0,0,0,0,84,186,Man City (Away),3
Lacey,MID,Man Utd,4.9,0.1,0.3,a,0,0,0,0,0,0,0,0.0,0.0,0.0,0.0,0,0,0,0,0,0,0,False,2.0,2.0,Everton,0.0,0.0,0.0,0.0,0,0,0,298,1038,Man City (Away),3
Collyer,MID,Man Utd,5.0,0.0,0.0,u,0,0,0,0,0,0,0,0.0,0.0,0.0,0.0,0,0,0,0,0,0,0,False,2.0,2.0,Everton,0.0,0.0,0.0,0.0,0,0,0,90,381,Man City (Away),3
Bendito Mantato,MID,Man Utd,4.5,0.2,0.0,a,0,0,0,0,0,0,0,0.0,0.0,0.0,0.0,0,0,0,0,0,0,0,False,2.0,2.0,Everton,0.0,0.0,0.0,0.0,0,0,0,1762,2696,Man City (Away),3
Fletcher,MID,Man Utd,4.5,0.3,0.0,a,0,0,0,0,0,0,0,0.0,0.0,0.0,0.0,0,0,0,0,0,0,0,False,2.0,2.0,Everton,0.0,0.0,0.0,0.0,0,0,0,1884,4320,Man City (Away),3
Šeško,FWD,Man Utd,7.0,1.7,2.3,a,20,1,0,0,2,1,0,0.01,0.33,0.34,1.43,0,0,0,0,0,0,0,False,2.0,2.0,Everton,31.2,0.2,21.0,5.2,28,0,5,15581,48500,Man City (Away),3
Zirkzee,FWD,Man Utd,5.4,0.4,0.0,a,0,0,0,0,0,0,0,0.0,0.0,0.0,0.0,0,0,0,0,0,0,0,False,2.0,2.0,Everton,0.0,0.0,0.0,0.0,0,0,0,5615,12906,Man City (Away),3
Obi,FWD,Man Utd,4.5,1.2,0.0,a,0,0,0,0,0,0,0,0.0,0.0,0.0,0.0,0,0,0,0,0,0,0,False,2.0,2.0,Everton,0.0,0.0,0.0,0.0,0,0,0,19118,15838,Man City (Away),3
N.Gonzalez,MID,Newcastle,5.5,0.3,1.3,a,76,0,0,0,2,0,0,0.21,0.0,0.21,2.07,0,0,0,0,0,0,1,True,2.0,2.0,Bournemouth,6.2,12.4,2.0,2.1,11,0,2,10136,2973,Leeds (Home),3
Pope,GKP,Newcastle,4.9,1.0,0.0,a,0,0,0,0,0,0,0,0.0,0.0,0.0,0.0,0,0,0,0,0,0,0,True,2.0,2.0,Bournemouth,0.0,0.0,0.0,0.0,0,0,0,4952,19209,Leeds (Home),3
Gillespie,GKP,Newcastle,4.5,0.0,0.0,a,0,0,0,0,0,0,0,0.0,0.0,0.0,0.0,0,0,0,0,0,0,0,True,2.0,2.0,Bournemouth,0.0,0.0,0.0,0.0,0,0,0,239,382,Leeds (Home),3
Jaouen,GKP,Newcastle,4.5,0.0,0.0,d,0,0,0,0,0,0,0,0.0,0.0,0.0,0.0,0,0,0,0,0,0,0,True,2.0,2.0,Bournemouth,0.0,0.0,0.0,0.0,0,0,0,182,461,Leeds (Home),3
Thiaw,DEF,Newcastle,5.0,2.1,2.7,a,90,0,0,0,2,0,0,0.07,0.0,0.07,5.47,0,1,0,0,0,0,1,True,2.0,2.0,Bournemouth,7.6,12.3,2.0,2.2,0,0,-1,72237,31963,Leeds (Home),3
Schär,DEF,Newcastle,5.0,0.2,0.3,a,0,0,0,0,0,0,0,0.0,0.0,0.0,0.79,0,0,0,0,0,0,0,True,2.0,2.0,Bournemouth,0.0,0.0,0.0,0.0,0,0,0,2055,4893,Leeds (Home),3
Botman,DEF,Newcastle,5.0,0.7,3.0,a,90,0,0,0,2,0,0,0.17,0.01,0.18,5.47,0,0,0,0,0,0,1,True,2.0,2.0,Bournemouth,26.0,0.9,4.0,3.1,3,0,1,15452,6841,Leeds (Home),3
Burn,DEF,Newcastle,4.9,0.9,0.0,i,0,0,0,0,0,0,0,0.0,0.0,0.0,0.0,0,0,0,0,0,0,0,True,2.0,2.0,Bournemouth,0.0,0.0,0.0,0.0,0,0,0,549,46968,Leeds (Home),3
Hall,DEF,Newcastle,5.2,13.5,6.0,a,89,0,1,0,2,0,1,0.67,0.04,0.71,5.45,0,0,0,0,0,0,1,True,2.0,2.0,Bournemouth,28.0,13.4,3.0,4.4,20,0,4,576636,80066,Leeds (Home),3
Livramento,DEF,Newcastle,4.9,0.1,0.3,a,1,0,0,0,0,0,0,0.0,0.0,0.0,0.02,0,0,0,0,0,0,0,True,2.0,2.0,Bournemouth,0.2,0.0,0.0,0.0,3,0,1,115,860,Leeds (Home),3
A.Murphy,DEF,Newcastle,4.0,0.1,0.0,u,0,0,0,0,0,0,0,0.0,0.0,0.0,0.0,0,0,0,0,0,0,0,True,2.0,2.0,Bournemouth,0.0,0.0,0.0,0.0,0,0,0,0,1826,Leeds (Home),3
Barnes,MID,Newcastle,6.0,2.4,5.7,a,90,1,1,0,2,1,1,0.06,0.22,0.28,5.47,0,0,0,0,0,0,1,True,2.0,2.0,Bournemouth,33.0,2.8,23.0,5.9,37,2,12,25187,22741,Leeds (Home),3
Elanga,MID,Newcastle,6.2,11.2,6.0,a,76,0,0,0,2,2,0,0.34,0.42,0.76,4.01,0,0,0,0,1,0,1,True,2.0,2.0,Bournemouth,8.4,31.8,4.0,4.4,8,0,1,810672,94469,Leeds (Home),3
J.Ramsey,MID,Newcastle,4.9,0.4,2.3,a,27,1,0,0,0,1,0,0.16,0.17,0.33,1.92,0,0,0,0,0,0,0,True,2.0,2.0,Bournemouth,32.4,0.8,17.0,5.0,22,0,6,1799,6552,Leeds (Home),3
J.Murphy,MID,Newcastle,5.9,0.1,0.7,a,13,0,0,0,0,0,0,0.2,0.0,0.2,1.46,0,0,0,0,0,0,0,True,2.0,2.0,Bournemouth,0.2,0.3,0.0,0.1,5,0,1,1115,3472,Leeds (Home),3
Joelinton,MID,Newcastle,5.4,0.0,0.0,i,0,0,0,0,0,0,0,0.0,0.0,0.0,0.0,0,0,0,0,0,0,0,True,2.0,2.0,Bournemouth,0.0,0.0,0.0,0.0,0,0,0,86,632,Leeds (Home),3
L.Miley,MID,Newcastle,5.5,0.1,2.7,a,62,0,0,0,2,0,0,0.07,0.05,0.12,4.39,0,0,0,0,0,0,1,True,2.0,2.0,Bournemouth,3.2,1.1,2.0,0.6,11,0,2,2211,1582,Leeds (Home),3
Willock,MID,Newcastle,5.0,0.5,3.7,a,62,0,0,0,2,1,0,0.2,0.52,0.72,3.57,0,0,0,0,0,0,1,True,2.0,2.0,Bournemouth,6.0,2.2,11.0,1.9,6,0,2,22227,7742,Leeds (Home),3
Touré,MID,Newcastle,5.8,0.1,0.3,a,0,0,0,0,0,0,0,0.0,0.0,0.0,0.0,0,0,0,0,0,0,0,True,2.0,2.0,Bournemouth,0.0,0.0,0.0,0.0,0,0,0,657,6230,Leeds (Home),3
Steur,MID,Newcastle,4.9,0.1,1.0,a,13,0,0,0,0,0,0,0.0,0.0,0.0,1.9,0,0,0,0,0,0,0,True,2.0,2.0,Bournemouth,2.0,0.5,0.0,0.3,3,0,1,584,2347,Leeds (Home),3
Woltemade,FWD,Newcastle,5.9,0.6,1.3,u,0,0,0,0,0,0,1,0.01,0.02,0.03,0.38,0,0,0,0,0,0,0,True,2.0,2.0,Bournemouth,0.0,0.0,0.0,0.0,0,0,0,7327,56776,Leeds (Home),3
Wissa,FWD,Newcastle,6.2,17.7,4.3,a,90,0,0,0,2,1,1,0.05,1.35,1.4,4.3,0,0,0,0,1,0,1,True,2.0,2.0,Bournemouth,0.0,7.3,0.0,0.7,7,0,1,1119139,89408,Leeds (Home),3
Osula,FWD,Newcastle,5.9,0.4,1.3,i,0,0,0,0,0,0,1,0.14,0.06,0.2,1.48,0,0,0,0,0,0,0,True,2.0,2.0,Bournemouth,0.0,0.0,0.0,0.0,0,0,0,557,38249,Leeds (Home),3
Neave,FWD,Newcastle,4.5,0.6,0.0,u,0,0,0,0,0,0,0,0.0,0.0,0.0,0.0,0,0,0,0,0,0,0,True,2.0,2.0,Bournemouth,0.0,0.0,0.0,0.0,0,0,0,17327,13399,Leeds (Home),3
Bamba,MID,Newcastle,4.9,0.1,0.3,a,0,0,0,0,0,0,0,0.0,0.0,0.0,1.04,0,0,0,0,0,0,0,True,2.0,2.0,Bournemouth,0.0,0.0,0.0,0.0,0,0,0,834,2622,Leeds (Home),3
Horníček,GKP,Newcastle,5.0,1.4,3.3,a,90,0,0,4,2,0,0,0.0,0.0,0.0,5.47,0,0,0,0,0,0,1,True,2.0,2.0,Bournemouth,33.4,0.0,0.0,3.3,12,0,2,58261,19107,Leeds (Home),3
Dedić,DEF,Newcastle,4.5,3.1,4.3,d,90,0,0,0,2,0,1,0.08,0.14,0.22,5.47,0,0,0,0,0,0,1,True,2.0,2.0,Bournemouth,0.6,6.4,10.0,1.7,3,0,1,318645,49203,Leeds (Home),3
Shahar,DEF,Newcastle,4.0,0.3,0.0,u,0,0,0,0,0,0,0,0.0,0.0,0.0,0.0,0,0,0,0,0,0,0,True,2.0,2.0,Bournemouth,0.0,0.0,0.0,0.0,0,0,0,10871,3316,Leeds (Home),3
Fernandez-Pardo,FWD,Newcastle,6.0,0.1,1.0,a,27,0,0,0,0,0,0,0.0,0.0,0.0,0.04,0,0,0,0,0,0,0,True,2.0,2.0,Bournemouth,0.0,0.8,6.0,0.7,4,0,1,5384,586,Leeds (Home),3
Delap,FWD,Nott'm Forest,5.5,0.9,1.0,a,73,0,0,0,0,0,0,0.06,0.13,0.19,1.22,1,0,0,0,0,0,1,True,0.0,0.0,Spurs,2.4,20.8,5.0,2.8,6,0,2,36946,11977,Aston Villa (Home),3
Muñoz,DEF,Nott'm Forest,5.4,5.6,0.3,a,31,0,0,0,0,0,0,0.01,0.26,0.27,1.1,0,0,0,0,0,0,0,True,0.0,0.0,Spurs,2.4,0.8,4.0,0.7,5,0,1,23260,181718,Aston Villa (Home),3
Sels,GKP,Nott'm Forest,5.0,1.4,3.0,a,90,0,0,0,0,0,0,0.01,0.0,0.01,3.28,1,0,0,0,0,0,1,True,0.0,0.0,Spurs,2.4,0.0,0.0,0.2,21,0,6,8404,18223,Aston Villa (Home),3
John,GKP,Nott'm Forest,4.5,0.1,0.0,a,0,0,0,0,0,0,0,0.0,0.0,0.0,0.0,0,0,0,0,0,0,0,True,0.0,0.0,Spurs,0.0,0.0,0.0,0.0,0,0,0,259,651,Aston Villa (Home),3
N.Williams,DEF,Nott'm Forest,5.0,8.1,5.0,a,90,0,0,0,0,0,1,0.24,0.12,0.36,3.28,1,0,0,0,0,0,1,True,0.0,0.0,Spurs,11.4,10.9,4.0,2.6,28,1,7,53518,88698,Aston Villa (Home),3
Morato,DEF,Nott'm Forest,5.0,0.0,0.0,u,0,0,0,0,0,0,0,0.0,0.0,0.0,0.0,0,0,0,0,0,0,0,True,0.0,0.0,Spurs,0.0,0.0,0.0,0.0,0,0,0,194,1366,Aston Villa (Home),3
Milenković,DEF,Nott'm Forest,5.5,1.6,4.0,a,90,0,0,0,0,0,0,0.03,0.11,0.14,3.28,1,0,0,0,1,0,1,True,0.0,0.0,Spurs,28.6,0.8,2.0,3.1,27,0,7,5627,17848,Aston Villa (Home),3
Murillo,DEF,Nott'm Forest,5.5,1.6,4.3,a,89,0,0,0,0,0,0,0.28,0.35,0.63,3.28,1,0,0,0,0,0,1,True,0.0,0.0,Spurs,17.8,1.2,10.0,2.9,25,0,8,9660,20152,Aston Villa (Home),3
Aina,DEF,Nott'm Forest,4.5,2.6,2.0,a,58,0,0,0,0,0,0,0.52,0.04,0.56,2.9,0,0,0,0,0,0,1,True,0.0,0.0,Spurs,13.0,0.5,0.0,1.4,8,0,1,20608,51010,Aston Villa (Home),3
Jair Cunha,DEF,Nott'm Forest,4.5,0.2,3.3,a,90,0,0,0,0,0,0,0.01,0.03,0.04,3.28,1,0,0,0,0,0,1,True,0.0,0.0,Spurs,20.0,0.7,1.0,2.2,24,0,8,924,1994,Aston Villa (Home),3
Savona,DEF,Nott'm Forest,4.5,0.0,0.0,i,0,0,0,0,0,0,0,0.0,0.0,0.0,0.0,0,0,0,0,0,0,0,True,0.0,0.0,Spurs,0.0,0.0,0.0,0.0,0,0,0,34,131,Aston Villa (Home),3
O.Richards,DEF,Nott'm Forest,4.0,0.2,0.0,a,0,0,0,0,0,0,0,0.0,0.0,0.0,0.0,0,0,0,0,0,0,0,True,0.0,0.0,Spurs,0.0,0.0,0.0,0.0,0,0,0,1258,2116,Aston Villa (Home),3
Abbott,DEF,Nott'm Forest,4.0,0.2,0.0,u,0,0,0,0,0,0,0,0.0,0.0,0.0,0.0,0,0,0,0,0,0,0,True,0.0,0.0,Spurs,0.0,0.0,0.0,0.0,0,0,0,1463,4265,Aston Villa (Home),3
Netz,DEF,Nott'm Forest,4.5,0.0,0.7,a,0,0,0,0,0,0,0,0.0,0.0,0.0,0.13,0,0,0,0,0,0,0,True,0.0,0.0,Spurs,0.0,0.0,0.0,0.0,0,0,0,168,472,Aston Villa (Home),3
Bindon,DEF,Nott'm Forest,4.0,0.1,0.0,u,0,0,0,0,0,0,0,0.0,0.0,0.0,0.0,0,0,0,0,0,0,0,True,0.0,0.0,Spurs,0.0,0.0,0.0,0.0,0,0,0,434,2941,Aston Villa (Home),3
Gibbs-White,MID,Nott'm Forest,7.9,9.4,6.0,a,90,0,0,0,0,1,1,0.11,1.4,1.51,3.28,1,0,0,0,0,0,1,True,0.0,0.0,Spurs,5.6,3.0,13.0,2.2,3,0,3,215196,112670,Aston Villa (Home),3
Hudson-Odoi,MID,Nott'm Forest,5.9,0.2,0.3,a,0,0,0,0,0,0,0,0.0,0.0,0.0,0.0,0,0,0,0,0,0,0,True,0.0,0.0,Spurs,0.0,0.0,0.0,0.0,0,0,0,1609,4924,Aston Villa (Home),3
Ndoye,MID,Nott'm Forest,5.5,0.6,4.3,a,58,0,0,0,0,1,0,0.63,0.35,0.98,2.48,0,0,0,0,0,0,1,True,0.0,0.0,Spurs,0.4,0.3,0.0,0.1,5,0,1,33732,11281,Aston Villa (Home),3
Hutchinson,MID,Nott'm Forest,5.4,0.1,0.0,u,0,0,0,0,0,0,0,0.0,0.0,0.0,0.0,0,0,0,0,0,0,0,True,0.0,0.0,Spurs,0.0,0.0,0.0,0.0,0,0,0,213,4613,Aston Villa (Home),3
Bakwa,MID,Nott'm Forest,5.5,0.0,0.0,u,0,0,0,0,0,0,0,0.0,0.0,0.0,0.0,0,0,0,0,0,0,0,True,0.0,0.0,Spurs,0.0,0.0,0.0,0.0,0,0,0,0,532,Aston Villa (Home),3
McAtee,MID,Nott'm Forest,5.5,0.1,2.3,a,90,0,0,0,0,0,0,0.54,0.13,0.67,3.15,1,0,0,0,1,0,1,True,0.0,0.0,Spurs,14.2,59.5,10.0,8.4,22,0,2,3393,1528,Aston Villa (Home),3
Dominguez,MID,Nott'm Forest,4.9,0.1,0.3,a,0,0,0,0,0,0,0,0.0,0.0,0.0,0.0,0,0,0,0,0,0,0,True,0.0,0.0,Spurs,0.0,0.0,0.0,0.0,0,0,0,358,1146,Aston Villa (Home),3
I.Sangaré,MID,Nott'm Forest,4.9,0.5,0.7,a,0,0,0,0,0,0,0,0.01,0.03,0.04,0.47,0,0,0,0,0,0,0,True,0.0,0.0,Spurs,0.0,0.0,0.0,0.0,0,0,0,1817,28479,Aston Villa (Home),3
Yates,MID,Nott'm Forest,4.5,1.4,0.0,a,0,0,0,0,0,0,0,0.0,0.0,0.0,0.0,0,0,0,0,0,0,0,True,0.0,0.0,Spurs,0.0,0.0,0.0,0.0,0,0,0,17319,18183,Aston Villa (Home),3
Wood,FWD,Nott'm Forest,5.9,1.0,0.7,a,16,0,0,0,0,0,0,0.01,0.12,0.13,0.4,0,0,0,0,0,0,0,True,0.0,0.0,Spurs,0.2,0.1,0.0,0.0,3,0,1,7780,42908,Aston Villa (Home),3
Igor Jesus,FWD,Nott'm Forest,5.9,2.5,1.3,a,31,0,0,0,0,0,0,0.06,0.96,1.02,2.48,0,0,0,0,0,0,0,True,0.0,0.0,Spurs,1.2,0.4,0.0,0.2,3,0,1,25411,81723,Aston Villa (Home),3
Kalimuendo,FWD,Nott'm Forest,5.4,0.1,0.3,a,0,0,0,0,0,0,0,0.0,0.0,0.0,0.0,0,0,0,0,0,0,0,True,0.0,0.0,Spurs,0.0,0.0,0.0,0.0,0,0,0,838,1249,Aston Villa (Home),3
Schlager,MID,Nott'm Forest,5.0,0.1,2.7,a,90,0,0,0,0,0,0,0.06,0.08,0.14,2.94,1,0,0,0,0,0,1,True,0.0,0.0,Spurs,11.2,2.3,1.0,1.5,18,0,3,1419,1320,Aston Villa (Home),3
Diomande,DEF,Nott'm Forest,5.4,0.5,0.3,a,1,0,0,0,0,0,0,0.0,0.0,0.0,0.0,0,0,0,0,0,0,0,True,0.0,0.0,Spurs,0.0,0.0,0.0,0.0,3,0,1,3142,15932,Aston Villa (Home),3
Benda,GKP,Nott'm Forest,4.5,0.1,0.0,a,0,0,0,0,0,0,0,0.0,0.0,0.0,0.0,0,0,0,0,0,0,0,True,0.0,0.0,Spurs,0.0,0.0,0.0,0.0,0,0,0,950,871,Aston Villa (Home),3
Van Hecke,DEF,Spurs,4.9,6.8,3.3,a,90,0,0,0,0,0,0,0.07,0.2,0.27,5.51,1,0,0,0,0,0,1,False,0.0,0.0,Nott'm Forest,16.6,12.8,11.0,4.0,29,2,8,21192,219579,Everton (Away),3
Tosin,DEF,Spurs,4.4,0.2,0.0,a,0,0,0,0,0,0,0,0.0,0.0,0.0,0.0,0,0,0,0,0,0,0,False,0.0,0.0,Nott'm Forest,0.0,0.0,0.0,0.0,0,0,0,553,2557,Everton (Away),3
Marmoush,FWD,Spurs,7.0,2.3,1.3,a,83,0,0,0,0,0,0,0.08,0.34,0.42,1.6,1,0,0,0,0,0,1,False,0.0,0.0,Nott'm Forest,0.0,2.4,10.0,1.0,6,0,2,100495,35588,Everton (Away),3
Sávio,MID,Spurs,6.5,0.7,1.0,a,60,0,0,0,0,0,0,0.27,0.02,0.29,0.49,1,0,0,0,0,0,1,False,0.0,0.0,Nott'm Forest,6.2,17.3,15.0,3.9,15,0,3,15136,38806,Everton (Away),3
Tonali,MID,Spurs,5.4,2.5,3.0,a,90,0,0,0,0,0,0,0.09,0.09,0.18,5.51,1,0,0,0,0,0,1,False,0.0,0.0,Nott'm Forest,22.8,8.0,0.0,3.1,22,0,5,14031,97316,Everton (Away),3
Vicario,GKP,Spurs,4.5,0.2,0.0,u,0,0,0,0,0,0,0,0.0,0.0,0.0,0.0,0,0,0,0,0,0,0,False,0.0,0.0,Nott'm Forest,0.0,0.0,0.0,0.0,0,0,0,0,5759,Everton (Away),3
Austin,GKP,Spurs,4.0,1.0,0.0,a,0,0,0,0,0,0,0,0.0,0.0,0.0,0.0,0,0,0,0,0,0,0,False,0.0,0.0,Nott'm Forest,0.0,0.0,0.0,0.0,0,0,0,9717,5818,Everton (Away),3
Kinsky,GKP,Spurs,4.5,18.2,3.0,a,90,0,0,1,0,0,0,0.0,0.0,0.0,5.51,1,0,0,0,0,0,1,False,0.0,0.0,Nott'm Forest,10.4,10.0,0.0,2.0,24,0,6,46420,272139,Everton (Away),3
Dubravka,GKP,Spurs,4.0,17.9,0.0,a,0,0,0,0,0,0,0,0.0,0.0,0.0,0.0,0,0,0,0,0,0,0,False,0.0,0.0,Nott'm Forest,0.0,0.0,0.0,0.0,0,0,0,131012,118831,Everton (Away),3
Senesi,DEF,Spurs,5.9,4.5,1.0,a,0,0,0,0,0,0,0,0.02,0.0,0.02,3.87,0,0,0,0,0,0,0,False,0.0,0.0,Nott'm Forest,0.0,0.0,0.0,0.0,0,0,0,5382,190584,Everton (Away),3
Pedro Porro,DEF,Spurs,5.5,11.0,2.7,d,90,0,0,0,0,0,0,0.16,0.36,0.52,1.64,1,0,0,0,0,0,1,False,0.0,0.0,Nott'm Forest,13.2,35.8,6.0,5.5,28,1,7,48390,228185,Everton (Away),3
Romero,DEF,Spurs,5.0,0.1,0.0,u,0,0,0,0,0,0,0,0.0,0.0,0.0,0.0,0,0,0,0,0,0,0,False,0.0,0.0,Nott'm Forest,0.0,0.0,0.0,0.0,0,0,0,0,3763,Everton (Away),3
Robertson,DEF,Spurs,4.4,2.7,2.0,a,29,0,0,0,0,0,0,0.08,0.06,0.14,4.78,0,0,0,0,0,0,0,False,0.0,0.0,Nott'm Forest,6.0,0.3,0.0,0.6,3,0,1,13705,61351,Everton (Away),3
Van de Ven,DEF,Spurs,5.0,3.8,3.0,a,90,0,0,0,0,0,0,0.02,0.57,0.59,1.64,1,0,0,0,0,0,1,False,0.0,0.0,Nott'm Forest,21.4,1.2,14.0,3.7,30,3,9,16557,78016,Everton (Away),3
Spence,DEF,Spurs,4.5,0.3,0.0,u,0,0,0,0,0,0,0,0.0,0.0,0.0,0.0,0,0,0,0,0,0,0,False,0.0,0.0,Nott'm Forest,0.0,0.0,0.0,0.0,0,0,0,0,14294,Everton (Away),3
Udogie,DEF,Spurs,4.5,0.4,2.3,d,60,0,0,0,0,0,0,0.23,0.0,0.23,1.17,1,0,0,0,1,0,1,False,0.0,0.0,Nott'm Forest,4.6,1.3,2.0,0.8,16,0,5,1127,6787,Everton (Away),3
Phillips,DEF,Spurs,4.5,0.0,0.0,u,0,0,0,0,0,0,0,0.0,0.0,0.0,0.0,0,0,0,0,0,0,0,False,0.0,0.0,Nott'm Forest,0.0,0.0,0.0,0.0,0,0,0,0,312,Everton (Away),3
Davies,DEF,Spurs,4.0,0.9,0.0,a,0,0,0,0,0,0,0,0.0,0.0,0.0,0.0,0,0,0,0,0,0,0,False,0.0,0.0,Nott'm Forest,0.0,0.0,0.0,0.0,0,0,0,4305,11767,Everton (Away),3
Byfield,DEF,Spurs,4.0,0.1,0.0,a,0,0,0,0,0,0,0,0.0,0.0,0.0,0.0,0,0,0,0,0,0,0,False,0.0,0.0,Nott'm Forest,0.0,0.0,0.0,0.0,0,0,0,719,648,Everton (Away),3
Rowswell,DEF,Spurs,4.0,0.1,0.0,a,0,0,0,0,0,0,0,0.0,0.0,0.0,0.0,0,0,0,0,0,0,0,False,0.0,0.0,Nott'm Forest,0.0,0.0,0.0,0.0,0,0,0,898,923,Everton (Away),3
Souza,DEF,Spurs,4.0,0.2,0.0,u,0,0,0,0,0,0,0,0.0,0.0,0.0,0.0,0,0,0,0,0,0,0,False,0.0,0.0,Nott'm Forest,0.0,0.0,0.0,0.0,0,0,0,1362,6142,Everton (Away),3
Kudus,MID,Spurs,6.5,0.1,0.7,a,29,0,0,0,0,0,0,0.17,0.04,0.21,0.67,0,0,0,0,0,0,0,False,0.0,0.0,Nott'm Forest,5.2,15.1,2.0,2.2,13,0,1,4599,2073,Everton (Away),3
Xavi,MID,Spurs,5.9,0.0,0.0,i,0,0,0,0,0,0,0,0.0,0.0,0.0,0.0,0,0,0,0,0,0,0,False,0.0,0.0,Nott'm Forest,0.0,0.0,0.0,0.0,0,0,0,78,369,Everton (Away),3
Tel,MID,Spurs,5.8,0.3,2.3,a,73,0,0,0,0,0,0,0.14,0.2,0.34,5.11,1,0,0,0,0,0,1,False,0.0,0.0,Nott'm Forest,6.8,20.2,20.0,4.7,11,0,3,2049,19757,Everton (Away),3
Maddison,MID,Spurs,6.3,0.4,0.3,a,0,0,0,0,0,0,0,0.01,0.0,0.01,0.85,0,0,0,0,0,0,0,False,0.0,0.0,Nott'm Forest,0.0,0.0,0.0,0.0,0,0,0,175,39058,Everton (Away),3
Bentancur,MID,Spurs,5.5,0.2,2.7,a,90,0,0,0,0,0,0,0.04,0.02,0.06,3.82,1,0,0,0,0,0,1,False,0.0,0.0,Nott'm Forest,18.4,3.3,6.0,2.8,14,0,5,831,2620,Everton (Away),3
Odobert,MID,Spurs,5.5,0.0,0.0,i,0,0,0,0,0,0,0,0.0,0.0,0.0,0.0,0,0,0,0,0,0,0,False,0.0,0.0,Nott'm Forest,0.0,0.0,0.0,0.0,0,0,0,27,38,Everton (Away),3
P.M.Sarr,MID,Spurs,4.9,0.1,0.0,u,0,0,0,0,0,0,0,0.0,0.0,0.0,0.0,0,0,0,0,0,0,0,False,0.0,0.0,Nott'm Forest,0.0,0.0,0.0,0.0,0,0,0,4025,5807,Everton (Away),3
Gallagher,MID,Spurs,5.4,0.2,1.0,a,83,0,0,0,0,0,0,0.12,0.02,0.14,2.58,1,0,0,0,0,0,1,False,0.0,0.0,Nott'm Forest,10.2,4.4,2.0,1.7,23,0,3,1024,6587,Everton (Away),3
Bergvall,MID,Spurs,5.4,0.2,0.3,a,0,0,0,0,0,0,0,0.01,0.0,0.01,1.7,0,0,0,0,0,0,0,False,0.0,0.0,Nott'm Forest,0.0,0.0,0.0,0.0,0,0,0,482,3494,Everton (Away),3
Kulusevski,MID,Spurs,6.5,0.0,0.0,i,0,0,0,0,0,0,0,0.0,0.0,0.0,0.0,0,0,0,0,0,0,0,False,0.0,0.0,Nott'm Forest,0.0,0.0,0.0,0.0,0,0,0,87,177,Everton (Away),3
Gray,MID,Spurs,5.0,0.2,1.3,a,0,0,0,0,0,0,0,0.01,0.0,0.01,3.91,0,0,0,0,0,0,0,False,0.0,0.0,Nott'm Forest,0.0,0.0,0.0,0.0,0,0,0,2161,4046,Everton (Away),3
Moore,MID,Spurs,5.0,0.1,1.0,u,0,0,0,0,0,0,0,0.02,0.4,0.42,3.26,0,0,0,0,0,0,0,False,0.0,0.0,Nott'm Forest,0.0,0.0,0.0,0.0,0,0,0,839,6489,Everton (Away),3
Olusesi,MID,Spurs,4.4,0.7,0.0,a,0,0,0,0,0,0,0,0.0,0.0,0.0,0.0,0,0,0,0,0,0,0,False,0.0,0.0,Nott'm Forest,0.0,0.0,0.0,0.0,0,0,0,1613,9466,Everton (Away),3
Fernandes,MID,Spurs,5.8,1.0,1.0,a,7,0,0,0,0,0,0,0.23,0.01,0.24,2.94,0,0,0,0,1,0,0,False,0.0,0.0,Nott'm Forest,0.0,0.4,0.0,0.0,-1,0,0,4942,43005,Everton (Away),3
Solanke,FWD,Spurs,5.9,0.9,1.0,a,6,0,0,0,0,0,0,0.0,0.44,0.44,0.89,0,0,0,0,0,0,0,False,0.0,0.0,Nott'm Forest,0.0,0.3,4.0,0.4,-1,0,1,7532,35338,Everton (Away),3
Richarlison,FWD,Spurs,5.9,1.0,0.7,u,0,0,0,0,0,0,0,0.0,0.0,0.0,3.02,0,0,0,0,0,0,0,False,0.0,0.0,Nott'm Forest,0.0,0.0,0.0,0.0,0,0,0,6716,124229,Everton (Away),3
Scarlett,FWD,Spurs,4.5,1.4,0.0,u,0,0,0,0,0,0,0,0.0,0.0,0.0,0.0,0,0,0,0,0,0,0,False,0.0,0.0,Nott'm Forest,0.0,0.0,0.0,0.0,0,0,0,29341,34749,Everton (Away),3
Mudryk,MID,Spurs,5.4,0.1,0.3,i,16,0,0,0,0,0,0,0.0,0.0,0.0,0.16,0,0,0,0,0,0,0,False,0.0,0.0,Nott'm Forest,0.0,0.1,2.0,0.1,3,0,1,3534,1642,Everton (Away),3
Williams-Barnett,MID,Spurs,4.5,0.1,0.0,a,0,0,0,0,0,0,0,0.0,0.0,0.0,0.0,0,0,0,0,0,0,0,False,0.0,0.0,Nott'm Forest,0.0,0.0,0.0,0.0,0,0,0,4467,2166,Everton (Away),3
Danso,DEF,Sunderland,5.0,0.2,0.7,a,90,0,0,0,1,0,0,0.08,0.0,0.08,1.21,0,0,0,0,0,0,1,False,1.0,1.0,Brentford,20.8,10.9,0.0,3.2,9,0,2,1307,3312,Arsenal (Away),3
Roefs,GKP,Sunderland,5.0,2.9,3.0,a,90,0,0,1,1,0,0,0.0,0.0,0.0,3.96,0,0,0,0,0,0,1,False,1.0,1.0,Brentford,12.6,0.0,0.0,1.3,11,0,2,10237,49224,Arsenal (Away),3
Patterson,GKP,Sunderland,4.0,0.1,0.0,u,0,0,0,0,0,0,0,0.0,0.0,0.0,0.0,0,0,0,0,0,0,0,False,1.0,1.0,Brentford,0.0,0.0,0.0,0.0,0,0,0,0,1616,Arsenal (Away),3
Ellborg,GKP,Sunderland,4.5,0.1,0.0,a,0,0,0,0,0,0,0,0.0,0.0,0.0,0.0,0,0,0,0,0,0,0,False,1.0,1.0,Brentford,0.0,0.0,0.0,0.0,0,0,0,405,951,Arsenal (Away),3
Ballard,DEF,Sunderland,4.9,3.2,4.0,a,90,0,0,0,1,0,0,0.15,0.09,0.24,3.96,0,0,0,0,0,0,1,False,1.0,1.0,Brentford,25.0,10.3,8.0,4.3,12,0,4,15628,94795,Arsenal (Away),3
Mukiele,DEF,Sunderland,5.5,2.2,4.3,a,90,0,0,0,1,0,0,0.03,0.0,0.03,2.16,0,0,0,0,0,0,1,False,1.0,1.0,Brentford,32.4,5.0,0.0,3.7,16,0,4,21418,24805,Arsenal (Away),3
Hume,DEF,Sunderland,4.4,3.9,3.0,a,26,0,0,0,0,0,0,0.28,0.04,0.32,3.09,0,0,0,0,0,0,0,False,1.0,1.0,Brentford,3.8,0.1,0.0,0.4,8,0,1,17561,86553,Arsenal (Away),3
Alderete,DEF,Sunderland,4.9,0.3,0.3,a,0,0,0,0,0,0,0,0.01,0.0,0.01,0.1,0,0,0,0,0,0,0,False,1.0,1.0,Brentford,0.0,0.0,0.0,0.0,0,0,0,1476,10040,Arsenal (Away),3
Reinildo,DEF,Sunderland,4.5,0.4,3.0,a,90,0,0,0,1,0,0,0.31,0.0,0.31,3.96,0,0,0,0,0,0,1,False,1.0,1.0,Brentford,14.4,1.5,0.0,1.6,14,0,2,1972,4323,Arsenal (Away),3
Seelt,DEF,Sunderland,4.5,0.0,0.0,u,0,0,0,0,0,0,0,0.0,0.0,0.0,0.0,0,0,0,0,0,0,0,False,1.0,1.0,Brentford,0.0,0.0,0.0,0.0,0,0,0,3,360,Arsenal (Away),3
Hjelde,DEF,Sunderland,4.0,0.0,0.0,u,0,0,0,0,0,0,0,0.0,0.0,0.0,0.0,0,0,0,0,0,0,0,False,1.0,1.0,Brentford,0.0,0.0,0.0,0.0,0,0,0,0,680,Arsenal (Away),3
O'Nien,DEF,Sunderland,4.0,2.7,0.3,a,0,0,0,0,0,0,0,0.01,0.01,0.02,1.69,0,0,0,0,0,0,0,False,1.0,1.0,Brentford,0.0,0.0,0.0,0.0,0,0,0,5301,33130,Arsenal (Away),3
Masuaku,DEF,Sunderland,4.0,0.1,0.0,u,0,0,0,0,0,0,0,0.0,0.0,0.0,0.0,0,0,0,0,0,0,0,False,1.0,1.0,Brentford,0.0,0.0,0.0,0.0,0,0,0,0,3070,Arsenal (Away),3
Meunier,DEF,Sunderland,4.5,0.3,3.0,a,63,0,0,0,1,0,0,0.13,0.21,0.34,3.51,0,0,0,0,0,0,1,False,1.0,1.0,Brentford,5.2,1.5,6.0,1.3,0,0,2,2639,2338,Arsenal (Away),3
E.Le Fée,MID,Sunderland,5.8,4.5,4.3,a,90,1,0,0,1,1,0,0.23,1.21,1.44,3.76,0,0,0,0,0,0,1,False,1.0,1.0,Brentford,40.0,3.7,24.0,6.8,25,1,8,7320,263850,Arsenal (Away),3
Diarra,MID,Sunderland,5.4,0.0,1.7,i,0,0,0,0,0,0,1,0.16,0.03,0.19,0.12,0,0,0,0,0,0,0,False,1.0,1.0,Brentford,0.0,0.0,0.0,0.0,0,0,0,164,2306,Arsenal (Away),3
Xhaka,MID,Sunderland,5.5,4.2,6.0,a,90,0,0,0,1,0,1,0.57,0.06,0.63,3.96,0,0,0,0,1,0,1,False,1.0,1.0,Brentford,15.2,20.5,3.0,3.9,12,0,3,45125,47076,Arsenal (Away),3
Sadiki,MID,Sunderland,4.9,0.3,2.0,a,73,0,0,0,1,0,0,0.23,0.36,0.59,3.57,0,0,0,0,1,0,1,False,1.0,1.0,Brentford,8.8,15.0,48.0,7.2,16,0,1,1887,4950,Arsenal (Away),3
Adingra,MID,Sunderland,4.9,0.0,0.0,u,0,0,0,0,0,0,0,0.0,0.0,0.0,0.0,0,0,0,0,0,0,0,False,1.0,1.0,Brentford,0.0,0.0,0.0,0.0,0,0,0,187,1936,Arsenal (Away),3
Mundle,MID,Sunderland,4.9,0.0,0.3,i,0,0,0,0,0,0,0,0.0,0.17,0.17,0.09,0,0,0,0,0,0,0,False,1.0,1.0,Brentford,0.0,0.0,0.0,0.0,0,0,0,83,134,Arsenal (Away),3
Rigg,MID,Sunderland,4.9,0.1,0.7,a,0,0,0,0,0,0,0,0.0,0.0,0.0,0.44,0,0,0,0,0,0,0,False,1.0,1.0,Brentford,0.0,0.0,0.0,0.0,0,0,0,143,862,Arsenal (Away),3
Talbi,MID,Sunderland,5.4,0.1,0.3,a,0,0,0,0,0,0,0,0.0,0.0,0.0,0.14,0,0,0,0,0,0,0,False,1.0,1.0,Brentford,0.0,0.0,0.0,0.0,0,0,0,427,4127,Arsenal (Away),3
Jocelin.T,MID,Sunderland,5.0,0.0,0.0,a,0,0,0,0,0,0,0,0.0,0.0,0.0,0.0,0,0,0,0,0,0,0,False,1.0,1.0,Brentford,0.0,0.0,0.0,0.0,0,0,0,80,101,Arsenal (Away),3
N.Angulo,MID,Sunderland,5.0,0.1,3.3,a,63,0,0,0,1,1,0,0.12,0.15,0.27,3.0,0,0,0,0,0,0,1,False,1.0,1.0,Brentford,8.6,5.7,16.0,3.0,11,0,2,4768,3112,Arsenal (Away),3
Brobbey,FWD,Sunderland,5.8,7.0,2.0,a,90,0,0,0,1,0,0,0.06,0.59,0.65,3.48,0,0,0,0,0,0,1,False,1.0,1.0,Brentford,4.4,37.1,29.0,7.1,11,0,2,27284,349017,Arsenal (Away),3
Isidor,FWD,Sunderland,5.5,1.5,4.3,a,26,0,1,0,0,1,1,0.01,1.49,1.5,0.92,0,0,0,0,0,0,0,False,1.0,1.0,Brentford,0.2,0.3,10.0,1.1,15,0,4,35830,14557,Arsenal (Away),3
Methalie,DEF,Sunderland,4.5,0.0,0.0,a,0,0,0,0,0,0,0,0.0,0.0,0.0,0.0,0,0,0,0,0,0,0,False,1.0,1.0,Brentford,0.0,0.0,0.0,0.0,0,0,0,362,100,Arsenal (Away),3
Ahoka,MID,Sunderland,4.5,0.3,0.0,a,0,0,0,0,0,0,0,0.0,0.0,0.0,0.0,0,0,0,0,0,0,0,False,1.0,1.0,Brentford,0.0,0.0,0.0,0.0,0,0,0,13182,4298,Arsenal (Away),3
Fofana,MID,Sunderland,5.5,0.0,1.0,a,16,0,0,0,0,0,0,0.0,0.0,0.0,0.39,0,0,0,0,0,0,0,False,1.0,1.0,Brentford,0.0,0.5,0.0,0.1,3,0,1,2071,239,Arsenal (Away),3
J.Angulo,FWD,Sunderland,4.5,0.5,0.0,a,0,0,0,0,0,0,0,0.0,0.0,0.0,0.0,0,0,0,0,0,0,0,False,1.0,1.0,Brentford,0.0,0.0,0.0,0.0,0,0,0,15939,1836,Arsenal (Away),3
