Web name,Team,Position,Cost,Total_Points,Points_per_Million,xGI_per90,Fixture_Adjusted_Value
João Pedro,Chelsea,FWD,7.7,33,4.285714285714286,0.4090909090909091,1.2960141488029229
Richarlison,Spurs,FWD,6.7,20,2.9850746268656714,0.35369649805447473,0.9442494939518095
Ekitiké,Liverpool,FWD,8.8,24,2.727272727272727,0.4304347826086956,0.8647488078327921
Haaland,Man City,FWD,14.1,37,2.624113475177305,1.1076923076923078,0.7460160584679413
Gyökeres,Arsenal,FWD,9.0,20,2.2222222222222223,0.45,0.644821624780635
