Web name,Team,Position,Cost,Total_Points,Points_per_Million,xGI_per90,Fixture_Adjusted_Value
Roefs,Sunderland,GKP,4.5,27,6.0,0.0,1.692895881931038
Vicario,Spurs,GKP,5.0,29,5.8,0.0025,1.6843203635620914
Pope,Newcastle,GKP,5.0,26,5.2,0.0,1.518963611725263
Pickford,Everton,GKP,5.5,24,4.363636363636363,0.0025,1.309094649532648
Raya,Arsenal,GKP,5.5,24,4.363636363636363,0.005,1.2894044709555375
